ISO-10303-21;
HEADER;
FILE_DESCRIPTION (( 'STEP AP203' ),
    '1' );
FILE_NAME ('5905K518_Needle-Roller Bearing.STEP',
    '2023-01-10T21:14:48',
    ( 'Administrator' ),
    ( 'Managed by Terraform' ),
    'SwSTEP 2.0',
    'SolidWorks 2017',
    '' );
FILE_SCHEMA (( 'CONFIG_CONTROL_DESIGN' ));
ENDSEC;

DATA;
#1 = LINE ( 'NONE', #1431, #938 ) ;
#2 = ORIENTED_EDGE ( 'NONE', *, *, #5938, .F. ) ;
#3 = DIRECTION ( 'NONE',  ( 0.0000000000000000000, 0.0000000000000000000, 1.000000000000000000 ) ) ;
#4 = EDGE_CURVE ( 'NONE', #4083, #5064, #5853, .T. ) ;
#5 = ADVANCED_FACE ( 'NONE', ( #2169 ), #1998, .T. ) ;
#6 = CARTESIAN_POINT ( 'NONE',  ( 0.4787702164283889600, -0.4640388251536742300, -0.2291666666666666300 ) ) ;
#7 = ADVANCED_FACE ( 'NONE', ( #4504 ), #3317, .T. ) ;
#8 = DIRECTION ( 'NONE',  ( 1.311287036958853100E-014, 1.000000000000000000, 0.0000000000000000000 ) ) ;
#9 = FACE_OUTER_BOUND ( 'NONE', #1379, .T. ) ;
#10 = EDGE_CURVE ( 'NONE', #3858, #4271, #1846, .T. ) ;
#11 = AXIS2_PLACEMENT_3D ( 'NONE', #1917, #5919, #1375 ) ;
#12 = DIRECTION ( 'NONE',  ( 0.0000000000000000000, 0.0000000000000000000, 1.000000000000000000 ) ) ;
#13 = CARTESIAN_POINT ( 'NONE',  ( 0.1725460300683475100, 0.6439505508593785800, -0.2708333333333335400 ) ) ;
#14 = DIRECTION ( 'NONE',  ( 0.0000000000000000000, 0.0000000000000000000, 1.000000000000000000 ) ) ;
#15 = DIRECTION ( 'NONE',  ( 0.0000000000000000000, 0.0000000000000000000, 1.000000000000000000 ) ) ;
#16 = AXIS2_PLACEMENT_3D ( 'NONE', #5147, #6185, #1672 ) ;
#17 = VECTOR ( 'NONE', #4147, 39.37007874015748100 ) ;
#18 = VECTOR ( 'NONE', #2400, 39.37007874015748100 ) ;
#19 = AXIS2_PLACEMENT_3D ( 'NONE', #2670, #1251, #6283 ) ;
#20 = CARTESIAN_POINT ( 'NONE',  ( -0.6466465825791948300, 0.1624843027111765300, 0.2708333333333334800 ) ) ;
#21 = ORIENTED_EDGE ( 'NONE', *, *, #2226, .T. ) ;
#22 = FACE_OUTER_BOUND ( 'NONE', #1911, .T. ) ;
#23 = CARTESIAN_POINT ( 'NONE',  ( -4.655308451790843400E-015, -0.6666666666666665200, 0.2291666666666667700 ) ) ;
#24 = AXIS2_PLACEMENT_3D ( 'NONE', #630, #4638, #649 ) ;
#25 = LINE ( 'NONE', #4573, #3142 ) ;
#26 = CLOSED_SHELL ( 'NONE', ( #3786, #2554, #5991, #2136 ) ) ;
#27 = CIRCLE ( 'NONE', #19, 0.01041666666666661100 ) ;
#28 = CARTESIAN_POINT ( 'NONE',  ( 0.5008673033404683600, -0.5008673033404736900, -0.2291666666666666300 ) ) ;
#29 = ORIENTED_EDGE ( 'NONE', *, *, #4178, .F. ) ;
#30 = LINE ( 'NONE', #1488, #2055 ) ;
#31 = DIRECTION ( 'NONE',  ( 0.0000000000000000000, 0.0000000000000000000, 1.000000000000000000 ) ) ;
#32 = EDGE_LOOP ( 'NONE', ( #5347, #1489 ) ) ;
#33 = CARTESIAN_POINT ( 'NONE',  ( -0.3333333333333258800, 0.5773502691896298400, 0.2708333333333334800 ) ) ;
#34 = VECTOR ( 'NONE', #73, 39.37007874015748100 ) ;
#35 = CARTESIAN_POINT ( 'NONE',  ( 0.5721419358562930300, 0.3423544312894197300, -0.2708333333333335400 ) ) ;
#36 = CARTESIAN_POINT ( 'NONE',  ( 0.6666666666666666300, 0.04166666666666439500, 0.2291666666666667700 ) ) ;
#37 = EDGE_CURVE ( 'NONE', #5497, #3311, #3636, .T. ) ;
#38 = EDGE_LOOP ( 'NONE', ( #228, #4830, #4290, #6205 ) ) ;
#39 = DIRECTION ( 'NONE',  ( 0.0000000000000000000, -0.0000000000000000000, 1.000000000000000000 ) ) ;
#40 = CIRCLE ( 'NONE', #475, 0.04166666666666671300 ) ;
#41 = ORIENTED_EDGE ( 'NONE', *, *, #781, .T. ) ;
#42 = ADVANCED_FACE ( 'NONE', ( #5367 ), #3647, .F. ) ;
#43 = ORIENTED_EDGE ( 'NONE', *, *, #968, .F. ) ;
#44 = EDGE_LOOP ( 'NONE', ( #2072, #750, #3842, #2927 ) ) ;
#45 = ORIENTED_EDGE ( 'NONE', *, *, #3901, .F. ) ;
#46 = CARTESIAN_POINT ( 'NONE',  ( 7.909177244493327700E-017, 0.6458333333333332600, 0.3125000000000001700 ) ) ;
#47 = VECTOR ( 'NONE', #6036, 39.37007874015748100 ) ;
#48 = EDGE_LOOP ( 'NONE', ( #1308, #1041 ) ) ;
#49 = ORIENTED_EDGE ( 'NONE', *, *, #5578, .T. ) ;
#50 = EDGE_CURVE ( 'NONE', #4402, #3603, #518, .T. ) ;
#51 = AXIS2_PLACEMENT_3D ( 'NONE', #6444, #2378, #2916 ) ;
#52 = DIRECTION ( 'NONE',  ( 0.8660254037844463700, 0.4999999999999865700, 0.0000000000000000000 ) ) ;
#53 = EDGE_CURVE ( 'NONE', #3311, #5497, #1314, .T. ) ;
#54 = VERTEX_POINT ( 'NONE', #4033 ) ;
#55 = CARTESIAN_POINT ( 'NONE',  ( -0.4787702164283954600, -0.4640388251536675700, -0.2291666666666666300 ) ) ;
#56 = DIRECTION ( 'NONE',  ( 0.0000000000000000000, 0.0000000000000000000, 1.000000000000000000 ) ) ;
#57 = CARTESIAN_POINT ( 'NONE',  ( -0.6841974602880878100, 0.1833301569476264200, -0.2291666666666666300 ) ) ;
#58 = ORIENTED_EDGE ( 'NONE', *, *, #3800, .F. ) ;
#59 = AXIS2_PLACEMENT_3D ( 'NONE', #2793, #1856, #333 ) ;
#60 = DIRECTION ( 'NONE',  ( 0.0000000000000000000, 0.0000000000000000000, 1.000000000000000000 ) ) ;
#61 = DIRECTION ( 'NONE',  ( 0.0000000000000000000, -1.000000000000000000, -2.114979091869105600E-016 ) ) ;
#62 = AXIS2_PLACEMENT_3D ( 'NONE', #509, #1004, #1963 ) ;
#63 = DIRECTION ( 'NONE',  ( 0.0000000000000000000, 0.0000000000000000000, 1.000000000000000000 ) ) ;
#64 = CIRCLE ( 'NONE', #3808, 0.04166666666666672000 ) ;
#65 = PLANE ( 'NONE',  #3476 ) ;
#66 = AXIS2_PLACEMENT_3D ( 'NONE', #1218, #240, #2286 ) ;
#67 = ORIENTED_EDGE ( 'NONE', *, *, #640, .T. ) ;
#68 = ADVANCED_FACE ( 'NONE', ( #1236, #2643 ), #2594, .F. ) ;
#69 = DIRECTION ( 'NONE',  ( 0.0000000000000000000, 0.0000000000000000000, 1.000000000000000000 ) ) ;
#70 = FACE_OUTER_BOUND ( 'NONE', #2984, .T. ) ;
#71 = VERTEX_POINT ( 'NONE', #1525 ) ;
#72 = VERTEX_POINT ( 'NONE', #1117 ) ;
#73 = DIRECTION ( 'NONE',  ( 0.0000000000000000000, 0.0000000000000000000, 1.000000000000000000 ) ) ;
#74 = DIRECTION ( 'NONE',  ( 0.8660254037844377100, -0.5000000000000014400, 0.0000000000000000000 ) ) ;
#75 = FACE_OUTER_BOUND ( 'NONE', #965, .T. ) ;
#76 = CARTESIAN_POINT ( 'NONE',  ( -0.4640388251536658500, 0.4787702164283970100, 0.2708333333333334800 ) ) ;
#77 = ORIENTED_EDGE ( 'NONE', *, *, #2477, .F. ) ;
#78 = CARTESIAN_POINT ( 'NONE',  ( 0.3333333333333298700, -0.5773502691896276200, -0.2291666666666666300 ) ) ;
#79 = DIRECTION ( 'NONE',  ( 0.4999999999999993300, -0.8660254037844391500, 0.0000000000000000000 ) ) ;
#80 = FACE_OUTER_BOUND ( 'NONE', #4496, .T. ) ;
#81 = CARTESIAN_POINT ( 'NONE',  ( -0.4714045207910257900, 0.4714045207910372800, -0.2291666666666666300 ) ) ;
#82 = CARTESIAN_POINT ( 'NONE',  ( -0.6439505508593768000, 0.1725460300683542600, -0.2291666666666666300 ) ) ;
#83 = DIRECTION ( 'NONE',  ( 0.8660254037844463700, 0.4999999999999865700, 0.0000000000000000000 ) ) ;
#84 = DIRECTION ( 'NONE',  ( 0.7071067811865574500, 0.7071067811865376900, 0.0000000000000000000 ) ) ;
#85 = DIRECTION ( 'NONE',  ( 0.0000000000000000000, 0.0000000000000000000, 1.000000000000000000 ) ) ;
#86 = LINE ( 'NONE', #5521, #3591 ) ;
#87 = EDGE_CURVE ( 'NONE', #2866, #3929, #835, .T. ) ;
#88 = CYLINDRICAL_SURFACE ( 'NONE', #4527, 0.01041666666666661200 ) ;
#89 = EDGE_CURVE ( 'NONE', #5948, #2861, #2403, .T. ) ;
#90 = LINE ( 'NONE', #1344, #4217 ) ;
#91 = AXIS2_PLACEMENT_3D ( 'NONE', #3126, #2104, #92 ) ;
#92 = DIRECTION ( 'NONE',  ( -0.8660254037844348200, 0.5000000000000066600, 0.0000000000000000000 ) ) ;
#93 = CARTESIAN_POINT ( 'NONE',  ( 0.1725460300683475100, 0.6439505508593785800, 0.2291666666666667700 ) ) ;
#94 = FACE_OUTER_BOUND ( 'NONE', #4338, .T. ) ;
#95 = DIRECTION ( 'NONE',  ( -0.2588190451025244600, -0.9659258262890673100, 0.0000000000000000000 ) ) ;
#97 = AXIS2_PLACEMENT_3D ( 'NONE', #6120, #3093, #1111 ) ;
#96 = PERSON_AND_ORGANIZATION ( #2951, #4303 ) ;
#98 = ORIENTED_EDGE ( 'NONE', *, *, #2267, .F. ) ;
#99 = DIRECTION ( 'NONE',  ( -0.7071067811865561200, -0.7071067811865389100, 0.0000000000000000000 ) ) ;
#100 = CARTESIAN_POINT ( 'NONE',  ( -0.6439505508593768000, 0.1725460300683542600, 0.2291666666666667700 ) ) ;
#101 = CIRCLE ( 'NONE', #1017, 0.01041666666666661200 ) ;
#102 = ADVANCED_FACE ( 'NONE', ( #2332 ), #6504, .T. ) ;
#103 = ORIENTED_EDGE ( 'NONE', *, *, #6420, .F. ) ;
#104 = AXIS2_PLACEMENT_3D ( 'NONE', #1082, #628, #2542 ) ;
#105 = CYLINDRICAL_SURFACE ( 'NONE', #6404, 0.04166666666666672000 ) ;
#106 = CARTESIAN_POINT ( 'NONE',  ( -0.1833301569476096800, 0.6841974602880923600, -0.2291666666666666300 ) ) ;
#107 = EDGE_LOOP ( 'NONE', ( #4363, #2146 ) ) ;
#108 = DIRECTION ( 'NONE',  ( 0.0000000000000000000, -1.000000000000000000, -1.928363289645361400E-016 ) ) ;
#109 = LINE ( 'NONE', #1622, #3216 ) ;
#110 = ORIENTED_EDGE ( 'NONE', *, *, #3784, .T. ) ;
#111 = LINE ( 'NONE', #6071, #1747 ) ;
#112 = CARTESIAN_POINT ( 'NONE',  ( 0.1624843027111697900, 0.6466465825791966000, 0.2291666666666667700 ) ) ;
#113 = ORIENTED_EDGE ( 'NONE', *, *, #3999, .F. ) ;
#114 = CARTESIAN_POINT ( 'NONE',  ( -0.1826077574255162700, 0.6412545191395632200, 0.2708333333333334800 ) ) ;
#115 = EDGE_CURVE ( 'NONE', #3347, #997, #6421, .T. ) ;
#116 = ORIENTED_EDGE ( 'NONE', *, *, #1719, .T. ) ;
#117 = VERTEX_POINT ( 'NONE', #112 ) ;
#118 = CARTESIAN_POINT ( 'NONE',  ( -0.6412545191395588900, 0.1826077574255319800, 0.2708333333333334800 ) ) ;
#119 = EDGE_CURVE ( 'NONE', #4745, #657, #3801, .T. ) ;
#120 = ORIENTED_EDGE ( 'NONE', *, *, #6401, .T. ) ;
#121 = FACE_OUTER_BOUND ( 'NONE', #1839, .T. ) ;
#122 = ORIENTED_EDGE ( 'NONE', *, *, #6314, .F. ) ;
#123 = DIRECTION ( 'NONE',  ( 0.0000000000000000000, 0.0000000000000000000, 1.000000000000000000 ) ) ;
#124 = EDGE_CURVE ( 'NONE', #5291, #2905, #4752, .T. ) ;
#125 = EDGE_LOOP ( 'NONE', ( #3926, #832 ) ) ;
#126 = CARTESIAN_POINT ( 'NONE',  ( 0.6666666666666665200, 0.01041666666666428400, 0.2708333333333334800 ) ) ;
#127 = ORIENTED_EDGE ( 'NONE', *, *, #4930, .F. ) ;
#128 = CLOSED_SHELL ( 'NONE', ( #442, #3367, #3011, #3107, #922, #5763 ) ) ;
#129 = CIRCLE ( 'NONE', #6365, 0.04166666666666672700 ) ;
#130 = VERTEX_POINT ( 'NONE', #3655 ) ;
#131 = DIRECTION ( 'NONE',  ( -0.2588190451025244600, -0.9659258262890673100, 0.0000000000000000000 ) ) ;
#132 = EDGE_LOOP ( 'NONE', ( #730, #1779 ) ) ;
#133 = MANIFOLD_SOLID_BREP ( 'CirPattern1[33]', #6253 ) ;
#134 = EDGE_CURVE ( 'NONE', #6457, #2612, #996, .T. ) ;
#135 = DIRECTION ( 'NONE',  ( 0.0000000000000000000, 0.0000000000000000000, 1.000000000000000000 ) ) ;
#136 = DIRECTION ( 'NONE',  ( 0.8660254037844463700, 0.4999999999999865700, 0.0000000000000000000 ) ) ;
#137 = CARTESIAN_POINT ( 'NONE',  ( 0.5773502691896241800, -0.3333333333333359800, -0.2291666666666666300 ) ) ;
#138 = EDGE_CURVE ( 'NONE', #1323, #6074, #2718, .T. ) ;
#139 = EDGE_LOOP ( 'NONE', ( #5394, #973 ) ) ;
#140 = ADVANCED_FACE ( 'NONE', ( #4354 ), #5183, .F. ) ;
#141 = CARTESIAN_POINT ( 'NONE',  ( -0.1725460300683385200, 0.6439505508593810200, 0.2291666666666667700 ) ) ;
#142 = CARTESIAN_POINT ( 'NONE',  ( 0.0000000000000000000, -4.840493163773867100E-016, 0.2708333333333334300 ) ) ;
#143 = AXIS2_PLACEMENT_3D ( 'NONE', #4379, #4899, #4425 ) ;
#144 = EDGE_LOOP ( 'NONE', ( #1072, #5760, #6346, #98 ) ) ;
#145 = CARTESIAN_POINT ( 'NONE',  ( 0.6439505508593792400, 0.1725460300683452600, 0.2708333333333334800 ) ) ;
#146 = CARTESIAN_POINT ( 'NONE',  ( -0.6666666666666665200, 6.982962677686265100E-015, -0.2291666666666666300 ) ) ;
#147 = EDGE_LOOP ( 'NONE', ( #4350, #2978, #1242, #6121 ) ) ;
#149 = AXIS2_PLACEMENT_3D ( 'NONE', #1494, #3, #5947 ) ;
#148 = DIRECTION ( 'NONE',  ( 0.0000000000000000000, 0.0000000000000000000, 1.000000000000000000 ) ) ;
#150 = AXIS2_PLACEMENT_3D ( 'NONE', #1937, #382, #2417 ) ;
#151 = DIRECTION ( 'NONE',  ( 0.7071067811865442400, -0.7071067811865507900, 0.0000000000000000000 ) ) ;
#152 = DIRECTION ( 'NONE',  ( 0.2588190451025261200, 0.9659258262890668700, 0.0000000000000000000 ) ) ;
#153 = FACE_OUTER_BOUND ( 'NONE', #144, .T. ) ;
#154 = CIRCLE ( 'NONE', #5771, 0.04166666666666673400 ) ;
#155 = AXIS2_PLACEMENT_3D ( 'NONE', #6247, #4188, #3247 ) ;
#156 = DIRECTION ( 'NONE',  ( 0.0000000000000000000, 0.0000000000000000000, 1.000000000000000000 ) ) ;
#157 = ORIENTED_EDGE ( 'NONE', *, *, #4251, .F. ) ;
#158 = DIRECTION ( 'NONE',  ( -0.4999999999999920100, 0.8660254037844432600, 0.0000000000000000000 ) ) ;
#159 = FACE_BOUND ( 'NONE', #3551, .T. ) ;
#160 = EDGE_LOOP ( 'NONE', ( #3548, #426, #3080, #6434 ) ) ;
#161 = DIRECTION ( 'NONE',  ( 0.9659258262890668700, -0.2588190451025261200, 0.0000000000000000000 ) ) ;
#162 = EDGE_CURVE ( 'NONE', #2816, #212, #4834, .T. ) ;
#163 = CARTESIAN_POINT ( 'NONE',  ( 0.5773502691896264000, 0.3333333333333318700, 0.2291666666666667700 ) ) ;
#164 = DIRECTION ( 'NONE',  ( 0.0000000000000000000, 0.0000000000000000000, 1.000000000000000000 ) ) ;
#165 = LINE ( 'NONE', #1790, #4763 ) ;
#166 = AXIS2_PLACEMENT_3D ( 'NONE', #3214, #787, #4218 ) ;
#167 = ORIENTED_EDGE ( 'NONE', *, *, #3329, .T. ) ;
#168 = VERTEX_POINT ( 'NONE', #6232 ) ;
#169 = DIRECTION ( 'NONE',  ( -0.2588190451025130200, 0.9659258262890704200, 0.0000000000000000000 ) ) ;
#170 = DIRECTION ( 'NONE',  ( 0.0000000000000000000, 0.0000000000000000000, 1.000000000000000000 ) ) ;
#171 = VECTOR ( 'NONE', #3490, 39.37007874015748100 ) ;
#172 = CARTESIAN_POINT ( 'NONE',  ( -0.6439505508593803600, -0.1725460300683407700, 0.2291666666666667700 ) ) ;
#173 = ADVANCED_FACE ( 'NONE', ( #5166 ), #4195, .F. ) ;
#174 = DIRECTION ( 'NONE',  ( 0.0000000000000000000, -1.639108796198557900E-016, 1.000000000000000000 ) ) ;
#175 = VECTOR ( 'NONE', #2676, 39.37007874015748100 ) ;
#176 = CIRCLE ( 'NONE', #270, 0.01041666666666660200 ) ;
#177 = CARTESIAN_POINT ( 'NONE',  ( 0.6666666666666665200, 0.01041666666666428400, 0.2708333333333334800 ) ) ;
#178 = EDGE_LOOP ( 'NONE', ( #1161, #3849 ) ) ;
#179 = EDGE_CURVE ( 'NONE', #434, #3618, #2872, .T. ) ;
#180 = FACE_OUTER_BOUND ( 'NONE', #4626, .T. ) ;
#181 = DIRECTION ( 'NONE',  ( 0.0000000000000000000, 0.0000000000000000000, 1.000000000000000000 ) ) ;
#182 = CARTESIAN_POINT ( 'NONE',  ( 0.1725460300683430100, -0.6439505508593798000, -0.2708333333333335400 ) ) ;
#184 = CIRCLE ( 'NONE', #2558, 0.04166666666666671300 ) ;
#183 = CARTESIAN_POINT ( 'NONE',  ( -0.6666666666666665200, 6.982962677686265100E-015, 0.2291666666666667700 ) ) ;
#185 = CARTESIAN_POINT ( 'NONE',  ( -0.3333333333333258800, 0.5773502691896298400, -0.2708333333333335400 ) ) ;
#186 = ORIENTED_EDGE ( 'NONE', *, *, #2349, .F. ) ;
#187 = CARTESIAN_POINT ( 'NONE',  ( 0.3333333333333339300, 0.5773502691896251800, -0.2708333333333335400 ) ) ;
#188 = FACE_OUTER_BOUND ( 'NONE', #1441, .T. ) ;
#189 = CARTESIAN_POINT ( 'NONE',  ( -0.1725460300683385200, 0.6439505508593810200, -0.2291666666666666300 ) ) ;
#190 = ORIENTED_EDGE ( 'NONE', *, *, #5106, .F. ) ;
#191 = EDGE_LOOP ( 'NONE', ( #386, #4409 ) ) ;
#192 = DIRECTION ( 'NONE',  ( -0.0000000000000000000, -1.639108796198557900E-016, 1.000000000000000000 ) ) ;
#193 = VERTEX_POINT ( 'NONE', #3651 ) ;
#194 = AXIS2_PLACEMENT_3D ( 'NONE', #887, #4950, #4373 ) ;
#195 = VERTEX_POINT ( 'NONE', #3672 ) ;
#196 = CARTESIAN_POINT ( 'NONE',  ( -0.2127929394970631500, -0.6331664239801053600, 0.2291666666666667700 ) ) ;
#197 = FACE_OUTER_BOUND ( 'NONE', #981, .T. ) ;
#198 = ORIENTED_EDGE ( 'NONE', *, *, #1337, .F. ) ;
#199 = AXIS2_PLACEMENT_3D ( 'NONE', #2880, #2510, #3958 ) ;
#200 = DIRECTION ( 'NONE',  ( 0.5000000000000041100, 0.8660254037844362700, 0.0000000000000000000 ) ) ;
#201 = ORIENTED_EDGE ( 'NONE', *, *, #545, .F. ) ;
#202 = ORIENTED_EDGE ( 'NONE', *, *, #6089, .F. ) ;
#203 = ORIENTED_EDGE ( 'NONE', *, *, #4927, .F. ) ;
#204 = FACE_BOUND ( 'NONE', #2494, .T. ) ;
#205 = ADVANCED_FACE ( 'NONE', ( #3493 ), #1163, .T. ) ;
#206 = DIRECTION ( 'NONE',  ( -0.0000000000000000000, -0.0000000000000000000, 1.000000000000000000 ) ) ;
#207 = DIRECTION ( 'NONE',  ( 0.5000000000000119900, 0.8660254037844318200, 0.0000000000000000000 ) ) ;
#208 = EDGE_LOOP ( 'NONE', ( #909, #1821, #3294, #2113 ) ) ;
#209 = DIRECTION ( 'NONE',  ( 0.4999999999999993300, -0.8660254037844391500, 0.0000000000000000000 ) ) ;
#210 = CARTESIAN_POINT ( 'NONE',  ( 0.0000000000000000000, -0.6458333333333343700, 0.3124999999999998900 ) ) ;
#211 = ORIENTED_EDGE ( 'NONE', *, *, #6423, .F. ) ;
#212 = VERTEX_POINT ( 'NONE', #2550 ) ;
#213 = EDGE_CURVE ( 'NONE', #3608, #130, #3026, .T. ) ;
#214 = DIRECTION ( 'NONE',  ( 0.4999999999999984500, -0.8660254037844397100, 0.0000000000000000000 ) ) ;
#215 = CLOSED_SHELL ( 'NONE', ( #2974, #984, #1305, #2292 ) ) ;
#216 = CARTESIAN_POINT ( 'NONE',  ( 0.6439505508593780200, -0.1725460300683497900, -0.2708333333333335400 ) ) ;
#217 = DIRECTION ( 'NONE',  ( 0.0000000000000000000, 0.0000000000000000000, 1.000000000000000000 ) ) ;
#218 = CARTESIAN_POINT ( 'NONE',  ( 0.6439505508593780200, -0.1725460300683497900, 0.2708333333333334800 ) ) ;
#219 = EDGE_CURVE ( 'NONE', #6478, #584, #1462, .T. ) ;
#220 = ORIENTED_EDGE ( 'NONE', *, *, #5370, .F. ) ;
#221 = DIRECTION ( 'NONE',  ( 0.0000000000000000000, 0.0000000000000000000, 1.000000000000000000 ) ) ;
#222 = EDGE_CURVE ( 'NONE', #6074, #1323, #2557, .T. ) ;
#223 = DIRECTION ( 'NONE',  ( 0.0000000000000000000, 0.0000000000000000000, 1.000000000000000000 ) ) ;
#224 = CARTESIAN_POINT ( 'NONE',  ( 0.1826077574255207700, -0.6412545191395620000, 0.2708333333333334800 ) ) ;
#225 = CIRCLE ( 'NONE', #1932, 0.7083333333333335900 ) ;
#226 = AXIS2_PLACEMENT_3D ( 'NONE', #4562, #4058, #5532 ) ;
#227 = CARTESIAN_POINT ( 'NONE',  ( -0.5773502691896287300, -0.3333333333333278200, 0.2708333333333334800 ) ) ;
#228 = ORIENTED_EDGE ( 'NONE', *, *, #4799, .F. ) ;
#229 = AXIS2_PLACEMENT_3D ( 'NONE', #2134, #5164, #2181 ) ;
#230 = DIRECTION ( 'NONE',  ( 0.0000000000000000000, 0.0000000000000000000, 1.000000000000000000 ) ) ;
#231 = CARTESIAN_POINT ( 'NONE',  ( -0.3243122353772379100, 0.5825586025229629900, 0.2708333333333334800 ) ) ;
#232 = FACE_BOUND ( 'NONE', #6342, .T. ) ;
#234 = AXIS2_PLACEMENT_3D ( 'NONE', #1573, #4572, #1033 ) ;
#233 = CARTESIAN_POINT ( 'NONE',  ( -0.4714045207910356200, -0.4714045207910274600, -0.2291666666666666300 ) ) ;
#235 = DIRECTION ( 'NONE',  ( 0.0000000000000000000, 0.0000000000000000000, 1.000000000000000000 ) ) ;
#236 = ADVANCED_FACE ( 'NONE', ( #1391 ), #5711, .T. ) ;
#237 = LINE ( 'NONE', #3458, #1248 ) ;
#238 = DIRECTION ( 'NONE',  ( 0.0000000000000000000, 0.0000000000000000000, 1.000000000000000000 ) ) ;
#239 = EDGE_LOOP ( 'NONE', ( #6187, #5758, #5753, #2483 ) ) ;
#240 = DIRECTION ( 'NONE',  ( 0.0000000000000000000, 1.639108796198557900E-016, -1.000000000000000000 ) ) ;
#241 = CYLINDRICAL_SURFACE ( 'NONE', #5257, 0.04166666666666673400 ) ;
#242 = EDGE_CURVE ( 'NONE', #2420, #3947, #3721, .T. ) ;
#243 = DIRECTION ( 'NONE',  ( -0.7071067811865442400, 0.7071067811865507900, 0.0000000000000000000 ) ) ;
#244 = CARTESIAN_POINT ( 'NONE',  ( 0.0000000000000000000, -0.7083333333333342600, 0.3125000000000000000 ) ) ;
#245 = EDGE_CURVE ( 'NONE', #4108, #4224, #3569, .T. ) ;
#246 = DIRECTION ( 'NONE',  ( 0.0000000000000000000, 0.0000000000000000000, 1.000000000000000000 ) ) ;
#247 = FACE_OUTER_BOUND ( 'NONE', #5191, .T. ) ;
#248 = CARTESIAN_POINT ( 'NONE',  ( -0.01041666666666661200, 0.6666666666666665200, 0.2291666666666667700 ) ) ;
#249 = FACE_OUTER_BOUND ( 'NONE', #267, .T. ) ;
#250 = DIRECTION ( 'NONE',  ( 0.0000000000000000000, 0.0000000000000000000, 1.000000000000000000 ) ) ;
#251 = DIRECTION ( 'NONE',  ( 0.0000000000000000000, 0.0000000000000000000, 1.000000000000000000 ) ) ;
#252 = DIRECTION ( 'NONE',  ( 0.8660254037844414800, 0.4999999999999948400, 0.0000000000000000000 ) ) ;
#253 = CIRCLE ( 'NONE', #5338, 0.01041666666666661200 ) ;
#254 = VECTOR ( 'NONE', #4311, 39.37007874015748100 ) ;
#255 = DIRECTION ( 'NONE',  ( -0.0000000000000000000, -0.0000000000000000000, 1.000000000000000000 ) ) ;
#256 = DIRECTION ( 'NONE',  ( 0.0000000000000000000, 0.0000000000000000000, 1.000000000000000000 ) ) ;
#257 = EDGE_CURVE ( 'NONE', #3603, #4402, #1705, .T. ) ;
#258 = CIRCLE ( 'NONE', #1353, 0.04166666666666670600 ) ;
#259 = AXIS2_PLACEMENT_3D ( 'NONE', #1895, #6448, #5398 ) ;
#260 = ORIENTED_EDGE ( 'NONE', *, *, #6235, .T. ) ;
#261 = FACE_OUTER_BOUND ( 'NONE', #3644, .T. ) ;
#262 = EDGE_LOOP ( 'NONE', ( #1680, #2092, #6402, #1596 ) ) ;
#263 = ADVANCED_FACE ( 'NONE', ( #6028 ), #1501, .F. ) ;
#264 = CARTESIAN_POINT ( 'NONE',  ( 0.5773502691896264000, 0.3333333333333318700, 0.2708333333333334800 ) ) ;
#265 = FACE_OUTER_BOUND ( 'NONE', #3393, .T. ) ;
#266 = DIRECTION ( 'NONE',  ( 0.0000000000000000000, 0.0000000000000000000, 1.000000000000000000 ) ) ;
#267 = EDGE_LOOP ( 'NONE', ( #1249, #3308 ) ) ;
#268 = AXIS2_PLACEMENT_3D ( 'NONE', #1311, #1837, #6364 ) ;
#269 = CYLINDRICAL_SURFACE ( 'NONE', #4946, 0.04166666666666672000 ) ;
#270 = AXIS2_PLACEMENT_3D ( 'NONE', #5310, #1306, #4804 ) ;
#271 = ORIENTED_EDGE ( 'NONE', *, *, #6486, .F. ) ;
#272 = DIRECTION ( 'NONE',  ( -0.0000000000000000000, -0.0000000000000000000, 1.000000000000000000 ) ) ;
#273 = ORIENTED_EDGE ( 'NONE', *, *, #2499, .F. ) ;
#274 = DIRECTION ( 'NONE',  ( -0.8660254037844346000, 0.5000000000000071100, 0.0000000000000000000 ) ) ;
#275 = ORIENTED_EDGE ( 'NONE', *, *, #5607, .T. ) ;
#276 = EDGE_LOOP ( 'NONE', ( #682, #5809, #5762, #4125 ) ) ;
#277 = CARTESIAN_POINT ( 'NONE',  ( -0.2127929394970498900, 0.6331664239801099200, -0.2291666666666666300 ) ) ;
#278 = CYLINDRICAL_SURFACE ( 'NONE', #5547, 0.01041666666666661200 ) ;
#279 = DIRECTION ( 'NONE',  ( 0.2588190451025179100, -0.9659258262890689800, 0.0000000000000000000 ) ) ;
#280 = EDGE_LOOP ( 'NONE', ( #5042, #1205, #5278, #2815 ) ) ;
#281 = AXIS2_PLACEMENT_3D ( 'NONE', #1908, #376, #4304 ) ;
#282 = ORIENTED_EDGE ( 'NONE', *, *, #4475, .T. ) ;
#283 = VERTEX_POINT ( 'NONE', #2902 ) ;
#284 = CYLINDRICAL_SURFACE ( 'NONE', #6248, 0.04166666666666673400 ) ;
#285 = DIRECTION ( 'NONE',  ( -1.000000000000000000, 1.311287036958853100E-014, 0.0000000000000000000 ) ) ;
#286 = ORIENTED_EDGE ( 'NONE', *, *, #5168, .F. ) ;
#287 = EDGE_CURVE ( 'NONE', #2539, #4894, #1542, .T. ) ;
#288 = ORIENTED_EDGE ( 'NONE', *, *, #6343, .F. ) ;
#289 = DIRECTION ( 'NONE',  ( -0.9659258262890699800, -0.2588190451025145800, 0.0000000000000000000 ) ) ;
#290 = CARTESIAN_POINT ( 'NONE',  ( -0.6666666666666665200, 6.982962677686265100E-015, -0.2708333333333335400 ) ) ;
#291 = DIRECTION ( 'NONE',  ( -0.8660254037844348200, 0.5000000000000066600, 0.0000000000000000000 ) ) ;
#292 = DIRECTION ( 'NONE',  ( -0.7071067811865442400, 0.7071067811865507900, 0.0000000000000000000 ) ) ;
#293 = ORIENTED_EDGE ( 'NONE', *, *, #760, .F. ) ;
#294 = CARTESIAN_POINT ( 'NONE',  ( 0.5008673033404718000, 0.4419417382415912200, 0.2291666666666667700 ) ) ;
#295 = CARTESIAN_POINT ( 'NONE',  ( 0.3423544312894217800, 0.5721419358562919200, -0.2708333333333335400 ) ) ;
#296 = DIRECTION ( 'NONE',  ( 0.0000000000000000000, 0.0000000000000000000, 1.000000000000000000 ) ) ;
#297 = CARTESIAN_POINT ( 'NONE',  ( 0.0000000000000000000, -0.6458333333333343700, 0.2708333333333332600 ) ) ;
#298 = ADVANCED_FACE ( 'NONE', ( #3411 ), #4673, .T. ) ;
#299 = EDGE_LOOP ( 'NONE', ( #2723, #2152, #5444, #5742 ) ) ;
#300 = ORIENTED_EDGE ( 'NONE', *, *, #5479, .T. ) ;
#301 = PRODUCT_DEFINITION_SHAPE ( 'NONE', 'NONE',  #369 ) ;
#302 = DIRECTION ( 'NONE',  ( -0.7071067811865442400, 0.7071067811865507900, 0.0000000000000000000 ) ) ;
#303 = EDGE_CURVE ( 'NONE', #1671, #5272, #4039, .T. ) ;
#304 = CARTESIAN_POINT ( 'NONE',  ( -4.655308451790843400E-015, -0.6666666666666665200, 0.2291666666666667700 ) ) ;
#305 = FACE_OUTER_BOUND ( 'NONE', #5509, .T. ) ;
#306 = EDGE_CURVE ( 'NONE', #3533, #2468, #531, .T. ) ;
#307 = ORIENTED_EDGE ( 'NONE', *, *, #5265, .T. ) ;
#308 = ADVANCED_FACE ( 'NONE', ( #2254, #5074 ), #5952, .F. ) ;
#309 = CARTESIAN_POINT ( 'NONE',  ( 0.6666666666666666300, 0.04166666666666439500, 0.2291666666666667700 ) ) ;
#310 = DIRECTION ( 'NONE',  ( -0.0000000000000000000, -0.0000000000000000000, 1.000000000000000000 ) ) ;
#311 = DIRECTION ( 'NONE',  ( 0.0000000000000000000, -0.0000000000000000000, 1.000000000000000000 ) ) ;
#312 = CYLINDRICAL_SURFACE ( 'NONE', #2771, 0.01041666666666659100 ) ;
#313 = ORIENTED_EDGE ( 'NONE', *, *, #3365, .T. ) ;
#314 = MANIFOLD_SOLID_BREP ( 'CirPattern1[3]', #1514 ) ;
#315 = AXIS2_PLACEMENT_3D ( 'NONE', #6515, #3435, #1452 ) ;
#316 = CARTESIAN_POINT ( 'NONE',  ( 0.6666666666666665200, -2.327654225895421700E-015, -0.2708333333333335400 ) ) ;
#317 = AXIS2_PLACEMENT_3D ( 'NONE', #5454, #2456, #5474 ) ;
#318 = VECTOR ( 'NONE', #4160, 39.37007874015748100 ) ;
#319 = ORIENTED_EDGE ( 'NONE', *, *, #4801, .T. ) ;
#320 = CARTESIAN_POINT ( 'NONE',  ( 0.4714045207910323400, 0.4714045207910307900, 0.2291666666666667700 ) ) ;
#321 = AXIS2_PLACEMENT_3D ( 'NONE', #5382, #3354, #385 ) ;
#322 = ORIENTED_EDGE ( 'NONE', *, *, #6378, .T. ) ;
#323 = DIRECTION ( 'NONE',  ( 0.0000000000000000000, 0.0000000000000000000, 1.000000000000000000 ) ) ;
#324 = DIRECTION ( 'NONE',  ( 0.0000000000000000000, 0.0000000000000000000, 1.000000000000000000 ) ) ;
#325 = CYLINDRICAL_SURFACE ( 'NONE', #1985, 0.01041666666666661200 ) ;
#326 = DIRECTION ( 'NONE',  ( 0.0000000000000000000, 0.0000000000000000000, 1.000000000000000000 ) ) ;
#327 = EDGE_CURVE ( 'NONE', #193, #4293, #2487, .T. ) ;
#328 = EDGE_CURVE ( 'NONE', #3723, #2420, #6350, .T. ) ;
#329 = LINE ( 'NONE', #694, #175 ) ;
#330 = ADVANCED_FACE ( 'NONE', ( #5304 ), #920, .T. ) ;
#331 = MANIFOLD_SOLID_BREP ( 'CirPattern1[13]', #2227 ) ;
#332 = EDGE_CURVE ( 'NONE', #2495, #542, #225, .T. ) ;
#334 = CIRCLE ( 'NONE', #1395, 0.01041666666666662600 ) ;
#333 = DIRECTION ( 'NONE',  ( 0.9659258262890699800, 0.2588190451025145800, 0.0000000000000000000 ) ) ;
#335 = DIRECTION ( 'NONE',  ( 0.0000000000000000000, 0.0000000000000000000, 1.000000000000000000 ) ) ;
#336 = MANIFOLD_SOLID_BREP ( 'CirPattern1[46]', #4012 ) ;
#337 = VERTEX_POINT ( 'NONE', #875 ) ;
#338 = DIRECTION ( 'NONE',  ( 0.0000000000000000000, -0.0000000000000000000, -1.000000000000000000 ) ) ;
#339 = FACE_BOUND ( 'NONE', #5584, .T. ) ;
#340 = DIRECTION ( 'NONE',  ( 0.9659258262890668700, -0.2588190451025261200, 0.0000000000000000000 ) ) ;
#341 = FACE_OUTER_BOUND ( 'NONE', #4242, .T. ) ;
#342 = DIRECTION ( 'NONE',  ( 0.9659258262890668700, -0.2588190451025261200, 0.0000000000000000000 ) ) ;
#343 = CARTESIAN_POINT ( 'NONE',  ( 0.4714045207910290700, -0.4714045207910340100, 0.2291666666666667700 ) ) ;
#344 = ORIENTED_EDGE ( 'NONE', *, *, #864, .T. ) ;
#345 = EDGE_CURVE ( 'NONE', #1696, #2317, #5381, .T. ) ;
#346 = CYLINDRICAL_SURFACE ( 'NONE', #3860, 0.01041666666666661200 ) ;
#347 = ORIENTED_EDGE ( 'NONE', *, *, #5371, .F. ) ;
#348 = CARTESIAN_POINT ( 'NONE',  ( -0.1725460300683385200, 0.6439505508593810200, 0.2291666666666667700 ) ) ;
#349 = DIRECTION ( 'NONE',  ( -0.5000000000000071100, -0.8660254037844346000, 0.0000000000000000000 ) ) ;
#350 = LINE ( 'NONE', #2706, #2841 ) ;
#351 = EDGE_CURVE ( 'NONE', #2606, #5639, #847, .T. ) ;
#352 = CARTESIAN_POINT ( 'NONE',  ( -0.4714045207910257900, 0.4714045207910372800, 0.2291666666666667700 ) ) ;
#353 = EDGE_LOOP ( 'NONE', ( #4454, #1814 ) ) ;
#354 = AXIS2_PLACEMENT_3D ( 'NONE', #6045, #2043, #1975 ) ;
#355 = CARTESIAN_POINT ( 'NONE',  ( 0.1725460300683475100, 0.6439505508593785800, -0.2291666666666666300 ) ) ;
#356 = ORIENTED_EDGE ( 'NONE', *, *, #5472, .T. ) ;
#357 = ORIENTED_EDGE ( 'NONE', *, *, #2464, .T. ) ;
#358 = DIRECTION ( 'NONE',  ( 0.0000000000000000000, 0.0000000000000000000, 1.000000000000000000 ) ) ;
#359 = LINE ( 'NONE', #5247, #1137 ) ;
#360 = CARTESIAN_POINT ( 'NONE',  ( -4.946265230027770900E-015, -0.7083333333333331500, -0.2291666666666666300 ) ) ;
#361 = CARTESIAN_POINT ( 'NONE',  ( 0.2127929394970543300, -0.6331664239801083600, 0.2291666666666667700 ) ) ;
#362 = ORIENTED_EDGE ( 'NONE', *, *, #4134, .F. ) ;
#363 = DIRECTION ( 'NONE',  ( 0.0000000000000000000, 0.0000000000000000000, 1.000000000000000000 ) ) ;
#364 = DIRECTION ( 'NONE',  ( 0.0000000000000000000, -0.0000000000000000000, -1.000000000000000000 ) ) ;
#365 = EDGE_LOOP ( 'NONE', ( #5417, #5023, #313, #3572 ) ) ;
#366 = AXIS2_PLACEMENT_3D ( 'NONE', #3148, #1168, #3182 ) ;
#367 = ORIENTED_EDGE ( 'NONE', *, *, #4718, .F. ) ;
#368 = EDGE_LOOP ( 'NONE', ( #3629, #3268, #3578, #3092 ) ) ;
#369 = PRODUCT_DEFINITION ( 'UNKNOWN', '', #6331, #4261 ) ;
#370 = CIRCLE ( 'NONE', #6060, 0.04166666666666670600 ) ;
#371 = DIRECTION ( 'NONE',  ( -0.0000000000000000000, -1.639108796198557900E-016, 1.000000000000000000 ) ) ;
#372 = EDGE_LOOP ( 'NONE', ( #5989, #2251 ) ) ;
#373 = ORIENTED_EDGE ( 'NONE', *, *, #762, .T. ) ;
#374 = EDGE_LOOP ( 'NONE', ( #4305, #3809 ) ) ;
#375 = CARTESIAN_POINT ( 'NONE',  ( 0.6666666666666665200, -0.01041666666666894000, -0.2708333333333335400 ) ) ;
#376 = DIRECTION ( 'NONE',  ( 0.0000000000000000000, 0.0000000000000000000, 1.000000000000000000 ) ) ;
#377 = ORIENTED_EDGE ( 'NONE', *, *, #3276, .T. ) ;
#378 = CARTESIAN_POINT ( 'NONE',  ( 0.6666666666666663000, -0.04166666666666905100, -0.2291666666666666300 ) ) ;
#379 = EDGE_CURVE ( 'NONE', #2697, #1983, #5229, .T. ) ;
#380 = DIRECTION ( 'NONE',  ( 0.9659258262890682000, -0.2588190451025213500, 0.0000000000000000000 ) ) ;
#381 = VERTEX_POINT ( 'NONE', #3392 ) ;
#382 = DIRECTION ( 'NONE',  ( 0.0000000000000000000, 0.0000000000000000000, 1.000000000000000000 ) ) ;
#383 = CARTESIAN_POINT ( 'NONE',  ( 0.01041666666666661200, 0.6666666666666665200, 0.2291666666666667700 ) ) ;
#384 = VECTOR ( 'NONE', #4941, 39.37007874015748100 ) ;
#385 = DIRECTION ( 'NONE',  ( -0.2588190451025130200, 0.9659258262890704200, 0.0000000000000000000 ) ) ;
#386 = ORIENTED_EDGE ( 'NONE', *, *, #6047, .T. ) ;
#387 = CARTESIAN_POINT ( 'NONE',  ( -0.6666666666666666300, -0.01041666666665963000, -0.2291666666666666300 ) ) ;
#388 = EDGE_CURVE ( 'NONE', #2719, #2937, #2090, .T. ) ;
#389 = VECTOR ( 'NONE', #4852, 39.37007874015748100 ) ;
#390 = CARTESIAN_POINT ( 'NONE',  ( 0.1322991206396363100, 0.6547346777386503500, -0.2291666666666666300 ) ) ;
#391 = ORIENTED_EDGE ( 'NONE', *, *, #6051, .F. ) ;
#392 = EDGE_CURVE ( 'NONE', #5497, #4083, #4513, .T. ) ;
#393 = CARTESIAN_POINT ( 'NONE',  ( 0.1725460300683430100, -0.6439505508593798000, 0.2291666666666667700 ) ) ;
#394 = CIRCLE ( 'NONE', #5248, 0.01041666666666662600 ) ;
#395 = AXIS2_PLACEMENT_3D ( 'NONE', #793, #1727, #3742 ) ;
#396 = ORIENTED_EDGE ( 'NONE', *, *, #2334, .T. ) ;
#397 = MANIFOLD_SOLID_BREP ( 'CirPattern1[24]', #2652 ) ;
#398 = CARTESIAN_POINT ( 'NONE',  ( -0.3243122353772501200, -0.5825586025229562100, 0.2708333333333334800 ) ) ;
#399 = DIRECTION ( 'NONE',  ( 0.7071067811865574500, 0.7071067811865376900, 0.0000000000000000000 ) ) ;
#400 = AXIS2_PLACEMENT_3D ( 'NONE', #360, #4248, #3240 ) ;
#401 = CARTESIAN_POINT ( 'NONE',  ( -0.3333333333333258800, 0.5773502691896298400, -0.2708333333333335400 ) ) ;
#402 = AXIS2_PLACEMENT_3D ( 'NONE', #708, #2727, #1745 ) ;
#403 = LINE ( 'NONE', #4410, #4061 ) ;
#404 = DIRECTION ( 'NONE',  ( 0.9659258262890662000, -0.2588190451025280100, 0.0000000000000000000 ) ) ;
#405 = AXIS2_PLACEMENT_3D ( 'NONE', #3289, #1318, #2800 ) ;
#406 = ADVANCED_FACE ( 'NONE', ( #153 ), #4989, .T. ) ;
#407 = CARTESIAN_POINT ( 'NONE',  ( 0.1624843027111652600, -0.6466465825791976000, 0.2291666666666667700 ) ) ;
#408 = CIRCLE ( 'NONE', #1473, 0.01041666666666662600 ) ;
#409 = FACE_OUTER_BOUND ( 'NONE', #3917, .T. ) ;
#410 = DIRECTION ( 'NONE',  ( 0.0000000000000000000, 0.0000000000000000000, 1.000000000000000000 ) ) ;
#411 = PLANE ( 'NONE',  #617 ) ;
#412 = EDGE_LOOP ( 'NONE', ( #5046, #972 ) ) ;
#413 = FACE_OUTER_BOUND ( 'NONE', #2568, .T. ) ;
#414 = DIRECTION ( 'NONE',  ( 0.0000000000000000000, 0.0000000000000000000, 1.000000000000000000 ) ) ;
#415 = VECTOR ( 'NONE', #5626, 39.37007874015748100 ) ;
#416 = PERSON_AND_ORGANIZATION ( #2951, #4303 ) ;
#417 = ORIENTED_EDGE ( 'NONE', *, *, #5079, .T. ) ;
#418 = CYLINDRICAL_SURFACE ( 'NONE', #5049, 0.01041666666666661900 ) ;
#419 = ORIENTED_EDGE ( 'NONE', *, *, #6385, .T. ) ;
#420 = PERSON_AND_ORGANIZATION_ROLE ( 'creator' ) ;
#421 = EDGE_LOOP ( 'NONE', ( #4728, #3078 ) ) ;
#422 = CYLINDRICAL_SURFACE ( 'NONE', #3344, 0.01041666666666660200 ) ;
#423 = EDGE_LOOP ( 'NONE', ( #201, #757, #2116, #4013 ) ) ;
#424 = CIRCLE ( 'NONE', #559, 0.01041666666666661100 ) ;
#425 = DIRECTION ( 'NONE',  ( -0.7071067811865512400, -0.7071067811865438000, 0.0000000000000000000 ) ) ;
#426 = ORIENTED_EDGE ( 'NONE', *, *, #4336, .T. ) ;
#427 = DIRECTION ( 'NONE',  ( 0.0000000000000000000, 0.0000000000000000000, 1.000000000000000000 ) ) ;
#428 = CYLINDRICAL_SURFACE ( 'NONE', #2721, 0.04166666666666670600 ) ;
#429 = CARTESIAN_POINT ( 'NONE',  ( -0.4714045207910257900, 0.4714045207910372800, -0.2291666666666666300 ) ) ;
#430 = EDGE_CURVE ( 'NONE', #3219, #54, #64, .T. ) ;
#431 = ORIENTED_EDGE ( 'NONE', *, *, #6000, .F. ) ;
#432 = ORIENTED_EDGE ( 'NONE', *, *, #1138, .T. ) ;
#433 = CARTESIAN_POINT ( 'NONE',  ( -0.4714045207910257900, 0.4714045207910372800, 0.2708333333333334800 ) ) ;
#434 = VERTEX_POINT ( 'NONE', #5624 ) ;
#435 = EDGE_CURVE ( 'NONE', #1284, #3347, #697, .T. ) ;
#436 = ORIENTED_EDGE ( 'NONE', *, *, #5241, .T. ) ;
#437 = CIRCLE ( 'NONE', #1188, 0.04166666666666673400 ) ;
#438 = AXIS2_PLACEMENT_3D ( 'NONE', #620, #1079, #4103 ) ;
#439 = ORIENTED_EDGE ( 'NONE', *, *, #1373, .F. ) ;
#440 = ADVANCED_FACE ( 'NONE', ( #3954 ), #2182, .T. ) ;
#441 = ORIENTED_EDGE ( 'NONE', *, *, #3556, .F. ) ;
#442 = ADVANCED_FACE ( 'NONE', ( #2011 ), #6202, .T. ) ;
#443 = AXIS2_PLACEMENT_3D ( 'NONE', #2217, #192, #2637 ) ;
#444 = ORIENTED_EDGE ( 'NONE', *, *, #3196, .F. ) ;
#445 = ORIENTED_EDGE ( 'NONE', *, *, #459, .F. ) ;
#446 = AXIS2_PLACEMENT_3D ( 'NONE', #189, #4697, #712 ) ;
#447 = VERTEX_POINT ( 'NONE', #5233 ) ;
#448 = CARTESIAN_POINT ( 'NONE',  ( 0.4714045207910323400, 0.4714045207910307900, -0.2708333333333335400 ) ) ;
#449 = CARTESIAN_POINT ( 'NONE',  ( -0.6666666666666660700, 0.04166666666667370700, 0.2291666666666667700 ) ) ;
#450 = AXIS2_PLACEMENT_3D ( 'NONE', #726, #705, #1225 ) ;
#451 = CARTESIAN_POINT ( 'NONE',  ( -0.01041666666667126700, -0.6666666666666663000, -0.2291666666666666300 ) ) ;
#452 = VERTEX_POINT ( 'NONE', #3867 ) ;
#453 = PRODUCT ( '5905K518_Needle-Roller Bearing', '5905K518_Needle-Roller Bearing', '', ( #2380 ) ) ;
#454 = EDGE_CURVE ( 'NONE', #6478, #3162, #6273, .T. ) ;
#455 = CARTESIAN_POINT ( 'NONE',  ( 0.6439505508593792400, 0.1725460300683452600, -0.2291666666666666300 ) ) ;
#456 = EDGE_CURVE ( 'NONE', #5425, #5123, #5793, .T. ) ;
#457 = EDGE_LOOP ( 'NONE', ( #2142, #5086 ) ) ;
#458 = CARTESIAN_POINT ( 'NONE',  ( -0.4787702164283857400, 0.4640388251536775600, 0.2291666666666667700 ) ) ;
#459 = EDGE_CURVE ( 'NONE', #6270, #1056, #1396, .T. ) ;
#460 = EDGE_LOOP ( 'NONE', ( #5872, #2074 ) ) ;
#461 = DIRECTION ( 'NONE',  ( -0.7071067811865507900, -0.7071067811865442400, 0.0000000000000000000 ) ) ;
#462 = DIRECTION ( 'NONE',  ( -0.0000000000000000000, 0.0000000000000000000, -1.000000000000000000 ) ) ;
#463 = PLANE ( 'NONE',  #5542 ) ;
#464 = CIRCLE ( 'NONE', #1604, 0.01041666666666659100 ) ;
#465 = VERTEX_POINT ( 'NONE', #6244 ) ;
#466 = ORIENTED_EDGE ( 'NONE', *, *, #3166, .T. ) ;
#467 = CARTESIAN_POINT ( 'NONE',  ( -0.1725460300683385200, 0.6439505508593810200, 0.2291666666666667700 ) ) ;
#468 = EDGE_CURVE ( 'NONE', #4096, #4714, #1939, .T. ) ;
#469 = ADVANCED_FACE ( 'NONE', ( #6034 ), #2566, .T. ) ;
#470 = CARTESIAN_POINT ( 'NONE',  ( -0.2972489415089864500, -0.5981836025229565500, -0.2291666666666666300 ) ) ;
#471 = FACE_OUTER_BOUND ( 'NONE', #4740, .T. ) ;
#472 = ADVANCED_FACE ( 'NONE', ( #6429, #232 ), #6264, .F. ) ;
#473 = EDGE_LOOP ( 'NONE', ( #4487, #4526 ) ) ;
#474 = EDGE_CURVE ( 'NONE', #6250, #2298, #853, .T. ) ;
#475 = AXIS2_PLACEMENT_3D ( 'NONE', #523, #3023, #5052 ) ;
#476 = CIRCLE ( 'NONE', #4288, 0.01041666666666659100 ) ;
#477 = ORIENTED_EDGE ( 'NONE', *, *, #257, .F. ) ;
#478 = DIRECTION ( 'NONE',  ( 0.0000000000000000000, 0.0000000000000000000, 1.000000000000000000 ) ) ;
#479 = AXIS2_PLACEMENT_3D ( 'NONE', #1332, #4901, #4408 ) ;
#480 = LINE ( 'NONE', #2404, #1479 ) ;
#481 = DIRECTION ( 'NONE',  ( 0.0000000000000000000, 0.0000000000000000000, 1.000000000000000000 ) ) ;
#482 = DIRECTION ( 'NONE',  ( 0.0000000000000000000, 0.0000000000000000000, 1.000000000000000000 ) ) ;
#483 = DIRECTION ( 'NONE',  ( -0.8660254037844380400, 0.5000000000000010000, 0.0000000000000000000 ) ) ;
#484 = CIRCLE ( 'NONE', #2564, 0.01041666666666663700 ) ;
#485 = LINE ( 'NONE', #1591, #415 ) ;
#486 = CALENDAR_DATE ( 2023, 10, 1 ) ;
#487 = DIRECTION ( 'NONE',  ( 0.0000000000000000000, 0.0000000000000000000, 1.000000000000000000 ) ) ;
#488 = ORIENTED_EDGE ( 'NONE', *, *, #4475, .F. ) ;
#489 = CYLINDRICAL_SURFACE ( 'NONE', #5100, 0.01041666666666661100 ) ;
#490 = CARTESIAN_POINT ( 'NONE',  ( -0.1826077574255297300, -0.6412545191395594400, 0.2708333333333334800 ) ) ;
#491 = EDGE_CURVE ( 'NONE', #1696, #4492, #6116, .T. ) ;
#492 = CIRCLE ( 'NONE', #5373, 0.01500000000000001200 ) ;
#493 = CARTESIAN_POINT ( 'NONE',  ( 0.6134346610139757000, -0.3541666666666695200, -0.2291666666666666300 ) ) ;
#494 = FACE_OUTER_BOUND ( 'NONE', #3239, .T. ) ;
#495 = ADVANCED_FACE ( 'NONE', ( #5234, #3033 ), #6304, .F. ) ;
#496 = EDGE_LOOP ( 'NONE', ( #1294, #1989 ) ) ;
#497 = ADVANCED_FACE ( 'NONE', ( #1712 ), #702, .T. ) ;
#498 = FACE_OUTER_BOUND ( 'NONE', #510, .T. ) ;
#499 = DIRECTION ( 'NONE',  ( 0.0000000000000000000, 0.0000000000000000000, 1.000000000000000000 ) ) ;
#500 = DIRECTION ( 'NONE',  ( -0.7071067811865561200, -0.7071067811865389100, 0.0000000000000000000 ) ) ;
#501 = ORIENTED_EDGE ( 'NONE', *, *, #1850, .F. ) ;
#502 = DIRECTION ( 'NONE',  ( 0.0000000000000000000, 0.0000000000000000000, 1.000000000000000000 ) ) ;
#503 = ORIENTED_EDGE ( 'NONE', *, *, #2806, .F. ) ;
#504 = ORIENTED_EDGE ( 'NONE', *, *, #4431, .F. ) ;
#505 = LINE ( 'NONE', #1291, #4325 ) ;
#506 = ORIENTED_EDGE ( 'NONE', *, *, #5306, .T. ) ;
#507 = VERTEX_POINT ( 'NONE', #294 ) ;
#508 = VERTEX_POINT ( 'NONE', #2211 ) ;
#509 = CARTESIAN_POINT ( 'NONE',  ( 0.6134346610139757000, -0.3541666666666695200, 0.2291666666666667700 ) ) ;
#510 = EDGE_LOOP ( 'NONE', ( #2920, #2462 ) ) ;
#511 = EDGE_CURVE ( 'NONE', #4166, #899, #4275, .T. ) ;
#512 = FACE_OUTER_BOUND ( 'NONE', #5185, .T. ) ;
#513 = ORIENTED_EDGE ( 'NONE', *, *, #2912, .T. ) ;
#514 = CARTESIAN_POINT ( 'NONE',  ( 0.5773502691896264000, 0.3333333333333318700, -0.2708333333333335400 ) ) ;
#515 = CARTESIAN_POINT ( 'NONE',  ( 0.5773502691896264000, 0.3333333333333318700, -0.2291666666666666300 ) ) ;
#516 = VERTEX_POINT ( 'NONE', #2301 ) ;
#518 = CIRCLE ( 'NONE', #4676, 0.01041666666666661200 ) ;
#517 = CARTESIAN_POINT ( 'NONE',  ( -0.3333333333333258800, 0.5773502691896298400, -0.2291666666666666300 ) ) ;
#519 = AXIS2_PLACEMENT_3D ( 'NONE', #163, #3640, #209 ) ;
#520 = CARTESIAN_POINT ( 'NONE',  ( 0.4714045207910323400, 0.4714045207910307900, 0.2291666666666667700 ) ) ;
#521 = CARTESIAN_POINT ( 'NONE',  ( -0.6439505508593803600, -0.1725460300683407700, -0.2291666666666666300 ) ) ;
#522 = AXIS2_PLACEMENT_3D ( 'NONE', #1460, #487, #5008 ) ;
#523 = CARTESIAN_POINT ( 'NONE',  ( 0.3333333333333298700, -0.5773502691896276200, -0.2291666666666666300 ) ) ;
#524 = ORIENTED_EDGE ( 'NONE', *, *, #2006, .T. ) ;
#525 = CARTESIAN_POINT ( 'NONE',  ( -0.6134346610139804800, -0.3541666666666609100, -0.2291666666666666300 ) ) ;
#526 = VERTEX_POINT ( 'NONE', #3246 ) ;
#527 = ADVANCED_FACE ( 'NONE', ( #2020 ), #4256, .F. ) ;
#528 = AXIS2_PLACEMENT_3D ( 'NONE', #5574, #1617, #4036 ) ;
#529 = MANIFOLD_SOLID_BREP ( 'CirPattern1[26]', #5490 ) ;
#530 = ADVANCED_FACE ( 'NONE', ( #3726, #3338 ), #3872, .F. ) ;
#531 = CIRCLE ( 'NONE', #5180, 0.01041666666666661200 ) ;
#532 = CARTESIAN_POINT ( 'NONE',  ( 0.7083333333333331500, -2.473132615013885500E-015, 0.2291666666666667700 ) ) ;
#533 = EDGE_CURVE ( 'NONE', #5861, #4881, #3878, .T. ) ;
#534 = EDGE_LOOP ( 'NONE', ( #2166, #2022 ) ) ;
#535 = CARTESIAN_POINT ( 'NONE',  ( 0.6439505508593780200, -0.1725460300683497900, -0.2291666666666666300 ) ) ;
#536 = EDGE_CURVE ( 'NONE', #3533, #5917, #1548, .T. ) ;
#537 = LINE ( 'NONE', #3008, #5629 ) ;
#538 = CARTESIAN_POINT ( 'NONE',  ( 0.4714045207910323400, 0.4714045207910307900, 0.2708333333333334800 ) ) ;
#539 = DIRECTION ( 'NONE',  ( 0.8660254037844463700, 0.4999999999999865700, 0.0000000000000000000 ) ) ;
#540 = DIRECTION ( 'NONE',  ( -1.000000000000000000, 1.311287036958853100E-014, 0.0000000000000000000 ) ) ;
#541 = FACE_OUTER_BOUND ( 'NONE', #1266, .T. ) ;
#542 = VERTEX_POINT ( 'NONE', #1356 ) ;
#543 = DIRECTION ( 'NONE',  ( 0.0000000000000000000, -1.000000000000000000, -1.821231995776174500E-016 ) ) ;
#544 = CARTESIAN_POINT ( 'NONE',  ( -0.3423544312894137900, 0.5721419358562966900, 0.2291666666666667700 ) ) ;
#545 = EDGE_CURVE ( 'NONE', #2816, #3219, #1240, .T. ) ;
#546 = CARTESIAN_POINT ( 'NONE',  ( 0.6466465825791960500, -0.1624843027111720400, 0.2708333333333334800 ) ) ;
#547 = CARTESIAN_POINT ( 'NONE',  ( -0.6439505508593768000, 0.1725460300683542600, 0.2708333333333334800 ) ) ;
#548 = CARTESIAN_POINT ( 'NONE',  ( 0.0000000000000000000, 0.6666666666666665200, -0.2708333333333335400 ) ) ;
#549 = FACE_OUTER_BOUND ( 'NONE', #412, .T. ) ;
#550 = EDGE_CURVE ( 'NONE', #2853, #560, #622, .T. ) ;
#551 = AXIS2_PLACEMENT_3D ( 'NONE', #5844, #2284, #1802 ) ;
#552 = PLANE ( 'NONE',  #3109 ) ;
#553 = DIRECTION ( 'NONE',  ( 0.2588190451025261200, 0.9659258262890668700, 0.0000000000000000000 ) ) ;
#554 = AXIS2_PLACEMENT_3D ( 'NONE', #3611, #4583, #1585 ) ;
#555 = FACE_OUTER_BOUND ( 'NONE', #637, .T. ) ;
#556 = CARTESIAN_POINT ( 'NONE',  ( 0.04166666666666672000, 0.6666666666666665200, 0.2291666666666667700 ) ) ;
#557 = ADVANCED_FACE ( 'NONE', ( #5545 ), #6349, .F. ) ;
#558 = CIRCLE ( 'NONE', #3264, 0.04166666666666672000 ) ;
#559 = AXIS2_PLACEMENT_3D ( 'NONE', #3598, #626, #5192 ) ;
#560 = VERTEX_POINT ( 'NONE', #2820 ) ;
#561 = DIRECTION ( 'NONE',  ( 0.0000000000000000000, 0.0000000000000000000, 1.000000000000000000 ) ) ;
#562 = AXIS2_PLACEMENT_3D ( 'NONE', #2941, #6470, #3436 ) ;
#563 = CYLINDRICAL_SURFACE ( 'NONE', #2531, 0.7500000000000004400 ) ;
#564 = CARTESIAN_POINT ( 'NONE',  ( 0.1624843027111652600, -0.6466465825791976000, 0.2291666666666667700 ) ) ;
#565 = AXIS2_PLACEMENT_3D ( 'NONE', #4276, #5296, #2798 ) ;
#566 = FACE_OUTER_BOUND ( 'NONE', #1481, .T. ) ;
#567 = LINE ( 'NONE', #2019, #2837 ) ;
#568 = DIRECTION ( 'NONE',  ( -0.0000000000000000000, -1.639108796198557900E-016, 1.000000000000000000 ) ) ;
#569 = DIRECTION ( 'NONE',  ( 0.2588190451025130200, -0.9659258262890704200, 0.0000000000000000000 ) ) ;
#570 = EDGE_LOOP ( 'NONE', ( #439, #4883, #4658, #271 ) ) ;
#571 = ORIENTED_EDGE ( 'NONE', *, *, #2208, .F. ) ;
#572 = FACE_OUTER_BOUND ( 'NONE', #2388, .T. ) ;
#573 = EDGE_CURVE ( 'NONE', #2861, #5948, #2722, .T. ) ;
#574 = ORIENTED_EDGE ( 'NONE', *, *, #5956, .T. ) ;
#575 = DIRECTION ( 'NONE',  ( 0.0000000000000000000, 0.0000000000000000000, 1.000000000000000000 ) ) ;
#576 = LINE ( 'NONE', #1102, #4951 ) ;
#577 = CARTESIAN_POINT ( 'NONE',  ( -0.4714045207910356200, -0.4714045207910274600, 0.2291666666666667700 ) ) ;
#578 = CARTESIAN_POINT ( 'NONE',  ( -0.2972489415089739100, 0.5981836025229627700, -0.2291666666666666300 ) ) ;
#579 = EDGE_CURVE ( 'NONE', #3695, #3730, #4196, .T. ) ;
#580 = ORIENTED_EDGE ( 'NONE', *, *, #2832, .F. ) ;
#581 = DIRECTION ( 'NONE',  ( 0.8660254037844453700, 0.4999999999999886200, 0.0000000000000000000 ) ) ;
#582 = CYLINDRICAL_SURFACE ( 'NONE', #5759, 0.01041666666666661200 ) ;
#583 = DIRECTION ( 'NONE',  ( 1.311287036958853100E-014, 1.000000000000000000, 0.0000000000000000000 ) ) ;
#584 = VERTEX_POINT ( 'NONE', #3857 ) ;
#585 = DIRECTION ( 'NONE',  ( -0.7071067811865507900, -0.7071067811865442400, 0.0000000000000000000 ) ) ;
#586 = ORIENTED_EDGE ( 'NONE', *, *, #5886, .F. ) ;
#587 = EDGE_LOOP ( 'NONE', ( #6440, #1289, #1738, #3020 ) ) ;
#588 = ORIENTED_EDGE ( 'NONE', *, *, #5571, .T. ) ;
#589 = CARTESIAN_POINT ( 'NONE',  ( -0.1725460300683385200, 0.6439505508593810200, 0.2291666666666667700 ) ) ;
#590 = CIRCLE ( 'NONE', #1645, 0.01041666666666661100 ) ;
#591 = ORIENTED_EDGE ( 'NONE', *, *, #4686, .F. ) ;
#592 = DIRECTION ( 'NONE',  ( 0.4999999999999993300, -0.8660254037844391500, 0.0000000000000000000 ) ) ;
#593 = DIRECTION ( 'NONE',  ( 0.0000000000000000000, 0.0000000000000000000, 1.000000000000000000 ) ) ;
#594 = EDGE_LOOP ( 'NONE', ( #6233, #3956, #2764, #1537 ) ) ;
#595 = EDGE_CURVE ( 'NONE', #4259, #4093, #4432, .T. ) ;
#596 = VERTEX_POINT ( 'NONE', #1380 ) ;
#597 = ADVANCED_FACE ( 'NONE', ( #2952 ), #5954, .T. ) ;
#598 = CARTESIAN_POINT ( 'NONE',  ( -0.4714045207910356200, -0.4714045207910274600, -0.2708333333333335400 ) ) ;
#599 = DIRECTION ( 'NONE',  ( 0.0000000000000000000, 0.0000000000000000000, 1.000000000000000000 ) ) ;
#600 = AXIS2_PLACEMENT_3D ( 'NONE', #3826, #851, #1347 ) ;
#601 = ORIENTED_EDGE ( 'NONE', *, *, #2173, .T. ) ;
#602 = CARTESIAN_POINT ( 'NONE',  ( -0.4419417382415963800, -0.5008673033404672500, 0.2291666666666667700 ) ) ;
#603 = ORIENTED_EDGE ( 'NONE', *, *, #1910, .T. ) ;
#604 = DIRECTION ( 'NONE',  ( 0.0000000000000000000, 0.0000000000000000000, -1.000000000000000000 ) ) ;
#605 = CARTESIAN_POINT ( 'NONE',  ( 0.2127929394970587400, 0.6331664239801068100, 0.2291666666666667700 ) ) ;
#606 = CARTESIAN_POINT ( 'NONE',  ( 0.4714045207910323400, 0.4714045207910307900, -0.2708333333333335400 ) ) ;
#608 = AXIS2_PLACEMENT_3D ( 'NONE', #6450, #3421, #2444 ) ;
#607 = DIRECTION ( 'NONE',  ( 0.7071067811865556800, 0.7071067811865392500, 0.0000000000000000000 ) ) ;
#609 = EDGE_LOOP ( 'NONE', ( #2897, #6102, #4967, #1100 ) ) ;
#610 = AXIS2_PLACEMENT_3D ( 'NONE', #6192, #5673, #2189 ) ;
#611 = DIRECTION ( 'NONE',  ( 0.0000000000000000000, 0.0000000000000000000, 1.000000000000000000 ) ) ;
#612 = DIRECTION ( 'NONE',  ( 0.0000000000000000000, 0.0000000000000000000, 1.000000000000000000 ) ) ;
#613 = AXIS2_PLACEMENT_3D ( 'NONE', #2794, #266, #2769 ) ;
#614 = PLANE ( 'NONE',  #5492 ) ;
#615 = CARTESIAN_POINT ( 'NONE',  ( 0.4787702164283921800, 0.4640388251536709500, -0.2708333333333335400 ) ) ;
#616 = EDGE_LOOP ( 'NONE', ( #1293, #5931 ) ) ;
#617 = AXIS2_PLACEMENT_3D ( 'NONE', #3880, #2370, #2331 ) ;
#618 = DIRECTION ( 'NONE',  ( 0.0000000000000000000, 0.0000000000000000000, 1.000000000000000000 ) ) ;
#619 = ORIENTED_EDGE ( 'NONE', *, *, #5351, .F. ) ;
#620 = CARTESIAN_POINT ( 'NONE',  ( -0.1725460300683520100, -0.6439505508593773600, 0.2291666666666667700 ) ) ;
#621 = DIRECTION ( 'NONE',  ( 0.0000000000000000000, 0.0000000000000000000, 1.000000000000000000 ) ) ;
#622 = CIRCLE ( 'NONE', #3482, 0.01041666666666663700 ) ;
#623 = ORIENTED_EDGE ( 'NONE', *, *, #833, .F. ) ;
#624 = EDGE_CURVE ( 'NONE', #921, #596, #1865, .T. ) ;
#625 = CLOSED_SHELL ( 'NONE', ( #5353, #173, #4455, #2423 ) ) ;
#626 = DIRECTION ( 'NONE',  ( 0.0000000000000000000, 0.0000000000000000000, 1.000000000000000000 ) ) ;
#627 = DIRECTION ( 'NONE',  ( 0.8660254037844463700, 0.4999999999999865700, 0.0000000000000000000 ) ) ;
#628 = DIRECTION ( 'NONE',  ( 0.0000000000000000000, 0.0000000000000000000, 1.000000000000000000 ) ) ;
#629 = CIRCLE ( 'NONE', #97, 0.01041666666666660200 ) ;
#630 = CARTESIAN_POINT ( 'NONE',  ( 0.0000000000000000000, -4.908789363615472900E-016, 0.3125000000000001700 ) ) ;
#631 = EDGE_LOOP ( 'NONE', ( #1223, #2379 ) ) ;
#632 = CARTESIAN_POINT ( 'NONE',  ( -0.1725460300683385200, 0.6439505508593810200, -0.2291666666666666300 ) ) ;
#633 = DIRECTION ( 'NONE',  ( -0.2588190451025246800, -0.9659258262890673100, 0.0000000000000000000 ) ) ;
#634 = ADVANCED_FACE ( 'NONE', ( #305 ), #4345, .F. ) ;
#635 = LINE ( 'NONE', #3759, #3661 ) ;
#636 = DIRECTION ( 'NONE',  ( -0.9659258262890664200, 0.2588190451025277300, 0.0000000000000000000 ) ) ;
#637 = EDGE_LOOP ( 'NONE', ( #1531, #3736 ) ) ;
#638 = DIRECTION ( 'NONE',  ( 0.0000000000000000000, 0.0000000000000000000, 1.000000000000000000 ) ) ;
#639 = CIRCLE ( 'NONE', #4962, 0.01041666666666661200 ) ;
#640 = EDGE_CURVE ( 'NONE', #4501, #5570, #4048, .T. ) ;
#641 = CARTESIAN_POINT ( 'NONE',  ( -0.6547346777386516800, -0.1322991206396294300, 0.2291666666666667700 ) ) ;
#642 = CARTESIAN_POINT ( 'NONE',  ( 0.1624843027111697900, 0.6466465825791966000, 0.2708333333333334800 ) ) ;
#643 = EDGE_CURVE ( 'NONE', #3001, #6164, #5387, .T. ) ;
#644 = VECTOR ( 'NONE', #4172, 39.37007874015748100 ) ;
#645 = AXIS2_PLACEMENT_3D ( 'NONE', #5868, #3295, #2350 ) ;
#646 = CARTESIAN_POINT ( 'NONE',  ( 0.2972489415089822900, 0.5981836025229586600, -0.2291666666666666300 ) ) ;
#647 = DIRECTION ( 'NONE',  ( 0.0000000000000000000, 0.0000000000000000000, 1.000000000000000000 ) ) ;
#648 = CYLINDRICAL_SURFACE ( 'NONE', #610, 0.01041666666666661100 ) ;
#649 = DIRECTION ( 'NONE',  ( 0.0000000000000000000, -1.000000000000000000, -2.114979091869105600E-016 ) ) ;
#650 = AXIS2_PLACEMENT_3D ( 'NONE', #5097, #1071, #4050 ) ;
#651 = ORIENTED_EDGE ( 'NONE', *, *, #6145, .F. ) ;
#652 = CARTESIAN_POINT ( 'NONE',  ( 0.0000000000000000000, -4.840493163773866100E-016, 0.2708333333333333700 ) ) ;
#653 = FACE_OUTER_BOUND ( 'NONE', #5531, .T. ) ;
#654 = AXIS2_PLACEMENT_3D ( 'NONE', #3625, #2649, #5194 ) ;
#655 = CIRCLE ( 'NONE', #4109, 0.04166666666666673400 ) ;
#656 = DIRECTION ( 'NONE',  ( 9.834652777191335800E-015, 1.000000000000000000, 0.0000000000000000000 ) ) ;
#657 = VERTEX_POINT ( 'NONE', #3353 ) ;
#658 = CYLINDRICAL_SURFACE ( 'NONE', #6254, 0.04166666666666672000 ) ;
#659 = AXIS2_PLACEMENT_3D ( 'NONE', #4826, #5857, #5328 ) ;
#660 = DIRECTION ( 'NONE',  ( -0.9659258262890704200, -0.2588190451025130200, 0.0000000000000000000 ) ) ;
#661 = ORIENTED_EDGE ( 'NONE', *, *, #328, .F. ) ;
#662 = VECTOR ( 'NONE', #4531, 39.37007874015748100 ) ;
#663 = EDGE_LOOP ( 'NONE', ( #4944, #4610 ) ) ;
#664 = ADVANCED_FACE ( 'NONE', ( #3108 ), #3418, .F. ) ;
#665 = DIRECTION ( 'NONE',  ( 0.0000000000000000000, 0.0000000000000000000, 1.000000000000000000 ) ) ;
#666 = EDGE_CURVE ( 'NONE', #3730, #3695, #1785, .T. ) ;
#667 = ORIENTED_EDGE ( 'NONE', *, *, #2629, .F. ) ;
#668 = PLANE ( 'NONE',  #1267 ) ;
#669 = DIRECTION ( 'NONE',  ( 0.7071067811865442400, -0.7071067811865507900, 0.0000000000000000000 ) ) ;
#670 = AXIS2_PLACEMENT_3D ( 'NONE', #2144, #1955, #1614 ) ;
#671 = ORIENTED_EDGE ( 'NONE', *, *, #3705, .F. ) ;
#672 = LINE ( 'NONE', #1770, #5839 ) ;
#673 = ORIENTED_EDGE ( 'NONE', *, *, #5734, .T. ) ;
#674 = EDGE_CURVE ( 'NONE', #1906, #5672, #5083, .T. ) ;
#675 = ORIENTED_EDGE ( 'NONE', *, *, #4845, .F. ) ;
#676 = CARTESIAN_POINT ( 'NONE',  ( 0.5008673033404719100, 0.5008673033404702500, -0.2291666666666666300 ) ) ;
#677 = ORIENTED_EDGE ( 'NONE', *, *, #3212, .T. ) ;
#678 = ORIENTED_EDGE ( 'NONE', *, *, #5972, .F. ) ;
#679 = DIRECTION ( 'NONE',  ( 0.0000000000000000000, 0.0000000000000000000, 1.000000000000000000 ) ) ;
#680 = FACE_OUTER_BOUND ( 'NONE', #160, .T. ) ;
#681 = ORIENTED_EDGE ( 'NONE', *, *, #2477, .T. ) ;
#682 = ORIENTED_EDGE ( 'NONE', *, *, #5188, .F. ) ;
#683 = CARTESIAN_POINT ( 'NONE',  ( 0.1725460300683475100, 0.6439505508593785800, 0.2291666666666667700 ) ) ;
#684 = ORIENTED_EDGE ( 'NONE', *, *, #3899, .T. ) ;
#685 = EDGE_CURVE ( 'NONE', #508, #3301, #2409, .T. ) ;
#686 = CARTESIAN_POINT ( 'NONE',  ( 0.1725460300683430100, -0.6439505508593798000, 0.2708333333333334800 ) ) ;
#687 = EDGE_CURVE ( 'NONE', #3225, #3062, #770, .T. ) ;
#688 = EDGE_LOOP ( 'NONE', ( #1366, #2846 ) ) ;
#689 = CARTESIAN_POINT ( 'NONE',  ( 0.6547346777386499100, -0.1322991206396385800, 0.2291666666666667700 ) ) ;
#690 = ORIENTED_EDGE ( 'NONE', *, *, #4431, .T. ) ;
#691 = DIRECTION ( 'NONE',  ( 0.0000000000000000000, -0.0000000000000000000, 1.000000000000000000 ) ) ;
#692 = CARTESIAN_POINT ( 'NONE',  ( 0.6412545191395614400, 0.1826077574255230400, 0.2708333333333334800 ) ) ;
#693 = APPROVAL ( #6412, 'UNSPECIFIED' ) ;
#694 = CARTESIAN_POINT ( 'NONE',  ( -0.4787702164283857400, 0.4640388251536775600, 0.2708333333333334800 ) ) ;
#695 = CARTESIAN_POINT ( 'NONE',  ( 0.0000000000000000000, 0.6666666666666665200, -0.2291666666666666300 ) ) ;
#696 = ADVANCED_FACE ( 'NONE', ( #926, #70 ), #3941, .F. ) ;
#697 = LINE ( 'NONE', #4844, #5869 ) ;
#698 = AXIS2_PLACEMENT_3D ( 'NONE', #676, #5684, #4144 ) ;
#699 = DIRECTION ( 'NONE',  ( 0.0000000000000000000, 0.0000000000000000000, 1.000000000000000000 ) ) ;
#700 = ORIENTED_EDGE ( 'NONE', *, *, #4341, .F. ) ;
#701 = CARTESIAN_POINT ( 'NONE',  ( -0.5773502691896287300, -0.3333333333333278200, -0.2291666666666666300 ) ) ;
#702 = CYLINDRICAL_SURFACE ( 'NONE', #3601, 0.01041666666666660200 ) ;
#703 = ORIENTED_EDGE ( 'NONE', *, *, #4972, .F. ) ;
#704 = DIRECTION ( 'NONE',  ( 0.0000000000000000000, 0.0000000000000000000, 1.000000000000000000 ) ) ;
#705 = DIRECTION ( 'NONE',  ( 0.0000000000000000000, 0.0000000000000000000, 1.000000000000000000 ) ) ;
#706 = EDGE_CURVE ( 'NONE', #3608, #2768, #4597, .T. ) ;
#707 = DIRECTION ( 'NONE',  ( 0.0000000000000000000, 0.0000000000000000000, 1.000000000000000000 ) ) ;
#708 = CARTESIAN_POINT ( 'NONE',  ( -0.1725460300683385200, 0.6439505508593810200, 0.2291666666666667700 ) ) ;
#709 = CIRCLE ( 'NONE', #6344, 0.01041666666666661200 ) ;
#710 = VERTEX_POINT ( 'NONE', #5988 ) ;
#711 = CARTESIAN_POINT ( 'NONE',  ( 0.2972489415089822900, 0.5981836025229586600, 0.2291666666666667700 ) ) ;
#712 = DIRECTION ( 'NONE',  ( 0.9659258262890704200, 0.2588190451025130200, 0.0000000000000000000 ) ) ;
#713 = LINE ( 'NONE', #4452, #171 ) ;
#714 = DIRECTION ( 'NONE',  ( 0.0000000000000000000, 0.0000000000000000000, 1.000000000000000000 ) ) ;
#715 = CARTESIAN_POINT ( 'NONE',  ( 0.5008673033404718000, 0.4419417382415912200, -0.2291666666666666300 ) ) ;
#716 = DIRECTION ( 'NONE',  ( 0.0000000000000000000, 0.0000000000000000000, 1.000000000000000000 ) ) ;
#717 = CYLINDRICAL_SURFACE ( 'NONE', #2900, 0.01041666666666660200 ) ;
#718 = EDGE_CURVE ( 'NONE', #1797, #447, #3502, .T. ) ;
#719 = AXIS2_PLACEMENT_3D ( 'NONE', #2611, #1820, #751 ) ;
#720 = FACE_BOUND ( 'NONE', #1885, .T. ) ;
#721 = ORIENTED_EDGE ( 'NONE', *, *, #1005, .T. ) ;
#722 = EDGE_CURVE ( 'NONE', #2210, #508, #2185, .T. ) ;
#723 = LINE ( 'NONE', #912, #2438 ) ;
#724 = ADVANCED_FACE ( 'NONE', ( #3255 ), #4518, .F. ) ;
#725 = CARTESIAN_POINT ( 'NONE',  ( -0.3423544312894137900, 0.5721419358562966900, 0.2708333333333334800 ) ) ;
#726 = CARTESIAN_POINT ( 'NONE',  ( -0.1725460300683385200, 0.6439505508593810200, 0.2291666666666667700 ) ) ;
#727 = CYLINDRICAL_SURFACE ( 'NONE', #1065, 0.01041666666666659100 ) ;
#728 = CARTESIAN_POINT ( 'NONE',  ( 0.4714045207910323400, 0.4714045207910307900, 0.2291666666666667700 ) ) ;
#729 = AXIS2_PLACEMENT_3D ( 'NONE', #1413, #983, #5467 ) ;
#730 = ORIENTED_EDGE ( 'NONE', *, *, #1667, .T. ) ;
#731 = AXIS2_PLACEMENT_3D ( 'NONE', #5786, #1742, #5856 ) ;
#732 = VECTOR ( 'NONE', #5911, 39.37007874015748100 ) ;
#733 = EDGE_LOOP ( 'NONE', ( #1764, #3932 ) ) ;
#734 = AXIS2_PLACEMENT_3D ( 'NONE', #1183, #3218, #1165 ) ;
#735 = CIRCLE ( 'NONE', #6104, 0.04166666666666672000 ) ;
#736 = CARTESIAN_POINT ( 'NONE',  ( 0.3333333333333339300, 0.5773502691896251800, 0.2708333333333334800 ) ) ;
#737 = ORIENTED_EDGE ( 'NONE', *, *, #2139, .F. ) ;
#738 = DIRECTION ( 'NONE',  ( 0.0000000000000000000, 0.0000000000000000000, 1.000000000000000000 ) ) ;
#739 = FACE_OUTER_BOUND ( 'NONE', #6239, .T. ) ;
#740 = AXIS2_PLACEMENT_3D ( 'NONE', #1324, #1371, #3300 ) ;
#741 = VERTEX_POINT ( 'NONE', #5928 ) ;
#742 = CARTESIAN_POINT ( 'NONE',  ( -0.5773502691896287300, -0.3333333333333278200, 0.2291666666666667700 ) ) ;
#743 = LINE ( 'NONE', #3401, #2757 ) ;
#744 = ORIENTED_EDGE ( 'NONE', *, *, #1910, .F. ) ;
#745 = EDGE_LOOP ( 'NONE', ( #2631, #4642, #2860, #3420 ) ) ;
#746 = ORIENTED_EDGE ( 'NONE', *, *, #2582, .T. ) ;
#747 = ORIENTED_EDGE ( 'NONE', *, *, #945, .T. ) ;
#748 = CIRCLE ( 'NONE', #2732, 0.01041666666666661200 ) ;
#749 = CARTESIAN_POINT ( 'NONE',  ( 0.5773502691896241800, -0.3333333333333359800, 0.2291666666666667700 ) ) ;
#750 = ORIENTED_EDGE ( 'NONE', *, *, #4482, .T. ) ;
#751 = DIRECTION ( 'NONE',  ( -0.2588190451025130200, 0.9659258262890704200, 0.0000000000000000000 ) ) ;
#752 = ORIENTED_EDGE ( 'NONE', *, *, #3166, .F. ) ;
#753 = EDGE_LOOP ( 'NONE', ( #2225, #988 ) ) ;
#754 = DIRECTION ( 'NONE',  ( -0.8660254037844346000, 0.5000000000000071100, 0.0000000000000000000 ) ) ;
#755 = VERTEX_POINT ( 'NONE', #4936 ) ;
#756 = DIRECTION ( 'NONE',  ( -0.8660254037844346000, 0.5000000000000071100, 0.0000000000000000000 ) ) ;
#757 = ORIENTED_EDGE ( 'NONE', *, *, #162, .T. ) ;
#758 = ADVANCED_FACE ( 'NONE', ( #4914 ), #1628, .T. ) ;
#759 = CARTESIAN_POINT ( 'NONE',  ( 0.0000000000000000000, 0.6666666666666665200, 0.2708333333333334800 ) ) ;
#760 = EDGE_CURVE ( 'NONE', #3469, #4739, #3575, .T. ) ;
#761 = EDGE_LOOP ( 'NONE', ( #286, #5546, #1590, #6211 ) ) ;
#762 = EDGE_CURVE ( 'NONE', #508, #2210, #4361, .T. ) ;
#763 = ADVANCED_FACE ( 'NONE', ( #2258 ), #5714, .T. ) ;
#764 = CARTESIAN_POINT ( 'NONE',  ( 0.4640388251536725600, 0.4787702164283906800, -0.2291666666666666300 ) ) ;
#765 = VERTEX_POINT ( 'NONE', #544 ) ;
#766 = DIRECTION ( 'NONE',  ( -0.9659258262890668700, 0.2588190451025261200, 0.0000000000000000000 ) ) ;
#767 = ORIENTED_EDGE ( 'NONE', *, *, #6385, .F. ) ;
#768 = AXIS2_PLACEMENT_3D ( 'NONE', #3044, #63, #1563 ) ;
#769 = DIRECTION ( 'NONE',  ( 0.4999999999999993300, -0.8660254037844391500, 0.0000000000000000000 ) ) ;
#770 = LINE ( 'NONE', #3464, #4840 ) ;
#772 = AXIS2_PLACEMENT_3D ( 'NONE', #4611, #5967, #6341 ) ;
#771 = DIRECTION ( 'NONE',  ( -0.8660254037844346000, 0.5000000000000071100, 0.0000000000000000000 ) ) ;
#773 = ORIENTED_EDGE ( 'NONE', *, *, #306, .T. ) ;
#774 = EDGE_LOOP ( 'NONE', ( #6092, #1204 ) ) ;
#775 = CARTESIAN_POINT ( 'NONE',  ( -4.655308451790843400E-015, -0.6666666666666665200, -0.2291666666666666300 ) ) ;
#776 = AXIS2_PLACEMENT_3D ( 'NONE', #4121, #4628, #1637 ) ;
#777 = CIRCLE ( 'NONE', #1104, 0.04166666666666672700 ) ;
#778 = ORIENTED_EDGE ( 'NONE', *, *, #1722, .T. ) ;
#779 = DIRECTION ( 'NONE',  ( 9.834652777191335800E-015, 1.000000000000000000, 0.0000000000000000000 ) ) ;
#780 = DIRECTION ( 'NONE',  ( 0.0000000000000000000, 0.0000000000000000000, 1.000000000000000000 ) ) ;
#781 = EDGE_CURVE ( 'NONE', #6204, #1986, #464, .T. ) ;
#782 = FACE_OUTER_BOUND ( 'NONE', #6162, .T. ) ;
#783 = EDGE_CURVE ( 'NONE', #2768, #5564, #537, .T. ) ;
#784 = ORIENTED_EDGE ( 'NONE', *, *, #925, .T. ) ;
#785 = ADVANCED_FACE ( 'NONE', ( #4756, #2098 ), #3031, .F. ) ;
#786 = CARTESIAN_POINT ( 'NONE',  ( 0.4787702164283889600, -0.4640388251536742300, 0.2291666666666667700 ) ) ;
#787 = DIRECTION ( 'NONE',  ( 0.0000000000000000000, 0.0000000000000000000, 1.000000000000000000 ) ) ;
#788 = EDGE_CURVE ( 'NONE', #6164, #3001, #5305, .T. ) ;
#789 = CARTESIAN_POINT ( 'NONE',  ( 0.4787702164283921800, 0.4640388251536709500, 0.2291666666666667700 ) ) ;
#790 = CARTESIAN_POINT ( 'NONE',  ( -0.4714045207910356200, -0.4714045207910274600, 0.2708333333333334800 ) ) ;
#791 = MANIFOLD_SOLID_BREP ( 'CirPattern1[29]', #5260 ) ;
#792 = FACE_BOUND ( 'NONE', #3923, .T. ) ;
#793 = CARTESIAN_POINT ( 'NONE',  ( 0.4714045207910323400, 0.4714045207910307900, -0.2291666666666666300 ) ) ;
#794 = DIRECTION ( 'NONE',  ( -0.7071067811865409100, 0.7071067811865540100, 0.0000000000000000000 ) ) ;
#795 = DIRECTION ( 'NONE',  ( 0.0000000000000000000, 0.0000000000000000000, 1.000000000000000000 ) ) ;
#796 = CARTESIAN_POINT ( 'NONE',  ( -0.6666666666666663000, 0.01041666666667359600, -0.2291666666666666300 ) ) ;
#797 = LINE ( 'NONE', #1155, #644 ) ;
#798 = EDGE_CURVE ( 'NONE', #4797, #2939, #1463, .T. ) ;
#799 = CIRCLE ( 'NONE', #2276, 0.01041666666666661100 ) ;
#800 = DIRECTION ( 'NONE',  ( 0.0000000000000000000, 0.0000000000000000000, 1.000000000000000000 ) ) ;
#801 = PERSON_AND_ORGANIZATION ( #2951, #4303 ) ;
#802 = DIRECTION ( 'NONE',  ( -0.2588190451025261200, -0.9659258262890668700, 0.0000000000000000000 ) ) ;
#803 = EDGE_CURVE ( 'NONE', #3887, #2394, #154, .T. ) ;
#804 = ORIENTED_EDGE ( 'NONE', *, *, #4349, .F. ) ;
#805 = VECTOR ( 'NONE', #235, 39.37007874015748100 ) ;
#806 = AXIS2_PLACEMENT_3D ( 'NONE', #5946, #1454, #937 ) ;
#807 = CARTESIAN_POINT ( 'NONE',  ( 8.674581493960423600E-017, 0.7083333333333331500, 0.3125000000000002800 ) ) ;
#808 = LINE ( 'NONE', #1824, #1818 ) ;
#809 = ORIENTED_EDGE ( 'NONE', *, *, #5841, .T. ) ;
#810 = MANIFOLD_SOLID_BREP ( 'CirPattern1[7]', #6498 ) ;
#811 = FACE_OUTER_BOUND ( 'NONE', #4437, .T. ) ;
#812 = DIRECTION ( 'NONE',  ( 0.0000000000000000000, 0.0000000000000000000, 1.000000000000000000 ) ) ;
#813 = DIRECTION ( 'NONE',  ( 0.9659258262890662000, -0.2588190451025280100, 0.0000000000000000000 ) ) ;
#814 = MANIFOLD_SOLID_BREP ( 'CirPattern1[43]', #128 ) ;
#815 = EDGE_LOOP ( 'NONE', ( #5212, #3284 ) ) ;
#816 = LINE ( 'NONE', #196, #5995 ) ;
#817 = ORIENTED_EDGE ( 'NONE', *, *, #392, .T. ) ;
#818 = ORIENTED_EDGE ( 'NONE', *, *, #2339, .T. ) ;
#819 = AXIS2_PLACEMENT_3D ( 'NONE', #3018, #15, #2016 ) ;
#820 = VERTEX_POINT ( 'NONE', #3525 ) ;
#821 = DIRECTION ( 'NONE',  ( -0.2588190451025261200, -0.9659258262890668700, 0.0000000000000000000 ) ) ;
#822 = CIRCLE ( 'NONE', #1858, 0.04166666666666672700 ) ;
#823 = CARTESIAN_POINT ( 'NONE',  ( 0.6439505508593780200, -0.1725460300683497900, 0.2291666666666667700 ) ) ;
#824 = ADVANCED_FACE ( 'NONE', ( #3955 ), #5121, .T. ) ;
#825 = ORIENTED_EDGE ( 'NONE', *, *, #345, .F. ) ;
#826 = EDGE_LOOP ( 'NONE', ( #4168, #3875, #5677, #4016 ) ) ;
#827 = CARTESIAN_POINT ( 'NONE',  ( -0.5721419358562882500, 0.3423544312894278300, 0.2291666666666667700 ) ) ;
#828 = ORIENTED_EDGE ( 'NONE', *, *, #1504, .T. ) ;
#829 = EDGE_LOOP ( 'NONE', ( #5151, #5788, #6375, #4741 ) ) ;
#830 = CYLINDRICAL_SURFACE ( 'NONE', #1558, 0.01041666666666661100 ) ;
#831 = CARTESIAN_POINT ( 'NONE',  ( 0.5981836025229596600, 0.2972489415089801800, 0.2291666666666667700 ) ) ;
#832 = ORIENTED_EDGE ( 'NONE', *, *, #327, .T. ) ;
#833 = EDGE_CURVE ( 'NONE', #1602, #168, #6465, .T. ) ;
#834 = ORIENTED_EDGE ( 'NONE', *, *, #643, .T. ) ;
#835 = LINE ( 'NONE', #5602, #4975 ) ;
#836 = ADVANCED_FACE ( 'NONE', ( #5464 ), #5422, .T. ) ;
#837 = PLANE ( 'NONE',  #5329 ) ;
#838 = CARTESIAN_POINT ( 'NONE',  ( 0.6439505508593792400, 0.1725460300683452600, 0.2291666666666667700 ) ) ;
#839 = EDGE_LOOP ( 'NONE', ( #3728, #1147, #5204, #4868 ) ) ;
#840 = CARTESIAN_POINT ( 'NONE',  ( 0.0000000000000000000, -3.952642565832979800E-016, -0.2708333333333337000 ) ) ;
#841 = DIRECTION ( 'NONE',  ( 0.0000000000000000000, 0.0000000000000000000, 1.000000000000000000 ) ) ;
#842 = ORIENTED_EDGE ( 'NONE', *, *, #3789, .T. ) ;
#843 = CARTESIAN_POINT ( 'NONE',  ( -0.7083333333333331500, 7.419397845041656800E-015, 0.2291666666666667700 ) ) ;
#844 = VERTEX_POINT ( 'NONE', #2013 ) ;
#845 = CARTESIAN_POINT ( 'NONE',  ( 0.4640388251536725600, 0.4787702164283906800, 0.2708333333333334800 ) ) ;
#846 = EDGE_CURVE ( 'NONE', #5064, #4083, #888, .T. ) ;
#847 = CIRCLE ( 'NONE', #4398, 0.01041666666666661200 ) ;
#848 = DIRECTION ( 'NONE',  ( 0.0000000000000000000, 0.0000000000000000000, 1.000000000000000000 ) ) ;
#849 = ORIENTED_EDGE ( 'NONE', *, *, #2290, .T. ) ;
#850 = ADVANCED_FACE ( 'NONE', ( #4396 ), #2689, .F. ) ;
#851 = DIRECTION ( 'NONE',  ( 0.0000000000000000000, 0.0000000000000000000, 1.000000000000000000 ) ) ;
#852 = DIRECTION ( 'NONE',  ( 0.9659258262890668700, -0.2588190451025261200, 0.0000000000000000000 ) ) ;
#853 = CIRCLE ( 'NONE', #2274, 0.01041666666666661100 ) ;
#854 = ORIENTED_EDGE ( 'NONE', *, *, #2998, .F. ) ;
#855 = ORIENTED_EDGE ( 'NONE', *, *, #2884, .F. ) ;
#856 = AXIS2_PLACEMENT_3D ( 'NONE', #4903, #6435, #2389 ) ;
#857 = AXIS2_PLACEMENT_3D ( 'NONE', #5975, #5391, #4463 ) ;
#858 = CYLINDRICAL_SURFACE ( 'NONE', #6033, 0.01041666666666661100 ) ;
#859 = ORIENTED_EDGE ( 'NONE', *, *, #3446, .T. ) ;
#860 = DIRECTION ( 'NONE',  ( 0.0000000000000000000, -0.0000000000000000000, 1.000000000000000000 ) ) ;
#861 = DIRECTION ( 'NONE',  ( 0.0000000000000000000, 0.0000000000000000000, 1.000000000000000000 ) ) ;
#862 = AXIS2_PLACEMENT_3D ( 'NONE', #3894, #4939, #3980 ) ;
#863 = FACE_BOUND ( 'NONE', #2015, .T. ) ;
#864 = EDGE_CURVE ( 'NONE', #3799, #2746, #3379, .T. ) ;
#865 = LINE ( 'NONE', #6183, #6371 ) ;
#866 = DIRECTION ( 'NONE',  ( 0.0000000000000000000, 0.0000000000000000000, 1.000000000000000000 ) ) ;
#867 = EDGE_CURVE ( 'NONE', #4339, #1298, #2446, .T. ) ;
#869 = CARTESIAN_POINT ( 'NONE',  ( -0.1725460300683520100, -0.6439505508593773600, -0.2708333333333335400 ) ) ;
#868 = CYLINDRICAL_SURFACE ( 'NONE', #4832, 0.01041666666666661100 ) ;
#870 = ORIENTED_EDGE ( 'NONE', *, *, #867, .T. ) ;
#871 = DIRECTION ( 'NONE',  ( 0.0000000000000000000, 0.0000000000000000000, 1.000000000000000000 ) ) ;
#872 = FACE_OUTER_BOUND ( 'NONE', #5504, .T. ) ;
#873 = DIRECTION ( 'NONE',  ( -0.8660254037844420400, -0.4999999999999943900, 0.0000000000000000000 ) ) ;
#874 = FACE_OUTER_BOUND ( 'NONE', #4429, .T. ) ;
#875 = CARTESIAN_POINT ( 'NONE',  ( 0.5008673033404686900, -0.4419417382415946100, 0.2291666666666667700 ) ) ;
#876 = LINE ( 'NONE', #789, #18 ) ;
#877 = PLANE ( 'NONE',  #856 ) ;
#878 = EDGE_LOOP ( 'NONE', ( #681, #5350, #3310, #2888 ) ) ;
#879 = EDGE_CURVE ( 'NONE', #1950, #6117, #3843, .T. ) ;
#880 = CIRCLE ( 'NONE', #3405, 0.01041666666666663700 ) ;
#881 = ORIENTED_EDGE ( 'NONE', *, *, #2832, .T. ) ;
#882 = CARTESIAN_POINT ( 'NONE',  ( 0.4714045207910290700, -0.4714045207910340100, 0.2291666666666667700 ) ) ;
#883 = DIRECTION ( 'NONE',  ( -0.5000000000000034400, -0.8660254037844366000, 0.0000000000000000000 ) ) ;
#884 = VECTOR ( 'NONE', #3483, 39.37007874015748100 ) ;
#885 = EDGE_CURVE ( 'NONE', #1782, #4793, #4084, .T. ) ;
#886 = EDGE_LOOP ( 'NONE', ( #282, #4392 ) ) ;
#887 = CARTESIAN_POINT ( 'NONE',  ( 0.0000000000000000000, 0.6666666666666665200, 0.2291666666666667700 ) ) ;
#888 = CIRCLE ( 'NONE', #4362, 0.7500000000000004400 ) ;
#889 = ORIENTED_EDGE ( 'NONE', *, *, #2255, .F. ) ;
#890 = ADVANCED_FACE ( 'NONE', ( #3073, #4717 ), #1506, .F. ) ;
#891 = AXIS2_PLACEMENT_3D ( 'NONE', #1067, #5561, #585 ) ;
#892 = CIRCLE ( 'NONE', #5174, 0.01041666666666661100 ) ;
#893 = DIRECTION ( 'NONE',  ( 0.0000000000000000000, 0.0000000000000000000, 1.000000000000000000 ) ) ;
#894 = CARTESIAN_POINT ( 'NONE',  ( 0.1725460300683475100, 0.6439505508593785800, 0.2708333333333334800 ) ) ;
#895 = ORIENTED_EDGE ( 'NONE', *, *, #3242, .T. ) ;
#896 = PERSON_AND_ORGANIZATION_ROLE ( 'design_supplier' ) ;
#897 = ORIENTED_EDGE ( 'NONE', *, *, #1924, .T. ) ;
#898 = AXIS2_PLACEMENT_3D ( 'NONE', #5493, #12, #2559 ) ;
#899 = VERTEX_POINT ( 'NONE', #3494 ) ;
#900 = ORIENTED_EDGE ( 'NONE', *, *, #4374, .F. ) ;
#901 = SECURITY_CLASSIFICATION ( '', '', #4377 ) ;
#902 = CYLINDRICAL_SURFACE ( 'NONE', #5418, 0.01041666666666661100 ) ;
#903 = CARTESIAN_POINT ( 'NONE',  ( 0.0000000000000000000, -4.840493163773866100E-016, 0.2708333333333333700 ) ) ;
#904 = ORIENTED_EDGE ( 'NONE', *, *, #4251, .T. ) ;
#905 = DIRECTION ( 'NONE',  ( -0.9659258262890699800, -0.2588190451025145800, 0.0000000000000000000 ) ) ;
#906 = ORIENTED_EDGE ( 'NONE', *, *, #4107, .T. ) ;
#907 = DIRECTION ( 'NONE',  ( -0.9659258262890668700, 0.2588190451025261200, 0.0000000000000000000 ) ) ;
#908 = DIRECTION ( 'NONE',  ( 0.0000000000000000000, 0.0000000000000000000, 1.000000000000000000 ) ) ;
#909 = ORIENTED_EDGE ( 'NONE', *, *, #87, .F. ) ;
#910 = EDGE_LOOP ( 'NONE', ( #1655, #3334, #1443, #842 ) ) ;
#911 = CARTESIAN_POINT ( 'NONE',  ( -0.4787702164283857400, 0.4640388251536775600, 0.2291666666666667700 ) ) ;
#912 = CARTESIAN_POINT ( 'NONE',  ( 0.5825586025229596600, 0.3243122353772440200, 0.2708333333333334800 ) ) ;
#913 = AXIS2_PLACEMENT_3D ( 'NONE', #137, #85, #5125 ) ;
#914 = CLOSED_SHELL ( 'NONE', ( #5309, #1157, #2751, #986, #530, #4985 ) ) ;
#915 = EDGE_LOOP ( 'NONE', ( #6008, #3563, #3653, #1068 ) ) ;
#916 = EDGE_CURVE ( 'NONE', #4268, #1495, #6152, .T. ) ;
#917 = DIRECTION ( 'NONE',  ( -0.7071067811865507900, -0.7071067811865442400, 0.0000000000000000000 ) ) ;
#918 = VERTEX_POINT ( 'NONE', #55 ) ;
#919 = CARTESIAN_POINT ( 'NONE',  ( 0.5721419358562930300, 0.3423544312894197300, -0.2291666666666666300 ) ) ;
#920 = CYLINDRICAL_SURFACE ( 'NONE', #2159, 0.01041666666666661200 ) ;
#921 = VERTEX_POINT ( 'NONE', #2036 ) ;
#922 = ADVANCED_FACE ( 'NONE', ( #2911, #2218 ), #552, .F. ) ;
#923 = DIRECTION ( 'NONE',  ( 0.0000000000000000000, 0.0000000000000000000, 1.000000000000000000 ) ) ;
#924 = CARTESIAN_POINT ( 'NONE',  ( -0.1322991206396271200, 0.6547346777386522400, 0.2291666666666667700 ) ) ;
#925 = EDGE_CURVE ( 'NONE', #71, #5944, #3915, .T. ) ;
#926 = FACE_BOUND ( 'NONE', #753, .T. ) ;
#927 = DIRECTION ( 'NONE',  ( 0.9659258262890717500, 0.2588190451025080300, 0.0000000000000000000 ) ) ;
#928 = ORIENTED_EDGE ( 'NONE', *, *, #4101, .T. ) ;
#929 = DIRECTION ( 'NONE',  ( 0.8660254037844391500, -0.4999999999999993300, 0.0000000000000000000 ) ) ;
#930 = CYLINDRICAL_SURFACE ( 'NONE', #4782, 0.01041666666666661200 ) ;
#931 = AXIS2_PLACEMENT_3D ( 'NONE', #5368, #427, #2347 ) ;
#932 = ORIENTED_EDGE ( 'NONE', *, *, #5324, .F. ) ;
#933 = CARTESIAN_POINT ( 'NONE',  ( -0.3423544312894137900, 0.5721419358562966900, 0.2291666666666667700 ) ) ;
#934 = DIRECTION ( 'NONE',  ( 0.5000000000000119900, 0.8660254037844318200, 0.0000000000000000000 ) ) ;
#935 = AXIS2_PLACEMENT_3D ( 'NONE', #2120, #5230, #1202 ) ;
#936 = DIRECTION ( 'NONE',  ( 0.0000000000000000000, 0.0000000000000000000, 1.000000000000000000 ) ) ;
#937 = DIRECTION ( 'NONE',  ( -0.8660254037844420400, -0.4999999999999943900, 0.0000000000000000000 ) ) ;
#938 = VECTOR ( 'NONE', #5442, 39.37007874015748100 ) ;
#939 = CLOSED_SHELL ( 'NONE', ( #4587, #3862, #5187, #3432, #3501, #2812 ) ) ;
#940 = MANIFOLD_SOLID_BREP ( 'CirPattern1[2]', #1385 ) ;
#942 = AXIS2_PLACEMENT_3D ( 'NONE', #4788, #2734, #5238 ) ;
#941 = CARTESIAN_POINT ( 'NONE',  ( -0.5008673033404749100, -0.4419417382415876700, 0.2291666666666667700 ) ) ;
#943 = FACE_OUTER_BOUND ( 'NONE', #4998, .T. ) ;
#944 = FACE_OUTER_BOUND ( 'NONE', #4279, .T. ) ;
#945 = EDGE_CURVE ( 'NONE', #5123, #1762, #2141, .T. ) ;
#946 = FACE_BOUND ( 'NONE', #3302, .T. ) ;
#947 = CARTESIAN_POINT ( 'NONE',  ( 0.6466465825791960500, -0.1624843027111720400, -0.2291666666666666300 ) ) ;
#948 = ADVANCED_FACE ( 'NONE', ( #6310 ), #3145, .F. ) ;
#949 = CIRCLE ( 'NONE', #6277, 0.01041666666666661200 ) ;
#950 = ADVANCED_FACE ( 'NONE', ( #4791 ), #5916, .T. ) ;
#951 = CARTESIAN_POINT ( 'NONE',  ( 0.4787702164283921800, 0.4640388251536709500, 0.2708333333333334800 ) ) ;
#952 = ORIENTED_EDGE ( 'NONE', *, *, #4690, .T. ) ;
#953 = DIRECTION ( 'NONE',  ( 0.0000000000000000000, 0.0000000000000000000, 1.000000000000000000 ) ) ;
#954 = FACE_OUTER_BOUND ( 'NONE', #44, .T. ) ;
#955 = PERSON_AND_ORGANIZATION_ROLE ( 'design_owner' ) ;
#956 = CARTESIAN_POINT ( 'NONE',  ( -4.655308451790843400E-015, -0.6666666666666665200, 0.2291666666666667700 ) ) ;
#957 = VECTOR ( 'NONE', #3624, 39.37007874015748100 ) ;
#958 = DIRECTION ( 'NONE',  ( 0.0000000000000000000, 0.0000000000000000000, 1.000000000000000000 ) ) ;
#959 = CIRCLE ( 'NONE', #5253, 0.01041666666666662600 ) ;
#960 = VERTEX_POINT ( 'NONE', #3579 ) ;
#961 = CYLINDRICAL_SURFACE ( 'NONE', #5628, 0.04166666666666671300 ) ;
#962 = DIRECTION ( 'NONE',  ( 0.0000000000000000000, 0.0000000000000000000, 1.000000000000000000 ) ) ;
#963 = EDGE_CURVE ( 'NONE', #3225, #3970, #3761, .T. ) ;
#964 = EDGE_LOOP ( 'NONE', ( #6415, #3419, #1925, #3508 ) ) ;
#965 = EDGE_LOOP ( 'NONE', ( #1609, #3634, #5277, #4403 ) ) ;
#966 = CARTESIAN_POINT ( 'NONE',  ( -0.5981836025229554400, 0.2972489415089885600, 0.2291666666666667700 ) ) ;
#967 = DIRECTION ( 'NONE',  ( 0.4999999999999993300, -0.8660254037844391500, 0.0000000000000000000 ) ) ;
#968 = EDGE_CURVE ( 'NONE', #4091, #3085, #2058, .T. ) ;
#969 = ORIENTED_EDGE ( 'NONE', *, *, #6128, .T. ) ;
#970 = FACE_OUTER_BOUND ( 'NONE', #745, .T. ) ;
#971 = AXIS2_PLACEMENT_3D ( 'NONE', #5109, #1150, #3104 ) ;
#972 = ORIENTED_EDGE ( 'NONE', *, *, #5578, .F. ) ;
#973 = ORIENTED_EDGE ( 'NONE', *, *, #5830, .F. ) ;
#974 = AXIS2_PLACEMENT_3D ( 'NONE', #5566, #5099, #83 ) ;
#975 = ORIENTED_EDGE ( 'NONE', *, *, #803, .F. ) ;
#976 = ORIENTED_EDGE ( 'NONE', *, *, #6229, .T. ) ;
#977 = CIRCLE ( 'NONE', #2525, 0.01041666666666661200 ) ;
#978 = CLOSED_SHELL ( 'NONE', ( #7, #2001, #2780, #664, #6425, #3041 ) ) ;
#979 = CARTESIAN_POINT ( 'NONE',  ( -0.3333333333333258800, 0.5773502691896298400, 0.2708333333333334800 ) ) ;
#980 = AXIS2_PLACEMENT_3D ( 'NONE', #145, #604, #5707 ) ;
#981 = EDGE_LOOP ( 'NONE', ( #3939, #2061 ) ) ;
#982 = CLOSED_SHELL ( 'NONE', ( #3079, #4983, #4854, #5649 ) ) ;
#983 = DIRECTION ( 'NONE',  ( 0.0000000000000000000, 0.0000000000000000000, 1.000000000000000000 ) ) ;
#984 = ADVANCED_FACE ( 'NONE', ( #739 ), #3170, .F. ) ;
#985 = AXIS2_PLACEMENT_3D ( 'NONE', #4869, #4422, #5396 ) ;
#986 = ADVANCED_FACE ( 'NONE', ( #1900 ), #3453, .F. ) ;
#987 = DIRECTION ( 'NONE',  ( 0.2588190451025310100, 0.9659258262890656500, 0.0000000000000000000 ) ) ;
#988 = ORIENTED_EDGE ( 'NONE', *, *, #3752, .F. ) ;
#989 = EDGE_CURVE ( 'NONE', #1284, #6476, #6391, .T. ) ;
#990 = AXIS2_PLACEMENT_3D ( 'NONE', #4076, #5569, #4055 ) ;
#991 = ORIENTED_EDGE ( 'NONE', *, *, #3582, .F. ) ;
#992 = DIRECTION ( 'NONE',  ( 0.0000000000000000000, 0.0000000000000000000, 1.000000000000000000 ) ) ;
#993 = EDGE_CURVE ( 'NONE', #2465, #516, #424, .T. ) ;
#994 = VERTEX_POINT ( 'NONE', #5178 ) ;
#995 = DIRECTION ( 'NONE',  ( 0.0000000000000000000, 0.0000000000000000000, 1.000000000000000000 ) ) ;
#996 = LINE ( 'NONE', #177, #6106 ) ;
#997 = VERTEX_POINT ( 'NONE', #2669 ) ;
#998 = DIRECTION ( 'NONE',  ( -0.2588190451025113000, 0.9659258262890707500, 0.0000000000000000000 ) ) ;
#999 = EDGE_CURVE ( 'NONE', #3544, #4823, #576, .T. ) ;
#1000 = DIRECTION ( 'NONE',  ( 0.0000000000000000000, -1.000000000000000000, 0.0000000000000000000 ) ) ;
#1001 = FACE_OUTER_BOUND ( 'NONE', #3967, .T. ) ;
#1002 = MANIFOLD_SOLID_BREP ( 'CirPattern1[21]', #4317 ) ;
#1003 = VERTEX_POINT ( 'NONE', #2155 ) ;
#1004 = DIRECTION ( 'NONE',  ( 0.0000000000000000000, 0.0000000000000000000, -1.000000000000000000 ) ) ;
#1005 = EDGE_CURVE ( 'NONE', #1093, #6204, #109, .T. ) ;
#1006 = AXIS2_PLACEMENT_3D ( 'NONE', #5395, #2357, #917 ) ;
#1007 = DIRECTION ( 'NONE',  ( 0.0000000000000000000, 0.0000000000000000000, 1.000000000000000000 ) ) ;
#1008 = DIRECTION ( 'NONE',  ( 0.2588190451025314000, 0.9659258262890653100, 0.0000000000000000000 ) ) ;
#1009 = CARTESIAN_POINT ( 'NONE',  ( -0.5773502691896217300, 0.3333333333333399800, -0.2291666666666666300 ) ) ;
#1010 = FACE_OUTER_BOUND ( 'NONE', #4511, .T. ) ;
#1011 = DIRECTION ( 'NONE',  ( 0.4999999999999993300, -0.8660254037844391500, 0.0000000000000000000 ) ) ;
#1012 = VERTEX_POINT ( 'NONE', #1664 ) ;
#1013 = AXIS2_PLACEMENT_3D ( 'NONE', #5119, #135, #2114 ) ;
#1014 = CARTESIAN_POINT ( 'NONE',  ( 0.5825586025229596600, 0.3243122353772440200, 0.2708333333333334800 ) ) ;
#1015 = DIRECTION ( 'NONE',  ( 0.0000000000000000000, 0.0000000000000000000, 1.000000000000000000 ) ) ;
#1016 = ADVANCED_FACE ( 'NONE', ( #811 ), #6200, .F. ) ;
#1017 = AXIS2_PLACEMENT_3D ( 'NONE', #4747, #4227, #6265 ) ;
#1018 = ADVANCED_FACE ( 'NONE', ( #4235 ), #1743, .T. ) ;
#1019 = CIRCLE ( 'NONE', #5469, 0.6458333333333337000 ) ;
#1020 = DIRECTION ( 'NONE',  ( 0.7071067811865561200, 0.7071067811865389100, 0.0000000000000000000 ) ) ;
#1021 = CARTESIAN_POINT ( 'NONE',  ( 0.0000000000000000000, 0.6666666666666665200, 0.2291666666666667700 ) ) ;
#1022 = CC_DESIGN_PERSON_AND_ORGANIZATION_ASSIGNMENT ( #3061, #5397, ( #901 ) ) ;
#1023 = DIRECTION ( 'NONE',  ( 0.0000000000000000000, 0.0000000000000000000, 1.000000000000000000 ) ) ;
#1024 = AXIS2_PLACEMENT_3D ( 'NONE', #5089, #6111, #1037 ) ;
#1025 = DIRECTION ( 'NONE',  ( -0.0000000000000000000, -1.639108796198557900E-016, 1.000000000000000000 ) ) ;
#1026 = CIRCLE ( 'NONE', #6208, 0.01041666666666659100 ) ;
#1027 = DIRECTION ( 'NONE',  ( 0.5000000000000101000, 0.8660254037844328200, 0.0000000000000000000 ) ) ;
#1028 = FACE_OUTER_BOUND ( 'NONE', #38, .T. ) ;
#1029 = CARTESIAN_POINT ( 'NONE',  ( 0.0000000000000000000, 0.7349999999999999900, 0.2975000000000001500 ) ) ;
#1030 = ORIENTED_EDGE ( 'NONE', *, *, #4180, .F. ) ;
#1031 = FACE_OUTER_BOUND ( 'NONE', #3780, .T. ) ;
#1032 = UNCERTAINTY_MEASURE_WITH_UNIT (LENGTH_MEASURE( 1.000000000000000100E-005 ), #5445, 'distance_accuracy_value', 'NONE');
#1033 = DIRECTION ( 'NONE',  ( 0.7071067811865442400, -0.7071067811865507900, 0.0000000000000000000 ) ) ;
#1034 = PLANE ( 'NONE',  #4570 ) ;
#1035 = EDGE_CURVE ( 'NONE', #4259, #3626, #2295, .T. ) ;
#1036 = CIRCLE ( 'NONE', #5719, 0.01041666666666662600 ) ;
#1037 = DIRECTION ( 'NONE',  ( -0.2588190451025261200, -0.9659258262890668700, 0.0000000000000000000 ) ) ;
#1038 = EDGE_LOOP ( 'NONE', ( #5936, #4969, #1663, #889 ) ) ;
#1039 = CARTESIAN_POINT ( 'NONE',  ( 7.909177244493326400E-017, 0.6458333333333332600, -0.2708333333333334800 ) ) ;
#1040 = FACE_OUTER_BOUND ( 'NONE', #5924, .T. ) ;
#1041 = ORIENTED_EDGE ( 'NONE', *, *, #257, .T. ) ;
#1042 = CIRCLE ( 'NONE', #6437, 0.01041666666666661200 ) ;
#1043 = DIRECTION ( 'NONE',  ( 0.0000000000000000000, 0.0000000000000000000, 1.000000000000000000 ) ) ;
#1044 = DIRECTION ( 'NONE',  ( 0.0000000000000000000, 0.0000000000000000000, 1.000000000000000000 ) ) ;
#1045 = ORIENTED_EDGE ( 'NONE', *, *, #3619, .T. ) ;
#1046 = CIRCLE ( 'NONE', #3226, 0.04166666666666672000 ) ;
#1047 = ORIENTED_EDGE ( 'NONE', *, *, #3673, .T. ) ;
#1048 = CYLINDRICAL_SURFACE ( 'NONE', #1720, 0.01041666666666661200 ) ;
#1049 = DIRECTION ( 'NONE',  ( 0.0000000000000000000, 1.639108796198557900E-016, -1.000000000000000000 ) ) ;
#1050 = EDGE_CURVE ( 'NONE', #3068, #1760, #2530, .T. ) ;
#1051 = ORIENTED_EDGE ( 'NONE', *, *, #2252, .F. ) ;
#1052 = ADVANCED_FACE ( 'NONE', ( #3691 ), #5040, .T. ) ;
#1053 = CARTESIAN_POINT ( 'NONE',  ( -0.1725460300683520100, -0.6439505508593773600, -0.2708333333333335400 ) ) ;
#1054 = AXIS2_PLACEMENT_3D ( 'NONE', #2878, #5898, #1378 ) ;
#1055 = VERTEX_POINT ( 'NONE', #3945 ) ;
#1056 = VERTEX_POINT ( 'NONE', #2430 ) ;
#1057 = ORIENTED_EDGE ( 'NONE', *, *, #37, .F. ) ;
#1058 = EDGE_CURVE ( 'NONE', #3162, #6478, #959, .T. ) ;
#1059 = LINE ( 'NONE', #3714, #3164 ) ;
#1060 = ORIENTED_EDGE ( 'NONE', *, *, #119, .T. ) ;
#1061 = CARTESIAN_POINT ( 'NONE',  ( -0.4714045207910356200, -0.4714045207910274600, -0.2291666666666666300 ) ) ;
#1062 = CARTESIAN_POINT ( 'NONE',  ( -0.6547346777386489100, 0.1322991206396431400, -0.2291666666666666300 ) ) ;
#1063 = EDGE_LOOP ( 'NONE', ( #3323, #3692, #4953, #825 ) ) ;
#1064 = AXIS2_PLACEMENT_3D ( 'NONE', #2421, #3957, #4473 ) ;
#1065 = AXIS2_PLACEMENT_3D ( 'NONE', #4537, #1616, #5129 ) ;
#1066 = CARTESIAN_POINT ( 'NONE',  ( 0.0000000000000000000, -3.908932997934351700E-016, -0.2975000000000003200 ) ) ;
#1067 = CARTESIAN_POINT ( 'NONE',  ( 0.4714045207910290700, -0.4714045207910340100, -0.2708333333333335400 ) ) ;
#1068 = ORIENTED_EDGE ( 'NONE', *, *, #6101, .F. ) ;
#1069 = AXIS2_PLACEMENT_3D ( 'NONE', #5299, #5840, #4234 ) ;
#1070 = CARTESIAN_POINT ( 'NONE',  ( 0.5773502691896264000, 0.3333333333333318700, 0.2291666666666667700 ) ) ;
#1071 = DIRECTION ( 'NONE',  ( 0.0000000000000000000, 0.0000000000000000000, 1.000000000000000000 ) ) ;
#1072 = ORIENTED_EDGE ( 'NONE', *, *, #2664, .F. ) ;
#1073 = CARTESIAN_POINT ( 'NONE',  ( -0.4714045207910356200, -0.4714045207910274600, 0.2291666666666667700 ) ) ;
#1074 = AXIS2_PLACEMENT_3D ( 'NONE', #304, #3254, #285 ) ;
#1075 = CARTESIAN_POINT ( 'NONE',  ( -0.5773502691896217300, 0.3333333333333399800, 0.2708333333333334800 ) ) ;
#1076 = MANIFOLD_SOLID_BREP ( 'CirPattern1[18]', #5302 ) ;
#1077 = DIRECTION ( 'NONE',  ( 0.0000000000000000000, 0.0000000000000000000, 1.000000000000000000 ) ) ;
#1078 = ORIENTED_EDGE ( 'NONE', *, *, #2390, .T. ) ;
#1079 = DIRECTION ( 'NONE',  ( 0.0000000000000000000, 0.0000000000000000000, 1.000000000000000000 ) ) ;
#1080 = DIRECTION ( 'NONE',  ( -0.5000000000000071100, -0.8660254037844346000, 0.0000000000000000000 ) ) ;
#1081 = VECTOR ( 'NONE', #3117, 39.37007874015748100 ) ;
#1082 = CARTESIAN_POINT ( 'NONE',  ( -0.4714045207910257900, 0.4714045207910372800, 0.2708333333333334800 ) ) ;
#1083 = ORIENTED_EDGE ( 'NONE', *, *, #5530, .T. ) ;
#1084 = CARTESIAN_POINT ( 'NONE',  ( -0.5773502691896217300, 0.3333333333333399800, -0.2291666666666666300 ) ) ;
#1085 = ADVANCED_FACE ( 'NONE', ( #6237 ), #5752, .T. ) ;
#1086 = FACE_OUTER_BOUND ( 'NONE', #5232, .T. ) ;
#1087 = VERTEX_POINT ( 'NONE', #1421 ) ;
#1088 = PLANE ( 'NONE',  #2268 ) ;
#1089 = PLANE ( 'NONE',  #2355 ) ;
#1090 = CLOSED_SHELL ( 'NONE', ( #5717, #3886, #4057, #2914, #4922, #298 ) ) ;
#1091 = CARTESIAN_POINT ( 'NONE',  ( -0.6666666666666665200, 6.982962677686265100E-015, -0.2291666666666666300 ) ) ;
#1092 = CYLINDRICAL_SURFACE ( 'NONE', #4575, 0.01041666666666662600 ) ;
#1093 = VERTEX_POINT ( 'NONE', #4509 ) ;
#1094 = DIRECTION ( 'NONE',  ( 0.0000000000000000000, 1.000000000000000000, 1.821231995776174500E-016 ) ) ;
#1095 = EDGE_CURVE ( 'NONE', #1189, #4811, #5349, .T. ) ;
#1096 = DIRECTION ( 'NONE',  ( -1.000000000000000000, 6.982962677686265900E-015, 0.0000000000000000000 ) ) ;
#1097 = DIRECTION ( 'NONE',  ( -0.9659258262890699800, -0.2588190451025145800, 0.0000000000000000000 ) ) ;
#1098 = FACE_OUTER_BOUND ( 'NONE', #5505, .T. ) ;
#1099 = EDGE_CURVE ( 'NONE', #4646, #3071, #4005, .T. ) ;
#1100 = ORIENTED_EDGE ( 'NONE', *, *, #4262, .F. ) ;
#1101 = AXIS2_PLACEMENT_3D ( 'NONE', #1758, #4192, #4153 ) ;
#1102 = CARTESIAN_POINT ( 'NONE',  ( -0.5565169358562879200, 0.3694177251576914500, 0.2291666666666667700 ) ) ;
#1103 = DIRECTION ( 'NONE',  ( 0.0000000000000000000, 0.0000000000000000000, 1.000000000000000000 ) ) ;
#1104 = AXIS2_PLACEMENT_3D ( 'NONE', #521, #1015, #1515 ) ;
#1105 = FACE_OUTER_BOUND ( 'NONE', #125, .T. ) ;
#1106 = DIRECTION ( 'NONE',  ( -0.8660254037844420400, -0.4999999999999943900, 0.0000000000000000000 ) ) ;
#1107 = DIRECTION ( 'NONE',  ( -0.7071067811865462400, 0.7071067811865486800, 0.0000000000000000000 ) ) ;
#1108 = CIRCLE ( 'NONE', #4185, 0.04166666666666671300 ) ;
#1109 = AXIS2_PLACEMENT_3D ( 'NONE', #3988, #1007, #6505 ) ;
#1110 = CARTESIAN_POINT ( 'NONE',  ( -0.3333333333333379800, -0.5773502691896228400, 0.2708333333333334800 ) ) ;
#1111 = DIRECTION ( 'NONE',  ( -0.5000000000000071100, -0.8660254037844346000, 0.0000000000000000000 ) ) ;
#1112 = VECTOR ( 'NONE', #1951, 39.37007874015748100 ) ;
#1113 = DIRECTION ( 'NONE',  ( -0.7071067811865507900, -0.7071067811865442400, 0.0000000000000000000 ) ) ;
#1114 = AXIS2_PLACEMENT_3D ( 'NONE', #3241, #1307, #5311 ) ;
#1115 = CIRCLE ( 'NONE', #4958, 0.04166666666666672000 ) ;
#1116 = DIRECTION ( 'NONE',  ( 0.5000000000000119900, 0.8660254037844318200, 0.0000000000000000000 ) ) ;
#1117 = CARTESIAN_POINT ( 'NONE',  ( -0.6666666666666668500, -0.04166666666665973900, -0.2291666666666666300 ) ) ;
#1118 = ORIENTED_EDGE ( 'NONE', *, *, #4464, .F. ) ;
#1119 = CYLINDRICAL_SURFACE ( 'NONE', #1980, 0.01041666666666661200 ) ;
#1120 = ADVANCED_FACE ( 'NONE', ( #4556 ), #5990, .T. ) ;
#1121 = DIRECTION ( 'NONE',  ( 0.9659258262890704200, 0.2588190451025130200, 0.0000000000000000000 ) ) ;
#1122 = CARTESIAN_POINT ( 'NONE',  ( -0.1322991206396271200, 0.6547346777386522400, -0.2291666666666666300 ) ) ;
#1123 = EDGE_CURVE ( 'NONE', #2471, #3110, #1357, .T. ) ;
#1124 = ORIENTED_EDGE ( 'NONE', *, *, #5784, .T. ) ;
#1125 = CARTESIAN_POINT ( 'NONE',  ( -0.3333333333333258800, 0.5773502691896298400, -0.2291666666666666300 ) ) ;
#1126 = EDGE_CURVE ( 'NONE', #1762, #507, #5582, .T. ) ;
#1127 = DIRECTION ( 'NONE',  ( 0.0000000000000000000, 0.0000000000000000000, 1.000000000000000000 ) ) ;
#1128 = VECTOR ( 'NONE', #1599, 39.37007874015748100 ) ;
#1129 = EDGE_CURVE ( 'NONE', #1942, #1950, #1046, .T. ) ;
#1130 = ORIENTED_EDGE ( 'NONE', *, *, #2313, .F. ) ;
#1131 = CYLINDRICAL_SURFACE ( 'NONE', #2479, 0.04166666666666672000 ) ;
#1132 = CARTESIAN_POINT ( 'NONE',  ( -0.3423544312894257800, -0.5721419358562894700, 0.2291666666666667700 ) ) ;
#1133 = ORIENTED_EDGE ( 'NONE', *, *, #5203, .F. ) ;
#1134 = DIRECTION ( 'NONE',  ( 0.0000000000000000000, 0.0000000000000000000, 1.000000000000000000 ) ) ;
#1135 = ORIENTED_EDGE ( 'NONE', *, *, #4178, .T. ) ;
#1136 = EDGE_LOOP ( 'NONE', ( #1352, #3557 ) ) ;
#1137 = VECTOR ( 'NONE', #4222, 39.37007874015748100 ) ;
#1138 = EDGE_CURVE ( 'NONE', #1436, #3544, #3535, .T. ) ;
#1139 = ORIENTED_EDGE ( 'NONE', *, *, #3101, .T. ) ;
#1140 = ORIENTED_EDGE ( 'NONE', *, *, #1095, .T. ) ;
#1141 = ORIENTED_EDGE ( 'NONE', *, *, #3337, .F. ) ;
#1142 = EDGE_CURVE ( 'NONE', #1915, #3803, #2753, .T. ) ;
#1143 = ORIENTED_EDGE ( 'NONE', *, *, #1329, .F. ) ;
#1144 = FACE_BOUND ( 'NONE', #5699, .T. ) ;
#1145 = CARTESIAN_POINT ( 'NONE',  ( -0.6439505508593768000, 0.1725460300683542600, 0.2291666666666667700 ) ) ;
#1146 = CARTESIAN_POINT ( 'NONE',  ( 0.5825586025229596600, 0.3243122353772440200, 0.2291666666666667700 ) ) ;
#1147 = ORIENTED_EDGE ( 'NONE', *, *, #5133, .T. ) ;
#1148 = VERTEX_POINT ( 'NONE', #6021 ) ;
#1149 = CARTESIAN_POINT ( 'NONE',  ( 0.6466465825791960500, -0.1624843027111720400, 0.2708333333333334800 ) ) ;
#1150 = DIRECTION ( 'NONE',  ( 0.0000000000000000000, 0.0000000000000000000, 1.000000000000000000 ) ) ;
#1151 = DIRECTION ( 'NONE',  ( -3.278217592397111500E-015, -1.000000000000000000, 0.0000000000000000000 ) ) ;
#1152 = AXIS2_PLACEMENT_3D ( 'NONE', #3509, #5529, #4008 ) ;
#1153 = VERTEX_POINT ( 'NONE', #6485 ) ;
#1154 = CC_DESIGN_APPROVAL ( #1233, ( #369 ) ) ;
#1155 = CARTESIAN_POINT ( 'NONE',  ( 0.1624843027111652600, -0.6466465825791976000, 0.2708333333333334800 ) ) ;
#1156 = DIRECTION ( 'NONE',  ( -0.4999999999999920100, 0.8660254037844432600, 0.0000000000000000000 ) ) ;
#1157 = ADVANCED_FACE ( 'NONE', ( #4879 ), #1276, .F. ) ;
#1158 = AXIS2_PLACEMENT_3D ( 'NONE', #2563, #3498, #2544 ) ;
#1159 = PLANE ( 'NONE',  #4693 ) ;
#1160 = VERTEX_POINT ( 'NONE', #4523 ) ;
#1161 = ORIENTED_EDGE ( 'NONE', *, *, #3048, .T. ) ;
#1162 = CARTESIAN_POINT ( 'NONE',  ( -0.4787702164283857400, 0.4640388251536775600, -0.2291666666666666300 ) ) ;
#1163 = CYLINDRICAL_SURFACE ( 'NONE', #1241, 0.01041666666666661100 ) ;
#1164 = EDGE_CURVE ( 'NONE', #2317, #6502, #2604, .T. ) ;
#1165 = DIRECTION ( 'NONE',  ( -0.9659258262890668700, 0.2588190451025261200, 0.0000000000000000000 ) ) ;
#1166 = EDGE_LOOP ( 'NONE', ( #5447, #2791, #5966, #2223 ) ) ;
#1167 = DIRECTION ( 'NONE',  ( 0.0000000000000000000, 0.0000000000000000000, 1.000000000000000000 ) ) ;
#1168 = DIRECTION ( 'NONE',  ( 0.0000000000000000000, -0.0000000000000000000, 1.000000000000000000 ) ) ;
#1169 = VECTOR ( 'NONE', #1611, 39.37007874015748100 ) ;
#1170 = CARTESIAN_POINT ( 'NONE',  ( 0.1322991206396317000, -0.6547346777386512400, -0.2291666666666666300 ) ) ;
#1171 = ORIENTED_EDGE ( 'NONE', *, *, #3705, .T. ) ;
#1172 = VERTEX_POINT ( 'NONE', #36 ) ;
#1173 = DIRECTION ( 'NONE',  ( -0.0000000000000000000, -1.639108796198557900E-016, 1.000000000000000000 ) ) ;
#1174 = VECTOR ( 'NONE', #2876, 39.37007874015748100 ) ;
#1175 = EDGE_LOOP ( 'NONE', ( #5355, #4413, #6096, #4709 ) ) ;
#1176 = DIRECTION ( 'NONE',  ( 0.0000000000000000000, 0.0000000000000000000, 1.000000000000000000 ) ) ;
#1177 = FACE_BOUND ( 'NONE', #4263, .T. ) ;
#1178 = EDGE_CURVE ( 'NONE', #2532, #6052, #5667, .T. ) ;
#1179 = ADVANCED_FACE ( 'NONE', ( #5200 ), #3066, .T. ) ;
#1180 = CARTESIAN_POINT ( 'NONE',  ( -0.5773502691896287300, -0.3333333333333278200, -0.2708333333333335400 ) ) ;
#1181 = DIRECTION ( 'NONE',  ( 0.0000000000000000000, 0.0000000000000000000, 1.000000000000000000 ) ) ;
#1182 = DIRECTION ( 'NONE',  ( 0.8660254037844377100, -0.5000000000000014400, 0.0000000000000000000 ) ) ;
#1183 = CARTESIAN_POINT ( 'NONE',  ( -0.1725460300683520100, -0.6439505508593773600, 0.2708333333333334800 ) ) ;
#1184 = LINE ( 'NONE', #3668, #4375 ) ;
#1185 = AXIS2_PLACEMENT_3D ( 'NONE', #4759, #1290, #5858 ) ;
#1186 = CIRCLE ( 'NONE', #150, 0.04166666666666672000 ) ;
#1187 = CARTESIAN_POINT ( 'NONE',  ( 0.04166666666666207100, -0.6666666666666667400, 0.2291666666666667700 ) ) ;
#1188 = AXIS2_PLACEMENT_3D ( 'NONE', #6149, #5065, #6105 ) ;
#1189 = VERTEX_POINT ( 'NONE', #3581 ) ;
#1190 = DIRECTION ( 'NONE',  ( 0.0000000000000000000, 0.0000000000000000000, 1.000000000000000000 ) ) ;
#1191 = CIRCLE ( 'NONE', #1192, 0.01041666666666661100 ) ;
#1192 = AXIS2_PLACEMENT_3D ( 'NONE', #2333, #4265, #3782 ) ;
#1193 = CIRCLE ( 'NONE', #3883, 0.04166666666666672000 ) ;
#1194 = DIRECTION ( 'NONE',  ( 0.0000000000000000000, 0.0000000000000000000, 1.000000000000000000 ) ) ;
#1195 = ORIENTED_EDGE ( 'NONE', *, *, #5871, .F. ) ;
#1196 = CYLINDRICAL_SURFACE ( 'NONE', #2021, 0.01041666666666662600 ) ;
#1197 = AXIS2_PLACEMENT_3D ( 'NONE', #3574, #6049, #3530 ) ;
#1198 = VERTEX_POINT ( 'NONE', #2516 ) ;
#1199 = CIRCLE ( 'NONE', #4391, 0.04166666666666672000 ) ;
#1200 = ORIENTED_EDGE ( 'NONE', *, *, #2680, .T. ) ;
#1201 = VECTOR ( 'NONE', #1167, 39.37007874015748100 ) ;
#1202 = DIRECTION ( 'NONE',  ( -0.5000000000000034400, -0.8660254037844366000, 0.0000000000000000000 ) ) ;
#1203 = DIRECTION ( 'NONE',  ( 0.0000000000000000000, 0.0000000000000000000, 1.000000000000000000 ) ) ;
#1204 = ORIENTED_EDGE ( 'NONE', *, *, #4988, .F. ) ;
#1205 = ORIENTED_EDGE ( 'NONE', *, *, #5455, .T. ) ;
#1206 = DIRECTION ( 'NONE',  ( 0.5000000000000119900, 0.8660254037844318200, 0.0000000000000000000 ) ) ;
#1207 = EDGE_CURVE ( 'NONE', #4564, #465, #1349, .T. ) ;
#1208 = ORIENTED_EDGE ( 'NONE', *, *, #3665, .T. ) ;
#1209 = CARTESIAN_POINT ( 'NONE',  ( -0.3333333333333379800, -0.5773502691896228400, 0.2291666666666667700 ) ) ;
#1210 = ORIENTED_EDGE ( 'NONE', *, *, #6481, .T. ) ;
#1211 = VERTEX_POINT ( 'NONE', #5538 ) ;
#1212 = CARTESIAN_POINT ( 'NONE',  ( -0.4787702164283954600, -0.4640388251536675700, 0.2291666666666667700 ) ) ;
#1213 = CIRCLE ( 'NONE', #4070, 0.01041666666666661100 ) ;
#1214 = ADVANCED_FACE ( 'NONE', ( #6384, #188 ), #1601, .F. ) ;
#1215 = VERTEX_POINT ( 'NONE', #578 ) ;
#1216 = ORIENTED_EDGE ( 'NONE', *, *, #5262, .T. ) ;
#1217 = DIRECTION ( 'NONE',  ( 0.0000000000000000000, 0.0000000000000000000, 1.000000000000000000 ) ) ;
#1218 = CARTESIAN_POINT ( 'NONE',  ( 0.0000000000000000000, -3.884346365991373500E-016, -0.3125000000000002800 ) ) ;
#1219 = EDGE_CURVE ( 'NONE', #741, #6348, #2904, .T. ) ;
#1220 = EDGE_LOOP ( 'NONE', ( #2079, #3213, #4555, #5598 ) ) ;
#1221 = DIRECTION ( 'NONE',  ( 0.0000000000000000000, 0.0000000000000000000, -1.000000000000000000 ) ) ;
#1222 = EDGE_CURVE ( 'NONE', #1499, #5836, #5342, .T. ) ;
#1223 = ORIENTED_EDGE ( 'NONE', *, *, #459, .T. ) ;
#1224 = CARTESIAN_POINT ( 'NONE',  ( 0.1624843027111697900, 0.6466465825791966000, -0.2291666666666666300 ) ) ;
#1225 = DIRECTION ( 'NONE',  ( 0.9659258262890704200, 0.2588190451025130200, 0.0000000000000000000 ) ) ;
#1226 = AXIS2_PLACEMENT_3D ( 'NONE', #13, #4508, #1480 ) ;
#1227 = PLANE ( 'NONE',  #6023 ) ;
#1228 = AXIS2_PLACEMENT_3D ( 'NONE', #1613, #5152, #2075 ) ;
#1229 = ORIENTED_EDGE ( 'NONE', *, *, #4567, .F. ) ;
#1230 = DIRECTION ( 'NONE',  ( 0.0000000000000000000, 0.0000000000000000000, 1.000000000000000000 ) ) ;
#1232 = AXIS2_PLACEMENT_3D ( 'NONE', #187, #5657, #2648 ) ;
#1231 = DIRECTION ( 'NONE',  ( 0.0000000000000000000, 0.0000000000000000000, 1.000000000000000000 ) ) ;
#1233 = APPROVAL ( #5462, 'UNSPECIFIED' ) ;
#1234 = DIRECTION ( 'NONE',  ( 0.7071067811865574500, 0.7071067811865376900, 0.0000000000000000000 ) ) ;
#1235 = DIRECTION ( 'NONE',  ( 0.0000000000000000000, -1.000000000000000000, 0.0000000000000000000 ) ) ;
#1236 = FACE_OUTER_BOUND ( 'NONE', #688, .T. ) ;
#1237 = AXIS2_PLACEMENT_3D ( 'NONE', #1606, #1173, #6114 ) ;
#1238 = DIRECTION ( 'NONE',  ( 0.0000000000000000000, -1.000000000000000000, -1.639108796198557900E-016 ) ) ;
#1239 = ORIENTED_EDGE ( 'NONE', *, *, #1786, .T. ) ;
#1240 = LINE ( 'NONE', #4833, #4679 ) ;
#1241 = AXIS2_PLACEMENT_3D ( 'NONE', #686, #221, #660 ) ;
#1242 = ORIENTED_EDGE ( 'NONE', *, *, #4417, .T. ) ;
#1243 = ADVANCED_FACE ( 'NONE', ( #494 ), #2128, .F. ) ;
#1244 = PLANE ( 'NONE',  #5896 ) ;
#1245 = CARTESIAN_POINT ( 'NONE',  ( -0.1624843027111607400, 0.6466465825791988300, 0.2708333333333334800 ) ) ;
#1246 = EDGE_CURVE ( 'NONE', #2270, #4356, #2748, .T. ) ;
#1247 = DIRECTION ( 'NONE',  ( 0.0000000000000000000, 0.0000000000000000000, 1.000000000000000000 ) ) ;
#1248 = VECTOR ( 'NONE', #995, 39.37007874015748100 ) ;
#1249 = ORIENTED_EDGE ( 'NONE', *, *, #5519, .T. ) ;
#1250 = DIRECTION ( 'NONE',  ( 0.0000000000000000000, 0.0000000000000000000, 1.000000000000000000 ) ) ;
#1251 = DIRECTION ( 'NONE',  ( 0.0000000000000000000, 0.0000000000000000000, 1.000000000000000000 ) ) ;
#1252 = FACE_OUTER_BOUND ( 'NONE', #4395, .T. ) ;
#1253 = ORIENTED_EDGE ( 'NONE', *, *, #2267, .T. ) ;
#1254 = CARTESIAN_POINT ( 'NONE',  ( -0.5773502691896217300, 0.3333333333333399800, -0.2291666666666666300 ) ) ;
#1255 = DIRECTION ( 'NONE',  ( 1.000000000000000000, 0.0000000000000000000, 0.0000000000000000000 ) ) ;
#1256 = DIRECTION ( 'NONE',  ( 0.0000000000000000000, 0.0000000000000000000, 1.000000000000000000 ) ) ;
#1257 = CIRCLE ( 'NONE', #2364, 0.04166666666666673400 ) ;
#1258 = EDGE_CURVE ( 'NONE', #4646, #1906, #3998, .T. ) ;
#1259 = LINE ( 'NONE', #4778, #6447 ) ;
#1260 = CYLINDRICAL_SURFACE ( 'NONE', #1074, 0.01041666666666661200 ) ;
#1262 = FACE_BOUND ( 'NONE', #5761, .T. ) ;
#1261 = DIRECTION ( 'NONE',  ( 0.2588190451025179100, -0.9659258262890689800, 0.0000000000000000000 ) ) ;
#1263 = DIRECTION ( 'NONE',  ( -0.0000000000000000000, -1.639108796198557900E-016, 1.000000000000000000 ) ) ;
#1264 = AXIS2_PLACEMENT_3D ( 'NONE', #33, #5555, #4062 ) ;
#1265 = MANIFOLD_SOLID_BREP ( 'CirPattern1[10]', #982 ) ;
#1266 = EDGE_LOOP ( 'NONE', ( #4754, #5934, #2934, #4905 ) ) ;
#1267 = AXIS2_PLACEMENT_3D ( 'NONE', #2711, #5213, #4694 ) ;
#1268 = CARTESIAN_POINT ( 'NONE',  ( -0.3333333333333258800, 0.5773502691896298400, 0.2708333333333334800 ) ) ;
#1269 = VECTOR ( 'NONE', #4308, 39.37007874015748100 ) ;
#1270 = EDGE_LOOP ( 'NONE', ( #700, #1913, #344, #4911 ) ) ;
#1271 = AXIS2_PLACEMENT_3D ( 'NONE', #2601, #5156, #2555 ) ;
#1272 = FACE_OUTER_BOUND ( 'NONE', #2602, .T. ) ;
#1273 = CARTESIAN_POINT ( 'NONE',  ( 0.3333333333333298700, -0.5773502691896276200, 0.2291666666666667700 ) ) ;
#1274 = DIRECTION ( 'NONE',  ( -0.5000000000000034400, -0.8660254037844366000, 0.0000000000000000000 ) ) ;
#1275 = ADVANCED_FACE ( 'NONE', ( #5744 ), #5908, .F. ) ;
#1276 = CYLINDRICAL_SURFACE ( 'NONE', #4915, 0.01041666666666661200 ) ;
#1277 = ORIENTED_EDGE ( 'NONE', *, *, #1142, .F. ) ;
#1278 = DIRECTION ( 'NONE',  ( 0.0000000000000000000, 0.0000000000000000000, 1.000000000000000000 ) ) ;
#1279 = VECTOR ( 'NONE', #5075, 39.37007874015748100 ) ;
#1280 = ORIENTED_EDGE ( 'NONE', *, *, #1207, .T. ) ;
#1281 = DIRECTION ( 'NONE',  ( 0.0000000000000000000, -1.000000000000000000, 0.0000000000000000000 ) ) ;
#1282 = ORIENTED_EDGE ( 'NONE', *, *, #222, .F. ) ;
#1283 = EDGE_CURVE ( 'NONE', #4574, #3160, #4550, .T. ) ;
#1284 = VERTEX_POINT ( 'NONE', #1062 ) ;
#1285 = EDGE_LOOP ( 'NONE', ( #1297, #3451, #1327, #3654 ) ) ;
#1286 = ADVANCED_FACE ( 'NONE', ( #4634 ), #4314, .T. ) ;
#1287 = FACE_OUTER_BOUND ( 'NONE', #1166, .T. ) ;
#1288 = CARTESIAN_POINT ( 'NONE',  ( -0.6439505508593803600, -0.1725460300683407700, 0.2708333333333334800 ) ) ;
#1289 = ORIENTED_EDGE ( 'NONE', *, *, #2431, .T. ) ;
#1290 = DIRECTION ( 'NONE',  ( -0.0000000000000000000, -1.639108796198557900E-016, 1.000000000000000000 ) ) ;
#1291 = CARTESIAN_POINT ( 'NONE',  ( 0.5981836025229577700, -0.2972489415089844000, 0.2291666666666667700 ) ) ;
#1292 = ORIENTED_EDGE ( 'NONE', *, *, #2685, .F. ) ;
#1293 = ORIENTED_EDGE ( 'NONE', *, *, #456, .F. ) ;
#1294 = ORIENTED_EDGE ( 'NONE', *, *, #3324, .T. ) ;
#1295 = FACE_OUTER_BOUND ( 'NONE', #1907, .T. ) ;
#1296 = CARTESIAN_POINT ( 'NONE',  ( 0.0000000000000000000, 0.7083333333333331500, -0.2708333333333334800 ) ) ;
#1297 = ORIENTED_EDGE ( 'NONE', *, *, #2886, .F. ) ;
#1298 = VERTEX_POINT ( 'NONE', #692 ) ;
#1299 = CARTESIAN_POINT ( 'NONE',  ( 0.4419417382415928900, 0.5008673033404703600, 0.2291666666666667700 ) ) ;
#1300 = CARTESIAN_POINT ( 'NONE',  ( 0.3694177251576855600, 0.5565169358562918100, 0.2291666666666667700 ) ) ;
#1301 = DIRECTION ( 'NONE',  ( -1.047444401652940000E-014, -1.000000000000000000, 0.0000000000000000000 ) ) ;
#1302 = CARTESIAN_POINT ( 'NONE',  ( -0.01041666666667126700, -0.6666666666666663000, 0.2291666666666667700 ) ) ;
#1303 = EDGE_CURVE ( 'NONE', #447, #1797, #2367, .T. ) ;
#1304 = ORIENTED_EDGE ( 'NONE', *, *, #4799, .T. ) ;
#1305 = ADVANCED_FACE ( 'NONE', ( #3293 ), #2212, .T. ) ;
#1306 = DIRECTION ( 'NONE',  ( 0.0000000000000000000, 0.0000000000000000000, 1.000000000000000000 ) ) ;
#1307 = DIRECTION ( 'NONE',  ( 0.0000000000000000000, 0.0000000000000000000, 1.000000000000000000 ) ) ;
#1308 = ORIENTED_EDGE ( 'NONE', *, *, #50, .T. ) ;
#1309 = AXIS2_PLACEMENT_3D ( 'NONE', #5821, #4351, #6340 ) ;
#1310 = DIRECTION ( 'NONE',  ( 0.0000000000000000000, 0.0000000000000000000, 1.000000000000000000 ) ) ;
#1311 = CARTESIAN_POINT ( 'NONE',  ( 0.6439505508593792400, 0.1725460300683452600, 0.2291666666666667700 ) ) ;
#1312 = ORIENTED_EDGE ( 'NONE', *, *, #5757, .T. ) ;
#1313 = DIRECTION ( 'NONE',  ( 0.0000000000000000000, 0.0000000000000000000, 1.000000000000000000 ) ) ;
#1314 = CIRCLE ( 'NONE', #3238, 0.7500000000000004400 ) ;
#1316 = AXIS2_PLACEMENT_3D ( 'NONE', #4204, #4167, #1151 ) ;
#1315 = DIRECTION ( 'NONE',  ( -3.278217592397111500E-015, -1.000000000000000000, 0.0000000000000000000 ) ) ;
#1317 = ORIENTED_EDGE ( 'NONE', *, *, #993, .T. ) ;
#1318 = DIRECTION ( 'NONE',  ( 0.0000000000000000000, 0.0000000000000000000, 1.000000000000000000 ) ) ;
#1319 = CARTESIAN_POINT ( 'NONE',  ( -0.4787702164283954600, -0.4640388251536675700, -0.2708333333333335400 ) ) ;
#1320 = AXIS2_PLACEMENT_3D ( 'NONE', #547, #6127, #5553 ) ;
#1321 = CYLINDRICAL_SURFACE ( 'NONE', #650, 0.01041666666666661900 ) ;
#1322 = CARTESIAN_POINT ( 'NONE',  ( -0.3333333333333258800, 0.5773502691896298400, 0.2291666666666667700 ) ) ;
#1323 = VERTEX_POINT ( 'NONE', #231 ) ;
#1324 = CARTESIAN_POINT ( 'NONE',  ( -4.655308451790843400E-015, -0.6666666666666665200, 0.2708333333333334800 ) ) ;
#1325 = EDGE_CURVE ( 'NONE', #2175, #4732, #2985, .T. ) ;
#1326 = CIRCLE ( 'NONE', #4117, 0.01041666666666662600 ) ;
#1327 = ORIENTED_EDGE ( 'NONE', *, *, #345, .T. ) ;
#1328 = CARTESIAN_POINT ( 'NONE',  ( 0.6331664239801077000, 0.2127929394970565200, 0.2291666666666667700 ) ) ;
#1329 = EDGE_CURVE ( 'NONE', #3479, #3062, #2681, .T. ) ;
#1330 = DIRECTION ( 'NONE',  ( 0.0000000000000000000, 0.0000000000000000000, 1.000000000000000000 ) ) ;
#1331 = FACE_OUTER_BOUND ( 'NONE', #2157, .T. ) ;
#1332 = CARTESIAN_POINT ( 'NONE',  ( 0.1725460300683430100, -0.6439505508593798000, 0.2291666666666667700 ) ) ;
#1333 = CARTESIAN_POINT ( 'NONE',  ( 0.5773502691896241800, -0.3333333333333359800, 0.2291666666666667700 ) ) ;
#1334 = DIRECTION ( 'NONE',  ( -0.9659258262890704200, -0.2588190451025130200, 0.0000000000000000000 ) ) ;
#1335 = LINE ( 'NONE', #3586, #17 ) ;
#1336 = ADVANCED_FACE ( 'NONE', ( #3372 ), #2050, .T. ) ;
#1337 = EDGE_CURVE ( 'NONE', #3263, #3723, #1737, .T. ) ;
#1338 = CIRCLE ( 'NONE', #3604, 0.01041666666666661200 ) ;
#1339 = PERSON_AND_ORGANIZATION ( #2951, #4303 ) ;
#1340 = EDGE_CURVE ( 'NONE', #6117, #1172, #5415, .T. ) ;
#1341 = EDGE_LOOP ( 'NONE', ( #1979, #6337 ) ) ;
#1342 = FACE_OUTER_BOUND ( 'NONE', #3116, .T. ) ;
#1343 = AXIS2_PLACEMENT_3D ( 'NONE', #5453, #1464, #1404 ) ;
#1344 = CARTESIAN_POINT ( 'NONE',  ( -0.5825586025229551000, 0.3243122353772521800, 0.2708333333333334800 ) ) ;
#1345 = FACE_OUTER_BOUND ( 'NONE', #6155, .T. ) ;
#1346 = AXIS2_PLACEMENT_3D ( 'NONE', #2325, #2801, #1731 ) ;
#1347 = DIRECTION ( 'NONE',  ( 0.9659258262890668700, -0.2588190451025261200, 0.0000000000000000000 ) ) ;
#1348 = EDGE_LOOP ( 'NONE', ( #5767, #3137 ) ) ;
#1349 = CIRCLE ( 'NONE', #4579, 0.04166666666666672000 ) ;
#1350 = CARTESIAN_POINT ( 'NONE',  ( -0.1725460300683520100, -0.6439505508593773600, -0.2291666666666666300 ) ) ;
#1351 = DIRECTION ( 'NONE',  ( 0.0000000000000000000, -0.0000000000000000000, 1.000000000000000000 ) ) ;
#1352 = ORIENTED_EDGE ( 'NONE', *, *, #3921, .F. ) ;
#1353 = AXIS2_PLACEMENT_3D ( 'NONE', #742, #1256, #1759 ) ;
#1354 = LINE ( 'NONE', #2183, #2982 ) ;
#1355 = ORIENTED_EDGE ( 'NONE', *, *, #1450, .F. ) ;
#1356 = CARTESIAN_POINT ( 'NONE',  ( 0.0000000000000000000, -0.7083333333333340400, -0.2708333333333338100 ) ) ;
#1357 = LINE ( 'NONE', #3965, #5269 ) ;
#1358 = AXIS2_PLACEMENT_3D ( 'NONE', #2107, #4128, #4662 ) ;
#1359 = ORIENTED_EDGE ( 'NONE', *, *, #4938, .F. ) ;
#1360 = DIRECTION ( 'NONE',  ( 0.0000000000000000000, 0.0000000000000000000, 1.000000000000000000 ) ) ;
#1361 = FACE_OUTER_BOUND ( 'NONE', #5170, .T. ) ;
#1362 = ORIENTED_EDGE ( 'NONE', *, *, #3673, .F. ) ;
#1363 = EDGE_LOOP ( 'NONE', ( #678, #2216, #2730, #5148 ) ) ;
#1364 = CARTESIAN_POINT ( 'NONE',  ( -0.6666666666666663000, 0.01041666666667359600, 0.2708333333333334800 ) ) ;
#1365 = CARTESIAN_POINT ( 'NONE',  ( 0.4714045207910290700, -0.4714045207910340100, -0.2291666666666666300 ) ) ;
#1366 = ORIENTED_EDGE ( 'NONE', *, *, #573, .T. ) ;
#1367 = AXIS2_PLACEMENT_3D ( 'NONE', #1273, #296, #2247 ) ;
#1369 = VERTEX_POINT ( 'NONE', #4661 ) ;
#1368 = DIRECTION ( 'NONE',  ( 0.0000000000000000000, 0.0000000000000000000, 1.000000000000000000 ) ) ;
#1370 = FACE_OUTER_BOUND ( 'NONE', #1544, .T. ) ;
#1371 = DIRECTION ( 'NONE',  ( 0.0000000000000000000, 0.0000000000000000000, 1.000000000000000000 ) ) ;
#1372 = VERTEX_POINT ( 'NONE', #6201 ) ;
#1373 = EDGE_CURVE ( 'NONE', #3237, #1854, #1579, .T. ) ;
#1374 = ORIENTED_EDGE ( 'NONE', *, *, #5306, .F. ) ;
#1375 = DIRECTION ( 'NONE',  ( 0.2588190451025261200, 0.9659258262890668700, 0.0000000000000000000 ) ) ;
#1376 = CARTESIAN_POINT ( 'NONE',  ( -0.4714045207910257900, 0.4714045207910372800, 0.2291666666666667700 ) ) ;
#1377 = DIRECTION ( 'NONE',  ( 0.0000000000000000000, 0.0000000000000000000, 1.000000000000000000 ) ) ;
#1378 = DIRECTION ( 'NONE',  ( 0.8660254037844391500, -0.4999999999999993300, 0.0000000000000000000 ) ) ;
#1379 = EDGE_LOOP ( 'NONE', ( #3007, #116 ) ) ;
#1380 = CARTESIAN_POINT ( 'NONE',  ( -0.5981836025229616500, -0.2972489415089760200, 0.2291666666666667700 ) ) ;
#1381 = PLANE ( 'NONE',  #4920 ) ;
#1382 = ADVANCED_FACE ( 'NONE', ( #3209 ), #2696, .F. ) ;
#1383 = CARTESIAN_POINT ( 'NONE',  ( 0.1725460300683430100, -0.6439505508593798000, 0.2708333333333334800 ) ) ;
#1384 = EDGE_CURVE ( 'NONE', #2948, #3785, #6064, .T. ) ;
#1385 = CLOSED_SHELL ( 'NONE', ( #1408, #5340, #1733, #1016 ) ) ;
#1386 = AXIS2_PLACEMENT_3D ( 'NONE', #6468, #5441, #3906 ) ;
#1387 = DIRECTION ( 'NONE',  ( -0.8660254037844344900, 0.5000000000000069900, 0.0000000000000000000 ) ) ;
#1388 = CARTESIAN_POINT ( 'NONE',  ( 0.01041666666666661200, 0.6666666666666665200, -0.2708333333333335400 ) ) ;
#1389 = CARTESIAN_POINT ( 'NONE',  ( 9.184850993605154600E-017, 0.7499999999999998900, 0.3125000000000002800 ) ) ;
#1390 = EDGE_CURVE ( 'NONE', #4947, #4722, #27, .T. ) ;
#1391 = FACE_OUTER_BOUND ( 'NONE', #2382, .T. ) ;
#1392 = CARTESIAN_POINT ( 'NONE',  ( 0.5008673033404718000, 0.4419417382415912200, 0.2291666666666667700 ) ) ;
#1393 = VERTEX_POINT ( 'NONE', #4636 ) ;
#1394 = CARTESIAN_POINT ( 'NONE',  ( -0.6134346610139804800, -0.3541666666666609100, 0.2291666666666667700 ) ) ;
#1395 = AXIS2_PLACEMENT_3D ( 'NONE', #264, #2813, #1809 ) ;
#1396 = CIRCLE ( 'NONE', #2484, 0.01041666666666663700 ) ;
#1397 = AXIS2_PLACEMENT_3D ( 'NONE', #429, #3356, #3817 ) ;
#1398 = ORIENTED_EDGE ( 'NONE', *, *, #219, .T. ) ;
#1399 = AXIS2_PLACEMENT_3D ( 'NONE', #2041, #2503, #4067 ) ;
#1400 = FACE_OUTER_BOUND ( 'NONE', #5452, .T. ) ;
#1401 = ORIENTED_EDGE ( 'NONE', *, *, #5935, .T. ) ;
#1402 = CARTESIAN_POINT ( 'NONE',  ( -0.4640388251536658500, 0.4787702164283970100, 0.2708333333333334800 ) ) ;
#1403 = CARTESIAN_POINT ( 'NONE',  ( 0.5825586025229596600, 0.3243122353772440200, -0.2708333333333335400 ) ) ;
#1404 = DIRECTION ( 'NONE',  ( 0.8660254037844377100, -0.5000000000000014400, 0.0000000000000000000 ) ) ;
#1405 = FACE_OUTER_BOUND ( 'NONE', #132, .T. ) ;
#1406 = CARTESIAN_POINT ( 'NONE',  ( 0.6666666666666665200, -2.327654225895421700E-015, 0.2291666666666667700 ) ) ;
#1407 = DIRECTION ( 'NONE',  ( 0.0000000000000000000, 0.0000000000000000000, 1.000000000000000000 ) ) ;
#1408 = ADVANCED_FACE ( 'NONE', ( #5829 ), #1196, .T. ) ;
#1409 = FACE_OUTER_BOUND ( 'NONE', #1477, .T. ) ;
#1411 = CIRCLE ( 'NONE', #5773, 0.01041666666666661100 ) ;
#1410 = DIRECTION ( 'NONE',  ( 0.8660254037844453700, 0.4999999999999886200, 0.0000000000000000000 ) ) ;
#1412 = DIRECTION ( 'NONE',  ( 0.0000000000000000000, 0.0000000000000000000, 1.000000000000000000 ) ) ;
#1413 = CARTESIAN_POINT ( 'NONE',  ( -0.6666666666666665200, 6.982962677686265100E-015, -0.2708333333333335400 ) ) ;
#1414 = FACE_OUTER_BOUND ( 'NONE', #2657, .T. ) ;
#1415 = CIRCLE ( 'NONE', #1512, 0.04166666666666672000 ) ;
#1416 = ORIENTED_EDGE ( 'NONE', *, *, #5455, .F. ) ;
#1417 = EDGE_CURVE ( 'NONE', #117, #6330, #101, .T. ) ;
#1418 = FACE_OUTER_BOUND ( 'NONE', #5745, .T. ) ;
#1419 = ORIENTED_EDGE ( 'NONE', *, *, #1126, .T. ) ;
#1420 = CARTESIAN_POINT ( 'NONE',  ( 0.6666666666666665200, -0.01041666666666894000, 0.2291666666666667700 ) ) ;
#1421 = CARTESIAN_POINT ( 'NONE',  ( -0.6412545191395588900, 0.1826077574255319800, -0.2291666666666666300 ) ) ;
#1422 = CIRCLE ( 'NONE', #4777, 0.04166666666666671300 ) ;
#1423 = EDGE_CURVE ( 'NONE', #3519, #1198, #3836, .T. ) ;
#1424 = VERTEX_POINT ( 'NONE', #3224 ) ;
#1425 = AXIS2_PLACEMENT_3D ( 'NONE', #598, #2080, #5080 ) ;
#1426 = CIRCLE ( 'NONE', #3764, 0.04166666666666672000 ) ;
#1427 = ORIENTED_EDGE ( 'NONE', *, *, #916, .F. ) ;
#1428 = AXIS2_PLACEMENT_3D ( 'NONE', #100, #1134, #152 ) ;
#1429 = CIRCLE ( 'NONE', #3050, 0.04166666666666673400 ) ;
#1430 = DIRECTION ( 'NONE',  ( 0.2588190451025130200, -0.9659258262890704200, 0.0000000000000000000 ) ) ;
#1431 = CARTESIAN_POINT ( 'NONE',  ( -0.1826077574255297300, -0.6412545191395594400, 0.2291666666666667700 ) ) ;
#1432 = VERTEX_POINT ( 'NONE', #248 ) ;
#1433 = EDGE_LOOP ( 'NONE', ( #1208, #4474, #1668, #6001 ) ) ;
#1434 = AXIS2_PLACEMENT_3D ( 'NONE', #4660, #5611, #6132 ) ;
#1435 = EDGE_LOOP ( 'NONE', ( #362, #5144 ) ) ;
#1436 = VERTEX_POINT ( 'NONE', #3725 ) ;
#1437 = CIRCLE ( 'NONE', #2070, 0.01041666666666661100 ) ;
#1438 = CLOSED_SHELL ( 'NONE', ( #2740, #6334, #1800, #3748, #4150, #1497 ) ) ;
#1439 = CARTESIAN_POINT ( 'NONE',  ( -0.6439505508593803600, -0.1725460300683407700, 0.2291666666666667700 ) ) ;
#1440 = AXIS2_PLACEMENT_3D ( 'NONE', #4912, #1918, #5874 ) ;
#1441 = EDGE_LOOP ( 'NONE', ( #5215, #1789 ) ) ;
#1442 = ADVANCED_FACE ( 'NONE', ( #1971 ), #418, .F. ) ;
#1443 = ORIENTED_EDGE ( 'NONE', *, *, #3637, .T. ) ;
#1444 = ORIENTED_EDGE ( 'NONE', *, *, #2680, .F. ) ;
#1445 = ORIENTED_EDGE ( 'NONE', *, *, #4214, .T. ) ;
#1446 = EDGE_CURVE ( 'NONE', #596, #921, #258, .T. ) ;
#1447 = CARTESIAN_POINT ( 'NONE',  ( -0.6466465825791948300, 0.1624843027111765300, 0.2708333333333334800 ) ) ;
#1448 = EDGE_CURVE ( 'NONE', #4293, #193, #4078, .T. ) ;
#1449 = EDGE_LOOP ( 'NONE', ( #4764, #6472, #2392, #1282 ) ) ;
#1450 = EDGE_CURVE ( 'NONE', #2699, #918, #5193, .T. ) ;
#1451 = CARTESIAN_POINT ( 'NONE',  ( -0.1322991206396408300, -0.6547346777386493500, -0.2291666666666666300 ) ) ;
#1452 = DIRECTION ( 'NONE',  ( 0.8660254037844453700, 0.4999999999999886200, 0.0000000000000000000 ) ) ;
#1453 = EDGE_LOOP ( 'NONE', ( #6083, #5518 ) ) ;
#1454 = DIRECTION ( 'NONE',  ( 0.0000000000000000000, 0.0000000000000000000, 1.000000000000000000 ) ) ;
#1455 = DIRECTION ( 'NONE',  ( 0.7071067811865442400, -0.7071067811865507900, 0.0000000000000000000 ) ) ;
#1456 = EDGE_CURVE ( 'NONE', #4483, #5199, #1496, .T. ) ;
#1457 = ORIENTED_EDGE ( 'NONE', *, *, #6190, .F. ) ;
#1458 = CARTESIAN_POINT ( 'NONE',  ( 0.6439505508593792400, 0.1725460300683452600, -0.2708333333333335400 ) ) ;
#1459 = ORIENTED_EDGE ( 'NONE', *, *, #1142, .T. ) ;
#1460 = CARTESIAN_POINT ( 'NONE',  ( 0.1725460300683430100, -0.6439505508593798000, -0.2291666666666666300 ) ) ;
#1461 = EDGE_CURVE ( 'NONE', #2471, #4609, #1665, .T. ) ;
#1462 = LINE ( 'NONE', #2620, #4909 ) ;
#1463 = LINE ( 'NONE', #490, #4122 ) ;
#1464 = DIRECTION ( 'NONE',  ( 0.0000000000000000000, 0.0000000000000000000, 1.000000000000000000 ) ) ;
#1465 = VERTEX_POINT ( 'NONE', #4735 ) ;
#1466 = CARTESIAN_POINT ( 'NONE',  ( -0.6666666666666663000, 0.01041666666667359600, 0.2291666666666667700 ) ) ;
#1467 = ADVANCED_FACE ( 'NONE', ( #1040 ), #658, .T. ) ;
#1468 = VECTOR ( 'NONE', #4554, 39.37007874015748100 ) ;
#1469 = ADVANCED_FACE ( 'NONE', ( #4476 ), #346, .T. ) ;
#1470 = EDGE_LOOP ( 'NONE', ( #2703, #1133 ) ) ;
#1471 = DIRECTION ( 'NONE',  ( 1.000000000000000000, 0.0000000000000000000, 0.0000000000000000000 ) ) ;
#1472 = CARTESIAN_POINT ( 'NONE',  ( 0.5721419358562930300, 0.3423544312894197300, 0.2708333333333334800 ) ) ;
#1473 = AXIS2_PLACEMENT_3D ( 'NONE', #5162, #148, #5179 ) ;
#1474 = CYLINDRICAL_SURFACE ( 'NONE', #1780, 0.04166666666666670600 ) ;
#1475 = ORIENTED_EDGE ( 'NONE', *, *, #2629, .T. ) ;
#1476 = CARTESIAN_POINT ( 'NONE',  ( -0.6439505508593803600, -0.1725460300683407700, 0.2291666666666667700 ) ) ;
#1477 = EDGE_LOOP ( 'NONE', ( #417, #3474 ) ) ;
#1478 = DIRECTION ( 'NONE',  ( 0.0000000000000000000, 0.0000000000000000000, 1.000000000000000000 ) ) ;
#1479 = VECTOR ( 'NONE', #4321, 39.37007874015748100 ) ;
#1480 = DIRECTION ( 'NONE',  ( 0.9659258262890668700, -0.2588190451025261200, 0.0000000000000000000 ) ) ;
#1481 = EDGE_LOOP ( 'NONE', ( #3462, #3227, #357, #675 ) ) ;
#1482 = DIRECTION ( 'NONE',  ( 0.9659258262890717500, 0.2588190451025080300, 0.0000000000000000000 ) ) ;
#1483 = EDGE_CURVE ( 'NONE', #434, #921, #3146, .T. ) ;
#1484 = CARTESIAN_POINT ( 'NONE',  ( 0.4640388251536692300, -0.4787702164283937900, -0.2291666666666666300 ) ) ;
#1485 = CIRCLE ( 'NONE', #1399, 0.01041666666666660200 ) ;
#1486 = CARTESIAN_POINT ( 'NONE',  ( 0.6439505508593780200, -0.1725460300683497900, -0.2291666666666666300 ) ) ;
#1487 = CIRCLE ( 'NONE', #731, 0.04166666666666672000 ) ;
#1488 = CARTESIAN_POINT ( 'NONE',  ( 0.01041666666666195800, -0.6666666666666666300, 0.2291666666666667700 ) ) ;
#1489 = ORIENTED_EDGE ( 'NONE', *, *, #4015, .T. ) ;
#1490 = CARTESIAN_POINT ( 'NONE',  ( -0.3333333333333258800, 0.5773502691896298400, 0.2291666666666667700 ) ) ;
#1491 = CIRCLE ( 'NONE', #5003, 0.01041666666666661100 ) ;
#1492 = DIRECTION ( 'NONE',  ( 0.0000000000000000000, 0.0000000000000000000, 1.000000000000000000 ) ) ;
#1493 = CIRCLE ( 'NONE', #1551, 0.01041666666666661900 ) ;
#1494 = CARTESIAN_POINT ( 'NONE',  ( -0.5773502691896287300, -0.3333333333333278200, -0.2708333333333335400 ) ) ;
#1495 = VERTEX_POINT ( 'NONE', #1302 ) ;
#1496 = CIRCLE ( 'NONE', #5727, 0.04166666666666672000 ) ;
#1497 = ADVANCED_FACE ( 'NONE', ( #1418 ), #5261, .T. ) ;
#1498 = DIRECTION ( 'NONE',  ( 0.2588190451025130200, -0.9659258262890704200, 0.0000000000000000000 ) ) ;
#1499 = VERTEX_POINT ( 'NONE', #6257 ) ;
#1500 = ADVANCED_FACE ( 'NONE', ( #5030 ), #5499, .T. ) ;
#1501 = PLANE ( 'NONE',  #6442 ) ;
#1502 = FACE_BOUND ( 'NONE', #3362, .T. ) ;
#1503 = CARTESIAN_POINT ( 'NONE',  ( -0.3423544312894257800, -0.5721419358562894700, 0.2708333333333334800 ) ) ;
#1504 = EDGE_CURVE ( 'NONE', #4961, #1055, #4710, .T. ) ;
#1505 = ORIENTED_EDGE ( 'NONE', *, *, #4593, .T. ) ;
#1506 = PLANE ( 'NONE',  #4699 ) ;
#1507 = ORIENTED_EDGE ( 'NONE', *, *, #3337, .T. ) ;
#1508 = DIRECTION ( 'NONE',  ( 0.0000000000000000000, 0.0000000000000000000, 1.000000000000000000 ) ) ;
#1509 = ORIENTED_EDGE ( 'NONE', *, *, #6275, .T. ) ;
#1510 = DIRECTION ( 'NONE',  ( 0.2588190451025314000, 0.9659258262890653100, 0.0000000000000000000 ) ) ;
#1511 = FACE_BOUND ( 'NONE', #4092, .T. ) ;
#1512 = AXIS2_PLACEMENT_3D ( 'NONE', #6173, #206, #1636 ) ;
#1513 = DIRECTION ( 'NONE',  ( 0.0000000000000000000, 0.0000000000000000000, 1.000000000000000000 ) ) ;
#1514 = CLOSED_SHELL ( 'NONE', ( #4619, #5061, #406, #1243 ) ) ;
#1515 = DIRECTION ( 'NONE',  ( -0.2588190451025113000, 0.9659258262890707500, 0.0000000000000000000 ) ) ;
#1516 = EDGE_LOOP ( 'NONE', ( #3829, #3869, #2441, #4558 ) ) ;
#1517 = ORIENTED_EDGE ( 'NONE', *, *, #4650, .F. ) ;
#1518 = EDGE_LOOP ( 'NONE', ( #1827, #2056 ) ) ;
#1519 = CARTESIAN_POINT ( 'NONE',  ( -0.5773502691896217300, 0.3333333333333399800, 0.2291666666666667700 ) ) ;
#1520 = VECTOR ( 'NONE', #4481, 39.37007874015748100 ) ;
#1521 = ORIENTED_EDGE ( 'NONE', *, *, #3757, .F. ) ;
#1522 = AXIS2_PLACEMENT_3D ( 'NONE', #3269, #3229, #4189 ) ;
#1523 = EDGE_LOOP ( 'NONE', ( #4154, #2004, #5226, #2256 ) ) ;
#1524 = ORIENTED_EDGE ( 'NONE', *, *, #5168, .T. ) ;
#1525 = CARTESIAN_POINT ( 'NONE',  ( 0.6466465825791960500, -0.1624843027111720400, -0.2708333333333335400 ) ) ;
#1526 = DIRECTION ( 'NONE',  ( 0.0000000000000000000, 0.0000000000000000000, 1.000000000000000000 ) ) ;
#1527 = DIRECTION ( 'NONE',  ( 0.9659258262890668700, -0.2588190451025261200, 0.0000000000000000000 ) ) ;
#1528 = CARTESIAN_POINT ( 'NONE',  ( 0.3333333333333339300, 0.5773502691896251800, 0.2708333333333334800 ) ) ;
#1529 = AXIS2_PLACEMENT_3D ( 'NONE', #2663, #1181, #1704 ) ;
#1530 = CARTESIAN_POINT ( 'NONE',  ( -0.5773502691896217300, 0.3333333333333399800, -0.2708333333333335400 ) ) ;
#1531 = ORIENTED_EDGE ( 'NONE', *, *, #3946, .F. ) ;
#1532 = DIRECTION ( 'NONE',  ( 0.0000000000000000000, 0.0000000000000000000, 1.000000000000000000 ) ) ;
#1533 = EDGE_CURVE ( 'NONE', #4568, #6015, #3682, .T. ) ;
#1534 = DIRECTION ( 'NONE',  ( 0.0000000000000000000, 0.0000000000000000000, 1.000000000000000000 ) ) ;
#1535 = DIRECTION ( 'NONE',  ( 0.0000000000000000000, 0.0000000000000000000, 1.000000000000000000 ) ) ;
#1536 = CARTESIAN_POINT ( 'NONE',  ( 0.4787702164283921800, 0.4640388251536709500, 0.2291666666666667700 ) ) ;
#1537 = ORIENTED_EDGE ( 'NONE', *, *, #1763, .F. ) ;
#1538 = DIRECTION ( 'NONE',  ( -0.7071067811865442400, 0.7071067811865507900, 0.0000000000000000000 ) ) ;
#1539 = ADVANCED_FACE ( 'NONE', ( #2521, #4155 ), #2784, .F. ) ;
#1540 = CARTESIAN_POINT ( 'NONE',  ( 0.4714045207910290700, -0.4714045207910340100, -0.2291666666666666300 ) ) ;
#1541 = DIRECTION ( 'NONE',  ( 0.0000000000000000000, 0.0000000000000000000, 1.000000000000000000 ) ) ;
#1542 = LINE ( 'NONE', #4412, #3332 ) ;
#1543 = DIRECTION ( 'NONE',  ( 0.0000000000000000000, 0.0000000000000000000, 1.000000000000000000 ) ) ;
#1544 = EDGE_LOOP ( 'NONE', ( #975, #3409 ) ) ;
#1545 = DIRECTION ( 'NONE',  ( 0.0000000000000000000, 1.000000000000000000, 1.639108796198557900E-016 ) ) ;
#1546 = EDGE_CURVE ( 'NONE', #3785, #4894, #3527, .T. ) ;
#1547 = DIRECTION ( 'NONE',  ( 0.4999999999999993300, -0.8660254037844391500, 0.0000000000000000000 ) ) ;
#1548 = LINE ( 'NONE', #2386, #3183 ) ;
#1549 = VERTEX_POINT ( 'NONE', #845 ) ;
#1550 = EDGE_CURVE ( 'NONE', #1056, #6270, #880, .T. ) ;
#1551 = AXIS2_PLACEMENT_3D ( 'NONE', #5041, #4020, #4063 ) ;
#1552 = DIRECTION ( 'NONE',  ( 0.0000000000000000000, 1.639108796198557900E-016, -1.000000000000000000 ) ) ;
#1553 = DIRECTION ( 'NONE',  ( 0.5000000000000097700, 0.8660254037844330500, 0.0000000000000000000 ) ) ;
#1554 = DIRECTION ( 'NONE',  ( -0.0000000000000000000, 0.0000000000000000000, -1.000000000000000000 ) ) ;
#1555 = CIRCLE ( 'NONE', #6199, 0.04166666666666671300 ) ;
#1556 = DIRECTION ( 'NONE',  ( 0.0000000000000000000, 0.0000000000000000000, 1.000000000000000000 ) ) ;
#1557 = ORIENTED_EDGE ( 'NONE', *, *, #4137, .T. ) ;
#1558 = AXIS2_PLACEMENT_3D ( 'NONE', #172, #2716, #4299 ) ;
#1559 = DIRECTION ( 'NONE',  ( -0.5000000000000041100, -0.8660254037844362700, 0.0000000000000000000 ) ) ;
#1560 = DIRECTION ( 'NONE',  ( 0.7071067811865574500, 0.7071067811865376900, 0.0000000000000000000 ) ) ;
#1561 = LINE ( 'NONE', #5863, #6044 ) ;
#1562 = DIRECTION ( 'NONE',  ( 0.0000000000000000000, -0.0000000000000000000, 1.000000000000000000 ) ) ;
#1563 = DIRECTION ( 'NONE',  ( 1.311287036958853100E-014, 1.000000000000000000, 0.0000000000000000000 ) ) ;
#1564 = PLANE ( 'NONE',  #3141 ) ;
#1565 = AXIS2_PLACEMENT_3D ( 'NONE', #3064, #60, #2971 ) ;
#1566 = DIRECTION ( 'NONE',  ( 0.0000000000000000000, 0.0000000000000000000, 1.000000000000000000 ) ) ;
#1567 = CARTESIAN_POINT ( 'NONE',  ( 0.6439505508593792400, 0.1725460300683452600, 0.2291666666666667700 ) ) ;
#1568 = CYLINDRICAL_SURFACE ( 'NONE', #1358, 0.6458333333333338100 ) ;
#1569 = ADVANCED_FACE ( 'NONE', ( #1894 ), #411, .F. ) ;
#1570 = CIRCLE ( 'NONE', #1185, 0.6458333333333338100 ) ;
#1571 = EDGE_LOOP ( 'NONE', ( #1355, #4669, #1210, #6030 ) ) ;
#1572 = FACE_OUTER_BOUND ( 'NONE', #4086, .T. ) ;
#1573 = CARTESIAN_POINT ( 'NONE',  ( 0.4714045207910323400, 0.4714045207910307900, 0.2291666666666667700 ) ) ;
#1574 = PLANE ( 'NONE',  #971 ) ;
#1575 = EDGE_CURVE ( 'NONE', #1760, #3172, #4871, .T. ) ;
#1576 = CIRCLE ( 'NONE', #3968, 0.01041666666666661100 ) ;
#1577 = CALENDAR_DATE ( 2023, 10, 1 ) ;
#1578 = CARTESIAN_POINT ( 'NONE',  ( -0.1826077574255162700, 0.6412545191395632200, -0.2708333333333335400 ) ) ;
#1579 = CIRCLE ( 'NONE', #1648, 0.01041666666666661100 ) ;
#1580 = ORIENTED_EDGE ( 'NONE', *, *, #2464, .F. ) ;
#1581 = CIRCLE ( 'NONE', #5940, 0.01041666666666661100 ) ;
#1582 = DIRECTION ( 'NONE',  ( 0.0000000000000000000, -0.0000000000000000000, -1.000000000000000000 ) ) ;
#1583 = DIRECTION ( 'NONE',  ( 0.0000000000000000000, -0.0000000000000000000, -1.000000000000000000 ) ) ;
#1584 = EDGE_LOOP ( 'NONE', ( #5997, #2548, #5696, #6255 ) ) ;
#1585 = DIRECTION ( 'NONE',  ( 0.2588190451025261200, 0.9659258262890668700, 0.0000000000000000000 ) ) ;
#1586 = VECTOR ( 'NONE', #5432, 39.37007874015748100 ) ;
#1587 = EDGE_LOOP ( 'NONE', ( #6007, #5512, #601, #5680 ) ) ;
#1588 = CIRCLE ( 'NONE', #11, 0.01041666666666661200 ) ;
#1589 = EDGE_CURVE ( 'NONE', #4233, #6457, #4864, .T. ) ;
#1590 = ORIENTED_EDGE ( 'NONE', *, *, #2787, .T. ) ;
#1591 = CARTESIAN_POINT ( 'NONE',  ( -0.1322991206396408300, -0.6547346777386493500, 0.2291666666666667700 ) ) ;
#1592 = AXIS2_PLACEMENT_3D ( 'NONE', #1070, #3735, #5754 ) ;
#1593 = CLOSED_SHELL ( 'NONE', ( #4848, #1961, #6161, #724, #4517, #440 ) ) ;
#1594 = ORIENTED_EDGE ( 'NONE', *, *, #6296, .T. ) ;
#1595 = CARTESIAN_POINT ( 'NONE',  ( 0.6439505508593780200, -0.1725460300683497900, 0.2291666666666667700 ) ) ;
#1596 = ORIENTED_EDGE ( 'NONE', *, *, #5265, .F. ) ;
#1597 = FACE_OUTER_BOUND ( 'NONE', #815, .T. ) ;
#1598 = EDGE_LOOP ( 'NONE', ( #3504, #3995 ) ) ;
#1599 = DIRECTION ( 'NONE',  ( 0.0000000000000000000, 0.0000000000000000000, 1.000000000000000000 ) ) ;
#1600 = CARTESIAN_POINT ( 'NONE',  ( -0.3333333333333258800, 0.5773502691896298400, -0.2291666666666666300 ) ) ;
#1601 = PLANE ( 'NONE',  #6284 ) ;
#1602 = VERTEX_POINT ( 'NONE', #1849 ) ;
#1604 = AXIS2_PLACEMENT_3D ( 'NONE', #4034, #6031, #2508 ) ;
#1603 = CARTESIAN_POINT ( 'NONE',  ( 0.0000000000000000000, 0.7083333333333331500, -0.2291666666666666300 ) ) ;
#1605 = EDGE_LOOP ( 'NONE', ( #2778, #6012, #1964, #4837 ) ) ;
#1606 = CARTESIAN_POINT ( 'NONE',  ( 0.0000000000000000000, -4.908789363615472900E-016, 0.3125000000000001700 ) ) ;
#1607 = FACE_OUTER_BOUND ( 'NONE', #2840, .T. ) ;
#1608 = ADVANCED_FACE ( 'NONE', ( #2980 ), #5186, .F. ) ;
#1609 = ORIENTED_EDGE ( 'NONE', *, *, #332, .F. ) ;
#1610 = AXIS2_PLACEMENT_3D ( 'NONE', #185, #311, #4829 ) ;
#1611 = DIRECTION ( 'NONE',  ( 0.0000000000000000000, 0.0000000000000000000, 1.000000000000000000 ) ) ;
#1612 = ORIENTED_EDGE ( 'NONE', *, *, #219, .F. ) ;
#1613 = CARTESIAN_POINT ( 'NONE',  ( 0.4714045207910290700, -0.4714045207910340100, 0.2291666666666667700 ) ) ;
#1614 = DIRECTION ( 'NONE',  ( 9.834652777191335800E-015, 1.000000000000000000, 0.0000000000000000000 ) ) ;
#1615 = ORIENTED_EDGE ( 'NONE', *, *, #4930, .T. ) ;
#1616 = DIRECTION ( 'NONE',  ( 0.0000000000000000000, 0.0000000000000000000, 1.000000000000000000 ) ) ;
#1617 = DIRECTION ( 'NONE',  ( -0.0000000000000000000, -1.639108796198557900E-016, 1.000000000000000000 ) ) ;
#1618 = EDGE_CURVE ( 'NONE', #3466, #6052, #3831, .T. ) ;
#1619 = CARTESIAN_POINT ( 'NONE',  ( 0.0000000000000000000, -3.884346365991373500E-016, -0.3125000000000002800 ) ) ;
#1620 = ORIENTED_EDGE ( 'NONE', *, *, #879, .F. ) ;
#1621 = MANIFOLD_SOLID_BREP ( 'CirPattern1[38]', #1090 ) ;
#1622 = CARTESIAN_POINT ( 'NONE',  ( 0.3423544312894177800, -0.5721419358562943600, 0.2708333333333334800 ) ) ;
#1623 = DIRECTION ( 'NONE',  ( 9.834652777191335800E-015, 1.000000000000000000, 0.0000000000000000000 ) ) ;
#1624 = DIRECTION ( 'NONE',  ( 0.0000000000000000000, 0.0000000000000000000, 1.000000000000000000 ) ) ;
#1625 = ORIENTED_EDGE ( 'NONE', *, *, #3577, .T. ) ;
#1626 = CARTESIAN_POINT ( 'NONE',  ( 0.6666666666666665200, 0.01041666666666428400, 0.2291666666666667700 ) ) ;
#1627 = CARTESIAN_POINT ( 'NONE',  ( 0.1826077574255207700, -0.6412545191395620000, 0.2291666666666667700 ) ) ;
#1628 = CYLINDRICAL_SURFACE ( 'NONE', #2063, 0.04166666666666672700 ) ;
#1629 = DIRECTION ( 'NONE',  ( 0.0000000000000000000, 0.0000000000000000000, 1.000000000000000000 ) ) ;
#1630 = ORIENTED_EDGE ( 'NONE', *, *, #5739, .F. ) ;
#1631 = CARTESIAN_POINT ( 'NONE',  ( 0.6666666666666665200, -0.01041666666666894000, -0.2291666666666666300 ) ) ;
#1632 = CIRCLE ( 'NONE', #6492, 0.04166666666666672000 ) ;
#1633 = ORIENTED_EDGE ( 'NONE', *, *, #2349, .T. ) ;
#1634 = EDGE_CURVE ( 'NONE', #3713, #2457, #3138, .T. ) ;
#1635 = ADVANCED_FACE ( 'NONE', ( #180 ), #489, .F. ) ;
#1636 = DIRECTION ( 'NONE',  ( 1.000000000000000000, 0.0000000000000000000, 0.0000000000000000000 ) ) ;
#1637 = DIRECTION ( 'NONE',  ( -0.5000000000000071100, -0.8660254037844346000, 0.0000000000000000000 ) ) ;
#1638 = DIRECTION ( 'NONE',  ( -0.4999999999999943900, 0.8660254037844420400, 0.0000000000000000000 ) ) ;
#1639 = CIRCLE ( 'NONE', #2986, 0.01041666666666661200 ) ;
#1640 = ORIENTED_EDGE ( 'NONE', *, *, #550, .F. ) ;
#1641 = AXIS2_PLACEMENT_3D ( 'NONE', #577, #6055, #2059 ) ;
#1642 = DIRECTION ( 'NONE',  ( 0.0000000000000000000, 0.0000000000000000000, 1.000000000000000000 ) ) ;
#1643 = EDGE_LOOP ( 'NONE', ( #677, #4591 ) ) ;
#1644 = CARTESIAN_POINT ( 'NONE',  ( 0.6666666666666665200, -2.327654225895421700E-015, 0.2708333333333334800 ) ) ;
#1645 = AXIS2_PLACEMENT_3D ( 'NONE', #4270, #5271, #2273 ) ;
#1646 = CIRCLE ( 'NONE', #5655, 0.01041666666666661200 ) ;
#1647 = PLANE ( 'NONE',  #16 ) ;
#1648 = AXIS2_PLACEMENT_3D ( 'NONE', #1711, #1666, #5682 ) ;
#1649 = ORIENTED_EDGE ( 'NONE', *, *, #5801, .F. ) ;
#1650 = CARTESIAN_POINT ( 'NONE',  ( -0.5008673033404749100, -0.4419417382415876700, 0.2291666666666667700 ) ) ;
#1651 = CIRCLE ( 'NONE', #4880, 0.01041666666666661200 ) ;
#1652 = AXIS2_PLACEMENT_3D ( 'NONE', #3380, #4814, #5316 ) ;
#1653 = LINE ( 'NONE', #5172, #5567 ) ;
#1654 = CARTESIAN_POINT ( 'NONE',  ( -0.3333333333333258800, 0.5773502691896298400, 0.2708333333333334800 ) ) ;
#1655 = ORIENTED_EDGE ( 'NONE', *, *, #1035, .F. ) ;
#1656 = FACE_OUTER_BOUND ( 'NONE', #1687, .T. ) ;
#1657 = DIRECTION ( 'NONE',  ( 0.5000000000000119900, 0.8660254037844318200, 0.0000000000000000000 ) ) ;
#1658 = CARTESIAN_POINT ( 'NONE',  ( 0.6666666666666665200, 0.01041666666666428400, -0.2291666666666666300 ) ) ;
#1659 = EDGE_CURVE ( 'NONE', #71, #1012, #4470, .T. ) ;
#1660 = LINE ( 'NONE', #4860, #3449 ) ;
#1661 = CARTESIAN_POINT ( 'NONE',  ( 0.5981836025229596600, 0.2972489415089801800, -0.2291666666666666300 ) ) ;
#1662 = AXIS2_PLACEMENT_3D ( 'NONE', #3696, #2659, #6188 ) ;
#1663 = ORIENTED_EDGE ( 'NONE', *, *, #1504, .F. ) ;
#1664 = CARTESIAN_POINT ( 'NONE',  ( 0.6412545191395601100, -0.1826077574255275100, -0.2708333333333335400 ) ) ;
#1665 = CIRCLE ( 'NONE', #4074, 0.04166666666666672700 ) ;
#1666 = DIRECTION ( 'NONE',  ( 0.0000000000000000000, 0.0000000000000000000, 1.000000000000000000 ) ) ;
#1667 = EDGE_CURVE ( 'NONE', #4514, #5603, #6053, .T. ) ;
#1668 = ORIENTED_EDGE ( 'NONE', *, *, #1618, .F. ) ;
#1669 = CYLINDRICAL_SURFACE ( 'NONE', #6195, 0.04166666666666671300 ) ;
#1670 = CARTESIAN_POINT ( 'NONE',  ( -0.6439505508593803600, -0.1725460300683407700, 0.2291666666666667700 ) ) ;
#1671 = VERTEX_POINT ( 'NONE', #4907 ) ;
#1672 = DIRECTION ( 'NONE',  ( -1.000000000000000000, 0.0000000000000000000, -0.0000000000000000000 ) ) ;
#1673 = ADVANCED_FACE ( 'NONE', ( #872 ), #2206, .T. ) ;
#1674 = VERTEX_POINT ( 'NONE', #2829 ) ;
#1675 = ORIENTED_EDGE ( 'NONE', *, *, #115, .T. ) ;
#1676 = CIRCLE ( 'NONE', #613, 0.01041666666666661200 ) ;
#1677 = EDGE_CURVE ( 'NONE', #507, #1762, #3521, .T. ) ;
#1678 = ORIENTED_EDGE ( 'NONE', *, *, #3904, .T. ) ;
#1679 = EDGE_LOOP ( 'NONE', ( #373, #3236, #3835, #3925 ) ) ;
#1680 = ORIENTED_EDGE ( 'NONE', *, *, #803, .T. ) ;
#1681 = EDGE_CURVE ( 'NONE', #4171, #2233, #723, .T. ) ;
#1682 = ORIENTED_EDGE ( 'NONE', *, *, #5036, .T. ) ;
#1683 = FACE_OUTER_BOUND ( 'NONE', #5438, .T. ) ;
#1684 = DIRECTION ( 'NONE',  ( 0.2588190451025261200, 0.9659258262890668700, 0.0000000000000000000 ) ) ;
#1685 = DIRECTION ( 'NONE',  ( 0.0000000000000000000, 0.0000000000000000000, 1.000000000000000000 ) ) ;
#1686 = AXIS2_PLACEMENT_3D ( 'NONE', #4433, #1927, #3879 ) ;
#1687 = EDGE_LOOP ( 'NONE', ( #3391, #5925, #122, #3429 ) ) ;
#1688 = CARTESIAN_POINT ( 'NONE',  ( -0.6466465825791981600, -0.1624843027111629900, 0.2708333333333334800 ) ) ;
#1689 = CARTESIAN_POINT ( 'NONE',  ( -4.946265230027770900E-015, -0.7083333333333331500, 0.2291666666666667700 ) ) ;
#1690 = ORIENTED_EDGE ( 'NONE', *, *, #3796, .F. ) ;
#1691 = ORIENTED_EDGE ( 'NONE', *, *, #6420, .T. ) ;
#1692 = AXIS2_PLACEMENT_3D ( 'NONE', #6252, #714, #1156 ) ;
#1693 = CARTESIAN_POINT ( 'NONE',  ( -0.6666666666666665200, 6.982962677686265100E-015, -0.2708333333333335400 ) ) ;
#1694 = CARTESIAN_POINT ( 'NONE',  ( -0.4714045207910257900, 0.4714045207910372800, -0.2708333333333335400 ) ) ;
#1695 = AXIS2_PLACEMENT_3D ( 'NONE', #5633, #3103, #4141 ) ;
#1696 = VERTEX_POINT ( 'NONE', #3360 ) ;
#1697 = DIRECTION ( 'NONE',  ( -0.7071067811865409100, 0.7071067811865540100, 0.0000000000000000000 ) ) ;
#1698 = AXIS2_PLACEMENT_3D ( 'NONE', #4169, #5615, #214 ) ;
#1699 = CARTESIAN_POINT ( 'NONE',  ( 0.6412545191395601100, -0.1826077574255275100, 0.2708333333333334800 ) ) ;
#1700 = VERTEX_POINT ( 'NONE', #1388 ) ;
#1701 = AXIS2_PLACEMENT_3D ( 'NONE', #3772, #251, #3732 ) ;
#1702 = ADVANCED_FACE ( 'NONE', ( #1031 ), #1119, .F. ) ;
#1703 = DIRECTION ( 'NONE',  ( -0.9659258262890704200, -0.2588190451025130200, 0.0000000000000000000 ) ) ;
#1704 = DIRECTION ( 'NONE',  ( -0.8660254037844420400, -0.4999999999999943900, 0.0000000000000000000 ) ) ;
#1705 = CIRCLE ( 'NONE', #4337, 0.01041666666666661200 ) ;
#1706 = EDGE_CURVE ( 'NONE', #3723, #3263, #1491, .T. ) ;
#1707 = CARTESIAN_POINT ( 'NONE',  ( 0.2127929394970543300, -0.6331664239801083600, -0.2291666666666666300 ) ) ;
#1708 = DIRECTION ( 'NONE',  ( 0.0000000000000000000, 0.0000000000000000000, 1.000000000000000000 ) ) ;
#1709 = VERTEX_POINT ( 'NONE', #1798 ) ;
#1710 = DIRECTION ( 'NONE',  ( -0.8660254037844344900, 0.5000000000000069900, 0.0000000000000000000 ) ) ;
#1711 = CARTESIAN_POINT ( 'NONE',  ( 0.4714045207910323400, 0.4714045207910307900, -0.2291666666666666300 ) ) ;
#1712 = FACE_OUTER_BOUND ( 'NONE', #4971, .T. ) ;
#1713 = ORIENTED_EDGE ( 'NONE', *, *, #2353, .T. ) ;
#1714 = PLANE ( 'NONE',  #6282 ) ;
#1715 = VECTOR ( 'NONE', #5377, 39.37007874015748100 ) ;
#1716 = DIRECTION ( 'NONE',  ( -0.0000000000000000000, -0.0000000000000000000, 1.000000000000000000 ) ) ;
#1717 = EDGE_LOOP ( 'NONE', ( #2168, #4877 ) ) ;
#1718 = DIRECTION ( 'NONE',  ( 0.0000000000000000000, 0.0000000000000000000, 1.000000000000000000 ) ) ;
#1719 = EDGE_CURVE ( 'NONE', #2437, #755, #4704, .T. ) ;
#1720 = AXIS2_PLACEMENT_3D ( 'NONE', #2472, #5985, #6516 ) ;
#1721 = CIRCLE ( 'NONE', #4705, 0.01041666666666662600 ) ;
#1722 = EDGE_CURVE ( 'NONE', #918, #2184, #5337, .T. ) ;
#1723 = ORIENTED_EDGE ( 'NONE', *, *, #4769, .F. ) ;
#1724 = CARTESIAN_POINT ( 'NONE',  ( 9.093002483669103900E-017, 0.7350000000000001000, -0.3125000000000001700 ) ) ;
#1725 = CYLINDRICAL_SURFACE ( 'NONE', #24, 0.6458333333333338100 ) ;
#1726 = AXIS2_PLACEMENT_3D ( 'NONE', #5789, #2838, #5312 ) ;
#1727 = DIRECTION ( 'NONE',  ( 0.0000000000000000000, 0.0000000000000000000, 1.000000000000000000 ) ) ;
#1728 = AXIS2_PLACEMENT_3D ( 'NONE', #4607, #5654, #4060 ) ;
#1729 = ORIENTED_EDGE ( 'NONE', *, *, #5019, .T. ) ;
#1730 = DIRECTION ( 'NONE',  ( 0.8660254037844377100, -0.5000000000000014400, 0.0000000000000000000 ) ) ;
#1731 = DIRECTION ( 'NONE',  ( -0.7071067811865413600, 0.7071067811865536800, 0.0000000000000000000 ) ) ;
#1732 = CYLINDRICAL_SURFACE ( 'NONE', #2489, 0.04166666666666673400 ) ;
#1733 = ADVANCED_FACE ( 'NONE', ( #5114 ), #6305, .T. ) ;
#1734 = AXIS2_PLACEMENT_3D ( 'NONE', #3778, #256, #2756 ) ;
#1735 = FACE_OUTER_BOUND ( 'NONE', #2811, .T. ) ;
#1736 = EDGE_LOOP ( 'NONE', ( #1843, #4335, #778, #4174 ) ) ;
#1737 = CIRCLE ( 'NONE', #5149, 0.01041666666666661100 ) ;
#1738 = ORIENTED_EDGE ( 'NONE', *, *, #2313, .T. ) ;
#1739 = ORIENTED_EDGE ( 'NONE', *, *, #3512, .F. ) ;
#1740 = FACE_OUTER_BOUND ( 'NONE', #2830, .T. ) ;
#1741 = EDGE_LOOP ( 'NONE', ( #2835, #5286 ) ) ;
#1742 = DIRECTION ( 'NONE',  ( 0.0000000000000000000, 0.0000000000000000000, 1.000000000000000000 ) ) ;
#1743 = CYLINDRICAL_SURFACE ( 'NONE', #772, 0.04166666666666672000 ) ;
#1744 = DIRECTION ( 'NONE',  ( 0.0000000000000000000, 0.0000000000000000000, 1.000000000000000000 ) ) ;
#1745 = DIRECTION ( 'NONE',  ( 0.9659258262890704200, 0.2588190451025130200, 0.0000000000000000000 ) ) ;
#1746 = ORIENTED_EDGE ( 'NONE', *, *, #5404, .F. ) ;
#1747 = VECTOR ( 'NONE', #1023, 39.37007874015748100 ) ;
#1748 = ORIENTED_EDGE ( 'NONE', *, *, #2390, .F. ) ;
#1749 = DIRECTION ( 'NONE',  ( 0.0000000000000000000, 0.0000000000000000000, 1.000000000000000000 ) ) ;
#1750 = CARTESIAN_POINT ( 'NONE',  ( -0.3333333333333258800, 0.5773502691896298400, 0.2291666666666667700 ) ) ;
#1751 = ORIENTED_EDGE ( 'NONE', *, *, #5671, .F. ) ;
#1752 = ORIENTED_EDGE ( 'NONE', *, *, #2010, .F. ) ;
#1753 = EDGE_LOOP ( 'NONE', ( #4245, #3584, #186, #2449 ) ) ;
#1754 = DIRECTION ( 'NONE',  ( 0.4999999999999979500, -0.8660254037844397100, 0.0000000000000000000 ) ) ;
#1755 = LINE ( 'NONE', #6017, #2923 ) ;
#1756 = EDGE_LOOP ( 'NONE', ( #6494, #2909 ) ) ;
#1757 = VERTEX_POINT ( 'NONE', #4207 ) ;
#1758 = CARTESIAN_POINT ( 'NONE',  ( 0.0000000000000000000, -4.908789363615472900E-016, 0.3125000000000001700 ) ) ;
#1759 = DIRECTION ( 'NONE',  ( -0.4999999999999920100, 0.8660254037844432600, 0.0000000000000000000 ) ) ;
#1760 = VERTEX_POINT ( 'NONE', #277 ) ;
#1761 = EDGE_CURVE ( 'NONE', #1709, #6330, #3987, .T. ) ;
#1762 = VERTEX_POINT ( 'NONE', #1299 ) ;
#1763 = EDGE_CURVE ( 'NONE', #1757, #2465, #3753, .T. ) ;
#1764 = ORIENTED_EDGE ( 'NONE', *, *, #5270, .F. ) ;
#1765 = ADVANCED_FACE ( 'NONE', ( #1656 ), #2514, .T. ) ;
#1766 = CARTESIAN_POINT ( 'NONE',  ( 0.1725460300683430100, -0.6439505508593798000, -0.2291666666666666300 ) ) ;
#1767 = CARTESIAN_POINT ( 'NONE',  ( 0.6439505508593792400, 0.1725460300683452600, -0.2291666666666666300 ) ) ;
#1768 = AXIS2_PLACEMENT_3D ( 'NONE', #4209, #1716, #4684 ) ;
#1769 = DIRECTION ( 'NONE',  ( 0.9659258262890682000, -0.2588190451025213500, 0.0000000000000000000 ) ) ;
#1770 = CARTESIAN_POINT ( 'NONE',  ( -0.3243122353772501200, -0.5825586025229562100, 0.2291666666666667700 ) ) ;
#1771 = AXIS2_PLACEMENT_3D ( 'NONE', #652, #4113, #4641 ) ;
#1772 = ORIENTED_EDGE ( 'NONE', *, *, #1099, .F. ) ;
#1773 = DIRECTION ( 'NONE',  ( 0.0000000000000000000, 0.0000000000000000000, 1.000000000000000000 ) ) ;
#1775 = AXIS2_PLACEMENT_3D ( 'NONE', #6461, #3426, #2498 ) ;
#1774 = CARTESIAN_POINT ( 'NONE',  ( 0.6666666666666665200, -2.327654225895421700E-015, -0.2291666666666666300 ) ) ;
#1776 = ADVANCED_FACE ( 'NONE', ( #5983, #339 ), #3687, .F. ) ;
#1777 = CARTESIAN_POINT ( 'NONE',  ( 0.1826077574255252600, 0.6412545191395606600, 0.2291666666666667700 ) ) ;
#1778 = CARTESIAN_POINT ( 'NONE',  ( 0.6666666666666665200, -2.327654225895421700E-015, 0.2291666666666667700 ) ) ;
#1779 = ORIENTED_EDGE ( 'NONE', *, *, #4520, .T. ) ;
#1780 = AXIS2_PLACEMENT_3D ( 'NONE', #749, #3280, #4249 ) ;
#1781 = PLANE ( 'NONE',  #2102 ) ;
#1782 = VERTEX_POINT ( 'NONE', #4702 ) ;
#1783 = DIRECTION ( 'NONE',  ( -0.7071067811865507900, -0.7071067811865442400, 0.0000000000000000000 ) ) ;
#1784 = CARTESIAN_POINT ( 'NONE',  ( -4.655308451790843400E-015, -0.6666666666666665200, 0.2708333333333334800 ) ) ;
#1785 = CIRCLE ( 'NONE', #5892, 0.01041666666666661100 ) ;
#1786 = EDGE_CURVE ( 'NONE', #3755, #5772, #2046, .T. ) ;
#1787 = EDGE_LOOP ( 'NONE', ( #4423, #4586 ) ) ;
#1788 = EDGE_CURVE ( 'NONE', #5028, #2066, #2288, .T. ) ;
#1789 = ORIENTED_EDGE ( 'NONE', *, *, #1804, .T. ) ;
#1790 = CARTESIAN_POINT ( 'NONE',  ( 0.6412545191395614400, 0.1826077574255230400, 0.2291666666666667700 ) ) ;
#1791 = EDGE_CURVE ( 'NONE', #4331, #4427, #4785, .T. ) ;
#1792 = CARTESIAN_POINT ( 'NONE',  ( 0.4714045207910323400, 0.4714045207910307900, -0.2291666666666666300 ) ) ;
#1793 = FACE_OUTER_BOUND ( 'NONE', #6512, .T. ) ;
#1794 = ORIENTED_EDGE ( 'NONE', *, *, #1575, .T. ) ;
#1795 = CARTESIAN_POINT ( 'NONE',  ( 0.4419417382415894400, -0.5008673033404733600, 0.2291666666666667700 ) ) ;
#1796 = CYLINDRICAL_SURFACE ( 'NONE', #3320, 0.01041666666666663700 ) ;
#1797 = VERTEX_POINT ( 'NONE', #4749 ) ;
#1798 = CARTESIAN_POINT ( 'NONE',  ( 0.1826077574255252600, 0.6412545191395606600, -0.2291666666666666300 ) ) ;
#1799 = PLANE ( 'NONE',  #1346 ) ;
#1800 = ADVANCED_FACE ( 'NONE', ( #5902, #1816 ), #5279, .F. ) ;
#1801 = EDGE_CURVE ( 'NONE', #3112, #2606, #4540, .T. ) ;
#1802 = DIRECTION ( 'NONE',  ( -0.9659258262890699800, -0.2588190451025145800, 0.0000000000000000000 ) ) ;
#1803 = CYLINDRICAL_SURFACE ( 'NONE', #3114, 0.01041666666666659100 ) ;
#1804 = EDGE_CURVE ( 'NONE', #3172, #4203, #2135, .T. ) ;
#1805 = AXIS2_PLACEMENT_3D ( 'NONE', #1540, #6069, #461 ) ;
#1806 = DIMENSIONAL_EXPONENTS ( 1.000000000000000000, 0.0000000000000000000, 0.0000000000000000000, 0.0000000000000000000, 0.0000000000000000000, 0.0000000000000000000, 0.0000000000000000000 ) ;
#1807 = ADVANCED_FACE ( 'NONE', ( #954 ), #5663, .T. ) ;
#1808 = FACE_OUTER_BOUND ( 'NONE', #5828, .T. ) ;
#1809 = DIRECTION ( 'NONE',  ( 0.4999999999999993300, -0.8660254037844391500, 0.0000000000000000000 ) ) ;
#1810 = VECTOR ( 'NONE', #2662, 39.37007874015748100 ) ;
#1811 = DIRECTION ( 'NONE',  ( 0.0000000000000000000, 0.0000000000000000000, 1.000000000000000000 ) ) ;
#1812 = AXIS2_PLACEMENT_3D ( 'NONE', #3223, #4696, #2277 ) ;
#1813 = LOCAL_TIME ( 15, 14, 48.00000000000000000, #2828 ) ;
#1814 = ORIENTED_EDGE ( 'NONE', *, *, #6182, .F. ) ;
#1815 = DIRECTION ( 'NONE',  ( 0.0000000000000000000, -1.000000000000000000, -1.586234318901829100E-016 ) ) ;
#1816 = FACE_BOUND ( 'NONE', #2799, .T. ) ;
#1817 = CARTESIAN_POINT ( 'NONE',  ( 0.0000000000000000000, -3.884346365991373500E-016, -0.3125000000000002800 ) ) ;
#1818 = VECTOR ( 'NONE', #2783, 39.37007874015748100 ) ;
#1819 = DIRECTION ( 'NONE',  ( 0.0000000000000000000, 0.0000000000000000000, 1.000000000000000000 ) ) ;
#1820 = DIRECTION ( 'NONE',  ( 0.0000000000000000000, 0.0000000000000000000, 1.000000000000000000 ) ) ;
#1821 = ORIENTED_EDGE ( 'NONE', *, *, #6043, .F. ) ;
#1822 = VECTOR ( 'NONE', #2713, 39.37007874015748100 ) ;
#1823 = ORIENTED_EDGE ( 'NONE', *, *, #2720, .T. ) ;
#1824 = CARTESIAN_POINT ( 'NONE',  ( -0.1624843027111607400, 0.6466465825791988300, 0.2291666666666667700 ) ) ;
#1825 = DIRECTION ( 'NONE',  ( 0.0000000000000000000, 0.0000000000000000000, 1.000000000000000000 ) ) ;
#1826 = LINE ( 'NONE', #1650, #5670 ) ;
#1827 = ORIENTED_EDGE ( 'NONE', *, *, #6436, .T. ) ;
#1828 = CARTESIAN_POINT ( 'NONE',  ( -0.01041666666666661200, 0.6666666666666665200, 0.2291666666666667700 ) ) ;
#1829 = EDGE_LOOP ( 'NONE', ( #2007, #43, #673, #5005 ) ) ;
#1830 = EDGE_CURVE ( 'NONE', #5944, #5434, #2677, .T. ) ;
#1831 = VERTEX_POINT ( 'NONE', #4298 ) ;
#1832 = LINE ( 'NONE', #4566, #3303 ) ;
#1833 = ADVANCED_FACE ( 'NONE', ( #3445 ), #4307, .T. ) ;
#1834 = PLANE ( 'NONE',  #3305 ) ;
#1835 = CARTESIAN_POINT ( 'NONE',  ( -0.1624843027111742600, -0.6466465825791952700, 0.2291666666666667700 ) ) ;
#1836 = EDGE_LOOP ( 'NONE', ( #504, #4561 ) ) ;
#1837 = DIRECTION ( 'NONE',  ( 0.0000000000000000000, 0.0000000000000000000, 1.000000000000000000 ) ) ;
#1838 = ORIENTED_EDGE ( 'NONE', *, *, #5262, .F. ) ;
#1839 = EDGE_LOOP ( 'NONE', ( #4813, #3088, #4344, #6392 ) ) ;
#1840 = ORIENTED_EDGE ( 'NONE', *, *, #303, .F. ) ;
#1841 = CIRCLE ( 'NONE', #6027, 0.01041666666666662600 ) ;
#1842 = DIRECTION ( 'NONE',  ( -3.491481338843133000E-015, -1.000000000000000000, 0.0000000000000000000 ) ) ;
#1843 = ORIENTED_EDGE ( 'NONE', *, *, #2856, .F. ) ;
#1844 = DIRECTION ( 'NONE',  ( 0.0000000000000000000, 0.0000000000000000000, 1.000000000000000000 ) ) ;
#1845 = ORIENTED_EDGE ( 'NONE', *, *, #5739, .T. ) ;
#1846 = CIRCLE ( 'NONE', #913, 0.01041666666666660200 ) ;
#1847 = ADVANCED_FACE ( 'NONE', ( #3909 ), #1966, .F. ) ;
#1848 = CARTESIAN_POINT ( 'NONE',  ( -0.5721419358562882500, 0.3423544312894278300, 0.2708333333333334800 ) ) ;
#1849 = CARTESIAN_POINT ( 'NONE',  ( -0.5721419358562954700, -0.3423544312894157300, 0.2708333333333334800 ) ) ;
#1850 = EDGE_CURVE ( 'NONE', #2495, #5712, #2597, .T. ) ;
#1851 = ORIENTED_EDGE ( 'NONE', *, *, #4650, .T. ) ;
#1852 = DIRECTION ( 'NONE',  ( 0.9659258262890680900, -0.2588190451025211300, 0.0000000000000000000 ) ) ;
#1853 = CARTESIAN_POINT ( 'NONE',  ( -0.6466465825791948300, 0.1624843027111765300, 0.2291666666666667700 ) ) ;
#1854 = VERTEX_POINT ( 'NONE', #4798 ) ;
#1855 = AXIS2_PLACEMENT_3D ( 'NONE', #3140, #5210, #161 ) ;
#1856 = DIRECTION ( 'NONE',  ( 0.0000000000000000000, 0.0000000000000000000, -1.000000000000000000 ) ) ;
#1857 = DIRECTION ( 'NONE',  ( 0.0000000000000000000, -1.000000000000000000, -1.586234318901829300E-016 ) ) ;
#1858 = AXIS2_PLACEMENT_3D ( 'NONE', #3707, #1708, #5214 ) ;
#1859 = FACE_OUTER_BOUND ( 'NONE', #4965, .T. ) ;
#1861 = AXIS2_PLACEMENT_3D ( 'NONE', #775, #3248, #5797 ) ;
#1860 = DIRECTION ( 'NONE',  ( -0.9659258262890662000, 0.2588190451025280100, 0.0000000000000000000 ) ) ;
#1862 = ORIENTED_EDGE ( 'NONE', *, *, #2094, .F. ) ;
#1863 = CARTESIAN_POINT ( 'NONE',  ( -0.5773502691896217300, 0.3333333333333399800, 0.2291666666666667700 ) ) ;
#1864 = DIRECTION ( 'NONE',  ( 0.0000000000000000000, 0.0000000000000000000, 1.000000000000000000 ) ) ;
#1865 = CIRCLE ( 'NONE', #2395, 0.04166666666666670600 ) ;
#1866 = CARTESIAN_POINT ( 'NONE',  ( 0.3243122353772460700, 0.5825586025229585500, 0.2291666666666667700 ) ) ;
#1867 = DIRECTION ( 'NONE',  ( 0.0000000000000000000, 0.0000000000000000000, 1.000000000000000000 ) ) ;
#1868 = DIRECTION ( 'NONE',  ( 0.7071067811865556800, 0.7071067811865392500, 0.0000000000000000000 ) ) ;
#1869 = CARTESIAN_POINT ( 'NONE',  ( 0.0000000000000000000, -4.908789363615472900E-016, 0.3125000000000001700 ) ) ;
#1870 = EDGE_CURVE ( 'NONE', #4714, #3755, #4149, .T. ) ;
#1871 = CIRCLE ( 'NONE', #1114, 0.01041666666666661200 ) ;
#1872 = ADVANCED_FACE ( 'NONE', ( #3675 ), #5025, .T. ) ;
#1873 = ORIENTED_EDGE ( 'NONE', *, *, #5801, .T. ) ;
#1874 = DIRECTION ( 'NONE',  ( 0.0000000000000000000, 1.000000000000000000, 1.639108796198557900E-016 ) ) ;
#1875 = CARTESIAN_POINT ( 'NONE',  ( 0.5721419358562908100, -0.3423544312894237800, 0.2708333333333334800 ) ) ;
#1876 =( NAMED_UNIT ( * ) SI_UNIT ( $, .STERADIAN. ) SOLID_ANGLE_UNIT ( ) );
#1877 = DIRECTION ( 'NONE',  ( 0.0000000000000000000, 0.0000000000000000000, 1.000000000000000000 ) ) ;
#1878 = FACE_OUTER_BOUND ( 'NONE', #3491, .T. ) ;
#1879 = CARTESIAN_POINT ( 'NONE',  ( -0.1833301569476240000, -0.6841974602880885900, -0.2291666666666666300 ) ) ;
#1880 = CIRCLE ( 'NONE', #5986, 0.01041666666666661200 ) ;
#1881 = EDGE_CURVE ( 'NONE', #6502, #2317, #4627, .T. ) ;
#1882 = CIRCLE ( 'NONE', #3398, 0.04166666666666673400 ) ;
#1883 = DIRECTION ( 'NONE',  ( 0.5000000000000119900, 0.8660254037844318200, 0.0000000000000000000 ) ) ;
#1884 = EDGE_CURVE ( 'NONE', #1465, #2612, #3286, .T. ) ;
#1885 = EDGE_LOOP ( 'NONE', ( #4565, #5131 ) ) ;
#1886 = LINE ( 'NONE', #6422, #5565 ) ;
#1887 = DIRECTION ( 'NONE',  ( -0.0000000000000000000, -0.0000000000000000000, 1.000000000000000000 ) ) ;
#1888 = CIRCLE ( 'NONE', #226, 0.01041666666666663700 ) ;
#1890 = AXIS2_PLACEMENT_3D ( 'NONE', #5982, #2045, #5502 ) ;
#1889 = DATE_AND_TIME ( #2285, #3750 ) ;
#1891 = DIRECTION ( 'NONE',  ( -0.7071067811865462400, 0.7071067811865486800, 0.0000000000000000000 ) ) ;
#1892 = ORIENTED_EDGE ( 'NONE', *, *, #4374, .T. ) ;
#1893 = DIRECTION ( 'NONE',  ( 0.4999999999999919000, -0.8660254037844431500, 0.0000000000000000000 ) ) ;
#1894 = FACE_OUTER_BOUND ( 'NONE', #5221, .T. ) ;
#1895 = CARTESIAN_POINT ( 'NONE',  ( -0.6439505508593768000, 0.1725460300683542600, -0.2291666666666666300 ) ) ;
#1896 = ORIENTED_EDGE ( 'NONE', *, *, #351, .T. ) ;
#1897 = LINE ( 'NONE', #5022, #662 ) ;
#1898 = ORIENTED_EDGE ( 'NONE', *, *, #2541, .T. ) ;
#1899 = DIRECTION ( 'NONE',  ( 0.8660254037844391500, -0.4999999999999993300, 0.0000000000000000000 ) ) ;
#1900 = FACE_OUTER_BOUND ( 'NONE', #2398, .T. ) ;
#1901 = AXIS2_PLACEMENT_3D ( 'NONE', #4681, #2636, #99 ) ;
#1902 = ORIENTED_EDGE ( 'NONE', *, *, #5070, .F. ) ;
#1903 = ADVANCED_FACE ( 'NONE', ( #1342 ), #5491, .F. ) ;
#1904 = CIRCLE ( 'NONE', #259, 0.04166666666666672000 ) ;
#1905 = DIRECTION ( 'NONE',  ( -0.2588190451025246800, -0.9659258262890673100, 0.0000000000000000000 ) ) ;
#1906 = VERTEX_POINT ( 'NONE', #831 ) ;
#1907 = EDGE_LOOP ( 'NONE', ( #5621, #3697 ) ) ;
#1908 = CARTESIAN_POINT ( 'NONE',  ( 0.6439505508593780200, -0.1725460300683497900, -0.2708333333333335400 ) ) ;
#1909 = ORIENTED_EDGE ( 'NONE', *, *, #1390, .T. ) ;
#1910 = EDGE_CURVE ( 'NONE', #5808, #1432, #5825, .T. ) ;
#1911 = EDGE_LOOP ( 'NONE', ( #4327, #3855 ) ) ;
#1912 = FACE_OUTER_BOUND ( 'NONE', #4170, .T. ) ;
#1913 = ORIENTED_EDGE ( 'NONE', *, *, #5106, .T. ) ;
#1914 = EDGE_CURVE ( 'NONE', #3062, #3479, #1191, .T. ) ;
#1915 = VERTEX_POINT ( 'NONE', #4285 ) ;
#1916 = ORIENTED_EDGE ( 'NONE', *, *, #1924, .F. ) ;
#1917 = CARTESIAN_POINT ( 'NONE',  ( -0.6439505508593768000, 0.1725460300683542600, -0.2708333333333335400 ) ) ;
#1918 = DIRECTION ( 'NONE',  ( 0.0000000000000000000, 0.0000000000000000000, 1.000000000000000000 ) ) ;
#1919 = EDGE_LOOP ( 'NONE', ( #2615, #2573, #2311, #5593 ) ) ;
#1920 = ORIENTED_EDGE ( 'NONE', *, *, #2758, .T. ) ;
#1921 = DIRECTION ( 'NONE',  ( 0.0000000000000000000, 0.0000000000000000000, 1.000000000000000000 ) ) ;
#1922 = DIRECTION ( 'NONE',  ( 0.0000000000000000000, 0.0000000000000000000, 1.000000000000000000 ) ) ;
#1923 = DIRECTION ( 'NONE',  ( 0.8660254037844377100, -0.5000000000000014400, 0.0000000000000000000 ) ) ;
#1924 = EDGE_CURVE ( 'NONE', #5051, #5687, #6224, .T. ) ;
#1925 = ORIENTED_EDGE ( 'NONE', *, *, #5126, .F. ) ;
#1926 = AXIS2_PLACEMENT_3D ( 'NONE', #3158, #5665, #636 ) ;
#1927 = DIRECTION ( 'NONE',  ( 0.0000000000000000000, 0.0000000000000000000, 1.000000000000000000 ) ) ;
#1928 = DIRECTION ( 'NONE',  ( 0.4999999999999984500, -0.8660254037844397100, 0.0000000000000000000 ) ) ;
#1929 = ORIENTED_EDGE ( 'NONE', *, *, #963, .F. ) ;
#1930 = DIRECTION ( 'NONE',  ( 0.0000000000000000000, 0.0000000000000000000, 1.000000000000000000 ) ) ;
#1931 = ORIENTED_EDGE ( 'NONE', *, *, #5871, .T. ) ;
#1932 = AXIS2_PLACEMENT_3D ( 'NONE', #840, #4324, #4855 ) ;
#1933 = ADVANCED_FACE ( 'NONE', ( #22, #2363 ), #4865, .F. ) ;
#1934 = CARTESIAN_POINT ( 'NONE',  ( 0.3694177251576855600, 0.5565169358562918100, 0.2291666666666667700 ) ) ;
#1935 = DIRECTION ( 'NONE',  ( -0.0000000000000000000, -0.0000000000000000000, 1.000000000000000000 ) ) ;
#1936 = AXIS2_PLACEMENT_3D ( 'NONE', #2234, #5704, #2726 ) ;
#1937 = CARTESIAN_POINT ( 'NONE',  ( 0.1725460300683475100, 0.6439505508593785800, -0.2291666666666666300 ) ) ;
#1938 = DIRECTION ( 'NONE',  ( -1.000000000000000000, 0.0000000000000000000, -0.0000000000000000000 ) ) ;
#1939 = CIRCLE ( 'NONE', #1812, 0.01041666666666659100 ) ;
#1940 = ORIENTED_EDGE ( 'NONE', *, *, #1456, .T. ) ;
#1941 = AXIS2_PLACEMENT_3D ( 'NONE', #5750, #2261, #5255 ) ;
#1942 = VERTEX_POINT ( 'NONE', #5870 ) ;
#1943 = DIRECTION ( 'NONE',  ( 0.0000000000000000000, 0.0000000000000000000, 1.000000000000000000 ) ) ;
#1944 = CIRCLE ( 'NONE', #4442, 0.01041666666666661200 ) ;
#1945 = ORIENTED_EDGE ( 'NONE', *, *, #3119, .T. ) ;
#1946 = DIRECTION ( 'NONE',  ( 0.0000000000000000000, 0.0000000000000000000, 1.000000000000000000 ) ) ;
#1947 = EDGE_CURVE ( 'NONE', #1671, #1056, #90, .T. ) ;
#1948 = VECTOR ( 'NONE', #1685, 39.37007874015748100 ) ;
#1949 = AXIS2_PLACEMENT_3D ( 'NONE', #4654, #5211, #5651 ) ;
#1950 = VERTEX_POINT ( 'NONE', #378 ) ;
#1951 = DIRECTION ( 'NONE',  ( 0.0000000000000000000, 0.0000000000000000000, 1.000000000000000000 ) ) ;
#1952 = VECTOR ( 'NONE', #5496, 39.37007874015748100 ) ;
#1953 = DIRECTION ( 'NONE',  ( 0.7071067811865442400, -0.7071067811865507900, 0.0000000000000000000 ) ) ;
#1954 = PLANE ( 'NONE',  #4111 ) ;
#1955 = DIRECTION ( 'NONE',  ( 0.0000000000000000000, 0.0000000000000000000, 1.000000000000000000 ) ) ;
#1956 = DIRECTION ( 'NONE',  ( -0.0000000000000000000, 0.0000000000000000000, -1.000000000000000000 ) ) ;
#1957 = VECTOR ( 'NONE', #4046, 39.37007874015748100 ) ;
#1958 = ADVANCED_FACE ( 'NONE', ( #2282 ), #563, .T. ) ;
#1959 = DIRECTION ( 'NONE',  ( -0.7071067811865442400, 0.7071067811865507900, 0.0000000000000000000 ) ) ;
#1960 = CIRCLE ( 'NONE', #6488, 0.01041666666666661200 ) ;
#1961 = ADVANCED_FACE ( 'NONE', ( #5256 ), #1260, .F. ) ;
#1962 = DATE_AND_TIME ( #1577, #1813 ) ;
#1963 = DIRECTION ( 'NONE',  ( 0.5000000000000041100, 0.8660254037844362700, 0.0000000000000000000 ) ) ;
#1964 = ORIENTED_EDGE ( 'NONE', *, *, #6182, .T. ) ;
#1965 = EDGE_CURVE ( 'NONE', #212, #54, #5107, .T. ) ;
#1966 = CYLINDRICAL_SURFACE ( 'NONE', #2201, 0.01041666666666661200 ) ;
#1967 = DIRECTION ( 'NONE',  ( -3.278217592397111500E-015, -1.000000000000000000, 0.0000000000000000000 ) ) ;
#1968 = CYLINDRICAL_SURFACE ( 'NONE', #3558, 0.04166666666666673400 ) ;
#1969 = CLOSED_SHELL ( 'NONE', ( #4893, #527, #824, #4652 ) ) ;
#1970 = AXIS2_PLACEMENT_3D ( 'NONE', #2264, #174, #1238 ) ;
#1971 = FACE_OUTER_BOUND ( 'NONE', #3387, .T. ) ;
#1972 = ORIENTED_EDGE ( 'NONE', *, *, #5079, .F. ) ;
#1973 = AXIS2_PLACEMENT_3D ( 'NONE', #5332, #364, #813 ) ;
#1974 = CIRCLE ( 'NONE', #4824, 0.01041666666666659100 ) ;
#1975 = DIRECTION ( 'NONE',  ( 1.000000000000000000, -6.982962677686265900E-015, 0.0000000000000000000 ) ) ;
#1976 = DIRECTION ( 'NONE',  ( 0.0000000000000000000, 0.0000000000000000000, -1.000000000000000000 ) ) ;
#1977 = ORIENTED_EDGE ( 'NONE', *, *, #2226, .F. ) ;
#1978 = DIRECTION ( 'NONE',  ( 0.0000000000000000000, 0.0000000000000000000, -1.000000000000000000 ) ) ;
#1979 = ORIENTED_EDGE ( 'NONE', *, *, #3899, .F. ) ;
#1980 = AXIS2_PLACEMENT_3D ( 'NONE', #4187, #358, #5976 ) ;
#1981 = CLOSED_SHELL ( 'NONE', ( #3139, #4825, #2587, #2068, #4774, #2031 ) ) ;
#1982 = CYLINDRICAL_SURFACE ( 'NONE', #6118, 0.01041666666666662600 ) ;
#1983 = VERTEX_POINT ( 'NONE', #2910 ) ;
#1984 = DIRECTION ( 'NONE',  ( 0.0000000000000000000, 0.0000000000000000000, 1.000000000000000000 ) ) ;
#1985 = AXIS2_PLACEMENT_3D ( 'NONE', #3874, #4297, #340 ) ;
#1986 = VERTEX_POINT ( 'NONE', #4929 ) ;
#1987 = CLOSED_SHELL ( 'NONE', ( #5855, #2862, #472, #2687, #6261, #4818 ) ) ;
#1988 = DIRECTION ( 'NONE',  ( 0.0000000000000000000, -0.0000000000000000000, 1.000000000000000000 ) ) ;
#1989 = ORIENTED_EDGE ( 'NONE', *, *, #4604, .T. ) ;
#1990 = FACE_BOUND ( 'NONE', #5295, .T. ) ;
#1991 = ORIENTED_EDGE ( 'NONE', *, *, #5614, .F. ) ;
#1992 = DIRECTION ( 'NONE',  ( 0.0000000000000000000, 0.0000000000000000000, 1.000000000000000000 ) ) ;
#1993 = DIRECTION ( 'NONE',  ( 0.4999999999999979500, -0.8660254037844397100, 0.0000000000000000000 ) ) ;
#1994 = DIRECTION ( 'NONE',  ( 0.8660254037844453700, 0.4999999999999886200, 0.0000000000000000000 ) ) ;
#1996 = VERTEX_POINT ( 'NONE', #4419 ) ;
#1995 = AXIS2_PLACEMENT_3D ( 'NONE', #2682, #1221, #200 ) ;
#1998 = CYLINDRICAL_SURFACE ( 'NONE', #2788, 0.04166666666666672000 ) ;
#1997 = DIRECTION ( 'NONE',  ( 0.0000000000000000000, 0.0000000000000000000, 1.000000000000000000 ) ) ;
#1999 = ADVANCED_FACE ( 'NONE', ( #4622 ), #3747, .F. ) ;
#2000 = EDGE_CURVE ( 'NONE', #3803, #1915, #3825, .T. ) ;
#2001 = ADVANCED_FACE ( 'NONE', ( #413 ), #5736, .F. ) ;
#2002 = DIRECTION ( 'NONE',  ( 0.0000000000000000000, 0.0000000000000000000, 1.000000000000000000 ) ) ;
#2003 = CARTESIAN_POINT ( 'NONE',  ( -0.6466465825791981600, -0.1624843027111629900, 0.2291666666666667700 ) ) ;
#2004 = ORIENTED_EDGE ( 'NONE', *, *, #5958, .T. ) ;
#2005 = DIRECTION ( 'NONE',  ( 0.0000000000000000000, 0.0000000000000000000, 1.000000000000000000 ) ) ;
#2006 = EDGE_CURVE ( 'NONE', #1950, #1942, #3902, .T. ) ;
#2007 = ORIENTED_EDGE ( 'NONE', *, *, #5609, .F. ) ;
#2008 = DIRECTION ( 'NONE',  ( 0.0000000000000000000, 0.0000000000000000000, 1.000000000000000000 ) ) ;
#2009 = CARTESIAN_POINT ( 'NONE',  ( -0.6439505508593768000, 0.1725460300683542600, 0.2291666666666667700 ) ) ;
#2010 = EDGE_CURVE ( 'NONE', #4492, #1696, #253, .T. ) ;
#2011 = FACE_OUTER_BOUND ( 'NONE', #964, .T. ) ;
#2012 = AXIS2_PLACEMENT_3D ( 'NONE', #3410, #2906, #1387 ) ;
#2013 = CARTESIAN_POINT ( 'NONE',  ( 0.0000000000000000000, -0.6458333333333340400, -0.2708333333333336500 ) ) ;
#2014 = DIRECTION ( 'NONE',  ( 0.5000000000000097700, 0.8660254037844330500, 0.0000000000000000000 ) ) ;
#2015 = EDGE_LOOP ( 'NONE', ( #5795, #120 ) ) ;
#2016 = DIRECTION ( 'NONE',  ( 0.8660254037844391500, -0.4999999999999993300, 0.0000000000000000000 ) ) ;
#2017 = AXIS2_PLACEMENT_3D ( 'NONE', #3186, #5690, #4666 ) ;
#2018 = DIRECTION ( 'NONE',  ( 0.7071067811865459100, -0.7071067811865491300, 0.0000000000000000000 ) ) ;
#2019 = CARTESIAN_POINT ( 'NONE',  ( 0.4640388251536725600, 0.4787702164283906800, 0.2291666666666667700 ) ) ;
#2020 = FACE_OUTER_BOUND ( 'NONE', #5514, .T. ) ;
#2021 = AXIS2_PLACEMENT_3D ( 'NONE', #5774, #2241, #3743 ) ;
#2022 = ORIENTED_EDGE ( 'NONE', *, *, #4180, .T. ) ;
#2023 = DIRECTION ( 'NONE',  ( 0.0000000000000000000, 0.0000000000000000000, 1.000000000000000000 ) ) ;
#2024 = CARTESIAN_POINT ( 'NONE',  ( -0.5565169358562879200, 0.3694177251576914500, -0.2291666666666666300 ) ) ;
#2025 = DIRECTION ( 'NONE',  ( 0.0000000000000000000, -0.0000000000000000000, -1.000000000000000000 ) ) ;
#2026 = AXIS2_PLACEMENT_3D ( 'NONE', #4110, #6156, #2303 ) ;
#2027 = CIRCLE ( 'NONE', #6002, 0.7083333333333337000 ) ;
#2028 = ORIENTED_EDGE ( 'NONE', *, *, #1219, .T. ) ;
#2029 = CARTESIAN_POINT ( 'NONE',  ( -0.1624843027111742600, -0.6466465825791952700, 0.2708333333333334800 ) ) ;
#2030 = DIRECTION ( 'NONE',  ( 0.0000000000000000000, 0.0000000000000000000, 1.000000000000000000 ) ) ;
#2031 = ADVANCED_FACE ( 'NONE', ( #2432 ), #6298, .T. ) ;
#2032 = CARTESIAN_POINT ( 'NONE',  ( 0.6412545191395601100, -0.1826077574255275100, -0.2291666666666666300 ) ) ;
#2033 = PLANE ( 'NONE',  #1320 ) ;
#2034 = FACE_OUTER_BOUND ( 'NONE', #1736, .T. ) ;
#2035 = AXIS2_PLACEMENT_3D ( 'NONE', #2805, #5345, #2351 ) ;
#2036 = CARTESIAN_POINT ( 'NONE',  ( -0.5565169358562956900, -0.3694177251576796800, 0.2291666666666667700 ) ) ;
#2037 = DIRECTION ( 'NONE',  ( 0.2588190451025179100, -0.9659258262890689800, 0.0000000000000000000 ) ) ;
#2038 = DIRECTION ( 'NONE',  ( -1.000000000000000000, 1.311287036958853100E-014, 0.0000000000000000000 ) ) ;
#2039 = EDGE_CURVE ( 'NONE', #5425, #507, #2668, .T. ) ;
#2040 = CIRCLE ( 'NONE', #3355, 0.01041666666666660200 ) ;
#2041 = CARTESIAN_POINT ( 'NONE',  ( -0.3333333333333379800, -0.5773502691896228400, 0.2708333333333334800 ) ) ;
#2042 = FACE_OUTER_BOUND ( 'NONE', #3739, .T. ) ;
#2043 = DIRECTION ( 'NONE',  ( 0.0000000000000000000, -0.0000000000000000000, -1.000000000000000000 ) ) ;
#2044 = VERTEX_POINT ( 'NONE', #6464 ) ;
#2045 = DIRECTION ( 'NONE',  ( 0.0000000000000000000, 0.0000000000000000000, 1.000000000000000000 ) ) ;
#2046 = CIRCLE ( 'NONE', #1367, 0.01041666666666659100 ) ;
#2047 = VECTOR ( 'NONE', #2864, 39.37007874015748100 ) ;
#2048 = EDGE_CURVE ( 'NONE', #4003, #1003, #4140, .T. ) ;
#2049 = ORIENTED_EDGE ( 'NONE', *, *, #5935, .F. ) ;
#2050 = CYLINDRICAL_SURFACE ( 'NONE', #5815, 0.01041666666666661200 ) ;
#2051 = CARTESIAN_POINT ( 'NONE',  ( -0.6412545191395625500, -0.1826077574255185200, 0.2291666666666667700 ) ) ;
#2052 = AXIS2_PLACEMENT_3D ( 'NONE', #538, #3973, #1953 ) ;
#2053 = ORIENTED_EDGE ( 'NONE', *, *, #5968, .T. ) ;
#2054 = EDGE_LOOP ( 'NONE', ( #3455, #3775, #1521, #5606 ) ) ;
#2055 = VECTOR ( 'NONE', #5980, 39.37007874015748100 ) ;
#2056 = ORIENTED_EDGE ( 'NONE', *, *, #5972, .T. ) ;
#2057 = DIRECTION ( 'NONE',  ( 0.2588190451025179100, -0.9659258262890689800, 0.0000000000000000000 ) ) ;
#2058 = CIRCLE ( 'NONE', #4028, 0.01041666666666661100 ) ;
#2059 = DIRECTION ( 'NONE',  ( -0.7071067811865442400, 0.7071067811865507900, 0.0000000000000000000 ) ) ;
#2060 = DIRECTION ( 'NONE',  ( 0.8660254037844391500, -0.4999999999999993300, 0.0000000000000000000 ) ) ;
#2061 = ORIENTED_EDGE ( 'NONE', *, *, #5708, .F. ) ;
#2063 = AXIS2_PLACEMENT_3D ( 'NONE', #1476, #3977, #998 ) ;
#2062 = CARTESIAN_POINT ( 'NONE',  ( 0.5008673033404686900, -0.4419417382415946100, 0.2291666666666667700 ) ) ;
#2064 = FACE_OUTER_BOUND ( 'NONE', #3771, .T. ) ;
#2065 = DIRECTION ( 'NONE',  ( 0.0000000000000000000, 0.0000000000000000000, 1.000000000000000000 ) ) ;
#2066 = VERTEX_POINT ( 'NONE', #458 ) ;
#2067 = DIRECTION ( 'NONE',  ( 0.0000000000000000000, 0.0000000000000000000, 1.000000000000000000 ) ) ;
#2068 = ADVANCED_FACE ( 'NONE', ( #1572 ), #6451, .F. ) ;
#2069 = CLOSED_SHELL ( 'NONE', ( #836, #3824, #1286, #4385 ) ) ;
#2070 = AXIS2_PLACEMENT_3D ( 'NONE', #728, #164, #669 ) ;
#2071 = ORIENTED_EDGE ( 'NONE', *, *, #2145, .F. ) ;
#2072 = ORIENTED_EDGE ( 'NONE', *, *, #945, .F. ) ;
#2073 = FACE_OUTER_BOUND ( 'NONE', #299, .T. ) ;
#2074 = ORIENTED_EDGE ( 'NONE', *, *, #1634, .T. ) ;
#2075 = DIRECTION ( 'NONE',  ( -0.7071067811865507900, -0.7071067811865442400, 0.0000000000000000000 ) ) ;
#2076 = AXIS2_PLACEMENT_3D ( 'NONE', #4393, #3839, #349 ) ;
#2077 = ORIENTED_EDGE ( 'NONE', *, *, #5535, .T. ) ;
#2078 = DIRECTION ( 'NONE',  ( -1.000000000000000000, 1.311287036958853100E-014, 0.0000000000000000000 ) ) ;
#2079 = ORIENTED_EDGE ( 'NONE', *, *, #1533, .F. ) ;
#2080 = DIRECTION ( 'NONE',  ( 0.0000000000000000000, 0.0000000000000000000, 1.000000000000000000 ) ) ;
#2081 = DIRECTION ( 'NONE',  ( 1.311287036958853100E-014, 1.000000000000000000, 0.0000000000000000000 ) ) ;
#2082 = ORIENTED_EDGE ( 'NONE', *, *, #2339, .F. ) ;
#2083 = DIRECTION ( 'NONE',  ( 0.0000000000000000000, 0.0000000000000000000, 1.000000000000000000 ) ) ;
#2084 = ORIENTED_EDGE ( 'NONE', *, *, #624, .F. ) ;
#2085 = CARTESIAN_POINT ( 'NONE',  ( 0.6666666666666663000, -0.04166666666666905100, 0.2291666666666667700 ) ) ;
#2086 = CARTESIAN_POINT ( 'NONE',  ( 0.01041666666666661200, 0.6666666666666665200, 0.2708333333333334800 ) ) ;
#2087 = VERTEX_POINT ( 'NONE', #947 ) ;
#2088 = CARTESIAN_POINT ( 'NONE',  ( 0.5773502691896264000, 0.3333333333333318700, 0.2291666666666667700 ) ) ;
#2089 = DIRECTION ( 'NONE',  ( 0.9659258262890716400, 0.2588190451025078100, 0.0000000000000000000 ) ) ;
#2090 = LINE ( 'NONE', #5823, #3873 ) ;
#2091 = CARTESIAN_POINT ( 'NONE',  ( -0.1826077574255162700, 0.6412545191395632200, 0.2291666666666667700 ) ) ;
#2092 = ORIENTED_EDGE ( 'NONE', *, *, #5476, .T. ) ;
#2093 = DIRECTION ( 'NONE',  ( 0.0000000000000000000, 1.639108796198557900E-016, -1.000000000000000000 ) ) ;
#2094 = EDGE_CURVE ( 'NONE', #4108, #6348, #3202, .T. ) ;
#2095 = ADVANCED_FACE ( 'NONE', ( #2826 ), #4462, .T. ) ;
#2096 = DIRECTION ( 'NONE',  ( -0.9659258262890668700, 0.2588190451025261200, 0.0000000000000000000 ) ) ;
#2097 = DIRECTION ( 'NONE',  ( -3.278217592397111500E-015, -1.000000000000000000, 0.0000000000000000000 ) ) ;
#2098 = FACE_BOUND ( 'NONE', #886, .T. ) ;
#2099 = CARTESIAN_POINT ( 'NONE',  ( 0.01041666666666195800, -0.6666666666666666300, -0.2708333333333335400 ) ) ;
#2100 = EDGE_CURVE ( 'NONE', #3970, #3479, #4773, .T. ) ;
#2101 = VERTEX_POINT ( 'NONE', #5409 ) ;
#2102 = AXIS2_PLACEMENT_3D ( 'NONE', #843, #4820, #1301 ) ;
#2103 = DIRECTION ( 'NONE',  ( 0.7071067811865574500, 0.7071067811865376900, 0.0000000000000000000 ) ) ;
#2104 = DIRECTION ( 'NONE',  ( 0.0000000000000000000, 0.0000000000000000000, 1.000000000000000000 ) ) ;
#2105 = DIRECTION ( 'NONE',  ( 0.0000000000000000000, 0.0000000000000000000, 1.000000000000000000 ) ) ;
#2106 = FACE_OUTER_BOUND ( 'NONE', #280, .T. ) ;
#2107 = CARTESIAN_POINT ( 'NONE',  ( 0.0000000000000000000, -4.908789363615472900E-016, 0.3125000000000001700 ) ) ;
#2108 = ORIENTED_EDGE ( 'NONE', *, *, #4241, .T. ) ;
#2109 = AXIS2_PLACEMENT_3D ( 'NONE', #2961, #462, #3934 ) ;
#2110 = AXIS2_PLACEMENT_3D ( 'NONE', #2605, #6109, #5140 ) ;
#2111 = FACE_OUTER_BOUND ( 'NONE', #32, .T. ) ;
#2112 = CARTESIAN_POINT ( 'NONE',  ( 0.6439505508593780200, -0.1725460300683497900, -0.2291666666666666300 ) ) ;
#2113 = ORIENTED_EDGE ( 'NONE', *, *, #3496, .T. ) ;
#2114 = DIRECTION ( 'NONE',  ( -0.2588190451025244600, -0.9659258262890673100, 0.0000000000000000000 ) ) ;
#2115 = AXIS2_PLACEMENT_3D ( 'NONE', #3244, #1263, #4780 ) ;
#2116 = ORIENTED_EDGE ( 'NONE', *, *, #1965, .T. ) ;
#2117 = CARTESIAN_POINT ( 'NONE',  ( -0.6439505508593768000, 0.1725460300683542600, 0.2291666666666667700 ) ) ;
#2118 = CYLINDRICAL_SURFACE ( 'NONE', #1024, 0.01041666666666661200 ) ;
#2119 = CARTESIAN_POINT ( 'NONE',  ( 0.5773502691896264000, 0.3333333333333318700, 0.2708333333333334800 ) ) ;
#2120 = CARTESIAN_POINT ( 'NONE',  ( 0.5773502691896241800, -0.3333333333333359800, -0.2291666666666666300 ) ) ;
#2121 = FACE_OUTER_BOUND ( 'NONE', #5048, .T. ) ;
#2122 = EDGE_CURVE ( 'NONE', #2087, #5993, #3278, .T. ) ;
#2123 = DIRECTION ( 'NONE',  ( 0.0000000000000000000, -1.000000000000000000, -2.114979091869105800E-016 ) ) ;
#2124 = EDGE_CURVE ( 'NONE', #4714, #4096, #2739, .T. ) ;
#2125 = CIRCLE ( 'NONE', #5058, 0.01041666666666661100 ) ;
#2126 = CARTESIAN_POINT ( 'NONE',  ( -0.6134346610139731500, 0.3541666666666737900, 0.2291666666666667700 ) ) ;
#2127 = CARTESIAN_POINT ( 'NONE',  ( -0.5721419358562882500, 0.3423544312894278300, 0.2708333333333334800 ) ) ;
#2128 = PLANE ( 'NONE',  #3769 ) ;
#2129 = EDGE_CURVE ( 'NONE', #2457, #2298, #1886, .T. ) ;
#2130 = FACE_OUTER_BOUND ( 'NONE', #3930, .T. ) ;
#2131 = DIRECTION ( 'NONE',  ( 0.0000000000000000000, 0.0000000000000000000, 1.000000000000000000 ) ) ;
#2132 = CALENDAR_DATE ( 2023, 10, 1 ) ;
#2133 = ORIENTED_EDGE ( 'NONE', *, *, #2930, .F. ) ;
#2134 = CARTESIAN_POINT ( 'NONE',  ( 0.3333333333333298700, -0.5773502691896276200, 0.2291666666666667700 ) ) ;
#2135 = CIRCLE ( 'NONE', #3976, 0.04166666666666672000 ) ;
#2136 = ADVANCED_FACE ( 'NONE', ( #4382 ), #6093, .F. ) ;
#2137 = CIRCLE ( 'NONE', #4018, 0.04166666666666672000 ) ;
#2138 = DIRECTION ( 'NONE',  ( 0.0000000000000000000, 0.0000000000000000000, 1.000000000000000000 ) ) ;
#2139 = EDGE_CURVE ( 'NONE', #4224, #4108, #1651, .T. ) ;
#2140 = CARTESIAN_POINT ( 'NONE',  ( 0.0000000000000000000, -4.908789363615472900E-016, 0.3125000000000000000 ) ) ;
#2141 = LINE ( 'NONE', #6180, #1128 ) ;
#2142 = ORIENTED_EDGE ( 'NONE', *, *, #6018, .T. ) ;
#2143 = CYLINDRICAL_SURFACE ( 'NONE', #4059, 0.04166666666666672000 ) ;
#2144 = CARTESIAN_POINT ( 'NONE',  ( -0.6666666666666665200, 6.982962677686265100E-015, 0.2291666666666667700 ) ) ;
#2145 = EDGE_CURVE ( 'NONE', #1148, #4284, #1485, .T. ) ;
#2146 = ORIENTED_EDGE ( 'NONE', *, *, #1219, .F. ) ;
#2147 = DIRECTION ( 'NONE',  ( 0.0000000000000000000, 0.0000000000000000000, 1.000000000000000000 ) ) ;
#2148 = DIRECTION ( 'NONE',  ( -0.0000000000000000000, -1.639108796198557900E-016, 1.000000000000000000 ) ) ;
#2149 = AXIS2_PLACEMENT_3D ( 'NONE', #401, #6387, #3871 ) ;
#2150 = VERTEX_POINT ( 'NONE', #5560 ) ;
#2151 = DIRECTION ( 'NONE',  ( 0.0000000000000000000, 0.0000000000000000000, 1.000000000000000000 ) ) ;
#2152 = ORIENTED_EDGE ( 'NONE', *, *, #2664, .T. ) ;
#2153 = FACE_BOUND ( 'NONE', #3053, .T. ) ;
#2154 = ORIENTED_EDGE ( 'NONE', *, *, #2671, .T. ) ;
#2155 = CARTESIAN_POINT ( 'NONE',  ( -0.5825586025229551000, 0.3243122353772521800, 0.2291666666666667700 ) ) ;
#2156 = DIRECTION ( 'NONE',  ( 0.2588190451025130200, -0.9659258262890704200, 0.0000000000000000000 ) ) ;
#2157 = EDGE_LOOP ( 'NONE', ( #524, #1507, #4600, #1620 ) ) ;
#2159 = AXIS2_PLACEMENT_3D ( 'NONE', #3335, #5401, #907 ) ;
#2158 = DIRECTION ( 'NONE',  ( 0.0000000000000000000, -1.000000000000000000, 0.0000000000000000000 ) ) ;
#2160 = MANIFOLD_SOLID_BREP ( 'CirPattern1[1]', #4332 ) ;
#2161 = EDGE_LOOP ( 'NONE', ( #1633, #5364 ) ) ;
#2162 = EDGE_LOOP ( 'NONE', ( #3328, #5957, #2053, #3698 ) ) ;
#2163 = DIRECTION ( 'NONE',  ( 0.0000000000000000000, -1.000000000000000000, -1.858399995689973700E-016 ) ) ;
#2164 = FACE_OUTER_BOUND ( 'NONE', #1220, .T. ) ;
#2165 = CARTESIAN_POINT ( 'NONE',  ( -0.4714045207910257900, 0.4714045207910372800, 0.2291666666666667700 ) ) ;
#2166 = ORIENTED_EDGE ( 'NONE', *, *, #4772, .T. ) ;
#2167 = AXIS2_PLACEMENT_3D ( 'NONE', #3969, #5093, #2545 ) ;
#2168 = ORIENTED_EDGE ( 'NONE', *, *, #5283, .T. ) ;
#2169 = FACE_OUTER_BOUND ( 'NONE', #147, .T. ) ;
#2170 = CARTESIAN_POINT ( 'NONE',  ( 0.6439505508593792400, 0.1725460300683452600, -0.2291666666666666300 ) ) ;
#2171 = ORIENTED_EDGE ( 'NONE', *, *, #3921, .T. ) ;
#2172 = ADVANCED_FACE ( 'NONE', ( #3054 ), #1732, .T. ) ;
#2173 = EDGE_CURVE ( 'NONE', #5836, #2270, #2899, .T. ) ;
#2174 = DIRECTION ( 'NONE',  ( 1.000000000000000000, 0.0000000000000000000, 0.0000000000000000000 ) ) ;
#2175 = VERTEX_POINT ( 'NONE', #3021 ) ;
#2176 = CARTESIAN_POINT ( 'NONE',  ( -0.4714045207910257900, 0.4714045207910372800, -0.2291666666666666300 ) ) ;
#2177 = DIRECTION ( 'NONE',  ( 0.7071067811865459100, -0.7071067811865491300, 0.0000000000000000000 ) ) ;
#2178 = ORIENTED_EDGE ( 'NONE', *, *, #3841, .T. ) ;
#2179 = DIRECTION ( 'NONE',  ( 0.0000000000000000000, 0.0000000000000000000, 1.000000000000000000 ) ) ;
#2180 = DIRECTION ( 'NONE',  ( 0.0000000000000000000, 0.0000000000000000000, 1.000000000000000000 ) ) ;
#2181 = DIRECTION ( 'NONE',  ( -0.8660254037844420400, -0.4999999999999943900, 0.0000000000000000000 ) ) ;
#2182 = CYLINDRICAL_SURFACE ( 'NONE', #5860, 0.04166666666666672000 ) ;
#2183 = CARTESIAN_POINT ( 'NONE',  ( 0.4787702164283889600, -0.4640388251536742300, 0.2708333333333334800 ) ) ;
#2184 = VERTEX_POINT ( 'NONE', #3996 ) ;
#2185 = CIRCLE ( 'NONE', #5090, 0.01041666666666661100 ) ;
#2186 = VERTEX_POINT ( 'NONE', #4491 ) ;
#2187 = ORIENTED_EDGE ( 'NONE', *, *, #5243, .T. ) ;
#2188 = EDGE_CURVE ( 'NONE', #1298, #6276, #5656, .T. ) ;
#2189 = DIRECTION ( 'NONE',  ( -0.7071067811865442400, 0.7071067811865507900, 0.0000000000000000000 ) ) ;
#2190 = DIRECTION ( 'NONE',  ( 0.0000000000000000000, -1.000000000000000000, -1.446272467234020800E-016 ) ) ;
#2191 = DIRECTION ( 'NONE',  ( -0.0000000000000000000, -0.0000000000000000000, 1.000000000000000000 ) ) ;
#2192 = FACE_OUTER_BOUND ( 'NONE', #1270, .T. ) ;
#2193 = ORIENTED_EDGE ( 'NONE', *, *, #4214, .F. ) ;
#2194 = AXIS2_PLACEMENT_3D ( 'NONE', #1350, #3261, #766 ) ;
#2195 = DIRECTION ( 'NONE',  ( 0.0000000000000000000, 0.0000000000000000000, 1.000000000000000000 ) ) ;
#2196 = PLANE ( 'NONE',  #5506 ) ;
#2197 = AXIS2_PLACEMENT_3D ( 'NONE', #5705, #1203, #3179 ) ;
#2198 = FACE_OUTER_BOUND ( 'NONE', #1435, .T. ) ;
#2199 = CARTESIAN_POINT ( 'NONE',  ( 0.3333333333333339300, 0.5773502691896251800, 0.2291666666666667700 ) ) ;
#2200 = ADVANCED_FACE ( 'NONE', ( #3597 ), #5817, .F. ) ;
#2201 = AXIS2_PLACEMENT_3D ( 'NONE', #3802, #780, #2809 ) ;
#2202 = FACE_OUTER_BOUND ( 'NONE', #910, .T. ) ;
#2203 = VECTOR ( 'NONE', #3281, 39.37007874015748100 ) ;
#2204 = DIRECTION ( 'NONE',  ( 0.2588190451025179100, -0.9659258262890689800, 0.0000000000000000000 ) ) ;
#2205 = ORIENTED_EDGE ( 'NONE', *, *, #3465, .F. ) ;
#2206 = CYLINDRICAL_SURFACE ( 'NONE', #3699, 0.04166666666666670600 ) ;
#2207 = CARTESIAN_POINT ( 'NONE',  ( 0.3243122353772420200, -0.5825586025229608800, -0.2708333333333335400 ) ) ;
#2208 = EDGE_CURVE ( 'NONE', #4568, #5497, #5974, .T. ) ;
#2209 = CARTESIAN_POINT ( 'NONE',  ( 0.2127929394970587400, 0.6331664239801068100, 0.2291666666666667700 ) ) ;
#2210 = VERTEX_POINT ( 'NONE', #1578 ) ;
#2211 = CARTESIAN_POINT ( 'NONE',  ( -0.1624843027111607400, 0.6466465825791988300, -0.2708333333333335400 ) ) ;
#2212 = CYLINDRICAL_SURFACE ( 'NONE', #3350, 0.01041666666666661100 ) ;
#2213 = ORIENTED_EDGE ( 'NONE', *, *, #328, .T. ) ;
#2214 = PLANE ( 'NONE',  #2571 ) ;
#2215 = LINE ( 'NONE', #20, #5576 ) ;
#2216 = ORIENTED_EDGE ( 'NONE', *, *, #4541, .T. ) ;
#2217 = CARTESIAN_POINT ( 'NONE',  ( 0.0000000000000000000, -3.908932997934351700E-016, -0.2975000000000003200 ) ) ;
#2218 = FACE_OUTER_BOUND ( 'NONE', #4576, .T. ) ;
#2219 = ORIENTED_EDGE ( 'NONE', *, *, #3823, .T. ) ;
#2220 = DIRECTION ( 'NONE',  ( -0.5000000000000071100, -0.8660254037844346000, 0.0000000000000000000 ) ) ;
#2221 = CIRCLE ( 'NONE', #1054, 0.01041666666666662600 ) ;
#2222 = EDGE_CURVE ( 'NONE', #3301, #5907, #5408, .T. ) ;
#2223 = ORIENTED_EDGE ( 'NONE', *, *, #4908, .F. ) ;
#2224 = ORIENTED_EDGE ( 'NONE', *, *, #4908, .T. ) ;
#2225 = ORIENTED_EDGE ( 'NONE', *, *, #4674, .F. ) ;
#2226 = EDGE_CURVE ( 'NONE', #4963, #6164, #2591, .T. ) ;
#2227 = CLOSED_SHELL ( 'NONE', ( #330, #4682, #4289, #6490 ) ) ;
#2228 = CYLINDRICAL_SURFACE ( 'NONE', #268, 0.01041666666666661100 ) ;
#2229 = ADVANCED_FACE ( 'NONE', ( #3133, #946 ), #6509, .F. ) ;
#2230 = CARTESIAN_POINT ( 'NONE',  ( -0.1725460300683385200, 0.6439505508593810200, 0.2708333333333334800 ) ) ;
#2231 = CARTESIAN_POINT ( 'NONE',  ( -0.6331664239801090300, -0.2127929394970520800, 0.2291666666666667700 ) ) ;
#2232 = AXIS2_PLACEMENT_3D ( 'NONE', #4542, #6087, #2037 ) ;
#2233 = VERTEX_POINT ( 'NONE', #1014 ) ;
#2234 = CARTESIAN_POINT ( 'NONE',  ( -0.5773502691896217300, 0.3333333333333399800, 0.2708333333333334800 ) ) ;
#2235 = CARTESIAN_POINT ( 'NONE',  ( -0.1624843027111607400, 0.6466465825791988300, -0.2291666666666666300 ) ) ;
#2236 = ORIENTED_EDGE ( 'NONE', *, *, #4, .T. ) ;
#2237 = AXIS2_PLACEMENT_3D ( 'NONE', #2590, #3568, #2567 ) ;
#2238 = ORIENTED_EDGE ( 'NONE', *, *, #491, .F. ) ;
#2239 = CARTESIAN_POINT ( 'NONE',  ( 0.6439505508593792400, 0.1725460300683452600, 0.2291666666666667700 ) ) ;
#2240 = CARTESIAN_POINT ( 'NONE',  ( 0.4714045207910290700, -0.4714045207910340100, 0.2291666666666667700 ) ) ;
#2241 = DIRECTION ( 'NONE',  ( 0.0000000000000000000, 0.0000000000000000000, 1.000000000000000000 ) ) ;
#2242 = ORIENTED_EDGE ( 'NONE', *, *, #5171, .F. ) ;
#2244 = AXIS2_PLACEMENT_3D ( 'NONE', #2603, #2195, #2695 ) ;
#2243 = DIRECTION ( 'NONE',  ( 0.0000000000000000000, 0.0000000000000000000, 1.000000000000000000 ) ) ;
#2245 = EDGE_LOOP ( 'NONE', ( #4320, #5800 ) ) ;
#2246 = ADVANCED_FACE ( 'NONE', ( #1414 ), #4937, .T. ) ;
#2247 = DIRECTION ( 'NONE',  ( -0.8660254037844420400, -0.4999999999999943900, 0.0000000000000000000 ) ) ;
#2248 = DIRECTION ( 'NONE',  ( 0.0000000000000000000, 0.0000000000000000000, 1.000000000000000000 ) ) ;
#2249 = DIRECTION ( 'NONE',  ( 0.9659258262890680900, -0.2588190451025211300, 0.0000000000000000000 ) ) ;
#2250 = DIRECTION ( 'NONE',  ( 0.0000000000000000000, 0.0000000000000000000, 1.000000000000000000 ) ) ;
#2251 = ORIENTED_EDGE ( 'NONE', *, *, #1417, .F. ) ;
#2252 = EDGE_CURVE ( 'NONE', #3160, #4574, #2125, .T. ) ;
#2253 = CARTESIAN_POINT ( 'NONE',  ( 0.6666666666666665200, -0.01041666666666894000, 0.2291666666666667700 ) ) ;
#2254 = FACE_OUTER_BOUND ( 'NONE', #1341, .T. ) ;
#2255 = EDGE_CURVE ( 'NONE', #4722, #4961, #797, .T. ) ;
#2256 = ORIENTED_EDGE ( 'NONE', *, *, #4604, .F. ) ;
#2257 = DIRECTION ( 'NONE',  ( 0.8660254037844463700, 0.4999999999999865700, 0.0000000000000000000 ) ) ;
#2258 = FACE_OUTER_BOUND ( 'NONE', #1175, .T. ) ;
#2259 = CARTESIAN_POINT ( 'NONE',  ( -0.4419417382415859500, 0.5008673033404764700, 0.2291666666666667700 ) ) ;
#2260 = ORIENTED_EDGE ( 'NONE', *, *, #579, .F. ) ;
#2261 = DIRECTION ( 'NONE',  ( 0.0000000000000000000, 0.0000000000000000000, 1.000000000000000000 ) ) ;
#2262 = ADVANCED_FACE ( 'NONE', ( #3439 ), #5145, .F. ) ;
#2263 = VECTOR ( 'NONE', #2486, 39.37007874015748100 ) ;
#2264 = CARTESIAN_POINT ( 'NONE',  ( 0.0000000000000000000, 0.6458333333333332600, 0.2708333333333334800 ) ) ;
#2265 = ORIENTED_EDGE ( 'NONE', *, *, #5324, .T. ) ;
#2266 = CARTESIAN_POINT ( 'NONE',  ( -0.5565169358562956900, -0.3694177251576796800, 0.2291666666666667700 ) ) ;
#2267 = EDGE_CURVE ( 'NONE', #1549, #2859, #2969, .T. ) ;
#2268 = AXIS2_PLACEMENT_3D ( 'NONE', #1110, #2616, #4580 ) ;
#2269 = FACE_OUTER_BOUND ( 'NONE', #6005, .T. ) ;
#2270 = VERTEX_POINT ( 'NONE', #1132 ) ;
#2271 = DIRECTION ( 'NONE',  ( -0.0000000000000000000, -0.0000000000000000000, 1.000000000000000000 ) ) ;
#2272 = PLANE ( 'NONE',  #59 ) ;
#2273 = DIRECTION ( 'NONE',  ( -0.7071067811865442400, 0.7071067811865507900, 0.0000000000000000000 ) ) ;
#2274 = AXIS2_PLACEMENT_3D ( 'NONE', #2240, #4225, #4186 ) ;
#2275 = CIRCLE ( 'NONE', #4236, 0.04166666666666672000 ) ;
#2276 = AXIS2_PLACEMENT_3D ( 'NONE', #5701, #181, #1703 ) ;
#2277 = DIRECTION ( 'NONE',  ( -0.8660254037844420400, -0.4999999999999943900, 0.0000000000000000000 ) ) ;
#2278 = CIRCLE ( 'NONE', #5679, 0.01041666666666660200 ) ;
#2279 = CARTESIAN_POINT ( 'NONE',  ( 0.1725460300683430100, -0.6439505508593798000, 0.2291666666666667700 ) ) ;
#2280 = AXIS2_PLACEMENT_3D ( 'NONE', #343, #861, #4839 ) ;
#2281 = DIRECTION ( 'NONE',  ( 0.0000000000000000000, 0.0000000000000000000, 1.000000000000000000 ) ) ;
#2282 = FACE_OUTER_BOUND ( 'NONE', #4044, .T. ) ;
#2283 = CIRCLE ( 'NONE', #4994, 0.01499999999999997700 ) ;
#2284 = DIRECTION ( 'NONE',  ( 0.0000000000000000000, 0.0000000000000000000, 1.000000000000000000 ) ) ;
#2285 = CALENDAR_DATE ( 2023, 10, 1 ) ;
#2286 = DIRECTION ( 'NONE',  ( 0.0000000000000000000, -1.000000000000000000, -1.858399995689973700E-016 ) ) ;
#2287 = ORIENTED_EDGE ( 'NONE', *, *, #1258, .F. ) ;
#2288 = CIRCLE ( 'NONE', #1701, 0.01041666666666661100 ) ;
#2289 = DIRECTION ( 'NONE',  ( 0.0000000000000000000, 0.0000000000000000000, 1.000000000000000000 ) ) ;
#2290 = EDGE_CURVE ( 'NONE', #3263, #3947, #329, .T. ) ;
#2291 = LINE ( 'NONE', #2086, #6226 ) ;
#2292 = ADVANCED_FACE ( 'NONE', ( #3978 ), #3646, .F. ) ;
#2293 = CARTESIAN_POINT ( 'NONE',  ( -0.5825586025229618800, -0.3243122353772399700, 0.2291666666666667700 ) ) ;
#2294 = CARTESIAN_POINT ( 'NONE',  ( 0.3541666666666630200, -0.6134346610139793700, -0.2291666666666666300 ) ) ;
#2295 = LINE ( 'NONE', #5494, #1586 ) ;
#2296 = CARTESIAN_POINT ( 'NONE',  ( -0.3243122353772379100, 0.5825586025229629900, 0.2291666666666667700 ) ) ;
#2297 = DIRECTION ( 'NONE',  ( 0.0000000000000000000, 0.0000000000000000000, 1.000000000000000000 ) ) ;
#2298 = VERTEX_POINT ( 'NONE', #6207 ) ;
#2299 = CIRCLE ( 'NONE', #5082, 0.01041666666666660200 ) ;
#2300 = ORIENTED_EDGE ( 'NONE', *, *, #3097, .F. ) ;
#2301 = CARTESIAN_POINT ( 'NONE',  ( 0.6412545191395614400, 0.1826077574255230400, 0.2291666666666667700 ) ) ;
#2302 = ORIENTED_EDGE ( 'NONE', *, *, #1423, .T. ) ;
#2303 = DIRECTION ( 'NONE',  ( 0.0000000000000000000, -1.000000000000000000, -2.114979091869105800E-016 ) ) ;
#2304 = ORIENTED_EDGE ( 'NONE', *, *, #4417, .F. ) ;
#2305 = ADVANCED_FACE ( 'NONE', ( #1808 ), #5182, .T. ) ;
#2306 = CYLINDRICAL_SURFACE ( 'NONE', #2943, 0.01041666666666660200 ) ;
#2307 = CARTESIAN_POINT ( 'NONE',  ( -0.4640388251536658500, 0.4787702164283970100, -0.2291666666666666300 ) ) ;
#2308 = ORIENTED_EDGE ( 'NONE', *, *, #4769, .T. ) ;
#2309 = EDGE_LOOP ( 'NONE', ( #3271, #6508, #3083, #2534 ) ) ;
#2310 = CARTESIAN_POINT ( 'NONE',  ( -0.3333333333333379800, -0.5773502691896228400, -0.2708333333333335400 ) ) ;
#2311 = ORIENTED_EDGE ( 'NONE', *, *, #4863, .T. ) ;
#2312 = ORIENTED_EDGE ( 'NONE', *, *, #3242, .F. ) ;
#2313 = EDGE_CURVE ( 'NONE', #1215, #2957, #1335, .T. ) ;
#2314 = LINE ( 'NONE', #4014, #3773 ) ;
#2315 = CARTESIAN_POINT ( 'NONE',  ( 0.6666666666666665200, -2.327654225895421700E-015, 0.2291666666666667700 ) ) ;
#2316 = ORIENTED_EDGE ( 'NONE', *, *, #1423, .F. ) ;
#2317 = VERTEX_POINT ( 'NONE', #4665 ) ;
#2318 = EDGE_LOOP ( 'NONE', ( #5115, #5778 ) ) ;
#2319 = DIRECTION ( 'NONE',  ( 0.0000000000000000000, 0.0000000000000000000, 1.000000000000000000 ) ) ;
#2320 = DIRECTION ( 'NONE',  ( 1.311287036958853100E-014, 1.000000000000000000, 0.0000000000000000000 ) ) ;
#2321 = DIRECTION ( 'NONE',  ( 0.0000000000000000000, 0.0000000000000000000, 1.000000000000000000 ) ) ;
#2322 = AXIS2_PLACEMENT_3D ( 'NONE', #790, #1330, #292 ) ;
#2323 = ORIENTED_EDGE ( 'NONE', *, *, #5827, .T. ) ;
#2324 = AXIS2_PLACEMENT_3D ( 'NONE', #3795, #2824, #821 ) ;
#2325 = CARTESIAN_POINT ( 'NONE',  ( -0.5008673033404754700, -0.5008673033404667000, -0.2291666666666666300 ) ) ;
#2326 = ADVANCED_FACE ( 'NONE', ( #3199 ), #2509, .T. ) ;
#2327 = ORIENTED_EDGE ( 'NONE', *, *, #999, .T. ) ;
#2328 = AXIS2_PLACEMENT_3D ( 'NONE', #2725, #3617, #5173 ) ;
#2329 = PLANE ( 'NONE',  #551 ) ;
#2330 = ORIENTED_EDGE ( 'NONE', *, *, #4674, .T. ) ;
#2331 = DIRECTION ( 'NONE',  ( 0.9659258262890699800, 0.2588190451025145800, 0.0000000000000000000 ) ) ;
#2332 = FACE_OUTER_BOUND ( 'NONE', #423, .T. ) ;
#2333 = CARTESIAN_POINT ( 'NONE',  ( -0.6439505508593803600, -0.1725460300683407700, 0.2291666666666667700 ) ) ;
#2334 = EDGE_CURVE ( 'NONE', #6015, #4568, #5403, .T. ) ;
#2335 = EDGE_CURVE ( 'NONE', #5961, #3110, #5102, .T. ) ;
#2336 = EDGE_LOOP ( 'NONE', ( #2377, #5955 ) ) ;
#2337 = DIRECTION ( 'NONE',  ( 1.000000000000000000, 1.224646799147353200E-016, 2.007329340718835200E-032 ) ) ;
#2338 = CARTESIAN_POINT ( 'NONE',  ( -0.1624843027111742600, -0.6466465825791952700, 0.2291666666666667700 ) ) ;
#2339 = EDGE_CURVE ( 'NONE', #1986, #6204, #1026, .T. ) ;
#2340 = DIRECTION ( 'NONE',  ( 0.0000000000000000000, 0.0000000000000000000, 1.000000000000000000 ) ) ;
#2341 = VECTOR ( 'NONE', #5015, 39.37007874015748100 ) ;
#2342 = EDGE_LOOP ( 'NONE', ( #2300, #21, #3228, #5266 ) ) ;
#2343 = DIRECTION ( 'NONE',  ( 0.5000000000000119900, 0.8660254037844318200, 0.0000000000000000000 ) ) ;
#2344 = CARTESIAN_POINT ( 'NONE',  ( -0.6666666666666663000, 0.01041666666667359600, -0.2708333333333335400 ) ) ;
#2345 = FACE_OUTER_BOUND ( 'NONE', #3399, .T. ) ;
#2346 = ORIENTED_EDGE ( 'NONE', *, *, #6082, .T. ) ;
#2347 = DIRECTION ( 'NONE',  ( -0.7071067811865507900, -0.7071067811865442400, 0.0000000000000000000 ) ) ;
#2348 = CARTESIAN_POINT ( 'NONE',  ( 0.3333333333333339300, 0.5773502691896251800, 0.2291666666666667700 ) ) ;
#2349 = EDGE_CURVE ( 'NONE', #5564, #130, #1880, .T. ) ;
#2350 = DIRECTION ( 'NONE',  ( 0.9659258262890668700, -0.2588190451025261200, 0.0000000000000000000 ) ) ;
#2351 = DIRECTION ( 'NONE',  ( 0.8660254037844391500, -0.4999999999999993300, 0.0000000000000000000 ) ) ;
#2352 = CIRCLE ( 'NONE', #1652, 0.7083333333333335900 ) ;
#2353 = EDGE_CURVE ( 'NONE', #1087, #3098, #1184, .T. ) ;
#2354 = DIRECTION ( 'NONE',  ( -0.0000000000000000000, -0.0000000000000000000, 1.000000000000000000 ) ) ;
#2355 = AXIS2_PLACEMENT_3D ( 'NONE', #4581, #1583, #5596 ) ;
#2356 = CIRCLE ( 'NONE', #4032, 0.01041666666666661200 ) ;
#2357 = DIRECTION ( 'NONE',  ( 0.0000000000000000000, 0.0000000000000000000, 1.000000000000000000 ) ) ;
#2358 = CARTESIAN_POINT ( 'NONE',  ( 0.1833301569476192500, 0.6841974602880898100, -0.2291666666666666300 ) ) ;
#2359 = CARTESIAN_POINT ( 'NONE',  ( 0.2972489415089822900, 0.5981836025229586600, 0.2291666666666667700 ) ) ;
#2360 = AXIS2_PLACEMENT_3D ( 'NONE', #4085, #6088, #3105 ) ;
#2361 = ORIENTED_EDGE ( 'NONE', *, *, #1483, .T. ) ;
#2362 = CC_DESIGN_DATE_AND_TIME_ASSIGNMENT ( #3283, #6386, ( #369 ) ) ;
#2363 = FACE_BOUND ( 'NONE', #6424, .T. ) ;
#2364 = AXIS2_PLACEMENT_3D ( 'NONE', #233, #2243, #794 ) ;
#2365 = FACE_OUTER_BOUND ( 'NONE', #774, .T. ) ;
#2366 = ORIENTED_EDGE ( 'NONE', *, *, #1550, .F. ) ;
#2367 = CIRCLE ( 'NONE', #2777, 0.01041666666666659100 ) ;
#2368 = ORIENTED_EDGE ( 'NONE', *, *, #3127, .F. ) ;
#2369 = DIRECTION ( 'NONE',  ( 0.8660254037844453700, 0.4999999999999886200, 0.0000000000000000000 ) ) ;
#2370 = DIRECTION ( 'NONE',  ( 0.0000000000000000000, 0.0000000000000000000, -1.000000000000000000 ) ) ;
#2371 = FACE_OUTER_BOUND ( 'NONE', #733, .T. ) ;
#2372 = AXIS2_PLACEMENT_3D ( 'NONE', #2199, #4729, #1730 ) ;
#2373 = ORIENTED_EDGE ( 'NONE', *, *, #4819, .T. ) ;
#2374 = DIRECTION ( 'NONE',  ( 0.0000000000000000000, -1.000000000000000000, -1.821231995776174500E-016 ) ) ;
#2375 = VECTOR ( 'NONE', #3991, 39.37007874015748100 ) ;
#2376 = EDGE_CURVE ( 'NONE', #5471, #452, #4211, .T. ) ;
#2377 = ORIENTED_EDGE ( 'NONE', *, *, #1884, .T. ) ;
#2378 = DIRECTION ( 'NONE',  ( 0.0000000000000000000, 0.0000000000000000000, 1.000000000000000000 ) ) ;
#2379 = ORIENTED_EDGE ( 'NONE', *, *, #1550, .T. ) ;
#2380 = MECHANICAL_CONTEXT ( 'NONE', #5963, 'mechanical' ) ;
#2381 = DIRECTION ( 'NONE',  ( 0.0000000000000000000, 0.0000000000000000000, 1.000000000000000000 ) ) ;
#2382 = EDGE_LOOP ( 'NONE', ( #3149, #6167, #445, #2481 ) ) ;
#2383 = EDGE_LOOP ( 'NONE', ( #1772, #5623 ) ) ;
#2384 = CLOSED_SHELL ( 'NONE', ( #5018, #2946, #785, #3470, #3467, #950 ) ) ;
#2385 = CYLINDRICAL_SURFACE ( 'NONE', #5334, 0.04166666666666672000 ) ;
#2386 = CARTESIAN_POINT ( 'NONE',  ( 0.1826077574255252600, 0.6412545191395606600, 0.2708333333333334800 ) ) ;
#2387 = ORIENTED_EDGE ( 'NONE', *, *, #2000, .T. ) ;
#2388 = EDGE_LOOP ( 'NONE', ( #1200, #4571 ) ) ;
#2389 = DIRECTION ( 'NONE',  ( -0.8660254037844449200, -0.4999999999999887900, 0.0000000000000000000 ) ) ;
#2390 = EDGE_CURVE ( 'NONE', #4862, #337, #6443, .T. ) ;
#2391 = AXIS2_PLACEMENT_3D ( 'NONE', #979, #502, #5548 ) ;
#2392 = ORIENTED_EDGE ( 'NONE', *, *, #2956, .T. ) ;
#2393 = DIRECTION ( 'NONE',  ( 0.0000000000000000000, 0.0000000000000000000, 1.000000000000000000 ) ) ;
#2394 = VERTEX_POINT ( 'NONE', #3059 ) ;
#2395 = AXIS2_PLACEMENT_3D ( 'NONE', #5835, #5901, #2843 ) ;
#2396 = ADVANCED_FACE ( 'NONE', ( #2890 ), #3434, .F. ) ;
#2397 = DIRECTION ( 'NONE',  ( 0.0000000000000000000, 0.0000000000000000000, -1.000000000000000000 ) ) ;
#2398 = EDGE_LOOP ( 'NONE', ( #2412, #3234, #6175, #4494 ) ) ;
#2399 = AXIS2_PLACEMENT_3D ( 'NONE', #2790, #2319, #3327 ) ;
#2400 = DIRECTION ( 'NONE',  ( 0.0000000000000000000, 0.0000000000000000000, 1.000000000000000000 ) ) ;
#2401 = AXIS2_PLACEMENT_3D ( 'NONE', #1778, #738, #1235 ) ;
#2402 = DIRECTION ( 'NONE',  ( 0.0000000000000000000, 0.0000000000000000000, 1.000000000000000000 ) ) ;
#2403 = CIRCLE ( 'NONE', #5014, 0.7350000000000005400 ) ;
#2405 = AXIS2_PLACEMENT_3D ( 'NONE', #4232, #795, #1754 ) ;
#2404 = CARTESIAN_POINT ( 'NONE',  ( -0.6412545191395588900, 0.1826077574255319800, 0.2708333333333334800 ) ) ;
#2406 = ORIENTED_EDGE ( 'NONE', *, *, #595, .F. ) ;
#2407 = CARTESIAN_POINT ( 'NONE',  ( -0.01041666666667126700, -0.6666666666666663000, 0.2708333333333334800 ) ) ;
#2408 = CARTESIAN_POINT ( 'NONE',  ( -0.5773502691896287300, -0.3333333333333278200, 0.2708333333333334800 ) ) ;
#2409 = LINE ( 'NONE', #4981, #5877 ) ;
#2410 = CARTESIAN_POINT ( 'NONE',  ( 0.0000000000000000000, -0.7083333333333342600, 0.2708333333333333100 ) ) ;
#2411 = CLOSED_SHELL ( 'NONE', ( #2466, #3794, #2949, #1635, #6266, #5573 ) ) ;
#2412 = ORIENTED_EDGE ( 'NONE', *, *, #3208, .F. ) ;
#2413 = DIRECTION ( 'NONE',  ( 0.0000000000000000000, 0.0000000000000000000, 1.000000000000000000 ) ) ;
#2414 = FACE_OUTER_BOUND ( 'NONE', #6160, .T. ) ;
#2415 = ORIENTED_EDGE ( 'NONE', *, *, #1099, .T. ) ;
#2416 = CARTESIAN_POINT ( 'NONE',  ( 0.1624843027111697900, 0.6466465825791966000, 0.2708333333333334800 ) ) ;
#2417 = DIRECTION ( 'NONE',  ( 0.9659258262890680900, -0.2588190451025211300, 0.0000000000000000000 ) ) ;
#2418 = DIRECTION ( 'NONE',  ( -1.000000000000000000, 6.556435184794223000E-015, 0.0000000000000000000 ) ) ;
#2419 = CIRCLE ( 'NONE', #5950, 0.04166666666666672700 ) ;
#2420 = VERTEX_POINT ( 'NONE', #76 ) ;
#2421 = CARTESIAN_POINT ( 'NONE',  ( -4.655308451790843400E-015, -0.6666666666666665200, 0.2291666666666667700 ) ) ;
#2422 = DIRECTION ( 'NONE',  ( 0.0000000000000000000, 0.0000000000000000000, 1.000000000000000000 ) ) ;
#2423 = ADVANCED_FACE ( 'NONE', ( #5733 ), #5558, .F. ) ;
#2424 = MANIFOLD_SOLID_BREP ( 'CirPattern1[34]', #978 ) ;
#2425 = CARTESIAN_POINT ( 'NONE',  ( 0.01041666666666195800, -0.6666666666666666300, 0.2291666666666667700 ) ) ;
#2426 = FACE_OUTER_BOUND ( 'NONE', #616, .T. ) ;
#2427 = EDGE_CURVE ( 'NONE', #1012, #5434, #2737, .T. ) ;
#2428 = CIRCLE ( 'NONE', #1726, 0.01041666666666661200 ) ;
#2429 = CARTESIAN_POINT ( 'NONE',  ( 0.3333333333333298700, -0.5773502691896276200, -0.2708333333333335400 ) ) ;
#2430 = CARTESIAN_POINT ( 'NONE',  ( -0.5825586025229551000, 0.3243122353772521800, 0.2708333333333334800 ) ) ;
#2431 = EDGE_CURVE ( 'NONE', #2639, #1215, #2584, .T. ) ;
#2432 = FACE_OUTER_BOUND ( 'NONE', #4161, .T. ) ;
#2433 = AXIS2_PLACEMENT_3D ( 'NONE', #683, #699, #2249 ) ;
#2434 = DIRECTION ( 'NONE',  ( 0.0000000000000000000, 0.0000000000000000000, 1.000000000000000000 ) ) ;
#2435 = FACE_OUTER_BOUND ( 'NONE', #3674, .T. ) ;
#2436 = CARTESIAN_POINT ( 'NONE',  ( 0.1725460300683475100, 0.6439505508593785800, -0.2708333333333335400 ) ) ;
#2437 = VERTEX_POINT ( 'NONE', #3561 ) ;
#2438 = VECTOR ( 'NONE', #3924, 39.37007874015748100 ) ;
#2439 =( NAMED_UNIT ( * ) PLANE_ANGLE_UNIT ( ) SI_UNIT ( $, .RADIAN. ) );
#2440 = CARTESIAN_POINT ( 'NONE',  ( 0.5825586025229575500, -0.3243122353772481800, 0.2291666666666667700 ) ) ;
#2441 = ORIENTED_EDGE ( 'NONE', *, *, #4101, .F. ) ;
#2442 = AXIS2_PLACEMENT_3D ( 'NONE', #3537, #6133, #553 ) ;
#2443 = CIRCLE ( 'NONE', #6054, 0.01041666666666660200 ) ;
#2444 = DIRECTION ( 'NONE',  ( -0.9659258262890699800, -0.2588190451025145800, 0.0000000000000000000 ) ) ;
#2445 = MANIFOLD_SOLID_BREP ( 'CirPattern1[32]', #2411 ) ;
#2446 = LINE ( 'NONE', #3016, #34 ) ;
#2447 = PLANE ( 'NONE',  #5600 ) ;
#2448 = AXIS2_PLACEMENT_3D ( 'NONE', #5400, #4364, #1315 ) ;
#2449 = ORIENTED_EDGE ( 'NONE', *, *, #783, .F. ) ;
#2450 = TOROIDAL_SURFACE ( 'NONE', #3253, 0.7350000000000005400, 0.01499999999999999900 ) ;
#2451 = DIRECTION ( 'NONE',  ( 0.0000000000000000000, 0.0000000000000000000, 1.000000000000000000 ) ) ;
#2452 = ORIENTED_EDGE ( 'NONE', *, *, #2802, .F. ) ;
#2453 = EDGE_CURVE ( 'NONE', #1393, #2697, #4695, .T. ) ;
#2454 = ORIENTED_EDGE ( 'NONE', *, *, #5956, .F. ) ;
#2455 = DIRECTION ( 'NONE',  ( 0.0000000000000000000, 0.0000000000000000000, 1.000000000000000000 ) ) ;
#2456 = DIRECTION ( 'NONE',  ( 0.0000000000000000000, 0.0000000000000000000, 1.000000000000000000 ) ) ;
#2457 = VERTEX_POINT ( 'NONE', #1484 ) ;
#2458 = AXIS2_PLACEMENT_3D ( 'NONE', #4535, #2093, #1545 ) ;
#2459 = ORIENTED_EDGE ( 'NONE', *, *, #2122, .F. ) ;
#2460 = LINE ( 'NONE', #3680, #6003 ) ;
#2461 = DIRECTION ( 'NONE',  ( 0.2588190451025130200, -0.9659258262890704200, 0.0000000000000000000 ) ) ;
#2462 = ORIENTED_EDGE ( 'NONE', *, *, #1830, .T. ) ;
#2463 = ADVANCED_FACE ( 'NONE', ( #247, #792 ), #4993, .F. ) ;
#2464 = EDGE_CURVE ( 'NONE', #4099, #6070, #86, .T. ) ;
#2465 = VERTEX_POINT ( 'NONE', #4023 ) ;
#2466 = ADVANCED_FACE ( 'NONE', ( #3741 ), #5249, .T. ) ;
#2467 = ORIENTED_EDGE ( 'NONE', *, *, #4863, .F. ) ;
#2468 = VERTEX_POINT ( 'NONE', #3539 ) ;
#2469 = CARTESIAN_POINT ( 'NONE',  ( 0.3333333333333298700, -0.5773502691896276200, -0.2291666666666666300 ) ) ;
#2470 = VECTOR ( 'NONE', #31, 39.37007874015748100 ) ;
#2471 = VERTEX_POINT ( 'NONE', #5585 ) ;
#2472 = CARTESIAN_POINT ( 'NONE',  ( -0.6666666666666665200, 6.982962677686265100E-015, 0.2708333333333334800 ) ) ;
#2473 = EDGE_LOOP ( 'NONE', ( #4973, #3751, #5429, #1317 ) ) ;
#2474 = DIRECTION ( 'NONE',  ( -0.2588190451025314000, -0.9659258262890653100, 0.0000000000000000000 ) ) ;
#2475 = EDGE_CURVE ( 'NONE', #4888, #1393, #4536, .T. ) ;
#2476 = CARTESIAN_POINT ( 'NONE',  ( -0.1826077574255297300, -0.6412545191395594400, 0.2708333333333334800 ) ) ;
#2477 = EDGE_CURVE ( 'NONE', #4171, #5775, #5813, .T. ) ;
#2478 = EDGE_LOOP ( 'NONE', ( #2610, #2452, #4761, #6110 ) ) ;
#2479 = AXIS2_PLACEMENT_3D ( 'NONE', #3888, #866, #2891 ) ;
#2480 = DIRECTION ( 'NONE',  ( 0.0000000000000000000, 0.0000000000000000000, 1.000000000000000000 ) ) ;
#2481 = ORIENTED_EDGE ( 'NONE', *, *, #5841, .F. ) ;
#2482 = DIRECTION ( 'NONE',  ( 1.000000000000000000, -1.224646799147353200E-016, -2.007329340718835200E-032 ) ) ;
#2483 = ORIENTED_EDGE ( 'NONE', *, *, #5029, .F. ) ;
#2484 = AXIS2_PLACEMENT_3D ( 'NONE', #2731, #1749, #1206 ) ;
#2485 = CARTESIAN_POINT ( 'NONE',  ( 0.3333333333333298700, -0.5773502691896276200, -0.2708333333333335400 ) ) ;
#2486 = DIRECTION ( 'NONE',  ( 0.0000000000000000000, 0.0000000000000000000, 1.000000000000000000 ) ) ;
#2487 = CIRCLE ( 'NONE', #931, 0.01041666666666661100 ) ;
#2488 = DIRECTION ( 'NONE',  ( -0.5000000000000071100, -0.8660254037844346000, 0.0000000000000000000 ) ) ;
#2489 = AXIS2_PLACEMENT_3D ( 'NONE', #520, #992, #2018 ) ;
#2490 = VERTEX_POINT ( 'NONE', #1536 ) ;
#2491 = ADVANCED_FACE ( 'NONE', ( #3357 ), #2118, .T. ) ;
#2492 = LINE ( 'NONE', #1853, #2263 ) ;
#2493 = ADVANCED_FACE ( 'NONE', ( #6135 ), #1725, .F. ) ;
#2494 = EDGE_LOOP ( 'NONE', ( #5900, #4237 ) ) ;
#2495 = VERTEX_POINT ( 'NONE', #3171 ) ;
#2496 = CARTESIAN_POINT ( 'NONE',  ( 0.5773502691896264000, 0.3333333333333318700, 0.2708333333333334800 ) ) ;
#2497 = CARTESIAN_POINT ( 'NONE',  ( -0.5773502691896287300, -0.3333333333333278200, 0.2708333333333334800 ) ) ;
#2498 = DIRECTION ( 'NONE',  ( -0.2588190451025113000, 0.9659258262890707500, 0.0000000000000000000 ) ) ;
#2499 = EDGE_CURVE ( 'NONE', #2719, #2622, #408, .T. ) ;
#2500 = FACE_OUTER_BOUND ( 'NONE', #6179, .T. ) ;
#2501 = CARTESIAN_POINT ( 'NONE',  ( 0.4714045207910290700, -0.4714045207910340100, 0.2291666666666667700 ) ) ;
#2502 = ORIENTED_EDGE ( 'NONE', *, *, #2908, .T. ) ;
#2503 = DIRECTION ( 'NONE',  ( 0.0000000000000000000, 0.0000000000000000000, 1.000000000000000000 ) ) ;
#2504 = CYLINDRICAL_SURFACE ( 'NONE', #5819, 0.01041666666666661100 ) ;
#2505 = DIRECTION ( 'NONE',  ( 0.5000000000000097700, 0.8660254037844330500, 0.0000000000000000000 ) ) ;
#2506 = CARTESIAN_POINT ( 'NONE',  ( -0.3243122353772379100, 0.5825586025229629900, 0.2291666666666667700 ) ) ;
#2507 = CARTESIAN_POINT ( 'NONE',  ( 0.5773502691896241800, -0.3333333333333359800, 0.2708333333333334800 ) ) ;
#2508 = DIRECTION ( 'NONE',  ( -0.8660254037844420400, -0.4999999999999943900, 0.0000000000000000000 ) ) ;
#2509 = CYLINDRICAL_SURFACE ( 'NONE', #1237, 0.7500000000000004400 ) ;
#2510 = DIRECTION ( 'NONE',  ( 0.0000000000000000000, 0.0000000000000000000, 1.000000000000000000 ) ) ;
#2511 = CARTESIAN_POINT ( 'NONE',  ( -0.5721419358562954700, -0.3423544312894157300, 0.2708333333333334800 ) ) ;
#2512 = ORIENTED_EDGE ( 'NONE', *, *, #3881, .T. ) ;
#2513 = EDGE_CURVE ( 'NONE', #2612, #1465, #639, .T. ) ;
#2514 = CYLINDRICAL_SURFACE ( 'NONE', #2372, 0.04166666666666673400 ) ;
#2515 = DIRECTION ( 'NONE',  ( 0.0000000000000000000, 0.0000000000000000000, 1.000000000000000000 ) ) ;
#2516 = CARTESIAN_POINT ( 'NONE',  ( -0.01041666666666661200, 0.6666666666666665200, 0.2708333333333334800 ) ) ;
#2517 = CIRCLE ( 'NONE', #2887, 0.7083333333333337000 ) ;
#2518 = VERTEX_POINT ( 'NONE', #1170 ) ;
#2519 = AXIS2_PLACEMENT_3D ( 'NONE', #5718, #665, #1657 ) ;
#2520 = CARTESIAN_POINT ( 'NONE',  ( -0.6666666666666665200, 6.982962677686265100E-015, -0.2291666666666666300 ) ) ;
#2521 = FACE_BOUND ( 'NONE', #4193, .T. ) ;
#2522 = ADVANCED_FACE ( 'NONE', ( #2426, #3514 ), #2634, .F. ) ;
#2523 = ORIENTED_EDGE ( 'NONE', *, *, #3752, .T. ) ;
#2524 = ADVANCED_FACE ( 'NONE', ( #2202 ), #1568, .F. ) ;
#2525 = AXIS2_PLACEMENT_3D ( 'NONE', #5885, #5369, #2848 ) ;
#2526 = VECTOR ( 'NONE', #4115, 39.37007874015748100 ) ;
#2527 = DIRECTION ( 'NONE',  ( 1.311287036958853100E-014, 1.000000000000000000, 0.0000000000000000000 ) ) ;
#2528 = CARTESIAN_POINT ( 'NONE',  ( 0.5721419358562930300, 0.3423544312894197300, 0.2708333333333334800 ) ) ;
#2529 = ORIENTED_EDGE ( 'NONE', *, *, #5404, .T. ) ;
#2530 = CIRCLE ( 'NONE', #5465, 0.04166666666666672000 ) ;
#2531 = AXIS2_PLACEMENT_3D ( 'NONE', #1869, #5374, #2374 ) ;
#2532 = VERTEX_POINT ( 'NONE', #3129 ) ;
#2533 = DIRECTION ( 'NONE',  ( -0.4999999999999919000, 0.8660254037844431500, 0.0000000000000000000 ) ) ;
#2534 = ORIENTED_EDGE ( 'NONE', *, *, #4124, .T. ) ;
#2535 = DIRECTION ( 'NONE',  ( 0.0000000000000000000, 0.0000000000000000000, 1.000000000000000000 ) ) ;
#2536 = ORIENTED_EDGE ( 'NONE', *, *, #5348, .T. ) ;
#2537 = EDGE_LOOP ( 'NONE', ( #2154, #2903 ) ) ;
#2538 = EDGE_LOOP ( 'NONE', ( #5288, #5674 ) ) ;
#2539 = VERTEX_POINT ( 'NONE', #2607 ) ;
#2540 = DIRECTION ( 'NONE',  ( 0.0000000000000000000, 0.0000000000000000000, -1.000000000000000000 ) ) ;
#2541 = EDGE_CURVE ( 'NONE', #3071, #4646, #4768, .T. ) ;
#2542 = DIRECTION ( 'NONE',  ( 0.7071067811865574500, 0.7071067811865376900, 0.0000000000000000000 ) ) ;
#2543 = ORIENTED_EDGE ( 'NONE', *, *, #5287, .F. ) ;
#2544 = DIRECTION ( 'NONE',  ( -0.5000000000000041100, -0.8660254037844362700, 0.0000000000000000000 ) ) ;
#2545 = DIRECTION ( 'NONE',  ( 0.2588190451025130200, -0.9659258262890704200, 0.0000000000000000000 ) ) ;
#2546 = CARTESIAN_POINT ( 'NONE',  ( -0.4714045207910257900, 0.4714045207910372800, 0.2708333333333334800 ) ) ;
#2547 = ORIENTED_EDGE ( 'NONE', *, *, #4510, .T. ) ;
#2548 = ORIENTED_EDGE ( 'NONE', *, *, #5804, .F. ) ;
#2549 = DIRECTION ( 'NONE',  ( 0.7071067811865413600, -0.7071067811865536800, 0.0000000000000000000 ) ) ;
#2550 = CARTESIAN_POINT ( 'NONE',  ( 0.6547346777386509100, 0.1322991206396340000, -0.2291666666666666300 ) ) ;
#2551 = DIRECTION ( 'NONE',  ( -0.0000000000000000000, -1.639108796198557900E-016, 1.000000000000000000 ) ) ;
#2552 = EDGE_CURVE ( 'NONE', #4331, #4406, #5971, .T. ) ;
#2553 = ORIENTED_EDGE ( 'NONE', *, *, #3324, .F. ) ;
#2554 = ADVANCED_FACE ( 'NONE', ( #1105 ), #4595, .F. ) ;
#2555 = DIRECTION ( 'NONE',  ( -0.9659258262890682000, 0.2588190451025213500, 0.0000000000000000000 ) ) ;
#2556 = EDGE_CURVE ( 'NONE', #1198, #3154, #4457, .T. ) ;
#2557 = CIRCLE ( 'NONE', #2994, 0.01041666666666661900 ) ;
#2558 = AXIS2_PLACEMENT_3D ( 'NONE', #2852, #3777, #5301 ) ;
#2559 = DIRECTION ( 'NONE',  ( 0.9659258262890704200, 0.2588190451025130200, 0.0000000000000000000 ) ) ;
#2560 = CARTESIAN_POINT ( 'NONE',  ( 0.3333333333333339300, 0.5773502691896251800, -0.2291666666666666300 ) ) ;
#2561 = DIRECTION ( 'NONE',  ( 0.9659258262890680900, -0.2588190451025211300, 0.0000000000000000000 ) ) ;
#2562 = CLOSED_SHELL ( 'NONE', ( #1467, #3720, #1776, #1702, #5480, #6338 ) ) ;
#2563 = CARTESIAN_POINT ( 'NONE',  ( 0.5773502691896241800, -0.3333333333333359800, -0.2708333333333335400 ) ) ;
#2564 = AXIS2_PLACEMENT_3D ( 'NONE', #1084, #6115, #3040 ) ;
#2565 = DIRECTION ( 'NONE',  ( 0.4999999999999993300, -0.8660254037844391500, 0.0000000000000000000 ) ) ;
#2566 = TOROIDAL_SURFACE ( 'NONE', #2729, 0.7350000000000005400, 0.01499999999999999900 ) ;
#2567 = DIRECTION ( 'NONE',  ( -0.9659258262890704200, -0.2588190451025130200, 0.0000000000000000000 ) ) ;
#2568 = EDGE_LOOP ( 'NONE', ( #4240, #6171, #2529, #1359 ) ) ;
#2569 = CC_DESIGN_PERSON_AND_ORGANIZATION_ASSIGNMENT ( #1339, #955, ( #453 ) ) ;
#2570 = CARTESIAN_POINT ( 'NONE',  ( -0.2972489415089864500, -0.5981836025229565500, 0.2291666666666667700 ) ) ;
#2571 = AXIS2_PLACEMENT_3D ( 'NONE', #3287, #4229, #3727 ) ;
#2572 = CIRCLE ( 'NONE', #768, 0.01041666666666661200 ) ;
#2573 = ORIENTED_EDGE ( 'NONE', *, *, #1461, .T. ) ;
#2574 = CARTESIAN_POINT ( 'NONE',  ( 0.1725460300683475100, 0.6439505508593785800, -0.2291666666666666300 ) ) ;
#2575 = CARTESIAN_POINT ( 'NONE',  ( 0.6666666666666665200, -2.327654225895421700E-015, 0.2291666666666667700 ) ) ;
#2576 = CIRCLE ( 'NONE', #2782, 0.01041666666666659100 ) ;
#2577 = AXIS2_PLACEMENT_3D ( 'NONE', #3524, #638, #4515 ) ;
#2578 = ORIENTED_EDGE ( 'NONE', *, *, #5370, .T. ) ;
#2579 = MANIFOLD_SOLID_BREP ( 'CirPattern1[22]', #1969 ) ;
#2580 = CARTESIAN_POINT ( 'NONE',  ( 0.3423544312894177800, -0.5721419358562943600, 0.2291666666666667700 ) ) ;
#2581 = CARTESIAN_POINT ( 'NONE',  ( -0.6666666666666665200, 6.982962677686265100E-015, 0.2291666666666667700 ) ) ;
#2582 = EDGE_CURVE ( 'NONE', #4640, #1674, #865, .T. ) ;
#2583 = CARTESIAN_POINT ( 'NONE',  ( -0.4714045207910257900, 0.4714045207910372800, -0.2291666666666666300 ) ) ;
#2584 = CIRCLE ( 'NONE', #4836, 0.04166666666666672000 ) ;
#2585 = CARTESIAN_POINT ( 'NONE',  ( 0.3333333333333298700, -0.5773502691896276200, 0.2708333333333334800 ) ) ;
#2586 = CARTESIAN_POINT ( 'NONE',  ( -0.1725460300683385200, 0.6439505508593810200, 0.2708333333333334800 ) ) ;
#2587 = ADVANCED_FACE ( 'NONE', ( #555, #5559 ), #2196, .F. ) ;
#2588 = FACE_BOUND ( 'NONE', #1643, .T. ) ;
#2589 = DIRECTION ( 'NONE',  ( 0.0000000000000000000, 0.0000000000000000000, -1.000000000000000000 ) ) ;
#2590 = CARTESIAN_POINT ( 'NONE',  ( 0.1725460300683430100, -0.6439505508593798000, 0.2708333333333334800 ) ) ;
#2591 = LINE ( 'NONE', #3481, #1957 ) ;
#2592 = DIRECTION ( 'NONE',  ( 0.0000000000000000000, 0.0000000000000000000, 1.000000000000000000 ) ) ;
#2593 = CYLINDRICAL_SURFACE ( 'NONE', #6242, 0.01041666666666661200 ) ;
#2594 = PLANE ( 'NONE',  #2458 ) ;
#2595 = EDGE_CURVE ( 'NONE', #6230, #1153, #3669, .T. ) ;
#2596 = ORIENTED_EDGE ( 'NONE', *, *, #5625, .F. ) ;
#2597 = LINE ( 'NONE', #807, #1269 ) ;
#2598 = DIRECTION ( 'NONE',  ( 0.8660254037844391500, -0.4999999999999993300, 0.0000000000000000000 ) ) ;
#2599 = ORIENTED_EDGE ( 'NONE', *, *, #687, .T. ) ;
#2600 = VECTOR ( 'NONE', #5322, 39.37007874015748100 ) ;
#2601 = CARTESIAN_POINT ( 'NONE',  ( 0.1833301569476192500, 0.6841974602880898100, 0.2291666666666667700 ) ) ;
#2602 = EDGE_LOOP ( 'NONE', ( #4816, #3704, #5848, #4441 ) ) ;
#2603 = CARTESIAN_POINT ( 'NONE',  ( -0.6439505508593768000, 0.1725460300683542600, -0.2291666666666666300 ) ) ;
#2604 = CIRCLE ( 'NONE', #6496, 0.01041666666666661200 ) ;
#2605 = CARTESIAN_POINT ( 'NONE',  ( -0.3333333333333379800, -0.5773502691896228400, -0.2291666666666666300 ) ) ;
#2606 = VERTEX_POINT ( 'NONE', #1626 ) ;
#2608 = AXIS2_PLACEMENT_3D ( 'NONE', #5724, #1773, #769 ) ;
#2607 = CARTESIAN_POINT ( 'NONE',  ( -0.3694177251576894500, -0.5565169358562892500, -0.2291666666666666300 ) ) ;
#2609 = VECTOR ( 'NONE', #1492, 39.37007874015748100 ) ;
#2610 = ORIENTED_EDGE ( 'NONE', *, *, #687, .F. ) ;
#2611 = CARTESIAN_POINT ( 'NONE',  ( -0.6439505508593803600, -0.1725460300683407700, 0.2708333333333334800 ) ) ;
#2612 = VERTEX_POINT ( 'NONE', #126 ) ;
#2613 = AXIS2_PLACEMENT_3D ( 'NONE', #548, #4631, #4037 ) ;
#2614 = ORIENTED_EDGE ( 'NONE', *, *, #3473, .F. ) ;
#2615 = ORIENTED_EDGE ( 'NONE', *, *, #1123, .F. ) ;
#2616 = DIRECTION ( 'NONE',  ( 0.0000000000000000000, -0.0000000000000000000, -1.000000000000000000 ) ) ;
#2617 = CARTESIAN_POINT ( 'NONE',  ( 0.5721419358562908100, -0.3423544312894237800, 0.2708333333333334800 ) ) ;
#2618 = VECTOR ( 'NONE', #1478, 39.37007874015748100 ) ;
#2619 = ORIENTED_EDGE ( 'NONE', *, *, #4772, .F. ) ;
#2620 = CARTESIAN_POINT ( 'NONE',  ( 0.5721419358562930300, 0.3423544312894197300, 0.2291666666666667700 ) ) ;
#2621 = ORIENTED_EDGE ( 'NONE', *, *, #4043, .T. ) ;
#2622 = VERTEX_POINT ( 'NONE', #3627 ) ;
#2623 = DIRECTION ( 'NONE',  ( 0.0000000000000000000, 0.0000000000000000000, 1.000000000000000000 ) ) ;
#2624 = EDGE_LOOP ( 'NONE', ( #5539, #4643 ) ) ;
#2625 = CIRCLE ( 'NONE', #6157, 0.04166666666666671300 ) ;
#2626 = ADVANCED_FACE ( 'NONE', ( #943 ), #3274, .F. ) ;
#2627 = DIRECTION ( 'NONE',  ( 0.0000000000000000000, 0.0000000000000000000, 1.000000000000000000 ) ) ;
#2628 = ORIENTED_EDGE ( 'NONE', *, *, #1884, .F. ) ;
#2629 = EDGE_CURVE ( 'NONE', #4657, #4406, #2275, .T. ) ;
#2631 = ORIENTED_EDGE ( 'NONE', *, *, #3343, .F. ) ;
#2630 = AXIS2_PLACEMENT_3D ( 'NONE', #1333, #6351, #4853 ) ;
#2632 = CARTESIAN_POINT ( 'NONE',  ( -0.6439505508593803600, -0.1725460300683407700, -0.2291666666666666300 ) ) ;
#2633 = DIRECTION ( 'NONE',  ( 0.0000000000000000000, 0.0000000000000000000, 1.000000000000000000 ) ) ;
#2634 = PLANE ( 'NONE',  #698 ) ;
#2635 = ORIENTED_EDGE ( 'NONE', *, *, #3556, .T. ) ;
#2636 = DIRECTION ( 'NONE',  ( -0.0000000000000000000, 0.0000000000000000000, -1.000000000000000000 ) ) ;
#2637 = DIRECTION ( 'NONE',  ( 0.0000000000000000000, -1.000000000000000000, -1.639108796198557900E-016 ) ) ;
#2638 = CARTESIAN_POINT ( 'NONE',  ( 0.0000000000000000000, 0.6666666666666665200, 0.2291666666666667700 ) ) ;
#2639 = VERTEX_POINT ( 'NONE', #4205 ) ;
#2640 = ORIENTED_EDGE ( 'NONE', *, *, #4212, .F. ) ;
#2641 = EDGE_CURVE ( 'NONE', #2844, #1369, #6292, .T. ) ;
#2642 = DIRECTION ( 'NONE',  ( 0.0000000000000000000, 0.0000000000000000000, 1.000000000000000000 ) ) ;
#2643 = FACE_BOUND ( 'NONE', #2245, .T. ) ;
#2644 = CARTESIAN_POINT ( 'NONE',  ( -0.04166666666667137600, -0.6666666666666661900, 0.2291666666666667700 ) ) ;
#2645 = ORIENTED_EDGE ( 'NONE', *, *, #3450, .F. ) ;
#2646 = MANIFOLD_SOLID_BREP ( 'CirPattern1[44]', #939 ) ;
#2647 = AXIS2_PLACEMENT_3D ( 'NONE', #5781, #6256, #2220 ) ;
#2648 = DIRECTION ( 'NONE',  ( 0.8660254037844380400, -0.5000000000000010000, 0.0000000000000000000 ) ) ;
#2649 = DIRECTION ( 'NONE',  ( 0.0000000000000000000, 0.0000000000000000000, 1.000000000000000000 ) ) ;
#2650 = CIRCLE ( 'NONE', #315, 0.04166666666666672000 ) ;
#2651 = MANIFOLD_SOLID_BREP ( 'CirPattern1[30]', #3911 ) ;
#2652 = CLOSED_SHELL ( 'NONE', ( #2095, #2849, #6393, #5478, #4451, #5385 ) ) ;
#2653 = ADVANCED_FACE ( 'NONE', ( #1409 ), #2214, .F. ) ;
#2654 = AXIS2_PLACEMENT_3D ( 'NONE', #355, #3275, #1852 ) ;
#2655 = FACE_OUTER_BOUND ( 'NONE', #3459, .T. ) ;
#2656 = DIRECTION ( 'NONE',  ( -0.2588190451025261200, -0.9659258262890668700, 0.0000000000000000000 ) ) ;
#2657 = EDGE_LOOP ( 'NONE', ( #571, #5360, #2851, #1057 ) ) ;
#2658 = AXIS2_PLACEMENT_3D ( 'NONE', #1767, #6323, #3788 ) ;
#2659 = DIRECTION ( 'NONE',  ( 0.0000000000000000000, 0.0000000000000000000, 1.000000000000000000 ) ) ;
#2660 = DIRECTION ( 'NONE',  ( 0.5000000000000097700, 0.8660254037844330500, 0.0000000000000000000 ) ) ;
#2661 = FACE_OUTER_BOUND ( 'NONE', #1605, .T. ) ;
#2662 = DIRECTION ( 'NONE',  ( 0.0000000000000000000, 0.0000000000000000000, 1.000000000000000000 ) ) ;
#2663 = CARTESIAN_POINT ( 'NONE',  ( 0.3333333333333298700, -0.5773502691896276200, 0.2708333333333334800 ) ) ;
#2664 = EDGE_CURVE ( 'NONE', #3730, #1549, #5894, .T. ) ;
#2665 = CARTESIAN_POINT ( 'NONE',  ( -0.6666666666666663000, 0.01041666666667359600, 0.2291666666666667700 ) ) ;
#2666 = CARTESIAN_POINT ( 'NONE',  ( -0.4640388251536758400, -0.4787702164283873000, -0.2708333333333335400 ) ) ;
#2667 = EDGE_CURVE ( 'NONE', #2394, #3887, #1257, .T. ) ;
#2668 = LINE ( 'NONE', #1392, #4072 ) ;
#2669 = CARTESIAN_POINT ( 'NONE',  ( -0.6331664239801047000, 0.2127929394970653800, 0.2291666666666667700 ) ) ;
#2670 = CARTESIAN_POINT ( 'NONE',  ( 0.1725460300683430100, -0.6439505508593798000, -0.2708333333333335400 ) ) ;
#2671 = EDGE_CURVE ( 'NONE', #4739, #3469, #5016, .T. ) ;
#2672 = VECTOR ( 'NONE', #5267, 39.37007874015748100 ) ;
#2673 = DIRECTION ( 'NONE',  ( 0.0000000000000000000, 0.0000000000000000000, -1.000000000000000000 ) ) ;
#2674 = APPROVAL_PERSON_ORGANIZATION ( #4387, #693, #3870 ) ;
#2675 = ORIENTED_EDGE ( 'NONE', *, *, #1373, .T. ) ;
#2676 = DIRECTION ( 'NONE',  ( 0.0000000000000000000, 0.0000000000000000000, 1.000000000000000000 ) ) ;
#2677 = CIRCLE ( 'NONE', #2324, 0.01041666666666661200 ) ;
#2678 = FACE_OUTER_BOUND ( 'NONE', #1787, .T. ) ;
#2679 = ORIENTED_EDGE ( 'NONE', *, *, #3343, .T. ) ;
#2680 = EDGE_CURVE ( 'NONE', #4284, #1148, #2040, .T. ) ;
#2681 = CIRCLE ( 'NONE', #654, 0.01041666666666661100 ) ;
#2682 = CARTESIAN_POINT ( 'NONE',  ( 0.5773502691896241800, -0.3333333333333359800, 0.2708333333333334800 ) ) ;
#2683 = ORIENTED_EDGE ( 'NONE', *, *, #2884, .T. ) ;
#2684 = LINE ( 'NONE', #4978, #884 ) ;
#2685 = EDGE_CURVE ( 'NONE', #5466, #195, #2356, .T. ) ;
#2686 = ORIENTED_EDGE ( 'NONE', *, *, #222, .T. ) ;
#2687 = ADVANCED_FACE ( 'NONE', ( #3897 ), #717, .F. ) ;
#2688 = CARTESIAN_POINT ( 'NONE',  ( 0.5825586025229575500, -0.3243122353772481800, 0.2708333333333334800 ) ) ;
#2689 = CYLINDRICAL_SURFACE ( 'NONE', #234, 0.01041666666666661100 ) ;
#2690 = DIRECTION ( 'NONE',  ( 1.000000000000000000, -6.982962677686265900E-015, 0.0000000000000000000 ) ) ;
#2691 = EDGE_LOOP ( 'NONE', ( #3763, #603, #1139, #4129 ) ) ;
#2692 = AXIS2_PLACEMENT_3D ( 'NONE', #1490, #3520, #539 ) ;
#2693 = VECTOR ( 'NONE', #4358, 39.37007874015748100 ) ;
#2694 = EDGE_LOOP ( 'NONE', ( #5060, #3620, #5315, #2084 ) ) ;
#2695 = DIRECTION ( 'NONE',  ( 0.2588190451025310100, 0.9659258262890656500, 0.0000000000000000000 ) ) ;
#2696 = PLANE ( 'NONE',  #366 ) ;
#2697 = VERTEX_POINT ( 'NONE', #2259 ) ;
#2698 = DIRECTION ( 'NONE',  ( 1.000000000000000000, 0.0000000000000000000, 0.0000000000000000000 ) ) ;
#2699 = VERTEX_POINT ( 'NONE', #5776 ) ;
#2700 = EDGE_LOOP ( 'NONE', ( #1838, #5077, #2772, #3623 ) ) ;
#2701 =( GEOMETRIC_REPRESENTATION_CONTEXT ( 3 ) GLOBAL_UNCERTAINTY_ASSIGNED_CONTEXT ( ( #1032 ) ) GLOBAL_UNIT_ASSIGNED_CONTEXT ( ( #5445, #2439, #1876 ) ) REPRESENTATION_CONTEXT ( 'NONE', 'WORKASPACE' ) );
#2702 = VECTOR ( 'NONE', #1946, 39.37007874015748100 ) ;
#2703 = ORIENTED_EDGE ( 'NONE', *, *, #6229, .F. ) ;
#2704 = AXIS2_PLACEMENT_3D ( 'NONE', #2501, #3038, #4045 ) ;
#2705 = ORIENTED_EDGE ( 'NONE', *, *, #4458, .T. ) ;
#2706 = CARTESIAN_POINT ( 'NONE',  ( 0.4640388251536692300, -0.4787702164283937900, 0.2708333333333334800 ) ) ;
#2707 = AXIS2_PLACEMENT_3D ( 'NONE', #4843, #4352, #4861 ) ;
#2708 = ORIENTED_EDGE ( 'NONE', *, *, #1677, .F. ) ;
#2709 = DIRECTION ( 'NONE',  ( 0.0000000000000000000, 0.0000000000000000000, 1.000000000000000000 ) ) ;
#2710 = EDGE_CURVE ( 'NONE', #3791, #3112, #2965, .T. ) ;
#2711 = CARTESIAN_POINT ( 'NONE',  ( 0.0000000000000000000, 0.6458333333333332600, -0.3125000000000001700 ) ) ;
#2712 = ORIENTED_EDGE ( 'NONE', *, *, #379, .T. ) ;
#2713 = DIRECTION ( 'NONE',  ( 0.0000000000000000000, 0.0000000000000000000, 1.000000000000000000 ) ) ;
#2714 = DIRECTION ( 'NONE',  ( 0.0000000000000000000, 0.0000000000000000000, 1.000000000000000000 ) ) ;
#2715 = CARTESIAN_POINT ( 'NONE',  ( -0.4714045207910257900, 0.4714045207910372800, -0.2708333333333335400 ) ) ;
#2716 = DIRECTION ( 'NONE',  ( 0.0000000000000000000, 0.0000000000000000000, 1.000000000000000000 ) ) ;
#2717 = ADVANCED_FACE ( 'NONE', ( #5096 ), #6366, .T. ) ;
#2718 = CIRCLE ( 'NONE', #6177, 0.01041666666666661900 ) ;
#2719 = VERTEX_POINT ( 'NONE', #295 ) ;
#2720 = EDGE_CURVE ( 'NONE', #1983, #2697, #2819, .T. ) ;
#2721 = AXIS2_PLACEMENT_3D ( 'NONE', #4895, #893, #3414 ) ;
#2722 = CIRCLE ( 'NONE', #5638, 0.7350000000000005400 ) ;
#2723 = ORIENTED_EDGE ( 'NONE', *, *, #579, .T. ) ;
#2724 = DIRECTION ( 'NONE',  ( 0.9659258262890704200, 0.2588190451025130200, 0.0000000000000000000 ) ) ;
#2725 = CARTESIAN_POINT ( 'NONE',  ( 0.3333333333333298700, -0.5773502691896276200, 0.2291666666666667700 ) ) ;
#2726 = DIRECTION ( 'NONE',  ( -0.5000000000000101000, -0.8660254037844328200, 0.0000000000000000000 ) ) ;
#2727 = DIRECTION ( 'NONE',  ( 0.0000000000000000000, 0.0000000000000000000, 1.000000000000000000 ) ) ;
#2728 = VECTOR ( 'NONE', #3546, 39.37007874015748100 ) ;
#2729 = AXIS2_PLACEMENT_3D ( 'NONE', #4723, #5792, #5250 ) ;
#2730 = ORIENTED_EDGE ( 'NONE', *, *, #1417, .T. ) ;
#2731 = CARTESIAN_POINT ( 'NONE',  ( -0.5773502691896217300, 0.3333333333333399800, 0.2708333333333334800 ) ) ;
#2732 = AXIS2_PLACEMENT_3D ( 'NONE', #4163, #6262, #6217 ) ;
#2733 = FACE_BOUND ( 'NONE', #460, .T. ) ;
#2734 = DIRECTION ( 'NONE',  ( 0.0000000000000000000, -0.0000000000000000000, 1.000000000000000000 ) ) ;
#2735 = DIRECTION ( 'NONE',  ( -0.2588190451025244600, -0.9659258262890673100, 0.0000000000000000000 ) ) ;
#2736 = AXIS2_PLACEMENT_3D ( 'NONE', #4795, #4194, #4708 ) ;
#2737 = LINE ( 'NONE', #6058, #1952 ) ;
#2738 = LINE ( 'NONE', #1688, #6373 ) ;
#2739 = CIRCLE ( 'NONE', #4533, 0.01041666666666659100 ) ;
#2740 = ADVANCED_FACE ( 'NONE', ( #5648 ), #3892, .T. ) ;
#2741 = CARTESIAN_POINT ( 'NONE',  ( 0.5825586025229575500, -0.3243122353772481800, 0.2291666666666667700 ) ) ;
#2742 = DIRECTION ( 'NONE',  ( 1.000000000000000000, 0.0000000000000000000, 0.0000000000000000000 ) ) ;
#2744 = CIRCLE ( 'NONE', #2519, 0.01041666666666663700 ) ;
#2743 = DIRECTION ( 'NONE',  ( 9.834652777191335800E-015, 1.000000000000000000, 0.0000000000000000000 ) ) ;
#2745 = COORDINATED_UNIVERSAL_TIME_OFFSET ( 6, 0, .BEHIND. ) ;
#2746 = VERTEX_POINT ( 'NONE', #6416 ) ;
#2747 = DIRECTION ( 'NONE',  ( 0.0000000000000000000, 0.0000000000000000000, 1.000000000000000000 ) ) ;
#2748 = CIRCLE ( 'NONE', #2360, 0.01041666666666660200 ) ;
#2749 = CARTESIAN_POINT ( 'NONE',  ( -0.01041666666666661200, 0.6666666666666665200, 0.2708333333333334800 ) ) ;
#2750 = VERTEX_POINT ( 'NONE', #5930 ) ;
#2751 = ADVANCED_FACE ( 'NONE', ( #549, #863 ), #4835, .F. ) ;
#2752 = ORIENTED_EDGE ( 'NONE', *, *, #6186, .T. ) ;
#2753 = CIRCLE ( 'NONE', #3566, 0.01041666666666662600 ) ;
#2754 = ORIENTED_EDGE ( 'NONE', *, *, #3592, .F. ) ;
#2755 = DIRECTION ( 'NONE',  ( -0.5000000000000071100, -0.8660254037844346000, 0.0000000000000000000 ) ) ;
#2756 = DIRECTION ( 'NONE',  ( 0.5000000000000119900, 0.8660254037844318200, 0.0000000000000000000 ) ) ;
#2757 = VECTOR ( 'NONE', #4360, 39.37007874015748100 ) ;
#2758 = EDGE_CURVE ( 'NONE', #4890, #6276, #1561, .T. ) ;
#2759 = EDGE_LOOP ( 'NONE', ( #3950, #203 ) ) ;
#2760 = DIRECTION ( 'NONE',  ( 0.0000000000000000000, 0.0000000000000000000, 1.000000000000000000 ) ) ;
#2761 = CLOSED_SHELL ( 'NONE', ( #6454, #1999, #6354, #4751, #3528, #102 ) ) ;
#2762 = ORIENTED_EDGE ( 'NONE', *, *, #6462, .F. ) ;
#2763 = EDGE_CURVE ( 'NONE', #5570, #4501, #1721, .T. ) ;
#2764 = ORIENTED_EDGE ( 'NONE', *, *, #6301, .T. ) ;
#2765 = CIRCLE ( 'NONE', #734, 0.01041666666666661200 ) ;
#2766 = CARTESIAN_POINT ( 'NONE',  ( -0.3423544312894137900, 0.5721419358562966900, -0.2291666666666666300 ) ) ;
#2767 = CARTESIAN_POINT ( 'NONE',  ( 0.0000000000000000000, 0.6666666666666665200, -0.2291666666666666300 ) ) ;
#2768 = VERTEX_POINT ( 'NONE', #2344 ) ;
#2769 = DIRECTION ( 'NONE',  ( 0.2588190451025261200, 0.9659258262890668700, 0.0000000000000000000 ) ) ;
#2770 = ORIENTED_EDGE ( 'NONE', *, *, #533, .F. ) ;
#2771 = AXIS2_PLACEMENT_3D ( 'NONE', #3868, #5920, #2892 ) ;
#2772 = ORIENTED_EDGE ( 'NONE', *, *, #5489, .T. ) ;
#2773 = ORIENTED_EDGE ( 'NONE', *, *, #5886, .T. ) ;
#2774 = FACE_OUTER_BOUND ( 'NONE', #5883, .T. ) ;
#2775 = ORIENTED_EDGE ( 'NONE', *, *, #867, .F. ) ;
#2777 = AXIS2_PLACEMENT_3D ( 'NONE', #5635, #2633, #4724 ) ;
#2776 = DIRECTION ( 'NONE',  ( 0.0000000000000000000, -1.000000000000000000, 0.0000000000000000000 ) ) ;
#2778 = ORIENTED_EDGE ( 'NONE', *, *, #1222, .F. ) ;
#2779 = DIRECTION ( 'NONE',  ( 0.0000000000000000000, 0.0000000000000000000, 1.000000000000000000 ) ) ;
#2780 = ADVANCED_FACE ( 'NONE', ( #2885, #4206 ), #1381, .F. ) ;
#2781 = MANIFOLD_SOLID_BREP ( 'CirPattern1[4]', #6327 ) ;
#2782 = AXIS2_PLACEMENT_3D ( 'NONE', #3118, #621, #3099 ) ;
#2783 = DIRECTION ( 'NONE',  ( 0.0000000000000000000, 0.0000000000000000000, 1.000000000000000000 ) ) ;
#2784 = PLANE ( 'NONE',  #2736 ) ;
#2785 = ORIENTED_EDGE ( 'NONE', *, *, #5713, .T. ) ;
#2786 = DIRECTION ( 'NONE',  ( 0.0000000000000000000, -1.000000000000000000, 0.0000000000000000000 ) ) ;
#2787 = EDGE_CURVE ( 'NONE', #2175, #4514, #480, .T. ) ;
#2788 = AXIS2_PLACEMENT_3D ( 'NONE', #467, #3940, #4449 ) ;
#2789 = ADVANCED_FACE ( 'NONE', ( #3972 ), #4136, .F. ) ;
#2790 = CARTESIAN_POINT ( 'NONE',  ( 0.4714045207910290700, -0.4714045207910340100, -0.2291666666666666300 ) ) ;
#2791 = ORIENTED_EDGE ( 'NONE', *, *, #5356, .T. ) ;
#2792 = EDGE_CURVE ( 'NONE', #4250, #2150, #1019, .T. ) ;
#2793 = CARTESIAN_POINT ( 'NONE',  ( 0.1833301569476144800, -0.6841974602880911400, 0.2291666666666667700 ) ) ;
#2794 = CARTESIAN_POINT ( 'NONE',  ( -0.6439505508593768000, 0.1725460300683542600, 0.2291666666666667700 ) ) ;
#2795 = ORIENTED_EDGE ( 'NONE', *, *, #5703, .F. ) ;
#2796 = CARTESIAN_POINT ( 'NONE',  ( -0.5773502691896217300, 0.3333333333333399800, -0.2291666666666666300 ) ) ;
#2797 = CYLINDRICAL_SURFACE ( 'NONE', #1228, 0.01041666666666661100 ) ;
#2798 = DIRECTION ( 'NONE',  ( 0.4999999999999984500, -0.8660254037844397100, 0.0000000000000000000 ) ) ;
#2799 = EDGE_LOOP ( 'NONE', ( #4884, #3700 ) ) ;
#2800 = DIRECTION ( 'NONE',  ( -1.000000000000000000, 1.311287036958853100E-014, 0.0000000000000000000 ) ) ;
#2801 = DIRECTION ( 'NONE',  ( 0.0000000000000000000, 0.0000000000000000000, 1.000000000000000000 ) ) ;
#2802 = EDGE_CURVE ( 'NONE', #3970, #3225, #3667, .T. ) ;
#2803 = FACE_OUTER_BOUND ( 'NONE', #4177, .T. ) ;
#2804 = EDGE_LOOP ( 'NONE', ( #1851, #2675 ) ) ;
#2805 = CARTESIAN_POINT ( 'NONE',  ( 0.3333333333333339300, 0.5773502691896251800, 0.2291666666666667700 ) ) ;
#2806 = EDGE_CURVE ( 'NONE', #3089, #1093, #3192, .T. ) ;
#2807 = DIRECTION ( 'NONE',  ( 0.0000000000000000000, 0.0000000000000000000, 1.000000000000000000 ) ) ;
#2808 = AXIS2_PLACEMENT_3D ( 'NONE', #6426, #2397, #1891 ) ;
#2809 = DIRECTION ( 'NONE',  ( 0.0000000000000000000, -1.000000000000000000, 0.0000000000000000000 ) ) ;
#2810 = CIRCLE ( 'NONE', #5007, 0.01041666666666661200 ) ;
#2811 = EDGE_LOOP ( 'NONE', ( #1416, #2512, #5692, #5838 ) ) ;
#2812 = ADVANCED_FACE ( 'NONE', ( #3738 ), #241, .T. ) ;
#2813 = DIRECTION ( 'NONE',  ( 0.0000000000000000000, 0.0000000000000000000, 1.000000000000000000 ) ) ;
#2814 = DIRECTION ( 'NONE',  ( 0.0000000000000000000, 0.0000000000000000000, 1.000000000000000000 ) ) ;
#2815 = ORIENTED_EDGE ( 'NONE', *, *, #5451, .F. ) ;
#2816 = VERTEX_POINT ( 'NONE', #5903 ) ;
#2817 = DIRECTION ( 'NONE',  ( 0.7071067811865561200, 0.7071067811865389100, 0.0000000000000000000 ) ) ;
#2818 = AXIS2_PLACEMENT_3D ( 'NONE', #3830, #338, #404 ) ;
#2819 = CIRCLE ( 'NONE', #4365, 0.04166666666666673400 ) ;
#2820 = CARTESIAN_POINT ( 'NONE',  ( -0.5721419358562882500, 0.3423544312894278300, -0.2291666666666666300 ) ) ;
#2821 = CARTESIAN_POINT ( 'NONE',  ( 0.3333333333333339300, 0.5773502691896251800, 0.2291666666666667700 ) ) ;
#2822 = AXIS2_PLACEMENT_3D ( 'NONE', #5045, #5543, #6062 ) ;
#2823 = ADVANCED_FACE ( 'NONE', ( #1331 ), #3351, .T. ) ;
#2824 = DIRECTION ( 'NONE',  ( 0.0000000000000000000, 0.0000000000000000000, 1.000000000000000000 ) ) ;
#2825 = DIRECTION ( 'NONE',  ( -0.8660254037844414800, -0.4999999999999951700, 0.0000000000000000000 ) ) ;
#2826 = FACE_OUTER_BOUND ( 'NONE', #3251, .T. ) ;
#2827 = LINE ( 'NONE', #2741, #254 ) ;
#2828 = COORDINATED_UNIVERSAL_TIME_OFFSET ( 6, 0, .BEHIND. ) ;
#2829 = CARTESIAN_POINT ( 'NONE',  ( -0.4640388251536758400, -0.4787702164283873000, 0.2708333333333334800 ) ) ;
#2830 = EDGE_LOOP ( 'NONE', ( #4806, #6274, #1931, #3157 ) ) ;
#2831 = VECTOR ( 'NONE', #2858, 39.37007874015748100 ) ;
#2832 = EDGE_CURVE ( 'NONE', #542, #2495, #2352, .T. ) ;
#2833 = CIRCLE ( 'NONE', #4219, 0.01041666666666660200 ) ;
#2834 = DIRECTION ( 'NONE',  ( 0.0000000000000000000, 0.0000000000000000000, -1.000000000000000000 ) ) ;
#2835 = ORIENTED_EDGE ( 'NONE', *, *, #3036, .F. ) ;
#2836 = DIRECTION ( 'NONE',  ( 0.0000000000000000000, 0.0000000000000000000, 1.000000000000000000 ) ) ;
#2837 = VECTOR ( 'NONE', #612, 39.37007874015748100 ) ;
#2838 = DIRECTION ( 'NONE',  ( 0.0000000000000000000, 0.0000000000000000000, 1.000000000000000000 ) ) ;
#2839 = CARTESIAN_POINT ( 'NONE',  ( 0.0000000000000000000, -3.952642565832979800E-016, -0.2708333333333335400 ) ) ;
#2840 = EDGE_LOOP ( 'NONE', ( #2578, #5219 ) ) ;
#2841 = VECTOR ( 'NONE', #6227, 39.37007874015748100 ) ;
#2842 = ORIENTED_EDGE ( 'NONE', *, *, #3717, .F. ) ;
#2843 = DIRECTION ( 'NONE',  ( -0.4999999999999920100, 0.8660254037844432600, 0.0000000000000000000 ) ) ;
#2844 = VERTEX_POINT ( 'NONE', #3793 ) ;
#2845 = CARTESIAN_POINT ( 'NONE',  ( 0.1833301569476144800, -0.6841974602880911400, -0.2291666666666666300 ) ) ;
#2846 = ORIENTED_EDGE ( 'NONE', *, *, #89, .T. ) ;
#2847 = FACE_OUTER_BOUND ( 'NONE', #5361, .T. ) ;
#2848 = DIRECTION ( 'NONE',  ( -0.2588190451025261200, -0.9659258262890668700, 0.0000000000000000000 ) ) ;
#2849 = ADVANCED_FACE ( 'NONE', ( #6212 ), #325, .F. ) ;
#2850 = ORIENTED_EDGE ( 'NONE', *, *, #5029, .T. ) ;
#2851 = ORIENTED_EDGE ( 'NONE', *, *, #5653, .T. ) ;
#2852 = CARTESIAN_POINT ( 'NONE',  ( -0.3333333333333379800, -0.5773502691896228400, 0.2291666666666667700 ) ) ;
#2853 = VERTEX_POINT ( 'NONE', #4477 ) ;
#2855 = ORIENTED_EDGE ( 'NONE', *, *, #4349, .T. ) ;
#2854 = DIRECTION ( 'NONE',  ( 0.0000000000000000000, -1.000000000000000000, 0.0000000000000000000 ) ) ;
#2856 = EDGE_CURVE ( 'NONE', #2699, #4847, #4689, .T. ) ;
#2857 = FACE_BOUND ( 'NONE', #2874, .T. ) ;
#2858 = DIRECTION ( 'NONE',  ( 0.0000000000000000000, 0.0000000000000000000, 1.000000000000000000 ) ) ;
#2859 = VERTEX_POINT ( 'NONE', #3468 ) ;
#2860 = ORIENTED_EDGE ( 'NONE', *, *, #536, .T. ) ;
#2861 = VERTEX_POINT ( 'NONE', #4919 ) ;
#2862 = ADVANCED_FACE ( 'NONE', ( #2661 ), #5399, .F. ) ;
#2863 = AXIS2_PLACEMENT_3D ( 'NONE', #1766, #3740, #289 ) ;
#2864 = DIRECTION ( 'NONE',  ( 0.0000000000000000000, 0.0000000000000000000, 1.000000000000000000 ) ) ;
#2865 = DIRECTION ( 'NONE',  ( 0.0000000000000000000, 0.0000000000000000000, 1.000000000000000000 ) ) ;
#2866 = VERTEX_POINT ( 'NONE', #3942 ) ;
#2867 = CARTESIAN_POINT ( 'NONE',  ( -0.6439505508593768000, 0.1725460300683542600, 0.2708333333333334800 ) ) ;
#2868 = AXIS2_PLACEMENT_3D ( 'NONE', #5915, #1887, #3412 ) ;
#2869 = ORIENTED_EDGE ( 'NONE', *, *, #1058, .F. ) ;
#2870 = DIRECTION ( 'NONE',  ( 0.0000000000000000000, 0.0000000000000000000, 1.000000000000000000 ) ) ;
#2871 = DIRECTION ( 'NONE',  ( 0.0000000000000000000, 0.0000000000000000000, 1.000000000000000000 ) ) ;
#2872 = CIRCLE ( 'NONE', #4371, 0.04166666666666670600 ) ;
#2873 = EDGE_CURVE ( 'NONE', #3110, #5961, #2419, .T. ) ;
#2874 = EDGE_LOOP ( 'NONE', ( #288, #5996 ) ) ;
#2875 = CARTESIAN_POINT ( 'NONE',  ( 0.0000000000000000000, -4.884202731672494200E-016, 0.2974999999999999900 ) ) ;
#2876 = DIRECTION ( 'NONE',  ( 0.0000000000000000000, 0.0000000000000000000, 1.000000000000000000 ) ) ;
#2877 = APPLICATION_PROTOCOL_DEFINITION ( 'international standard', 'config_control_design', 1994, #5984 ) ;
#2878 = CARTESIAN_POINT ( 'NONE',  ( 0.3333333333333339300, 0.5773502691896251800, -0.2708333333333335400 ) ) ;
#2879 = VECTOR ( 'NONE', #2747, 39.37007874015748100 ) ;
#2880 = CARTESIAN_POINT ( 'NONE',  ( -0.3333333333333379800, -0.5773502691896228400, 0.2291666666666667700 ) ) ;
#2881 = CYLINDRICAL_SURFACE ( 'NONE', #2237, 0.01041666666666661100 ) ;
#2882 = ADVANCED_FACE ( 'NONE', ( #9 ), #2447, .F. ) ;
#2883 = ORIENTED_EDGE ( 'NONE', *, *, #1222, .T. ) ;
#2884 = EDGE_CURVE ( 'NONE', #4339, #4890, #5242, .T. ) ;
#2885 = FACE_OUTER_BOUND ( 'NONE', #5722, .T. ) ;
#2886 = EDGE_CURVE ( 'NONE', #4492, #6502, #3821, .T. ) ;
#2887 = AXIS2_PLACEMENT_3D ( 'NONE', #6460, #6484, #2953 ) ;
#2888 = ORIENTED_EDGE ( 'NONE', *, *, #1681, .F. ) ;
#2889 = AXIS2_PLACEMENT_3D ( 'NONE', #5599, #2592, #1113 ) ;
#2890 = FACE_OUTER_BOUND ( 'NONE', #5551, .T. ) ;
#2891 = DIRECTION ( 'NONE',  ( -0.9659258262890664200, 0.2588190451025277300, 0.0000000000000000000 ) ) ;
#2892 = DIRECTION ( 'NONE',  ( -0.4999999999999943900, 0.8660254037844420400, 0.0000000000000000000 ) ) ;
#2894 = CIRCLE ( 'NONE', #2194, 0.01041666666666661200 ) ;
#2893 = CARTESIAN_POINT ( 'NONE',  ( -0.4714045207910356200, -0.4714045207910274600, 0.2291666666666667700 ) ) ;
#2895 = CARTESIAN_POINT ( 'NONE',  ( -0.5565169358562879200, 0.3694177251576914500, 0.2291666666666667700 ) ) ;
#2896 = AXIS2_PLACEMENT_3D ( 'NONE', #2632, #3086, #169 ) ;
#2897 = ORIENTED_EDGE ( 'NONE', *, *, #10, .F. ) ;
#2898 = CARTESIAN_POINT ( 'NONE',  ( -0.1725460300683385200, 0.6439505508593810200, -0.2708333333333335400 ) ) ;
#2899 = LINE ( 'NONE', #4025, #6140 ) ;
#2900 = AXIS2_PLACEMENT_3D ( 'NONE', #1209, #4748, #756 ) ;
#2901 = FACE_OUTER_BOUND ( 'NONE', #4243, .T. ) ;
#2902 = CARTESIAN_POINT ( 'NONE',  ( 0.3694177251576816800, -0.5565169358562944700, 0.2291666666666667700 ) ) ;
#2903 = ORIENTED_EDGE ( 'NONE', *, *, #760, .T. ) ;
#2904 = CIRCLE ( 'NONE', #5592, 0.01041666666666661200 ) ;
#2905 = VERTEX_POINT ( 'NONE', #449 ) ;
#2906 = DIRECTION ( 'NONE',  ( 0.0000000000000000000, 0.0000000000000000000, 1.000000000000000000 ) ) ;
#2907 = CARTESIAN_POINT ( 'NONE',  ( -0.1725460300683385200, 0.6439505508593810200, -0.2291666666666666300 ) ) ;
#2908 = EDGE_CURVE ( 'NONE', #6457, #4233, #5481, .T. ) ;
#2909 = ORIENTED_EDGE ( 'NONE', *, *, #2763, .F. ) ;
#2910 = CARTESIAN_POINT ( 'NONE',  ( -0.5008673033404657000, 0.4419417382415981000, 0.2291666666666667700 ) ) ;
#2911 = FACE_BOUND ( 'NONE', #4175, .T. ) ;
#2912 = EDGE_CURVE ( 'NONE', #4323, #72, #4370, .T. ) ;
#2913 = ORIENTED_EDGE ( 'NONE', *, *, #4822, .F. ) ;
#2914 = ADVANCED_FACE ( 'NONE', ( #2034 ), #2504, .F. ) ;
#2915 = LINE ( 'NONE', #933, #5427 ) ;
#2916 = DIRECTION ( 'NONE',  ( 0.8660254037844391500, -0.4999999999999993300, 0.0000000000000000000 ) ) ;
#2917 = DIRECTION ( 'NONE',  ( 0.0000000000000000000, 0.0000000000000000000, 1.000000000000000000 ) ) ;
#2918 = VERTEX_POINT ( 'NONE', #941 ) ;
#2919 = DIRECTION ( 'NONE',  ( -0.9659258262890662000, 0.2588190451025280100, 0.0000000000000000000 ) ) ;
#2920 = ORIENTED_EDGE ( 'NONE', *, *, #4212, .T. ) ;
#2921 = ORIENTED_EDGE ( 'NONE', *, *, #1390, .F. ) ;
#2922 = VERTEX_POINT ( 'NONE', #3440 ) ;
#2923 = VECTOR ( 'NONE', #2929, 39.37007874015748100 ) ;
#2924 = DIRECTION ( 'NONE',  ( 0.0000000000000000000, 0.0000000000000000000, 1.000000000000000000 ) ) ;
#2925 = EDGE_LOOP ( 'NONE', ( #2323, #5783 ) ) ;
#2926 = DIRECTION ( 'NONE',  ( -0.2588190451025113000, 0.9659258262890707500, 0.0000000000000000000 ) ) ;
#2927 = ORIENTED_EDGE ( 'NONE', *, *, #1126, .F. ) ;
#2928 = CARTESIAN_POINT ( 'NONE',  ( -0.5773502691896217300, 0.3333333333333399800, -0.2708333333333335400 ) ) ;
#2929 = DIRECTION ( 'NONE',  ( 0.0000000000000000000, 0.0000000000000000000, 1.000000000000000000 ) ) ;
#2930 = EDGE_CURVE ( 'NONE', #4323, #2905, #713, .T. ) ;
#2931 = ORIENTED_EDGE ( 'NONE', *, *, #4162, .T. ) ;
#2932 = FACE_OUTER_BOUND ( 'NONE', #2925, .T. ) ;
#2933 = AXIS2_PLACEMENT_3D ( 'NONE', #2981, #5379, #5159 ) ;
#2934 = ORIENTED_EDGE ( 'NONE', *, *, #6295, .T. ) ;
#2935 = DIRECTION ( 'NONE',  ( 0.0000000000000000000, 0.0000000000000000000, 1.000000000000000000 ) ) ;
#2936 = DIRECTION ( 'NONE',  ( 0.0000000000000000000, 0.0000000000000000000, 1.000000000000000000 ) ) ;
#2937 = VERTEX_POINT ( 'NONE', #5468 ) ;
#2938 = AXIS2_PLACEMENT_3D ( 'NONE', #1863, #2623, #2660 ) ;
#2939 = VERTEX_POINT ( 'NONE', #2476 ) ;
#2940 = AXIS2_PLACEMENT_3D ( 'NONE', #2358, #363, #1769 ) ;
#2941 = CARTESIAN_POINT ( 'NONE',  ( 0.0000000000000000000, 0.0000000000000000000, 0.0000000000000000000 ) ) ;
#2942 = DIRECTION ( 'NONE',  ( 0.0000000000000000000, 0.0000000000000000000, 1.000000000000000000 ) ) ;
#2943 = AXIS2_PLACEMENT_3D ( 'NONE', #3596, #2083, #1080 ) ;
#2944 = DIRECTION ( 'NONE',  ( 0.2588190451025310100, 0.9659258262890656500, 0.0000000000000000000 ) ) ;
#2945 = ORIENTED_EDGE ( 'NONE', *, *, #2966, .F. ) ;
#2946 = ADVANCED_FACE ( 'NONE', ( #5323 ), #1803, .F. ) ;
#2947 = DIRECTION ( 'NONE',  ( 0.2588190451025111900, -0.9659258262890708700, 0.0000000000000000000 ) ) ;
#2948 = VERTEX_POINT ( 'NONE', #470 ) ;
#2949 = ADVANCED_FACE ( 'NONE', ( #5554, #2733 ), #6032, .F. ) ;
#2950 = DIRECTION ( 'NONE',  ( 0.0000000000000000000, 0.0000000000000000000, 1.000000000000000000 ) ) ;
#2951 = PERSON ( 'UNSPECIFIED', 'UNSPECIFIED', 'UNSPECIFIED', ('UNSPECIFIED'), ('UNSPECIFIED'), ('UNSPECIFIED') ) ;
#2952 = FACE_OUTER_BOUND ( 'NONE', #3615, .T. ) ;
#2953 = DIRECTION ( 'NONE',  ( 0.0000000000000000000, -1.000000000000000000, -1.446272467234020800E-016 ) ) ;
#2954 = ORIENTED_EDGE ( 'NONE', *, *, #1589, .F. ) ;
#2955 = DIRECTION ( 'NONE',  ( 0.0000000000000000000, 0.0000000000000000000, 1.000000000000000000 ) ) ;
#2956 = EDGE_CURVE ( 'NONE', #5926, #1323, #403, .T. ) ;
#2957 = VERTEX_POINT ( 'NONE', #3510 ) ;
#2958 = AXIS2_PLACEMENT_3D ( 'NONE', #6432, #3812, #873 ) ;
#2959 = FACE_OUTER_BOUND ( 'NONE', #6098, .T. ) ;
#2960 = EDGE_LOOP ( 'NONE', ( #58, #1517, #5237, #4019 ) ) ;
#2961 = CARTESIAN_POINT ( 'NONE',  ( -0.6666666666666665200, 6.982962677686265100E-015, 0.2708333333333334800 ) ) ;
#2962 = FACE_BOUND ( 'NONE', #5206, .T. ) ;
#2963 = ORIENTED_EDGE ( 'NONE', *, *, #4858, .T. ) ;
#2964 = DIRECTION ( 'NONE',  ( 0.9659258262890704200, 0.2588190451025130200, 0.0000000000000000000 ) ) ;
#2965 = CIRCLE ( 'NONE', #6417, 0.01041666666666661200 ) ;
#2966 = EDGE_CURVE ( 'NONE', #1172, #6117, #3511, .T. ) ;
#2967 = CARTESIAN_POINT ( 'NONE',  ( -0.01041666666666661200, 0.6666666666666665200, -0.2291666666666666300 ) ) ;
#2968 = ORIENTED_EDGE ( 'NONE', *, *, #5070, .T. ) ;
#2969 = CIRCLE ( 'NONE', #3813, 0.01041666666666661100 ) ;
#2970 = AXIS2_PLACEMENT_3D ( 'NONE', #348, #3819, #4841 ) ;
#2971 = DIRECTION ( 'NONE',  ( 0.9659258262890704200, 0.2588190451025130200, 0.0000000000000000000 ) ) ;
#2972 = ADVANCED_FACE ( 'NONE', ( #1405 ), #2033, .F. ) ;
#2973 = CYLINDRICAL_SURFACE ( 'NONE', #3063, 0.01041666666666662600 ) ;
#2974 = ADVANCED_FACE ( 'NONE', ( #80 ), #4295, .T. ) ;
#2976 = AXIS2_PLACEMENT_3D ( 'NONE', #2839, #5811, #1857 ) ;
#2975 = APPROVAL_DATE_TIME ( #5661, #1233 ) ;
#2977 = DIRECTION ( 'NONE',  ( 0.0000000000000000000, 0.0000000000000000000, 1.000000000000000000 ) ) ;
#2978 = ORIENTED_EDGE ( 'NONE', *, *, #6309, .T. ) ;
#2979 = DIRECTION ( 'NONE',  ( -0.0000000000000000000, -0.0000000000000000000, 1.000000000000000000 ) ) ;
#2980 = FACE_OUTER_BOUND ( 'NONE', #3549, .T. ) ;
#2981 = CARTESIAN_POINT ( 'NONE',  ( 0.3333333333333298700, -0.5773502691896276200, 0.2708333333333334800 ) ) ;
#2982 = VECTOR ( 'NONE', #217, 39.37007874015748100 ) ;
#2983 = CARTESIAN_POINT ( 'NONE',  ( -0.6439505508593768000, 0.1725460300683542600, 0.2291666666666667700 ) ) ;
#2984 = EDGE_LOOP ( 'NONE', ( #5630, #1675 ) ) ;
#2985 = CIRCLE ( 'NONE', #4446, 0.01041666666666661200 ) ;
#2986 = AXIS2_PLACEMENT_3D ( 'NONE', #2767, #2271, #2742 ) ;
#2987 = ORIENTED_EDGE ( 'NONE', *, *, #5433, .T. ) ;
#2988 = LINE ( 'NONE', #4238, #4713 ) ;
#2989 = CARTESIAN_POINT ( 'NONE',  ( 0.6412545191395614400, 0.1826077574255230400, -0.2708333333333335400 ) ) ;
#2990 = ORIENTED_EDGE ( 'NONE', *, *, #3877, .F. ) ;
#2991 = EDGE_CURVE ( 'NONE', #5772, #3755, #2576, .T. ) ;
#2992 = ORIENTED_EDGE ( 'NONE', *, *, #4736, .T. ) ;
#2993 = CARTESIAN_POINT ( 'NONE',  ( 0.6666666666666665200, -2.327654225895421700E-015, -0.2291666666666666300 ) ) ;
#2994 = AXIS2_PLACEMENT_3D ( 'NONE', #4557, #1566, #136 ) ;
#2995 = ORIENTED_EDGE ( 'NONE', *, *, #1337, .T. ) ;
#2996 = CIRCLE ( 'NONE', #5777, 0.01041666666666659100 ) ;
#2997 = ORIENTED_EDGE ( 'NONE', *, *, #4560, .T. ) ;
#2998 = EDGE_CURVE ( 'NONE', #130, #5564, #1646, .T. ) ;
#2999 = EDGE_LOOP ( 'NONE', ( #4329, #5307, #307, #113 ) ) ;
#3000 = ORIENTED_EDGE ( 'NONE', *, *, #5571, .F. ) ;
#3001 = VERTEX_POINT ( 'NONE', #6079 ) ;
#3002 = CARTESIAN_POINT ( 'NONE',  ( -0.6666666666666665200, 6.982962677686265100E-015, 0.2708333333333334800 ) ) ;
#3003 = CIRCLE ( 'NONE', #1941, 0.04166666666666670600 ) ;
#3004 = CLOSED_SHELL ( 'NONE', ( #4208, #3690, #5960, #6095 ) ) ;
#3005 = DIRECTION ( 'NONE',  ( 0.0000000000000000000, 0.0000000000000000000, 1.000000000000000000 ) ) ;
#3006 = ORIENTED_EDGE ( 'NONE', *, *, #138, .T. ) ;
#3007 = ORIENTED_EDGE ( 'NONE', *, *, #4972, .T. ) ;
#3008 = CARTESIAN_POINT ( 'NONE',  ( -0.6666666666666663000, 0.01041666666667359600, 0.2708333333333334800 ) ) ;
#3009 = EDGE_CURVE ( 'NONE', #3519, #1700, #5181, .T. ) ;
#3010 = ADVANCED_FACE ( 'NONE', ( #1878 ), #6439, .F. ) ;
#3011 = ADVANCED_FACE ( 'NONE', ( #2198, #1177 ), #3032, .F. ) ;
#3012 = DIRECTION ( 'NONE',  ( -0.9659258262890668700, 0.2588190451025261200, 0.0000000000000000000 ) ) ;
#3013 = EDGE_CURVE ( 'NONE', #6281, #2518, #5890, .T. ) ;
#3014 = ORIENTED_EDGE ( 'NONE', *, *, #5171, .T. ) ;
#3015 = AXIS2_PLACEMENT_3D ( 'NONE', #2429, #3425, #6438 ) ;
#3016 = CARTESIAN_POINT ( 'NONE',  ( 0.6412545191395614400, 0.1826077574255230400, 0.2708333333333334800 ) ) ;
#3017 = CARTESIAN_POINT ( 'NONE',  ( -0.5773502691896217300, 0.3333333333333399800, 0.2291666666666667700 ) ) ;
#3018 = CARTESIAN_POINT ( 'NONE',  ( 0.3333333333333339300, 0.5773502691896251800, 0.2291666666666667700 ) ) ;
#3019 = AXIS2_PLACEMENT_3D ( 'NONE', #4703, #6223, #5222 ) ;
#3020 = ORIENTED_EDGE ( 'NONE', *, *, #6510, .F. ) ;
#3021 = CARTESIAN_POINT ( 'NONE',  ( -0.6412545191395588900, 0.1826077574255319800, -0.2708333333333335400 ) ) ;
#3022 = CARTESIAN_POINT ( 'NONE',  ( 0.3423544312894217800, 0.5721419358562919200, -0.2291666666666666300 ) ) ;
#3023 = DIRECTION ( 'NONE',  ( 0.0000000000000000000, 0.0000000000000000000, 1.000000000000000000 ) ) ;
#3024 = CARTESIAN_POINT ( 'NONE',  ( -0.6666666666666666300, -0.01041666666665963000, -0.2708333333333335400 ) ) ;
#3025 = CC_DESIGN_DATE_AND_TIME_ASSIGNMENT ( #4625, #3400, ( #901 ) ) ;
#3026 = LINE ( 'NONE', #4601, #6269 ) ;
#3027 = CARTESIAN_POINT ( 'NONE',  ( -0.3694177251576894500, -0.5565169358562892500, 0.2291666666666667700 ) ) ;
#3028 = AXIS2_PLACEMENT_3D ( 'NONE', #5709, #6134, #2698 ) ;
#3029 = ORIENTED_EDGE ( 'NONE', *, *, #4056, .F. ) ;
#3030 = CARTESIAN_POINT ( 'NONE',  ( -4.655308451790843400E-015, -0.6666666666666665200, -0.2291666666666666300 ) ) ;
#3031 = PLANE ( 'NONE',  #5411 ) ;
#3032 = PLANE ( 'NONE',  #3650 ) ;
#3033 = FACE_OUTER_BOUND ( 'NONE', #4133, .T. ) ;
#3034 = DIRECTION ( 'NONE',  ( -0.5000000000000071100, -0.8660254037844346000, 0.0000000000000000000 ) ) ;
#3035 = DIRECTION ( 'NONE',  ( 0.4999999999999993300, -0.8660254037844391500, 0.0000000000000000000 ) ) ;
#3036 = EDGE_CURVE ( 'NONE', #526, #3201, #5009, .T. ) ;
#3037 = VECTOR ( 'NONE', #3260, 39.37007874015748100 ) ;
#3038 = DIRECTION ( 'NONE',  ( 0.0000000000000000000, 0.0000000000000000000, 1.000000000000000000 ) ) ;
#3039 = ORIENTED_EDGE ( 'NONE', *, *, #718, .T. ) ;
#3040 = DIRECTION ( 'NONE',  ( 0.5000000000000119900, 0.8660254037844318200, 0.0000000000000000000 ) ) ;
#3041 = ADVANCED_FACE ( 'NONE', ( #1252 ), #6209, .T. ) ;
#3042 = VECTOR ( 'NONE', #1943, 39.37007874015748100 ) ;
#3043 = PLANE ( 'NONE',  #354 ) ;
#3044 = CARTESIAN_POINT ( 'NONE',  ( -0.6666666666666665200, 6.982962677686265100E-015, 0.2291666666666667700 ) ) ;
#3045 = DIRECTION ( 'NONE',  ( 0.7071067811865442400, -0.7071067811865507900, 0.0000000000000000000 ) ) ;
#3046 = DIRECTION ( 'NONE',  ( 0.2588190451025179100, -0.9659258262890689800, 0.0000000000000000000 ) ) ;
#3047 = VECTOR ( 'NONE', #5196, 39.37007874015748100 ) ;
#3048 = EDGE_CURVE ( 'NONE', #2937, #3776, #1326, .T. ) ;
#3049 = CARTESIAN_POINT ( 'NONE',  ( 0.1725460300683430100, -0.6439505508593798000, 0.2291666666666667700 ) ) ;
#3050 = AXIS2_PLACEMENT_3D ( 'NONE', #1073, #4532, #3522 ) ;
#3051 = CYLINDRICAL_SURFACE ( 'NONE', #4870, 0.04166666666666672000 ) ;
#3052 = DIRECTION ( 'NONE',  ( 0.4999999999999993300, -0.8660254037844391500, 0.0000000000000000000 ) ) ;
#3053 = EDGE_LOOP ( 'NONE', ( #6513, #1427 ) ) ;
#3054 = FACE_OUTER_BOUND ( 'NONE', #4253, .T. ) ;
#3055 = DIRECTION ( 'NONE',  ( -1.000000000000000000, 1.311287036958853100E-014, 0.0000000000000000000 ) ) ;
#3056 = DIRECTION ( 'NONE',  ( 0.0000000000000000000, 0.0000000000000000000, 1.000000000000000000 ) ) ;
#3057 = DIRECTION ( 'NONE',  ( -0.9659258262890716400, -0.2588190451025078100, 0.0000000000000000000 ) ) ;
#3058 = LINE ( 'NONE', #4605, #3135 ) ;
#3060 = AXIS2_PLACEMENT_3D ( 'NONE', #2983, #2924, #2944 ) ;
#3059 = CARTESIAN_POINT ( 'NONE',  ( -0.4419417382415963800, -0.5008673033404672500, -0.2291666666666666300 ) ) ;
#3061 = PERSON_AND_ORGANIZATION ( #2951, #4303 ) ;
#3062 = VERTEX_POINT ( 'NONE', #2051 ) ;
#3063 = AXIS2_PLACEMENT_3D ( 'NONE', #2119, #2535, #1547 ) ;
#3064 = CARTESIAN_POINT ( 'NONE',  ( -0.1725460300683385200, 0.6439505508593810200, 0.2708333333333334800 ) ) ;
#3065 = CARTESIAN_POINT ( 'NONE',  ( -0.4714045207910356200, -0.4714045207910274600, 0.2291666666666667700 ) ) ;
#3066 = CYLINDRICAL_SURFACE ( 'NONE', #104, 0.01041666666666661100 ) ;
#3067 = ORIENTED_EDGE ( 'NONE', *, *, #162, .F. ) ;
#3068 = VERTEX_POINT ( 'NONE', #1122 ) ;
#3069 = AXIS2_PLACEMENT_3D ( 'NONE', #2408, #5906, #4856 ) ;
#3070 = CIRCLE ( 'NONE', #2647, 0.01041666666666660200 ) ;
#3071 = VERTEX_POINT ( 'NONE', #5627 ) ;
#3072 = CARTESIAN_POINT ( 'NONE',  ( 0.3243122353772460700, 0.5825586025229585500, 0.2708333333333334800 ) ) ;
#3073 = FACE_BOUND ( 'NONE', #4680, .T. ) ;
#3074 = AXIS2_PLACEMENT_3D ( 'NONE', #4886, #3342, #3820 ) ;
#3075 = DIRECTION ( 'NONE',  ( 0.0000000000000000000, 0.0000000000000000000, 1.000000000000000000 ) ) ;
#3076 = ORIENTED_EDGE ( 'NONE', *, *, #511, .T. ) ;
#3077 = LINE ( 'NONE', #398, #2693 ) ;
#3078 = ORIENTED_EDGE ( 'NONE', *, *, #718, .F. ) ;
#3079 = ADVANCED_FACE ( 'NONE', ( #2345 ), #3427, .T. ) ;
#3080 = ORIENTED_EDGE ( 'NONE', *, *, #4593, .F. ) ;
#3081 = EDGE_LOOP ( 'NONE', ( #1929, #2599, #3708, #3854 ) ) ;
#3082 = DIRECTION ( 'NONE',  ( 0.0000000000000000000, 0.0000000000000000000, 1.000000000000000000 ) ) ;
#3083 = ORIENTED_EDGE ( 'NONE', *, *, #6190, .T. ) ;
#3084 = CIRCLE ( 'NONE', #2115, 0.6458333333333337000 ) ;
#3085 = VERTEX_POINT ( 'NONE', #1162 ) ;
#3086 = DIRECTION ( 'NONE',  ( 0.0000000000000000000, 0.0000000000000000000, 1.000000000000000000 ) ) ;
#3087 = DIRECTION ( 'NONE',  ( 0.0000000000000000000, 0.0000000000000000000, 1.000000000000000000 ) ) ;
#3088 = ORIENTED_EDGE ( 'NONE', *, *, #5188, .T. ) ;
#3089 = VERTEX_POINT ( 'NONE', #2207 ) ;
#3090 = DIRECTION ( 'NONE',  ( 0.0000000000000000000, 0.0000000000000000000, 1.000000000000000000 ) ) ;
#3091 = DIRECTION ( 'NONE',  ( 0.0000000000000000000, 0.0000000000000000000, 1.000000000000000000 ) ) ;
#3092 = ORIENTED_EDGE ( 'NONE', *, *, #1830, .F. ) ;
#3093 = DIRECTION ( 'NONE',  ( 0.0000000000000000000, 0.0000000000000000000, 1.000000000000000000 ) ) ;
#3094 = EDGE_LOOP ( 'NONE', ( #3688, #4800 ) ) ;
#3095 = CARTESIAN_POINT ( 'NONE',  ( 0.0000000000000000000, -4.908789363615472900E-016, 0.3125000000000001700 ) ) ;
#3096 = DIRECTION ( 'NONE',  ( 0.0000000000000000000, 1.000000000000000000, 1.858399995689973700E-016 ) ) ;
#3097 = EDGE_CURVE ( 'NONE', #4963, #1424, #476, .T. ) ;
#3098 = VERTEX_POINT ( 'NONE', #3178 ) ;
#3099 = DIRECTION ( 'NONE',  ( -0.8660254037844420400, -0.4999999999999943900, 0.0000000000000000000 ) ) ;
#3100 = DIRECTION ( 'NONE',  ( -0.2588190451025261200, -0.9659258262890668700, 0.0000000000000000000 ) ) ;
#3101 = EDGE_CURVE ( 'NONE', #1432, #4811, #4608, .T. ) ;
#3102 = EDGE_LOOP ( 'NONE', ( #591, #2 ) ) ;
#3103 = DIRECTION ( 'NONE',  ( 0.0000000000000000000, 0.0000000000000000000, 1.000000000000000000 ) ) ;
#3104 = DIRECTION ( 'NONE',  ( -0.7071067811865413600, 0.7071067811865536800, 0.0000000000000000000 ) ) ;
#3105 = DIRECTION ( 'NONE',  ( -0.8660254037844346000, 0.5000000000000071100, 0.0000000000000000000 ) ) ;
#3106 = EDGE_LOOP ( 'NONE', ( #2842, #190 ) ) ;
#3107 = ADVANCED_FACE ( 'NONE', ( #2655 ), #4846, .F. ) ;
#3108 = FACE_OUTER_BOUND ( 'NONE', #208, .T. ) ;
#3109 = AXIS2_PLACEMENT_3D ( 'NONE', #2126, #5681, #3125 ) ;
#3110 = VERTEX_POINT ( 'NONE', #2231 ) ;
#3111 = CARTESIAN_POINT ( 'NONE',  ( 0.6439505508593780200, -0.1725460300683497900, -0.2708333333333335400 ) ) ;
#3112 = VERTEX_POINT ( 'NONE', #1658 ) ;
#3113 = DIRECTION ( 'NONE',  ( -0.0000000000000000000, -1.639108796198557900E-016, 1.000000000000000000 ) ) ;
#3114 = AXIS2_PLACEMENT_3D ( 'NONE', #5006, #2008, #5511 ) ;
#3115 = CYLINDRICAL_SURFACE ( 'NONE', #2889, 0.01041666666666661100 ) ;
#3116 = EDGE_LOOP ( 'NONE', ( #4928, #5240, #1896, #1457 ) ) ;
#3117 = DIRECTION ( 'NONE',  ( 0.0000000000000000000, 0.0000000000000000000, 1.000000000000000000 ) ) ;
#3118 = CARTESIAN_POINT ( 'NONE',  ( 0.3333333333333298700, -0.5773502691896276200, 0.2291666666666667700 ) ) ;
#3119 = EDGE_CURVE ( 'NONE', #3162, #6178, #3966, .T. ) ;
#3120 = CARTESIAN_POINT ( 'NONE',  ( -0.2127929394970631500, -0.6331664239801053600, -0.2291666666666666300 ) ) ;
#3121 = CYLINDRICAL_SURFACE ( 'NONE', #3433, 0.01041666666666661100 ) ;
#3122 = AXIS2_PLACEMENT_3D ( 'NONE', #1567, #4585, #3046 ) ;
#3123 = ORIENTED_EDGE ( 'NONE', *, *, #2552, .T. ) ;
#3124 = MANIFOLD_SOLID_BREP ( 'CirPattern1[8]', #625 ) ;
#3125 = DIRECTION ( 'NONE',  ( -0.5000000000000101000, -0.8660254037844328200, 0.0000000000000000000 ) ) ;
#3126 = CARTESIAN_POINT ( 'NONE',  ( -0.3333333333333379800, -0.5773502691896228400, 0.2291666666666667700 ) ) ;
#3127 = EDGE_CURVE ( 'NONE', #4722, #4947, #6041, .T. ) ;
#3128 = MANIFOLD_SOLID_BREP ( 'CirPattern1[27]', #1438 ) ;
#3129 = CARTESIAN_POINT ( 'NONE',  ( 0.5825586025229575500, -0.3243122353772481800, -0.2708333333333335400 ) ) ;
#3130 = VECTOR ( 'NONE', #5540, 39.37007874015748100 ) ;
#3131 = DIRECTION ( 'NONE',  ( 1.000000000000000000, 0.0000000000000000000, 0.0000000000000000000 ) ) ;
#3132 = DIRECTION ( 'NONE',  ( 0.2588190451025246800, 0.9659258262890673100, 0.0000000000000000000 ) ) ;
#3133 = FACE_OUTER_BOUND ( 'NONE', #3299, .T. ) ;
#3134 = EDGE_CURVE ( 'NONE', #5471, #2044, #4926, .T. ) ;
#3135 = VECTOR ( 'NONE', #69, 39.37007874015748100 ) ;
#3136 = EDGE_CURVE ( 'NONE', #4947, #1055, #3507, .T. ) ;
#3137 = ORIENTED_EDGE ( 'NONE', *, *, #3101, .F. ) ;
#3138 = CIRCLE ( 'NONE', #5693, 0.01041666666666661100 ) ;
#3139 = ADVANCED_FACE ( 'NONE', ( #1010 ), #3587, .T. ) ;
#3140 = CARTESIAN_POINT ( 'NONE',  ( 0.1725460300683475100, 0.6439505508593785800, 0.2708333333333334800 ) ) ;
#3141 = AXIS2_PLACEMENT_3D ( 'NONE', #5057, #2025, #2549 ) ;
#3142 = VECTOR ( 'NONE', #2515, 39.37007874015748100 ) ;
#3143 = CARTESIAN_POINT ( 'NONE',  ( -0.6547346777386516800, -0.1322991206396294300, -0.2291666666666666300 ) ) ;
#3144 = EDGE_LOOP ( 'NONE', ( #2754, #3395 ) ) ;
#3145 = PLANE ( 'NONE',  #3891 ) ;
#3146 = LINE ( 'NONE', #2266, #6231 ) ;
#3147 = CARTESIAN_POINT ( 'NONE',  ( 0.5773502691896241800, -0.3333333333333359800, -0.2291666666666666300 ) ) ;
#3148 = CARTESIAN_POINT ( 'NONE',  ( 0.0000000000000000000, 0.6666666666666665200, -0.2708333333333335400 ) ) ;
#3149 = ORIENTED_EDGE ( 'NONE', *, *, #6051, .T. ) ;
#3151 = AXIS2_PLACEMENT_3D ( 'NONE', #5076, #593, #5622 ) ;
#3150 = CARTESIAN_POINT ( 'NONE',  ( 0.4714045207910290700, -0.4714045207910340100, 0.2708333333333334800 ) ) ;
#3152 = CIRCLE ( 'NONE', #5887, 0.04166666666666673400 ) ;
#3153 = CC_DESIGN_APPROVAL ( #693, ( #6331 ) ) ;
#3154 = VERTEX_POINT ( 'NONE', #6214 ) ;
#3155 = DIRECTION ( 'NONE',  ( 0.0000000000000000000, 0.0000000000000000000, 1.000000000000000000 ) ) ;
#3156 = CLOSED_SHELL ( 'NONE', ( #4310, #1275, #2463, #3918, #696, #763 ) ) ;
#3157 = ORIENTED_EDGE ( 'NONE', *, *, #5479, .F. ) ;
#3158 = CARTESIAN_POINT ( 'NONE',  ( -0.1725460300683520100, -0.6439505508593773600, 0.2291666666666667700 ) ) ;
#3159 = FACE_OUTER_BOUND ( 'NONE', #878, .T. ) ;
#3160 = VERTEX_POINT ( 'NONE', #3195 ) ;
#3161 = ORIENTED_EDGE ( 'NONE', *, *, #6358, .T. ) ;
#3162 = VERTEX_POINT ( 'NONE', #4199 ) ;
#3163 = ORIENTED_EDGE ( 'NONE', *, *, #3013, .T. ) ;
#3164 = VECTOR ( 'NONE', #3746, 39.37007874015748100 ) ;
#3165 = EDGE_LOOP ( 'NONE', ( #2387, #1459 ) ) ;
#3166 = EDGE_CURVE ( 'NONE', #5662, #5712, #2027, .T. ) ;
#3167 = DIRECTION ( 'NONE',  ( 0.7071067811865442400, -0.7071067811865507900, 0.0000000000000000000 ) ) ;
#3168 = ORIENTED_EDGE ( 'NONE', *, *, #5157, .T. ) ;
#3169 = EDGE_LOOP ( 'NONE', ( #2543, #5292 ) ) ;
#3170 = PLANE ( 'NONE',  #980 ) ;
#3171 = CARTESIAN_POINT ( 'NONE',  ( 8.674581493960423600E-017, 0.7083333333333331500, -0.2708333333333335900 ) ) ;
#3172 = VERTEX_POINT ( 'NONE', #5228 ) ;
#3173 = CARTESIAN_POINT ( 'NONE',  ( 0.4714045207910323400, 0.4714045207910307900, 0.2708333333333334800 ) ) ;
#3174 = ADVANCED_FACE ( 'NONE', ( #782 ), #3267, .F. ) ;
#3175 = ORIENTED_EDGE ( 'NONE', *, *, #666, .F. ) ;
#3176 = EDGE_CURVE ( 'NONE', #4809, #5130, #5882, .T. ) ;
#3177 = DIRECTION ( 'NONE',  ( 0.0000000000000000000, 0.0000000000000000000, 1.000000000000000000 ) ) ;
#3178 = CARTESIAN_POINT ( 'NONE',  ( -0.6412545191395588900, 0.1826077574255319800, 0.2291666666666667700 ) ) ;
#3179 = DIRECTION ( 'NONE',  ( 0.7071067811865556800, 0.7071067811865392500, 0.0000000000000000000 ) ) ;
#3180 = ORIENTED_EDGE ( 'NONE', *, *, #4943, .T. ) ;
#3181 = DIRECTION ( 'NONE',  ( -0.8660254037844449200, -0.4999999999999887900, 0.0000000000000000000 ) ) ;
#3182 = DIRECTION ( 'NONE',  ( 1.000000000000000000, 0.0000000000000000000, 0.0000000000000000000 ) ) ;
#3183 = VECTOR ( 'NONE', #871, 39.37007874015748100 ) ;
#3184 = DIRECTION ( 'NONE',  ( 0.7071067811865512400, 0.7071067811865438000, 0.0000000000000000000 ) ) ;
#3185 = AXIS2_PLACEMENT_3D ( 'NONE', #3576, #5720, #3198 ) ;
#3186 = CARTESIAN_POINT ( 'NONE',  ( -4.655308451790843400E-015, -0.6666666666666665200, -0.2291666666666666300 ) ) ;
#3187 = AXIS2_PLACEMENT_3D ( 'NONE', #1486, #5498, #5072 ) ;
#3188 = VECTOR ( 'NONE', #6345, 39.37007874015748100 ) ;
#3189 = DIRECTION ( 'NONE',  ( 0.8660254037844344900, -0.5000000000000069900, 0.0000000000000000000 ) ) ;
#3190 = VERTEX_POINT ( 'NONE', #642 ) ;
#3191 = CARTESIAN_POINT ( 'NONE',  ( 0.1725460300683430100, -0.6439505508593798000, 0.2708333333333334800 ) ) ;
#3192 = CIRCLE ( 'NONE', #2958, 0.01041666666666659100 ) ;
#3193 = ADVANCED_FACE ( 'NONE', ( #2192 ), #3346, .T. ) ;
#3194 = CARTESIAN_POINT ( 'NONE',  ( 0.3423544312894177800, -0.5721419358562943600, 0.2291666666666667700 ) ) ;
#3195 = CARTESIAN_POINT ( 'NONE',  ( -0.1826077574255162700, 0.6412545191395632200, -0.2291666666666666300 ) ) ;
#3196 = EDGE_CURVE ( 'NONE', #2768, #3608, #709, .T. ) ;
#3197 = CARTESIAN_POINT ( 'NONE',  ( -0.1725460300683520100, -0.6439505508593773600, 0.2291666666666667700 ) ) ;
#3198 = DIRECTION ( 'NONE',  ( 0.9659258262890668700, -0.2588190451025261200, 0.0000000000000000000 ) ) ;
#3199 = FACE_OUTER_BOUND ( 'NONE', #2162, .T. ) ;
#3200 = FACE_OUTER_BOUND ( 'NONE', #2537, .T. ) ;
#3201 = VERTEX_POINT ( 'NONE', #1835 ) ;
#3202 = LINE ( 'NONE', #1466, #1112 ) ;
#3203 = CIRCLE ( 'NONE', #4616, 0.01041666666666661100 ) ;
#3204 = DIRECTION ( 'NONE',  ( -0.8660254037844380400, 0.5000000000000010000, 0.0000000000000000000 ) ) ;
#3205 = APPROVAL_DATE_TIME ( #1962, #5054 ) ;
#3206 = CARTESIAN_POINT ( 'NONE',  ( -0.6666666666666665200, 6.982962677686265100E-015, 0.2291666666666667700 ) ) ;
#3207 = ORIENTED_EDGE ( 'NONE', *, *, #6296, .F. ) ;
#3208 = EDGE_CURVE ( 'NONE', #1153, #3201, #4683, .T. ) ;
#3209 = FACE_OUTER_BOUND ( 'NONE', #1836, .T. ) ;
#3210 = EDGE_LOOP ( 'NONE', ( #1280, #300 ) ) ;
#3211 = CIRCLE ( 'NONE', #1592, 0.04166666666666672000 ) ;
#3212 = EDGE_CURVE ( 'NONE', #1757, #710, #5004, .T. ) ;
#3213 = ORIENTED_EDGE ( 'NONE', *, *, #2208, .T. ) ;
#3214 = CARTESIAN_POINT ( 'NONE',  ( 0.6439505508593792400, 0.1725460300683452600, -0.2708333333333335400 ) ) ;
#3215 = AXIS2_PLACEMENT_3D ( 'NONE', #4906, #6020, #1008 ) ;
#3216 = VECTOR ( 'NONE', #5138, 39.37007874015748100 ) ;
#3217 = DIRECTION ( 'NONE',  ( 0.0000000000000000000, 0.0000000000000000000, 1.000000000000000000 ) ) ;
#3218 = DIRECTION ( 'NONE',  ( 0.0000000000000000000, 0.0000000000000000000, 1.000000000000000000 ) ) ;
#3219 = VERTEX_POINT ( 'NONE', #1328 ) ;
#3220 = AXIS2_PLACEMENT_3D ( 'NONE', #4030, #1044, #4979 ) ;
#3221 = LINE ( 'NONE', #564, #1279 ) ;
#3222 = EDGE_LOOP ( 'NONE', ( #4810, #4892, #2855, #5284 ) ) ;
#3223 = CARTESIAN_POINT ( 'NONE',  ( 0.3333333333333298700, -0.5773502691896276200, -0.2291666666666666300 ) ) ;
#3224 = CARTESIAN_POINT ( 'NONE',  ( -0.5825586025229618800, -0.3243122353772399700, -0.2291666666666666300 ) ) ;
#3225 = VERTEX_POINT ( 'NONE', #4776 ) ;
#3226 = AXIS2_PLACEMENT_3D ( 'NONE', #2993, #3448, #1967 ) ;
#3227 = ORIENTED_EDGE ( 'NONE', *, *, #5938, .T. ) ;
#3228 = ORIENTED_EDGE ( 'NONE', *, *, #788, .T. ) ;
#3229 = DIRECTION ( 'NONE',  ( 0.0000000000000000000, 0.0000000000000000000, 1.000000000000000000 ) ) ;
#3230 = FACE_OUTER_BOUND ( 'NONE', #3210, .T. ) ;
#3231 = CARTESIAN_POINT ( 'NONE',  ( 0.3423544312894177800, -0.5721419358562943600, -0.2291666666666666300 ) ) ;
#3232 = ADVANCED_FACE ( 'NONE', ( #4366, #2962 ), #3304, .F. ) ;
#3233 = EDGE_LOOP ( 'NONE', ( #976, #1078, #2619, #3882 ) ) ;
#3234 = ORIENTED_EDGE ( 'NONE', *, *, #2595, .F. ) ;
#3235 = CARTESIAN_POINT ( 'NONE',  ( 0.5773502691896241800, -0.3333333333333359800, 0.2708333333333334800 ) ) ;
#3236 = ORIENTED_EDGE ( 'NONE', *, *, #4388, .T. ) ;
#3237 = VERTEX_POINT ( 'NONE', #764 ) ;
#3238 = AXIS2_PLACEMENT_3D ( 'NONE', #6076, #1025, #543 ) ;
#3239 = EDGE_LOOP ( 'NONE', ( #2260, #3175 ) ) ;
#3240 = DIRECTION ( 'NONE',  ( -1.000000000000000000, 6.982962677686265900E-015, 0.0000000000000000000 ) ) ;
#3241 = CARTESIAN_POINT ( 'NONE',  ( -0.1725460300683520100, -0.6439505508593773600, 0.2708333333333334800 ) ) ;
#3242 = EDGE_CURVE ( 'NONE', #4250, #844, #635, .T. ) ;
#3243 = CARTESIAN_POINT ( 'NONE',  ( 0.0000000000000000000, 0.6666666666666665200, -0.2291666666666666300 ) ) ;
#3244 = CARTESIAN_POINT ( 'NONE',  ( 0.0000000000000000000, -3.952642565832979800E-016, -0.2708333333333335400 ) ) ;
#3245 = EDGE_LOOP ( 'NONE', ( #2406, #4157, #322, #6260 ) ) ;
#3246 = CARTESIAN_POINT ( 'NONE',  ( -0.1826077574255297300, -0.6412545191395594400, 0.2291666666666667700 ) ) ;
#3247 = DIRECTION ( 'NONE',  ( -0.2588190451025130200, 0.9659258262890704200, 0.0000000000000000000 ) ) ;
#3248 = DIRECTION ( 'NONE',  ( 0.0000000000000000000, 0.0000000000000000000, 1.000000000000000000 ) ) ;
#3249 = DIRECTION ( 'NONE',  ( 0.0000000000000000000, 0.0000000000000000000, 1.000000000000000000 ) ) ;
#3250 = CLOSED_SHELL ( 'NONE', ( #5021, #3951, #1958, #5449, #3731, #2493, #68, #2524, #5412, #3010, #495, #2626, #6289, #2326, #2246, #469 ) ) ;
#3251 = EDGE_LOOP ( 'NONE', ( #897, #4802, #5430, #1195 ) ) ;
#3252 = EDGE_CURVE ( 'NONE', #1189, #5808, #1639, .T. ) ;
#3253 = AXIS2_PLACEMENT_3D ( 'NONE', #2875, #3369, #1874 ) ;
#3254 = DIRECTION ( 'NONE',  ( 0.0000000000000000000, 0.0000000000000000000, 1.000000000000000000 ) ) ;
#3255 = FACE_OUTER_BOUND ( 'NONE', #4917, .T. ) ;
#3256 = EDGE_LOOP ( 'NONE', ( #3797, #5507, #6286, #804 ) ) ;
#3257 = ORIENTED_EDGE ( 'NONE', *, *, #1446, .T. ) ;
#3258 = ADVANCED_FACE ( 'NONE', ( #541 ), #858, .T. ) ;
#3259 = DIRECTION ( 'NONE',  ( 0.8660254037844449200, 0.4999999999999887900, 0.0000000000000000000 ) ) ;
#3260 = DIRECTION ( 'NONE',  ( -0.0000000000000000000, -1.639108796198557900E-016, 1.000000000000000000 ) ) ;
#3261 = DIRECTION ( 'NONE',  ( 0.0000000000000000000, 0.0000000000000000000, 1.000000000000000000 ) ) ;
#3262 = CIRCLE ( 'NONE', #985, 0.01041666666666661100 ) ;
#3263 = VERTEX_POINT ( 'NONE', #5787 ) ;
#3264 = AXIS2_PLACEMENT_3D ( 'NONE', #3243, #310, #4252 ) ;
#3265 = DIRECTION ( 'NONE',  ( 0.0000000000000000000, 0.0000000000000000000, 1.000000000000000000 ) ) ;
#3266 = CARTESIAN_POINT ( 'NONE',  ( -0.6666666666666665200, 6.982962677686265100E-015, 0.2291666666666667700 ) ) ;
#3267 = CYLINDRICAL_SURFACE ( 'NONE', #450, 0.01041666666666661100 ) ;
#3268 = ORIENTED_EDGE ( 'NONE', *, *, #1659, .T. ) ;
#3269 = CARTESIAN_POINT ( 'NONE',  ( -0.6439505508593803600, -0.1725460300683407700, 0.2708333333333334800 ) ) ;
#3270 = DIRECTION ( 'NONE',  ( 0.0000000000000000000, 0.0000000000000000000, 1.000000000000000000 ) ) ;
#3271 = ORIENTED_EDGE ( 'NONE', *, *, #1801, .F. ) ;
#3272 = CARTESIAN_POINT ( 'NONE',  ( 0.6547346777386499100, -0.1322991206396385800, -0.2291666666666666300 ) ) ;
#3273 = DIRECTION ( 'NONE',  ( 0.0000000000000000000, 0.0000000000000000000, 1.000000000000000000 ) ) ;
#3274 = CYLINDRICAL_SURFACE ( 'NONE', #2026, 0.6458333333333337000 ) ;
#3275 = DIRECTION ( 'NONE',  ( 0.0000000000000000000, 0.0000000000000000000, 1.000000000000000000 ) ) ;
#3276 = EDGE_CURVE ( 'NONE', #4890, #4339, #5475, .T. ) ;
#3277 = AXIS2_PLACEMENT_3D ( 'NONE', #3049, #4104, #1097 ) ;
#3278 = CIRCLE ( 'NONE', #3187, 0.01041666666666661200 ) ;
#3279 = CARTESIAN_POINT ( 'NONE',  ( -0.3541666666666587500, 0.6134346610139818100, -0.2291666666666666300 ) ) ;
#3280 = DIRECTION ( 'NONE',  ( 0.0000000000000000000, 0.0000000000000000000, 1.000000000000000000 ) ) ;
#3282 = VECTOR ( 'NONE', #568, 39.37007874015748100 ) ;
#3281 = DIRECTION ( 'NONE',  ( -0.0000000000000000000, -0.0000000000000000000, 1.000000000000000000 ) ) ;
#3283 = DATE_AND_TIME ( #5333, #5979 ) ;
#3284 = ORIENTED_EDGE ( 'NONE', *, *, #722, .F. ) ;
#3285 = DIRECTION ( 'NONE',  ( 0.0000000000000000000, -0.0000000000000000000, -1.000000000000000000 ) ) ;
#3286 = CIRCLE ( 'NONE', #6029, 0.01041666666666661200 ) ;
#3287 = CARTESIAN_POINT ( 'NONE',  ( 0.1725460300683475100, 0.6439505508593785800, 0.2708333333333334800 ) ) ;
#3288 = VECTOR ( 'NONE', #410, 39.37007874015748100 ) ;
#3289 = CARTESIAN_POINT ( 'NONE',  ( -4.655308451790843400E-015, -0.6666666666666665200, 0.2708333333333334800 ) ) ;
#3290 = DIRECTION ( 'NONE',  ( 0.0000000000000000000, 0.0000000000000000000, -1.000000000000000000 ) ) ;
#3291 = ADVANCED_FACE ( 'NONE', ( #6285, #2111 ), #5293, .F. ) ;
#3292 = ORIENTED_EDGE ( 'NONE', *, *, #4807, .F. ) ;
#3293 = FACE_OUTER_BOUND ( 'NONE', #6042, .T. ) ;
#3294 = ORIENTED_EDGE ( 'NONE', *, *, #4938, .T. ) ;
#3295 = DIRECTION ( 'NONE',  ( 0.0000000000000000000, 0.0000000000000000000, 1.000000000000000000 ) ) ;
#3296 = CARTESIAN_POINT ( 'NONE',  ( 0.4714045207910290700, -0.4714045207910340100, 0.2291666666666667700 ) ) ;
#3297 = FACE_BOUND ( 'NONE', #5457, .T. ) ;
#3298 = EDGE_CURVE ( 'NONE', #710, #516, #165, .T. ) ;
#3299 = EDGE_LOOP ( 'NONE', ( #3029, #5749 ) ) ;
#3300 = DIRECTION ( 'NONE',  ( -1.000000000000000000, 1.311287036958853100E-014, 0.0000000000000000000 ) ) ;
#3301 = VERTEX_POINT ( 'NONE', #1245 ) ;
#3302 = EDGE_LOOP ( 'NONE', ( #5770, #4051 ) ) ;
#3303 = VECTOR ( 'NONE', #5631, 39.37007874015748100 ) ;
#3304 = PLANE ( 'NONE',  #6501 ) ;
#3305 = AXIS2_PLACEMENT_3D ( 'NONE', #4291, #2834, #4775 ) ;
#3306 = ORIENTED_EDGE ( 'NONE', *, *, #989, .F. ) ;
#3307 = CARTESIAN_POINT ( 'NONE',  ( -0.3333333333333379800, -0.5773502691896228400, -0.2291666666666666300 ) ) ;
#3308 = ORIENTED_EDGE ( 'NONE', *, *, #1546, .T. ) ;
#3309 = AXIS2_PLACEMENT_3D ( 'NONE', #4808, #1351, #2817 ) ;
#3310 = ORIENTED_EDGE ( 'NONE', *, *, #6128, .F. ) ;
#3311 = VERTEX_POINT ( 'NONE', #5766 ) ;
#3312 = LINE ( 'NONE', #1300, #3631 ) ;
#3313 = CARTESIAN_POINT ( 'NONE',  ( 0.4714045207910323400, 0.4714045207910307900, -0.2708333333333335400 ) ) ;
#3314 = ORIENTED_EDGE ( 'NONE', *, *, #2685, .T. ) ;
#3315 = AXIS2_PLACEMENT_3D ( 'NONE', #3452, #478, #3948 ) ;
#3316 = ORIENTED_EDGE ( 'NONE', *, *, #3946, .T. ) ;
#3317 = CYLINDRICAL_SURFACE ( 'NONE', #990, 0.04166666666666672700 ) ;
#3318 = PLANE ( 'NONE',  #3402 ) ;
#3319 = MANIFOLD_SOLID_BREP ( 'CirPattern1[39]', #2384 ) ;
#3320 = AXIS2_PLACEMENT_3D ( 'NONE', #4292, #5943, #934 ) ;
#3321 = MANIFOLD_SOLID_BREP ( 'CirPattern1[6]', #5669 ) ;
#3322 = CARTESIAN_POINT ( 'NONE',  ( 0.6466465825791960500, -0.1624843027111720400, 0.2291666666666667700 ) ) ;
#3323 = ORIENTED_EDGE ( 'NONE', *, *, #491, .T. ) ;
#3324 = EDGE_CURVE ( 'NONE', #2939, #657, #1871, .T. ) ;
#3325 = AXIS2_PLACEMENT_3D ( 'NONE', #5122, #3075, #84 ) ;
#3326 = ADVANCED_FACE ( 'NONE', ( #2500 ), #1474, .T. ) ;
#3327 = DIRECTION ( 'NONE',  ( -0.7071067811865507900, -0.7071067811865442400, 0.0000000000000000000 ) ) ;
#3328 = ORIENTED_EDGE ( 'NONE', *, *, #392, .F. ) ;
#3329 = EDGE_CURVE ( 'NONE', #542, #5662, #5803, .T. ) ;
#3330 = PLANE ( 'NONE',  #3848 ) ;
#3331 = DIRECTION ( 'NONE',  ( 0.0000000000000000000, 0.0000000000000000000, 1.000000000000000000 ) ) ;
#3332 = VECTOR ( 'NONE', #3863, 39.37007874015748100 ) ;
#3333 = DIRECTION ( 'NONE',  ( -0.0000000000000000000, -1.639108796198557900E-016, 1.000000000000000000 ) ) ;
#3334 = ORIENTED_EDGE ( 'NONE', *, *, #3962, .F. ) ;
#3335 = CARTESIAN_POINT ( 'NONE',  ( -0.1725460300683520100, -0.6439505508593773600, 0.2708333333333334800 ) ) ;
#3336 = CARTESIAN_POINT ( 'NONE',  ( 0.4419417382415894400, -0.5008673033404733600, -0.2291666666666666300 ) ) ;
#3337 = EDGE_CURVE ( 'NONE', #1942, #1172, #4447, .T. ) ;
#3338 = FACE_OUTER_BOUND ( 'NONE', #4054, .T. ) ;
#3339 = CARTESIAN_POINT ( 'NONE',  ( 0.1725460300683475100, 0.6439505508593785800, 0.2291666666666667700 ) ) ;
#3340 = EDGE_LOOP ( 'NONE', ( #4089, #356 ) ) ;
#3341 = CLOSED_SHELL ( 'NONE', ( #6321, #3979, #2305, #1382 ) ) ;
#3342 = DIRECTION ( 'NONE',  ( 0.0000000000000000000, 0.0000000000000000000, 1.000000000000000000 ) ) ;
#3343 = EDGE_CURVE ( 'NONE', #2468, #3190, #5721, .T. ) ;
#3344 = AXIS2_PLACEMENT_3D ( 'NONE', #3235, #4176, #2755 ) ;
#3345 = DIRECTION ( 'NONE',  ( 0.0000000000000000000, 0.0000000000000000000, 1.000000000000000000 ) ) ;
#3346 = CYLINDRICAL_SURFACE ( 'NONE', #2328, 0.04166666666666671300 ) ;
#3347 = VERTEX_POINT ( 'NONE', #3371 ) ;
#3348 = CARTESIAN_POINT ( 'NONE',  ( 0.4419417382415928900, 0.5008673033404703600, -0.2291666666666666300 ) ) ;
#3349 = DIRECTION ( 'NONE',  ( -0.0000000000000000000, -1.639108796198557900E-016, 1.000000000000000000 ) ) ;
#3350 = AXIS2_PLACEMENT_3D ( 'NONE', #3683, #3643, #2156 ) ;
#3351 = CYLINDRICAL_SURFACE ( 'NONE', #2448, 0.04166666666666672000 ) ;
#3352 = CC_DESIGN_APPROVAL ( #5054, ( #901 ) ) ;
#3353 = CARTESIAN_POINT ( 'NONE',  ( -0.1624843027111742600, -0.6466465825791952700, 0.2708333333333334800 ) ) ;
#3354 = DIRECTION ( 'NONE',  ( 0.0000000000000000000, 0.0000000000000000000, 1.000000000000000000 ) ) ;
#3355 = AXIS2_PLACEMENT_3D ( 'NONE', #4762, #5746, #771 ) ;
#3356 = DIRECTION ( 'NONE',  ( 0.0000000000000000000, 0.0000000000000000000, 1.000000000000000000 ) ) ;
#3357 = FACE_OUTER_BOUND ( 'NONE', #368, .T. ) ;
#3358 = FACE_OUTER_BOUND ( 'NONE', #5575, .T. ) ;
#3359 = PLANE ( 'NONE',  #3215 ) ;
#3360 = CARTESIAN_POINT ( 'NONE',  ( -0.01041666666667126700, -0.6666666666666663000, -0.2708333333333335400 ) ) ;
#3361 = AXIS2_PLACEMENT_3D ( 'NONE', #3693, #5782, #6271 ) ;
#3362 = EDGE_LOOP ( 'NONE', ( #5632, #4468 ) ) ;
#3363 = VECTOR ( 'NONE', #2779, 39.37007874015748100 ) ;
#3364 = DIRECTION ( 'NONE',  ( 0.0000000000000000000, 0.0000000000000000000, 1.000000000000000000 ) ) ;
#3365 = EDGE_CURVE ( 'NONE', #452, #1372, #5317, .T. ) ;
#3366 = FACE_OUTER_BOUND ( 'NONE', #262, .T. ) ;
#3367 = ADVANCED_FACE ( 'NONE', ( #1098 ), #1796, .F. ) ;
#3368 = CIRCLE ( 'NONE', #4313, 0.01041666666666661200 ) ;
#3369 = DIRECTION ( 'NONE',  ( 0.0000000000000000000, 1.639108796198557900E-016, -1.000000000000000000 ) ) ;
#3370 = ORIENTED_EDGE ( 'NONE', *, *, #2908, .F. ) ;
#3371 = CARTESIAN_POINT ( 'NONE',  ( -0.6547346777386489100, 0.1322991206396431400, 0.2291666666666667700 ) ) ;
#3372 = FACE_OUTER_BOUND ( 'NONE', #5796, .T. ) ;
#3373 = PERSON_AND_ORGANIZATION_ROLE ( 'creator' ) ;
#3374 = DIRECTION ( 'NONE',  ( 1.000000000000000000, 0.0000000000000000000, 0.0000000000000000000 ) ) ;
#3375 = ORIENTED_EDGE ( 'NONE', *, *, #3877, .T. ) ;
#3376 = CIRCLE ( 'NONE', #1805, 0.04166666666666673400 ) ;
#3377 = ORIENTED_EDGE ( 'NONE', *, *, #5351, .T. ) ;
#3378 = DIRECTION ( 'NONE',  ( 0.2588190451025261200, 0.9659258262890668700, 0.0000000000000000000 ) ) ;
#3379 = LINE ( 'NONE', #4485, #6072 ) ;
#3380 = CARTESIAN_POINT ( 'NONE',  ( 0.0000000000000000000, -3.952642565832979800E-016, -0.2708333333333337000 ) ) ;
#3381 = ORIENTED_EDGE ( 'NONE', *, *, #3446, .F. ) ;
#3382 = DIRECTION ( 'NONE',  ( -0.7071067811865409100, 0.7071067811865540100, 0.0000000000000000000 ) ) ;
#3383 = MANIFOLD_SOLID_BREP ( 'CirPattern1[23]', #2069 ) ;
#3384 = LINE ( 'NONE', #5000, #3686 ) ;
#3385 = CARTESIAN_POINT ( 'NONE',  ( 0.6841974602880892500, -0.1833301569476216400, -0.2291666666666666300 ) ) ;
#3386 = EDGE_CURVE ( 'NONE', #6230, #526, #1, .T. ) ;
#3387 = EDGE_LOOP ( 'NONE', ( #1649, #1682, #5824, #441 ) ) ;
#3388 = AXIS2_PLACEMENT_3D ( 'NONE', #4498, #3457, #1020 ) ;
#3389 = ORIENTED_EDGE ( 'NONE', *, *, #916, .T. ) ;
#3390 = DIRECTION ( 'NONE',  ( 0.0000000000000000000, 0.0000000000000000000, 1.000000000000000000 ) ) ;
#3391 = ORIENTED_EDGE ( 'NONE', *, *, #3989, .T. ) ;
#3393 = EDGE_LOOP ( 'NONE', ( #6390, #4598 ) ) ;
#3392 = CARTESIAN_POINT ( 'NONE',  ( 0.4640388251536692300, -0.4787702164283937900, -0.2708333333333335400 ) ) ;
#3394 = ORIENTED_EDGE ( 'NONE', *, *, #1123, .T. ) ;
#3395 = ORIENTED_EDGE ( 'NONE', *, *, #2431, .F. ) ;
#3396 = AXIS2_PLACEMENT_3D ( 'NONE', #5581, #6086, #4990 ) ;
#3397 = EDGE_LOOP ( 'NONE', ( #3866, #3718 ) ) ;
#3398 = AXIS2_PLACEMENT_3D ( 'NONE', #3722, #5768, #1182 ) ;
#3399 = EDGE_LOOP ( 'NONE', ( #5589, #721, #2082, #619 ) ) ;
#3400 = DATE_TIME_ROLE ( 'classification_date' ) ;
#3401 = CARTESIAN_POINT ( 'NONE',  ( -0.6666666666666668500, -0.04166666666665973900, 0.2291666666666667700 ) ) ;
#3402 = AXIS2_PLACEMENT_3D ( 'NONE', #3385, #4924, #1905 ) ;
#3403 = EDGE_LOOP ( 'NONE', ( #5700, #588 ) ) ;
#3405 = AXIS2_PLACEMENT_3D ( 'NONE', #4821, #1825, #1883 ) ;
#3404 = DIRECTION ( 'NONE',  ( 0.0000000000000000000, 0.0000000000000000000, 1.000000000000000000 ) ) ;
#3406 = ADVANCED_FACE ( 'NONE', ( #2269 ), #5176, .T. ) ;
#3407 = DIRECTION ( 'NONE',  ( -0.2588190451025111900, 0.9659258262890708700, 0.0000000000000000000 ) ) ;
#3408 = DIRECTION ( 'NONE',  ( 0.0000000000000000000, 0.0000000000000000000, -1.000000000000000000 ) ) ;
#3409 = ORIENTED_EDGE ( 'NONE', *, *, #2667, .F. ) ;
#3410 = CARTESIAN_POINT ( 'NONE',  ( -0.3333333333333379800, -0.5773502691896228400, -0.2708333333333335400 ) ) ;
#3411 = FACE_OUTER_BOUND ( 'NONE', #2999, .T. ) ;
#3412 = DIRECTION ( 'NONE',  ( 1.000000000000000000, 0.0000000000000000000, 0.0000000000000000000 ) ) ;
#3413 = EDGE_LOOP ( 'NONE', ( #5091, #6144 ) ) ;
#3414 = DIRECTION ( 'NONE',  ( -0.4999999999999920100, 0.8660254037844432600, 0.0000000000000000000 ) ) ;
#3415 = DIRECTION ( 'NONE',  ( 0.0000000000000000000, 0.0000000000000000000, 1.000000000000000000 ) ) ;
#3416 = DIRECTION ( 'NONE',  ( 0.7071067811865442400, -0.7071067811865507900, 0.0000000000000000000 ) ) ;
#3417 = DIRECTION ( 'NONE',  ( -0.8660254037844348200, 0.5000000000000066600, 0.0000000000000000000 ) ) ;
#3418 = CYLINDRICAL_SURFACE ( 'NONE', #479, 0.01041666666666661100 ) ;
#3419 = ORIENTED_EDGE ( 'NONE', *, *, #5671, .T. ) ;
#3420 = ORIENTED_EDGE ( 'NONE', *, *, #3428, .F. ) ;
#3421 = DIRECTION ( 'NONE',  ( 0.0000000000000000000, 0.0000000000000000000, 1.000000000000000000 ) ) ;
#3422 = CARTESIAN_POINT ( 'NONE',  ( 0.01041666666666195800, -0.6666666666666666300, 0.2708333333333334800 ) ) ;
#3423 = CLOSED_SHELL ( 'NONE', ( #3326, #2789, #2229, #4493, #4281, #1673 ) ) ;
#3424 = EDGE_CURVE ( 'NONE', #2457, #3713, #4287, .T. ) ;
#3425 = DIRECTION ( 'NONE',  ( 0.0000000000000000000, 0.0000000000000000000, 1.000000000000000000 ) ) ;
#3426 = DIRECTION ( 'NONE',  ( 0.0000000000000000000, 0.0000000000000000000, 1.000000000000000000 ) ) ;
#3427 = CYLINDRICAL_SURFACE ( 'NONE', #1529, 0.01041666666666659100 ) ;
#3428 = EDGE_CURVE ( 'NONE', #3190, #5917, #2810, .T. ) ;
#3429 = ORIENTED_EDGE ( 'NONE', *, *, #4043, .F. ) ;
#3430 = AXIS2_PLACEMENT_3D ( 'NONE', #5556, #5537, #3990 ) ;
#3431 = DIRECTION ( 'NONE',  ( 0.5000000000000119900, 0.8660254037844318200, 0.0000000000000000000 ) ) ;
#3432 = ADVANCED_FACE ( 'NONE', ( #5965 ), #6359, .F. ) ;
#3433 = AXIS2_PLACEMENT_3D ( 'NONE', #3500, #5524, #1560 ) ;
#3434 = CYLINDRICAL_SURFACE ( 'NONE', #819, 0.01041666666666662600 ) ;
#3435 = DIRECTION ( 'NONE',  ( 0.0000000000000000000, 0.0000000000000000000, 1.000000000000000000 ) ) ;
#3437 = FACE_OUTER_BOUND ( 'NONE', #570, .T. ) ;
#3436 = DIRECTION ( 'NONE',  ( 1.000000000000000000, 0.0000000000000000000, 0.0000000000000000000 ) ) ;
#3438 = CARTESIAN_POINT ( 'NONE',  ( 0.5008673033404686900, -0.4419417382415946100, -0.2291666666666666300 ) ) ;
#3439 = FACE_OUTER_BOUND ( 'NONE', #4146, .T. ) ;
#3440 = CARTESIAN_POINT ( 'NONE',  ( -0.04166666666666672000, 0.6666666666666665200, 0.2291666666666667700 ) ) ;
#3441 = CYLINDRICAL_SURFACE ( 'NONE', #5807, 0.01041666666666661100 ) ;
#3442 = COORDINATED_UNIVERSAL_TIME_OFFSET ( 6, 0, .BEHIND. ) ;
#3443 = CARTESIAN_POINT ( 'NONE',  ( 0.04166666666666207100, -0.6666666666666667400, 0.2291666666666667700 ) ) ;
#3444 = EDGE_LOOP ( 'NONE', ( #1748, #5842, #3076, #1030 ) ) ;
#3445 = FACE_OUTER_BOUND ( 'NONE', #1063, .T. ) ;
#3446 = EDGE_CURVE ( 'NONE', #1915, #5570, #4131, .T. ) ;
#3447 = DIRECTION ( 'NONE',  ( 0.2588190451025130200, -0.9659258262890704200, 0.0000000000000000000 ) ) ;
#3448 = DIRECTION ( 'NONE',  ( 0.0000000000000000000, 0.0000000000000000000, 1.000000000000000000 ) ) ;
#3449 = VECTOR ( 'NONE', #2870, 39.37007874015748100 ) ;
#3450 = EDGE_CURVE ( 'NONE', #2150, #3815, #5169, .T. ) ;
#3451 = ORIENTED_EDGE ( 'NONE', *, *, #2010, .T. ) ;
#3452 = CARTESIAN_POINT ( 'NONE',  ( 0.6666666666666665200, -2.327654225895421700E-015, -0.2291666666666666300 ) ) ;
#3453 = CYLINDRICAL_SURFACE ( 'NONE', #1434, 0.01041666666666661200 ) ;
#3454 = EDGE_CURVE ( 'NONE', #381, #4633, #3262, .T. ) ;
#3455 = ORIENTED_EDGE ( 'NONE', *, *, #5287, .T. ) ;
#3456 = FACE_OUTER_BOUND ( 'NONE', #4257, .T. ) ;
#3457 = DIRECTION ( 'NONE',  ( 0.0000000000000000000, -0.0000000000000000000, 1.000000000000000000 ) ) ;
#3458 = CARTESIAN_POINT ( 'NONE',  ( -0.6412545191395625500, -0.1826077574255185200, 0.2708333333333334800 ) ) ;
#3459 = EDGE_LOOP ( 'NONE', ( #29, #5341, #6418, #5805 ) ) ;
#3460 = DIRECTION ( 'NONE',  ( 0.0000000000000000000, 0.0000000000000000000, 1.000000000000000000 ) ) ;
#3461 = ORIENTED_EDGE ( 'NONE', *, *, #1659, .F. ) ;
#3462 = ORIENTED_EDGE ( 'NONE', *, *, #2582, .F. ) ;
#3463 = FACE_OUTER_BOUND ( 'NONE', #2473, .T. ) ;
#3464 = CARTESIAN_POINT ( 'NONE',  ( -0.6412545191395625500, -0.1826077574255185200, 0.2291666666666667700 ) ) ;
#3465 = EDGE_CURVE ( 'NONE', #4228, #3837, #4053, .T. ) ;
#3466 = VERTEX_POINT ( 'NONE', #1875 ) ;
#3467 = ADVANCED_FACE ( 'NONE', ( #5314, #1793 ), #6410, .F. ) ;
#3468 = CARTESIAN_POINT ( 'NONE',  ( 0.4787702164283921800, 0.4640388251536709500, 0.2708333333333334800 ) ) ;
#3469 = VERTEX_POINT ( 'NONE', #361 ) ;
#3470 = ADVANCED_FACE ( 'NONE', ( #2803 ), #312, .F. ) ;
#3471 = EDGE_LOOP ( 'NONE', ( #3767, #4486, #3933, #3543 ) ) ;
#3472 = CARTESIAN_POINT ( 'NONE',  ( 0.5721419358562908100, -0.3423544312894237800, -0.2291666666666666300 ) ) ;
#3473 = EDGE_CURVE ( 'NONE', #6131, #6459, #2492, .T. ) ;
#3474 = ORIENTED_EDGE ( 'NONE', *, *, #3428, .T. ) ;
#3475 = CIRCLE ( 'NONE', #2401, 0.01041666666666661200 ) ;
#3476 = AXIS2_PLACEMENT_3D ( 'NONE', #6495, #1978, #483 ) ;
#3477 = EDGE_LOOP ( 'NONE', ( #6388, #319, #5879, #5195 ) ) ;
#3478 = CARTESIAN_POINT ( 'NONE',  ( 0.3333333333333339300, 0.5773502691896251800, -0.2291666666666666300 ) ) ;
#3479 = VERTEX_POINT ( 'NONE', #2003 ) ;
#3480 = ORIENTED_EDGE ( 'NONE', *, *, #4690, .F. ) ;
#3481 = CARTESIAN_POINT ( 'NONE',  ( -0.5721419358562954700, -0.3423544312894157300, 0.2291666666666667700 ) ) ;
#3482 = AXIS2_PLACEMENT_3D ( 'NONE', #2796, #1313, #2343 ) ;
#3483 = DIRECTION ( 'NONE',  ( 0.0000000000000000000, 0.0000000000000000000, 1.000000000000000000 ) ) ;
#3484 = DIRECTION ( 'NONE',  ( -0.9659258262890704200, -0.2588190451025130200, 0.0000000000000000000 ) ) ;
#3485 = EDGE_LOOP ( 'NONE', ( #4164, #1746 ) ) ;
#3486 = CARTESIAN_POINT ( 'NONE',  ( 0.1624843027111652600, -0.6466465825791976000, 0.2708333333333334800 ) ) ;
#3487 = AXIS2_PLACEMENT_3D ( 'NONE', #1066, #4577, #5198 ) ;
#3488 = DIRECTION ( 'NONE',  ( 0.0000000000000000000, 0.0000000000000000000, 1.000000000000000000 ) ) ;
#3489 = ORIENTED_EDGE ( 'NONE', *, *, #50, .F. ) ;
#3490 = DIRECTION ( 'NONE',  ( 0.0000000000000000000, 0.0000000000000000000, 1.000000000000000000 ) ) ;
#3491 = EDGE_LOOP ( 'NONE', ( #501, #580, #167, #466 ) ) ;
#3492 = CARTESIAN_POINT ( 'NONE',  ( 7.909177244493327700E-017, 0.6458333333333332600, 0.2708333333333334800 ) ) ;
#3493 = FACE_OUTER_BOUND ( 'NONE', #5683, .T. ) ;
#3494 = CARTESIAN_POINT ( 'NONE',  ( 0.4419417382415894400, -0.5008673033404733600, 0.2291666666666667700 ) ) ;
#3495 = CARTESIAN_POINT ( 'NONE',  ( 8.674581493960423600E-017, 0.7083333333333331500, 0.2708333333333335400 ) ) ;
#3496 = EDGE_CURVE ( 'NONE', #4159, #3929, #3734, .T. ) ;
#3497 = EDGE_LOOP ( 'NONE', ( #3937, #2995, #2213, #5591 ) ) ;
#3498 = DIRECTION ( 'NONE',  ( 0.0000000000000000000, 0.0000000000000000000, 1.000000000000000000 ) ) ;
#3499 = DIRECTION ( 'NONE',  ( -0.7071067811865512400, -0.7071067811865438000, 0.0000000000000000000 ) ) ;
#3500 = CARTESIAN_POINT ( 'NONE',  ( -0.4714045207910257900, 0.4714045207910372800, 0.2291666666666667700 ) ) ;
#3501 = ADVANCED_FACE ( 'NONE', ( #159, #5636 ), #3827, .F. ) ;
#3502 = CIRCLE ( 'NONE', #149, 0.01041666666666659100 ) ;
#3503 = ADVANCED_FACE ( 'NONE', ( #5470 ), #4401, .F. ) ;
#3504 = ORIENTED_EDGE ( 'NONE', *, *, #2335, .T. ) ;
#3505 = ORIENTED_EDGE ( 'NONE', *, *, #4306, .T. ) ;
#3506 = CARTESIAN_POINT ( 'NONE',  ( -0.5008673033404657000, 0.4419417382415981000, -0.2291666666666666300 ) ) ;
#3507 = LINE ( 'NONE', #224, #4524 ) ;
#3508 = ORIENTED_EDGE ( 'NONE', *, *, #999, .F. ) ;
#3509 = CARTESIAN_POINT ( 'NONE',  ( -0.1725460300683385200, 0.6439505508593810200, -0.2708333333333335400 ) ) ;
#3510 = CARTESIAN_POINT ( 'NONE',  ( -0.2972489415089739100, 0.5981836025229627700, 0.2291666666666667700 ) ) ;
#3511 = CIRCLE ( 'NONE', #6372, 0.04166666666666672000 ) ;
#3512 = EDGE_CURVE ( 'NONE', #765, #6407, #5799, .T. ) ;
#3513 = CARTESIAN_POINT ( 'NONE',  ( 0.5773502691896264000, 0.3333333333333318700, -0.2708333333333335400 ) ) ;
#3514 = FACE_BOUND ( 'NONE', #2804, .T. ) ;
#3515 = DIRECTION ( 'NONE',  ( -0.8660254037844420400, -0.4999999999999943900, 0.0000000000000000000 ) ) ;
#3516 = DIRECTION ( 'NONE',  ( -0.0000000000000000000, 0.0000000000000000000, -1.000000000000000000 ) ) ;
#3517 = CIRCLE ( 'NONE', #5697, 0.04166666666666672000 ) ;
#3518 = AXIS2_PLACEMENT_3D ( 'NONE', #227, #1247, #4743 ) ;
#3519 = VERTEX_POINT ( 'NONE', #4469 ) ;
#3520 = DIRECTION ( 'NONE',  ( 0.0000000000000000000, 0.0000000000000000000, 1.000000000000000000 ) ) ;
#3521 = CIRCLE ( 'NONE', #5424, 0.04166666666666673400 ) ;
#3522 = DIRECTION ( 'NONE',  ( -0.7071067811865409100, 0.7071067811865540100, 0.0000000000000000000 ) ) ;
#3523 = FACE_BOUND ( 'NONE', #107, .T. ) ;
#3524 = CARTESIAN_POINT ( 'NONE',  ( 0.6439505508593780200, -0.1725460300683497900, 0.2291666666666667700 ) ) ;
#3525 = CARTESIAN_POINT ( 'NONE',  ( -0.5981836025229554400, 0.2972489415089885600, 0.2291666666666667700 ) ) ;
#3526 = ORIENTED_EDGE ( 'NONE', *, *, #1947, .F. ) ;
#3527 = CIRCLE ( 'NONE', #3074, 0.04166666666666671300 ) ;
#3528 = ADVANCED_FACE ( 'NONE', ( #4283, #5239 ), #1954, .F. ) ;
#3529 = DIRECTION ( 'NONE',  ( 0.0000000000000000000, 0.0000000000000000000, 1.000000000000000000 ) ) ;
#3530 = DIRECTION ( 'NONE',  ( 1.000000000000000000, 0.0000000000000000000, 0.0000000000000000000 ) ) ;
#3531 = ORIENTED_EDGE ( 'NONE', *, *, #2129, .T. ) ;
#3532 = FACE_OUTER_BOUND ( 'NONE', #3907, .T. ) ;
#3533 = VERTEX_POINT ( 'NONE', #5482 ) ;
#3534 = EDGE_CURVE ( 'NONE', #1369, #2844, #3959, .T. ) ;
#3535 = CIRCLE ( 'NONE', #6163, 0.04166666666666672700 ) ;
#3536 = DIRECTION ( 'NONE',  ( 0.0000000000000000000, 0.0000000000000000000, 1.000000000000000000 ) ) ;
#3537 = CARTESIAN_POINT ( 'NONE',  ( -0.6439505508593768000, 0.1725460300683542600, 0.2291666666666667700 ) ) ;
#3538 = ORIENTED_EDGE ( 'NONE', *, *, #4718, .T. ) ;
#3539 = CARTESIAN_POINT ( 'NONE',  ( 0.1624843027111697900, 0.6466465825791966000, -0.2708333333333335400 ) ) ;
#3540 = FACE_OUTER_BOUND ( 'NONE', #2318, .T. ) ;
#3541 = ORIENTED_EDGE ( 'NONE', *, *, #2710, .T. ) ;
#3542 = DIRECTION ( 'NONE',  ( 0.7071067811865574500, 0.7071067811865376900, 0.0000000000000000000 ) ) ;
#3543 = ORIENTED_EDGE ( 'NONE', *, *, #864, .F. ) ;
#3544 = VERTEX_POINT ( 'NONE', #2024 ) ;
#3545 = ORIENTED_EDGE ( 'NONE', *, *, #4126, .F. ) ;
#3546 = DIRECTION ( 'NONE',  ( -0.0000000000000000000, -1.639108796198557900E-016, 1.000000000000000000 ) ) ;
#3547 = LINE ( 'NONE', #4343, #4730 ) ;
#3548 = ORIENTED_EDGE ( 'NONE', *, *, #1303, .T. ) ;
#3549 = EDGE_LOOP ( 'NONE', ( #1277, #859, #5834, #767 ) ) ;
#3550 = CARTESIAN_POINT ( 'NONE',  ( 0.0000000000000000000, -4.884202731672494200E-016, 0.2974999999999999900 ) ) ;
#3551 = EDGE_LOOP ( 'NONE', ( #6324, #45 ) ) ;
#3552 = EDGE_CURVE ( 'NONE', #2922, #3837, #1632, .T. ) ;
#3553 = DIRECTION ( 'NONE',  ( -0.7071067811865507900, -0.7071067811865442400, 0.0000000000000000000 ) ) ;
#3554 = DIRECTION ( 'NONE',  ( 0.0000000000000000000, 0.0000000000000000000, 1.000000000000000000 ) ) ;
#3555 = ORIENTED_EDGE ( 'NONE', *, *, #3784, .F. ) ;
#3556 = EDGE_CURVE ( 'NONE', #960, #6407, #6355, .T. ) ;
#3557 = ORIENTED_EDGE ( 'NONE', *, *, #1791, .F. ) ;
#3558 = AXIS2_PLACEMENT_3D ( 'NONE', #882, #2935, #4415 ) ;
#3559 = CARTESIAN_POINT ( 'NONE',  ( 0.6439505508593780200, -0.1725460300683497900, 0.2291666666666667700 ) ) ;
#3560 = DIRECTION ( 'NONE',  ( -0.9659258262890668700, 0.2588190451025261200, 0.0000000000000000000 ) ) ;
#3561 = CARTESIAN_POINT ( 'NONE',  ( -0.6412545191395625500, -0.1826077574255185200, 0.2708333333333334800 ) ) ;
#3562 = AXIS2_PLACEMENT_3D ( 'NONE', #2165, #4618, #3632 ) ;
#3563 = ORIENTED_EDGE ( 'NONE', *, *, #722, .T. ) ;
#3564 = DIRECTION ( 'NONE',  ( 0.0000000000000000000, 0.0000000000000000000, 1.000000000000000000 ) ) ;
#3565 = ADVANCED_FACE ( 'NONE', ( #471 ), #5959, .T. ) ;
#3566 = AXIS2_PLACEMENT_3D ( 'NONE', #3478, #2480, #2060 ) ;
#3567 = CARTESIAN_POINT ( 'NONE',  ( -0.6666666666666668500, -0.04166666666665973900, 0.2291666666666667700 ) ) ;
#3568 = DIRECTION ( 'NONE',  ( 0.0000000000000000000, 0.0000000000000000000, 1.000000000000000000 ) ) ;
#3569 = CIRCLE ( 'NONE', #3662, 0.01041666666666661200 ) ;
#3570 = CARTESIAN_POINT ( 'NONE',  ( 0.3243122353772420200, -0.5825586025229608800, 0.2291666666666667700 ) ) ;
#3571 = AXIS2_PLACEMENT_3D ( 'NONE', #535, #6091, #95 ) ;
#3572 = ORIENTED_EDGE ( 'NONE', *, *, #4015, .F. ) ;
#3573 = CARTESIAN_POINT ( 'NONE',  ( -0.3243122353772379100, 0.5825586025229629900, -0.2708333333333335400 ) ) ;
#3574 = CARTESIAN_POINT ( 'NONE',  ( 0.0000000000000000000, 0.6666666666666665200, -0.2708333333333335400 ) ) ;
#3575 = CIRCLE ( 'NONE', #608, 0.04166666666666672700 ) ;
#3576 = CARTESIAN_POINT ( 'NONE',  ( 0.1725460300683475100, 0.6439505508593785800, 0.2708333333333334800 ) ) ;
#3577 = EDGE_CURVE ( 'NONE', #1369, #2437, #237, .T. ) ;
#3578 = ORIENTED_EDGE ( 'NONE', *, *, #2427, .T. ) ;
#3579 = CARTESIAN_POINT ( 'NONE',  ( -0.3243122353772379100, 0.5825586025229629900, -0.2291666666666666300 ) ) ;
#3580 = DIRECTION ( 'NONE',  ( 0.9659258262890668700, -0.2588190451025261200, 0.0000000000000000000 ) ) ;
#3581 = CARTESIAN_POINT ( 'NONE',  ( 0.01041666666666661200, 0.6666666666666665200, -0.2291666666666666300 ) ) ;
#3582 = EDGE_CURVE ( 'NONE', #5775, #4874, #3807, .T. ) ;
#3583 = CIRCLE ( 'NONE', #1013, 0.04166666666666672000 ) ;
#3584 = ORIENTED_EDGE ( 'NONE', *, *, #213, .T. ) ;
#3585 = MANIFOLD_SOLID_BREP ( 'CirPattern1[35]', #1593 ) ;
#3586 = CARTESIAN_POINT ( 'NONE',  ( -0.2972489415089739100, 0.5981836025229627700, 0.2291666666666667700 ) ) ;
#3587 = CYLINDRICAL_SURFACE ( 'NONE', #4792, 0.04166666666666672000 ) ;
#3588 = ORIENTED_EDGE ( 'NONE', *, *, #2188, .F. ) ;
#3589 = DIRECTION ( 'NONE',  ( 0.0000000000000000000, 0.0000000000000000000, 1.000000000000000000 ) ) ;
#3590 = DIRECTION ( 'NONE',  ( 0.0000000000000000000, -1.000000000000000000, -1.821231995776174500E-016 ) ) ;
#3591 = VECTOR ( 'NONE', #1556, 39.37007874015748100 ) ;
#3592 = EDGE_CURVE ( 'NONE', #1215, #2639, #2650, .T. ) ;
#3593 = ADVANCED_FACE ( 'NONE', ( #2959 ), #930, .T. ) ;
#3594 = DIRECTION ( 'NONE',  ( 0.0000000000000000000, 0.0000000000000000000, 1.000000000000000000 ) ) ;
#3595 = CIRCLE ( 'NONE', #935, 0.04166666666666670600 ) ;
#3596 = CARTESIAN_POINT ( 'NONE',  ( 0.5773502691896241800, -0.3333333333333359800, 0.2708333333333334800 ) ) ;
#3597 = FACE_OUTER_BOUND ( 'NONE', #3081, .T. ) ;
#3598 = CARTESIAN_POINT ( 'NONE',  ( 0.6439505508593792400, 0.1725460300683452600, 0.2291666666666667700 ) ) ;
#3599 = CARTESIAN_POINT ( 'NONE',  ( -0.3423544312894257800, -0.5721419358562894700, -0.2291666666666666300 ) ) ;
#3600 = CARTESIAN_POINT ( 'NONE',  ( -0.1833301569476096800, 0.6841974602880923600, 0.2291666666666667700 ) ) ;
#3601 = AXIS2_PLACEMENT_3D ( 'NONE', #4784, #3265, #754 ) ;
#3602 = PERSON_AND_ORGANIZATION ( #2951, #4303 ) ;
#3603 = VERTEX_POINT ( 'NONE', #3953 ) ;
#3604 = AXIS2_PLACEMENT_3D ( 'NONE', #5330, #2340, #852 ) ;
#3605 = CARTESIAN_POINT ( 'NONE',  ( 0.6439505508593792400, 0.1725460300683452600, -0.2708333333333335400 ) ) ;
#3606 = DIRECTION ( 'NONE',  ( -0.0000000000000000000, -0.0000000000000000000, 1.000000000000000000 ) ) ;
#3607 = VECTOR ( 'NONE', #1819, 39.37007874015748100 ) ;
#3608 = VERTEX_POINT ( 'NONE', #3024 ) ;
#3609 = AXIS2_PLACEMENT_3D ( 'NONE', #2279, #250, #5794 ) ;
#3610 = LINE ( 'NONE', #2127, #957 ) ;
#3611 = CARTESIAN_POINT ( 'NONE',  ( -0.6439505508593768000, 0.1725460300683542600, 0.2291666666666667700 ) ) ;
#3612 = VECTOR ( 'NONE', #1532, 39.37007874015748100 ) ;
#3613 = ORIENTED_EDGE ( 'NONE', *, *, #3450, .T. ) ;
#3614 = CIRCLE ( 'NONE', #600, 0.01041666666666661200 ) ;
#3615 = EDGE_LOOP ( 'NONE', ( #5056, #1524, #6236, #5420 ) ) ;
#3616 = DIRECTION ( 'NONE',  ( 0.0000000000000000000, 0.0000000000000000000, 1.000000000000000000 ) ) ;
#3617 = DIRECTION ( 'NONE',  ( 0.0000000000000000000, 0.0000000000000000000, 1.000000000000000000 ) ) ;
#3618 = VERTEX_POINT ( 'NONE', #5073 ) ;
#3619 = EDGE_CURVE ( 'NONE', #6348, #741, #2572, .T. ) ;
#3620 = ORIENTED_EDGE ( 'NONE', *, *, #179, .T. ) ;
#3621 = AXIS2_PLACEMENT_3D ( 'NONE', #1458, #4428, #1498 ) ;
#3622 = FACE_OUTER_BOUND ( 'NONE', #1584, .T. ) ;
#3623 = ORIENTED_EDGE ( 'NONE', *, *, #4516, .T. ) ;
#3624 = DIRECTION ( 'NONE',  ( 0.0000000000000000000, 0.0000000000000000000, 1.000000000000000000 ) ) ;
#3625 = CARTESIAN_POINT ( 'NONE',  ( -0.6439505508593803600, -0.1725460300683407700, 0.2291666666666667700 ) ) ;
#3626 = VERTEX_POINT ( 'NONE', #46 ) ;
#3627 = CARTESIAN_POINT ( 'NONE',  ( 0.3243122353772460700, 0.5825586025229585500, -0.2708333333333335400 ) ) ;
#3628 = EDGE_LOOP ( 'NONE', ( #77, #1630 ) ) ;
#3629 = ORIENTED_EDGE ( 'NONE', *, *, #925, .F. ) ;
#3630 = CARTESIAN_POINT ( 'NONE',  ( 0.0000000000000000000, -3.884346365991373500E-016, -0.3125000000000002800 ) ) ;
#3631 = VECTOR ( 'NONE', #5798, 39.37007874015748100 ) ;
#3632 = DIRECTION ( 'NONE',  ( 0.7071067811865574500, 0.7071067811865376900, 0.0000000000000000000 ) ) ;
#3633 = ADVANCED_FACE ( 'NONE', ( #4602 ), #2881, .T. ) ;
#3634 = ORIENTED_EDGE ( 'NONE', *, *, #1850, .T. ) ;
#3635 = EDGE_LOOP ( 'NONE', ( #202, #5477, #4547, #1239 ) ) ;
#3636 = CIRCLE ( 'NONE', #4038, 0.7500000000000004400 ) ;
#3637 = EDGE_CURVE ( 'NONE', #4093, #4637, #3885, .T. ) ;
#3638 = ORIENTED_EDGE ( 'NONE', *, *, #6507, .F. ) ;
#3639 = DIRECTION ( 'NONE',  ( 0.0000000000000000000, 0.0000000000000000000, 1.000000000000000000 ) ) ;
#3640 = DIRECTION ( 'NONE',  ( 0.0000000000000000000, 0.0000000000000000000, 1.000000000000000000 ) ) ;
#3641 = CARTESIAN_POINT ( 'NONE',  ( 0.4714045207910323400, 0.4714045207910307900, 0.2708333333333334800 ) ) ;
#3642 = ORIENTED_EDGE ( 'NONE', *, *, #1384, .T. ) ;
#3643 = DIRECTION ( 'NONE',  ( 0.0000000000000000000, 0.0000000000000000000, 1.000000000000000000 ) ) ;
#3644 = EDGE_LOOP ( 'NONE', ( #3944, #3613, #2992, #2312 ) ) ;
#3645 = AXIS2_PLACEMENT_3D ( 'NONE', #3896, #1864, #3876 ) ;
#3646 = PLANE ( 'NONE',  #4151 ) ;
#3647 = CYLINDRICAL_SURFACE ( 'NONE', #2577, 0.01041666666666661200 ) ;
#3648 = AXIS2_PLACEMENT_3D ( 'NONE', #4334, #2289, #6317 ) ;
#3649 = ORIENTED_EDGE ( 'NONE', *, *, #968, .T. ) ;
#3650 = AXIS2_PLACEMENT_3D ( 'NONE', #4563, #5533, #1027 ) ;
#3651 = CARTESIAN_POINT ( 'NONE',  ( 0.4787702164283889600, -0.4640388251536742300, 0.2708333333333334800 ) ) ;
#3652 = LINE ( 'NONE', #4071, #2341 ) ;
#3653 = ORIENTED_EDGE ( 'NONE', *, *, #685, .T. ) ;
#3654 = ORIENTED_EDGE ( 'NONE', *, *, #1881, .F. ) ;
#3655 = CARTESIAN_POINT ( 'NONE',  ( -0.6666666666666666300, -0.01041666666665963000, 0.2708333333333334800 ) ) ;
#3656 = ADVANCED_FACE ( 'NONE', ( #1400 ), #1321, .F. ) ;
#3657 = CARTESIAN_POINT ( 'NONE',  ( -0.4787702164283954600, -0.4640388251536675700, 0.2708333333333334800 ) ) ;
#3658 = DIRECTION ( 'NONE',  ( -0.9659258262890704200, -0.2588190451025130200, 0.0000000000000000000 ) ) ;
#3659 = EDGE_CURVE ( 'NONE', #4427, #4657, #6511, .T. ) ;
#3660 = DIRECTION ( 'NONE',  ( 0.2588190451025130200, -0.9659258262890704200, 0.0000000000000000000 ) ) ;
#3661 = VECTOR ( 'NONE', #5268, 39.37007874015748100 ) ;
#3662 = AXIS2_PLACEMENT_3D ( 'NONE', #1091, #4986, #8 ) ;
#3663 = EDGE_LOOP ( 'NONE', ( #1940, #1401, #5325, #6352 ) ) ;
#3664 = DIRECTION ( 'NONE',  ( 0.0000000000000000000, -1.000000000000000000, 0.0000000000000000000 ) ) ;
#3665 = EDGE_CURVE ( 'NONE', #5644, #2532, #629, .T. ) ;
#3666 = CARTESIAN_POINT ( 'NONE',  ( -0.1725460300683520100, -0.6439505508593773600, -0.2291666666666666300 ) ) ;
#3667 = CIRCLE ( 'NONE', #321, 0.01041666666666661100 ) ;
#3668 = CARTESIAN_POINT ( 'NONE',  ( -0.6412545191395588900, 0.1826077574255319800, 0.2291666666666667700 ) ) ;
#3669 = CIRCLE ( 'NONE', #4620, 0.01041666666666661200 ) ;
#3670 = EDGE_CURVE ( 'NONE', #5644, #3466, #4996, .T. ) ;
#3671 = FACE_BOUND ( 'NONE', #353, .T. ) ;
#3672 = CARTESIAN_POINT ( 'NONE',  ( 0.6412545191395601100, -0.1826077574255275100, 0.2291666666666667700 ) ) ;
#3673 = EDGE_CURVE ( 'NONE', #1087, #6131, #1944, .T. ) ;
#3674 = EDGE_LOOP ( 'NONE', ( #969, #6022 ) ) ;
#3675 = FACE_OUTER_BOUND ( 'NONE', #1285, .T. ) ;
#3676 = DIRECTION ( 'NONE',  ( -0.0000000000000000000, -0.0000000000000000000, 1.000000000000000000 ) ) ;
#3677 = AXIS2_PLACEMENT_3D ( 'NONE', #6374, #800, #5888 ) ;
#3679 = CIRCLE ( 'NONE', #2970, 0.01041666666666661100 ) ;
#3678 = CARTESIAN_POINT ( 'NONE',  ( 0.0000000000000000000, 0.6666666666666665200, 0.2708333333333334800 ) ) ;
#3680 = CARTESIAN_POINT ( 'NONE',  ( 0.1624843027111697900, 0.6466465825791966000, 0.2291666666666667700 ) ) ;
#3681 = ORIENTED_EDGE ( 'NONE', *, *, #3276, .F. ) ;
#3682 = CIRCLE ( 'NONE', #66, 0.7350000000000005400 ) ;
#3683 = CARTESIAN_POINT ( 'NONE',  ( 0.6439505508593792400, 0.1725460300683452600, 0.2708333333333334800 ) ) ;
#3684 = ORIENTED_EDGE ( 'NONE', *, *, #134, .F. ) ;
#3685 = AXIS2_PLACEMENT_3D ( 'NONE', #6291, #5732, #1783 ) ;
#3686 = VECTOR ( 'NONE', #481, 39.37007874015748100 ) ;
#3687 = PLANE ( 'NONE',  #942 ) ;
#3688 = ORIENTED_EDGE ( 'NONE', *, *, #3454, .F. ) ;
#3689 = DIRECTION ( 'NONE',  ( 1.000000000000000000, 0.0000000000000000000, 0.0000000000000000000 ) ) ;
#3690 = ADVANCED_FACE ( 'NONE', ( #4127 ), #1089, .F. ) ;
#3691 = FACE_OUTER_BOUND ( 'NONE', #587, .T. ) ;
#3692 = ORIENTED_EDGE ( 'NONE', *, *, #2886, .T. ) ;
#3693 = CARTESIAN_POINT ( 'NONE',  ( 0.5773502691896264000, 0.3333333333333318700, 0.2291666666666667700 ) ) ;
#3694 = FACE_OUTER_BOUND ( 'NONE', #3403, .T. ) ;
#3695 = VERTEX_POINT ( 'NONE', #615 ) ;
#3696 = CARTESIAN_POINT ( 'NONE',  ( -0.6439505508593803600, -0.1725460300683407700, -0.2708333333333335400 ) ) ;
#3697 = ORIENTED_EDGE ( 'NONE', *, *, #6510, .T. ) ;
#3698 = ORIENTED_EDGE ( 'NONE', *, *, #846, .T. ) ;
#3699 = AXIS2_PLACEMENT_3D ( 'NONE', #5845, #2871, #883 ) ;
#3700 = ORIENTED_EDGE ( 'NONE', *, *, #454, .T. ) ;
#3701 = FACE_OUTER_BOUND ( 'NONE', #2478, .T. ) ;
#3702 = CARTESIAN_POINT ( 'NONE',  ( -0.6439505508593768000, 0.1725460300683542600, 0.2708333333333334800 ) ) ;
#3703 = DIRECTION ( 'NONE',  ( 0.0000000000000000000, 0.0000000000000000000, 1.000000000000000000 ) ) ;
#3704 = ORIENTED_EDGE ( 'NONE', *, *, #6089, .T. ) ;
#3705 = EDGE_CURVE ( 'NONE', #4224, #741, #3652, .T. ) ;
#3706 = DIRECTION ( 'NONE',  ( -0.9659258262890668700, 0.2588190451025261200, 0.0000000000000000000 ) ) ;
#3707 = CARTESIAN_POINT ( 'NONE',  ( -0.5773502691896217300, 0.3333333333333399800, 0.2291666666666667700 ) ) ;
#3708 = ORIENTED_EDGE ( 'NONE', *, *, #1914, .T. ) ;
#3709 = DIRECTION ( 'NONE',  ( -1.000000000000000000, 1.311287036958853100E-014, 0.0000000000000000000 ) ) ;
#3710 = DIRECTION ( 'NONE',  ( 0.0000000000000000000, 0.0000000000000000000, 1.000000000000000000 ) ) ;
#3711 = ORIENTED_EDGE ( 'NONE', *, *, #1050, .T. ) ;
#3712 = CARTESIAN_POINT ( 'NONE',  ( 0.4640388251536725600, 0.4787702164283906800, 0.2708333333333334800 ) ) ;
#3713 = VERTEX_POINT ( 'NONE', #6 ) ;
#3714 = CARTESIAN_POINT ( 'NONE',  ( 0.6666666666666665200, -0.01041666666666894000, 0.2708333333333334800 ) ) ;
#3715 = PLANE ( 'NONE',  #1970 ) ;
#3716 = DIRECTION ( 'NONE',  ( 0.0000000000000000000, 0.0000000000000000000, 1.000000000000000000 ) ) ;
#3717 = EDGE_CURVE ( 'NONE', #3799, #1211, #1555, .T. ) ;
#3718 = ORIENTED_EDGE ( 'NONE', *, *, #788, .F. ) ;
#3719 = AXIS2_PLACEMENT_3D ( 'NONE', #1519, #2002, #2505 ) ;
#3720 = ADVANCED_FACE ( 'NONE', ( #1001 ), #5088, .F. ) ;
#3721 = CIRCLE ( 'NONE', #3325, 0.01041666666666661100 ) ;
#3722 = CARTESIAN_POINT ( 'NONE',  ( 0.3333333333333339300, 0.5773502691896251800, 0.2291666666666667700 ) ) ;
#3723 = VERTEX_POINT ( 'NONE', #4097 ) ;
#3724 = AXIS2_PLACEMENT_3D ( 'NONE', #4200, #6238, #4675 ) ;
#3725 = CARTESIAN_POINT ( 'NONE',  ( -0.5981836025229554400, 0.2972489415089885600, -0.2291666666666666300 ) ) ;
#3726 = FACE_BOUND ( 'NONE', #1741, .T. ) ;
#3727 = DIRECTION ( 'NONE',  ( -0.9659258262890682000, 0.2588190451025213500, 0.0000000000000000000 ) ) ;
#3728 = ORIENTED_EDGE ( 'NONE', *, *, #2499, .T. ) ;
#3729 = AXIS2_PLACEMENT_3D ( 'NONE', #5608, #3082, #3034 ) ;
#3730 = VERTEX_POINT ( 'NONE', #6099 ) ;
#3731 = ADVANCED_FACE ( 'NONE', ( #75 ), #5393, .F. ) ;
#3732 = DIRECTION ( 'NONE',  ( 0.7071067811865574500, 0.7071067811865376900, 0.0000000000000000000 ) ) ;
#3733 = AXIS2_PLACEMENT_3D ( 'NONE', #320, #6339, #5320 ) ;
#3734 = CIRCLE ( 'NONE', #4223, 0.01041666666666661100 ) ;
#3735 = DIRECTION ( 'NONE',  ( 0.0000000000000000000, 0.0000000000000000000, 1.000000000000000000 ) ) ;
#3736 = ORIENTED_EDGE ( 'NONE', *, *, #6396, .F. ) ;
#3737 = CARTESIAN_POINT ( 'NONE',  ( -0.1725460300683520100, -0.6439505508593773600, -0.2291666666666666300 ) ) ;
#3738 = FACE_OUTER_BOUND ( 'NONE', #276, .T. ) ;
#3739 = EDGE_LOOP ( 'NONE', ( #4685, #5459 ) ) ;
#3740 = DIRECTION ( 'NONE',  ( 0.0000000000000000000, 0.0000000000000000000, 1.000000000000000000 ) ) ;
#3741 = FACE_OUTER_BOUND ( 'NONE', #3233, .T. ) ;
#3742 = DIRECTION ( 'NONE',  ( 0.7071067811865459100, -0.7071067811865491300, 0.0000000000000000000 ) ) ;
#3743 = DIRECTION ( 'NONE',  ( 0.8660254037844391500, -0.4999999999999993300, 0.0000000000000000000 ) ) ;
#3744 = CIRCLE ( 'NONE', #4273, 0.01041666666666661200 ) ;
#3745 = CARTESIAN_POINT ( 'NONE',  ( -4.655308451790843400E-015, -0.6666666666666665200, 0.2291666666666667700 ) ) ;
#3746 = DIRECTION ( 'NONE',  ( 0.0000000000000000000, 0.0000000000000000000, 1.000000000000000000 ) ) ;
#3747 = CYLINDRICAL_SURFACE ( 'NONE', #4322, 0.01041666666666661100 ) ;
#3748 = ADVANCED_FACE ( 'NONE', ( #2414 ), #1092, .F. ) ;
#3749 = LINE ( 'NONE', #5605, #3282 ) ;
#3750 = LOCAL_TIME ( 15, 14, 48.00000000000000000, #2745 ) ;
#3751 = ORIENTED_EDGE ( 'NONE', *, *, #3212, .F. ) ;
#3752 = EDGE_CURVE ( 'NONE', #6459, #3098, #4921, .T. ) ;
#3753 = LINE ( 'NONE', #5254, #3363 ) ;
#3754 = DIRECTION ( 'NONE',  ( 0.0000000000000000000, 0.0000000000000000000, 1.000000000000000000 ) ) ;
#3755 = VERTEX_POINT ( 'NONE', #3570 ) ;
#3756 = CIRCLE ( 'NONE', #5580, 0.04166666666666672000 ) ;
#3757 = EDGE_CURVE ( 'NONE', #1372, #2044, #3583, .T. ) ;
#3758 = CARTESIAN_POINT ( 'NONE',  ( -0.1826077574255297300, -0.6412545191395594400, -0.2291666666666666300 ) ) ;
#3759 = CARTESIAN_POINT ( 'NONE',  ( 0.0000000000000000000, -0.6458333333333342600, 0.3125000000000000000 ) ) ;
#3760 = AXIS2_PLACEMENT_3D ( 'NONE', #3017, #4522, #1553 ) ;
#3761 = CIRCLE ( 'NONE', #2896, 0.01041666666666661100 ) ;
#3762 = CARTESIAN_POINT ( 'NONE',  ( 0.6666666666666665200, 0.01041666666666428400, -0.2708333333333335400 ) ) ;
#3763 = ORIENTED_EDGE ( 'NONE', *, *, #5348, .F. ) ;
#3764 = AXIS2_PLACEMENT_3D ( 'NONE', #695, #3606, #3689 ) ;
#3765 = CIRCLE ( 'NONE', #6316, 0.01041666666666661100 ) ;
#3766 = EDGE_LOOP ( 'NONE', ( #2193, #6329, #5372, #5067 ) ) ;
#3767 = ORIENTED_EDGE ( 'NONE', *, *, #3717, .T. ) ;
#3769 = AXIS2_PLACEMENT_3D ( 'NONE', #606, #56, #5613 ) ;
#3768 = DIRECTION ( 'NONE',  ( 0.0000000000000000000, 0.0000000000000000000, 1.000000000000000000 ) ) ;
#3770 = ORIENTED_EDGE ( 'NONE', *, *, #468, .T. ) ;
#3771 = EDGE_LOOP ( 'NONE', ( #3168, #1253 ) ) ;
#3772 = CARTESIAN_POINT ( 'NONE',  ( -0.4714045207910257900, 0.4714045207910372800, 0.2291666666666667700 ) ) ;
#3773 = VECTOR ( 'NONE', #2950, 39.37007874015748100 ) ;
#3774 = DIRECTION ( 'NONE',  ( 0.0000000000000000000, 0.0000000000000000000, 1.000000000000000000 ) ) ;
#3775 = ORIENTED_EDGE ( 'NONE', *, *, #3134, .T. ) ;
#3776 = VERTEX_POINT ( 'NONE', #3072 ) ;
#3777 = DIRECTION ( 'NONE',  ( 0.0000000000000000000, 0.0000000000000000000, 1.000000000000000000 ) ) ;
#3778 = CARTESIAN_POINT ( 'NONE',  ( -0.5773502691896217300, 0.3333333333333399800, 0.2708333333333334800 ) ) ;
#3779 = VERTEX_POINT ( 'NONE', #2091 ) ;
#3780 = EDGE_LOOP ( 'NONE', ( #671, #6406, #4380, #1045 ) ) ;
#3781 = CIRCLE ( 'NONE', #2280, 0.04166666666666673400 ) ;
#3782 = DIRECTION ( 'NONE',  ( -0.2588190451025130200, 0.9659258262890704200, 0.0000000000000000000 ) ) ;
#3783 = ORIENTED_EDGE ( 'NONE', *, *, #5968, .F. ) ;
#3784 = EDGE_CURVE ( 'NONE', #6407, #765, #6122, .T. ) ;
#3785 = VERTEX_POINT ( 'NONE', #2570 ) ;
#3786 = ADVANCED_FACE ( 'NONE', ( #2106 ), #3115, .T. ) ;
#3787 = CARTESIAN_POINT ( 'NONE',  ( -0.5721419358562954700, -0.3423544312894157300, 0.2291666666666667700 ) ) ;
#3788 = DIRECTION ( 'NONE',  ( 0.2588190451025130200, -0.9659258262890704200, 0.0000000000000000000 ) ) ;
#3789 = EDGE_CURVE ( 'NONE', #4637, #3626, #6280, .T. ) ;
#3790 = CARTESIAN_POINT ( 'NONE',  ( 0.1624843027111652600, -0.6466465825791976000, -0.2708333333333335400 ) ) ;
#3791 = VERTEX_POINT ( 'NONE', #1631 ) ;
#3792 = DIRECTION ( 'NONE',  ( 0.0000000000000000000, 0.0000000000000000000, 1.000000000000000000 ) ) ;
#3793 = CARTESIAN_POINT ( 'NONE',  ( -0.6466465825791981600, -0.1624843027111629900, -0.2708333333333335400 ) ) ;
#3794 = ADVANCED_FACE ( 'NONE', ( #4440 ), #2797, .F. ) ;
#3795 = CARTESIAN_POINT ( 'NONE',  ( 0.6439505508593780200, -0.1725460300683497900, 0.2708333333333334800 ) ) ;
#3796 = EDGE_CURVE ( 'NONE', #4874, #2233, #394, .T. ) ;
#3797 = ORIENTED_EDGE ( 'NONE', *, *, #89, .F. ) ;
#3798 = MANIFOLD_SOLID_BREP ( 'CirPattern1[20]', #4411 ) ;
#3799 = VERTEX_POINT ( 'NONE', #6094 ) ;
#3800 = EDGE_CURVE ( 'NONE', #3237, #1160, #567, .T. ) ;
#3801 = LINE ( 'NONE', #2029, #1081 ) ;
#3802 = CARTESIAN_POINT ( 'NONE',  ( 0.6666666666666665200, -2.327654225895421700E-015, 0.2291666666666667700 ) ) ;
#3803 = VERTEX_POINT ( 'NONE', #3022 ) ;
#3804 = CARTESIAN_POINT ( 'NONE',  ( 0.5825586025229596600, 0.3243122353772440200, 0.2291666666666667700 ) ) ;
#3805 = DIRECTION ( 'NONE',  ( -0.8660254037844414800, -0.4999999999999948400, 0.0000000000000000000 ) ) ;
#3806 = DIRECTION ( 'NONE',  ( 0.7071067811865442400, -0.7071067811865507900, 0.0000000000000000000 ) ) ;
#3807 = LINE ( 'NONE', #2528, #4760 ) ;
#3808 = AXIS2_PLACEMENT_3D ( 'NONE', #2239, #5068, #2057 ) ;
#3809 = ORIENTED_EDGE ( 'NONE', *, *, #6301, .F. ) ;
#3810 = CC_DESIGN_PERSON_AND_ORGANIZATION_ASSIGNMENT ( #801, #896, ( #6331 ) ) ;
#3811 = DIRECTION ( 'NONE',  ( 0.0000000000000000000, 1.000000000000000000, 1.858399995689973700E-016 ) ) ;
#3812 = DIRECTION ( 'NONE',  ( 0.0000000000000000000, 0.0000000000000000000, 1.000000000000000000 ) ) ;
#3813 = AXIS2_PLACEMENT_3D ( 'NONE', #3173, #4617, #151 ) ;
#3814 = CIRCLE ( 'NONE', #891, 0.01041666666666661100 ) ;
#3815 = VERTEX_POINT ( 'NONE', #1039 ) ;
#3816 = DIRECTION ( 'NONE',  ( -1.000000000000000000, 6.556435184794223000E-015, 0.0000000000000000000 ) ) ;
#3817 = DIRECTION ( 'NONE',  ( 0.7071067811865574500, 0.7071067811865376900, 0.0000000000000000000 ) ) ;
#3818 = ADVANCED_FACE ( 'NONE', ( #6146, #653 ), #6063, .F. ) ;
#3819 = DIRECTION ( 'NONE',  ( 0.0000000000000000000, 0.0000000000000000000, 1.000000000000000000 ) ) ;
#3820 = DIRECTION ( 'NONE',  ( -0.8660254037844348200, 0.5000000000000066600, 0.0000000000000000000 ) ) ;
#3821 = LINE ( 'NONE', #3422, #5728 ) ;
#3822 = DIRECTION ( 'NONE',  ( 0.0000000000000000000, 0.0000000000000000000, 1.000000000000000000 ) ) ;
#3823 = EDGE_CURVE ( 'NONE', #560, #2853, #484, .T. ) ;
#3824 = ADVANCED_FACE ( 'NONE', ( #265 ), #4528, .F. ) ;
#3825 = CIRCLE ( 'NONE', #4191, 0.01041666666666662600 ) ;
#3826 = CARTESIAN_POINT ( 'NONE',  ( 0.1725460300683475100, 0.6439505508593785800, 0.2708333333333334800 ) ) ;
#3827 = PLANE ( 'NONE',  #4024 ) ;
#3828 = FACE_OUTER_BOUND ( 'NONE', #6483, .T. ) ;
#3829 = ORIENTED_EDGE ( 'NONE', *, *, #5716, .T. ) ;
#3830 = CARTESIAN_POINT ( 'NONE',  ( -0.1833301569476240000, -0.6841974602880885900, 0.2291666666666667700 ) ) ;
#3831 = CIRCLE ( 'NONE', #2076, 0.01041666666666660200 ) ;
#3832 = CYLINDRICAL_SURFACE ( 'NONE', #3430, 0.04166666666666673400 ) ;
#3833 = DIRECTION ( 'NONE',  ( 0.0000000000000000000, 0.0000000000000000000, 1.000000000000000000 ) ) ;
#3834 = CARTESIAN_POINT ( 'NONE',  ( 0.0000000000000000000, -0.6458333333333340400, -0.3125000000000004400 ) ) ;
#3835 = ORIENTED_EDGE ( 'NONE', *, *, #2222, .F. ) ;
#3836 = LINE ( 'NONE', #2749, #4390 ) ;
#3837 = VERTEX_POINT ( 'NONE', #556 ) ;
#3838 = DIRECTION ( 'NONE',  ( 0.0000000000000000000, 0.0000000000000000000, 1.000000000000000000 ) ) ;
#3839 = DIRECTION ( 'NONE',  ( 0.0000000000000000000, 0.0000000000000000000, 1.000000000000000000 ) ) ;
#3840 = FACE_OUTER_BOUND ( 'NONE', #663, .T. ) ;
#3841 = EDGE_CURVE ( 'NONE', #3947, #2420, #4615, .T. ) ;
#3842 = ORIENTED_EDGE ( 'NONE', *, *, #2039, .T. ) ;
#3843 = LINE ( 'NONE', #2085, #3612 ) ;
#3844 = ORIENTED_EDGE ( 'NONE', *, *, #4858, .F. ) ;
#3845 = CIRCLE ( 'NONE', #1386, 0.04166666666666672000 ) ;
#3846 = CARTESIAN_POINT ( 'NONE',  ( 0.0000000000000000000, -0.7500000000000010000, 0.2974999999999998800 ) ) ;
#3847 = CARTESIAN_POINT ( 'NONE',  ( 0.04166666666666672000, 0.6666666666666665200, 0.2291666666666667700 ) ) ;
#3848 = AXIS2_PLACEMENT_3D ( 'NONE', #4342, #1310, #5357 ) ;
#3849 = ORIENTED_EDGE ( 'NONE', *, *, #5011, .T. ) ;
#3850 =( LENGTH_UNIT ( ) NAMED_UNIT ( * ) SI_UNIT ( $, .METRE. ) );
#3851 = CARTESIAN_POINT ( 'NONE',  ( -0.1826077574255297300, -0.6412545191395594400, -0.2708333333333335400 ) ) ;
#3852 = VERTEX_POINT ( 'NONE', #4047 ) ;
#3853 = AXIS2_PLACEMENT_3D ( 'NONE', #5866, #5428, #5386 ) ;
#3854 = ORIENTED_EDGE ( 'NONE', *, *, #2100, .F. ) ;
#3855 = ORIENTED_EDGE ( 'NONE', *, *, #1129, .F. ) ;
#3856 = FACE_OUTER_BOUND ( 'NONE', #3635, .T. ) ;
#3857 = CARTESIAN_POINT ( 'NONE',  ( 0.5721419358562930300, 0.3423544312894197300, 0.2291666666666667700 ) ) ;
#3858 = VERTEX_POINT ( 'NONE', #4549 ) ;
#3860 = AXIS2_PLACEMENT_3D ( 'NONE', #218, #5303, #802 ) ;
#3859 = CARTESIAN_POINT ( 'NONE',  ( -0.4714045207910257900, 0.4714045207910372800, 0.2291666666666667700 ) ) ;
#3861 = EDGE_LOOP ( 'NONE', ( #2415, #1691, #6123, #2287 ) ) ;
#3862 = ADVANCED_FACE ( 'NONE', ( #6046 ), #3121, .F. ) ;
#3863 = DIRECTION ( 'NONE',  ( 0.0000000000000000000, 0.0000000000000000000, 1.000000000000000000 ) ) ;
#3864 = ORIENTED_EDGE ( 'NONE', *, *, #550, .T. ) ;
#3865 = DIRECTION ( 'NONE',  ( -0.7071067811865507900, -0.7071067811865442400, 0.0000000000000000000 ) ) ;
#3866 = ORIENTED_EDGE ( 'NONE', *, *, #643, .F. ) ;
#3867 = CARTESIAN_POINT ( 'NONE',  ( 0.6331664239801061400, -0.2127929394970609600, -0.2291666666666666300 ) ) ;
#3868 = CARTESIAN_POINT ( 'NONE',  ( -0.5773502691896287300, -0.3333333333333278200, 0.2291666666666667700 ) ) ;
#3869 = ORIENTED_EDGE ( 'NONE', *, *, #545, .T. ) ;
#3870 = APPROVAL_ROLE ( '' ) ;
#3871 = DIRECTION ( 'NONE',  ( 0.8660254037844463700, 0.4999999999999865700, 0.0000000000000000000 ) ) ;
#3872 = PLANE ( 'NONE',  #2818 ) ;
#3873 = VECTOR ( 'NONE', #4372, 39.37007874015748100 ) ;
#3874 = CARTESIAN_POINT ( 'NONE',  ( 0.1725460300683475100, 0.6439505508593785800, 0.2291666666666667700 ) ) ;
#3875 = ORIENTED_EDGE ( 'NONE', *, *, #5392, .T. ) ;
#3876 = DIRECTION ( 'NONE',  ( -0.2588190451025261200, -0.9659258262890668700, 0.0000000000000000000 ) ) ;
#3877 = EDGE_CURVE ( 'NONE', #584, #6178, #4851, .T. ) ;
#3878 = LINE ( 'NONE', #711, #389 ) ;
#3879 = DIRECTION ( 'NONE',  ( -0.9659258262890668700, 0.2588190451025261200, 0.0000000000000000000 ) ) ;
#3880 = CARTESIAN_POINT ( 'NONE',  ( 0.1725460300683430100, -0.6439505508593798000, 0.2708333333333334800 ) ) ;
#3881 = EDGE_CURVE ( 'NONE', #4633, #381, #3814, .T. ) ;
#3882 = ORIENTED_EDGE ( 'NONE', *, *, #511, .F. ) ;
#3883 = AXIS2_PLACEMENT_3D ( 'NONE', #5910, #5473, #5431 ) ;
#3884 = CARTESIAN_POINT ( 'NONE',  ( -0.5773502691896217300, 0.3333333333333399800, 0.2291666666666667700 ) ) ;
#3885 = LINE ( 'NONE', #4599, #2728 ) ;
#3886 = ADVANCED_FACE ( 'NONE', ( #4530 ), #6458, .F. ) ;
#3887 = VERTEX_POINT ( 'NONE', #4068 ) ;
#3888 = CARTESIAN_POINT ( 'NONE',  ( -0.1725460300683520100, -0.6439505508593773600, 0.2291666666666667700 ) ) ;
#3889 = APPROVAL_STATUS ( 'not_yet_approved' ) ;
#3890 = CARTESIAN_POINT ( 'NONE',  ( -0.4640388251536758400, -0.4787702164283873000, 0.2291666666666667700 ) ) ;
#3891 = AXIS2_PLACEMENT_3D ( 'NONE', #1693, #691, #6151 ) ;
#3892 = CYLINDRICAL_SURFACE ( 'NONE', #565, 0.04166666666666672000 ) ;
#3893 = ORIENTED_EDGE ( 'NONE', *, *, #1881, .T. ) ;
#3894 = CARTESIAN_POINT ( 'NONE',  ( -0.6666666666666665200, 6.982962677686265100E-015, -0.2291666666666666300 ) ) ;
#3895 = AXIS2_PLACEMENT_3D ( 'NONE', #5726, #5235, #274 ) ;
#3896 = CARTESIAN_POINT ( 'NONE',  ( 0.6439505508593780200, -0.1725460300683497900, 0.2291666666666667700 ) ) ;
#3897 = FACE_OUTER_BOUND ( 'NONE', #1587, .T. ) ;
#3898 = SHAPE_DEFINITION_REPRESENTATION ( #301, #5002 ) ;
#3899 = EDGE_CURVE ( 'NONE', #4609, #2471, #777, .T. ) ;
#3900 = PLANE ( 'NONE',  #6445 ) ;
#3901 = EDGE_CURVE ( 'NONE', #2066, #5028, #5326, .T. ) ;
#3902 = CIRCLE ( 'NONE', #3315, 0.04166666666666672000 ) ;
#3903 = DIRECTION ( 'NONE',  ( -0.9659258262890704200, -0.2588190451025130200, 0.0000000000000000000 ) ) ;
#3904 = EDGE_CURVE ( 'NONE', #3618, #434, #4857, .T. ) ;
#3905 = CYLINDRICAL_SURFACE ( 'NONE', #1855, 0.01041666666666661200 ) ;
#3906 = DIRECTION ( 'NONE',  ( -1.000000000000000000, 6.556435184794223000E-015, 0.0000000000000000000 ) ) ;
#3907 = EDGE_LOOP ( 'NONE', ( #6469, #5335, #4664, #854 ) ) ;
#3908 = DIRECTION ( 'NONE',  ( 0.0000000000000000000, 0.0000000000000000000, 1.000000000000000000 ) ) ;
#3909 = FACE_OUTER_BOUND ( 'NONE', #2309, .T. ) ;
#3910 = DIRECTION ( 'NONE',  ( -0.0000000000000000000, -0.0000000000000000000, 1.000000000000000000 ) ) ;
#3911 = CLOSED_SHELL ( 'NONE', ( #5785, #4495, #4247, #42, #3291, #6025 ) ) ;
#3912 = LINE ( 'NONE', #966, #3288 ) ;
#3913 = CLOSED_SHELL ( 'NONE', ( #3406, #634, #6026, #5818 ) ) ;
#3914 = CARTESIAN_POINT ( 'NONE',  ( -0.5773502691896287300, -0.3333333333333278200, 0.2291666666666667700 ) ) ;
#3915 = LINE ( 'NONE', #1149, #1201 ) ;
#3916 = CARTESIAN_POINT ( 'NONE',  ( -0.6439505508593803600, -0.1725460300683407700, 0.2708333333333334800 ) ) ;
#3917 = EDGE_LOOP ( 'NONE', ( #396, #4031 ) ) ;
#3918 = ADVANCED_FACE ( 'NONE', ( #1086 ), #4190, .F. ) ;
#3919 = CYLINDRICAL_SURFACE ( 'NONE', #806, 0.01041666666666659100 ) ;
#3920 = CARTESIAN_POINT ( 'NONE',  ( -0.6666666666666660700, 0.04166666666667370700, -0.2291666666666666300 ) ) ;
#3921 = EDGE_CURVE ( 'NONE', #4427, #4331, #6218, .T. ) ;
#3922 = ORIENTED_EDGE ( 'NONE', *, *, #2255, .T. ) ;
#3923 = EDGE_LOOP ( 'NONE', ( #1047, #1594 ) ) ;
#3924 = DIRECTION ( 'NONE',  ( 0.0000000000000000000, 0.0000000000000000000, 1.000000000000000000 ) ) ;
#3925 = ORIENTED_EDGE ( 'NONE', *, *, #685, .F. ) ;
#3926 = ORIENTED_EDGE ( 'NONE', *, *, #1448, .T. ) ;
#3927 = LINE ( 'NONE', #4942, #4246 ) ;
#3928 = DIRECTION ( 'NONE',  ( 0.0000000000000000000, 0.0000000000000000000, 1.000000000000000000 ) ) ;
#3929 = VERTEX_POINT ( 'NONE', #1627 ) ;
#3930 = EDGE_LOOP ( 'NONE', ( #5735, #3039, #3180, #623 ) ) ;
#3931 = AXIS2_PLACEMENT_3D ( 'NONE', #3313, #5363, #5336 ) ;
#3932 = ORIENTED_EDGE ( 'NONE', *, *, #2475, .F. ) ;
#3933 = ORIENTED_EDGE ( 'NONE', *, *, #5827, .F. ) ;
#3934 = DIRECTION ( 'NONE',  ( -1.047444401652940000E-014, -1.000000000000000000, 0.0000000000000000000 ) ) ;
#3935 = AXIS2_PLACEMENT_3D ( 'NONE', #2893, #1377, #4898 ) ;
#3936 = LINE ( 'NONE', #2511, #2470 ) ;
#3937 = ORIENTED_EDGE ( 'NONE', *, *, #2290, .F. ) ;
#3938 = AXIS2_PLACEMENT_3D ( 'NONE', #6024, #2482, #6004 ) ;
#3939 = ORIENTED_EDGE ( 'NONE', *, *, #306, .F. ) ;
#3940 = DIRECTION ( 'NONE',  ( 0.0000000000000000000, 0.0000000000000000000, 1.000000000000000000 ) ) ;
#3941 = PLANE ( 'NONE',  #5294 ) ;
#3942 = CARTESIAN_POINT ( 'NONE',  ( 0.1826077574255207700, -0.6412545191395620000, -0.2291666666666666300 ) ) ;
#3943 = CARTESIAN_POINT ( 'NONE',  ( 0.4640388251536692300, -0.4787702164283937900, 0.2708333333333334800 ) ) ;
#3944 = ORIENTED_EDGE ( 'NONE', *, *, #4436, .F. ) ;
#3945 = CARTESIAN_POINT ( 'NONE',  ( 0.1826077574255207700, -0.6412545191395620000, 0.2708333333333334800 ) ) ;
#3946 = EDGE_CURVE ( 'NONE', #4228, #1996, #1426, .T. ) ;
#3947 = VERTEX_POINT ( 'NONE', #5641 ) ;
#3948 = DIRECTION ( 'NONE',  ( -3.278217592397111500E-015, -1.000000000000000000, 0.0000000000000000000 ) ) ;
#3949 = ADVANCED_FACE ( 'NONE', ( #1859 ), #1714, .F. ) ;
#3950 = ORIENTED_EDGE ( 'NONE', *, *, #4629, .F. ) ;
#3951 = ADVANCED_FACE ( 'NONE', ( #2164 ), #4500, .T. ) ;
#3952 = CARTESIAN_POINT ( 'NONE',  ( 0.5721419358562908100, -0.3423544312894237800, 0.2291666666666667700 ) ) ;
#3953 = CARTESIAN_POINT ( 'NONE',  ( 0.01041666666666195800, -0.6666666666666666300, -0.2291666666666666300 ) ) ;
#3954 = FACE_OUTER_BOUND ( 'NONE', #239, .T. ) ;
#3955 = FACE_OUTER_BOUND ( 'NONE', #1449, .T. ) ;
#3956 = ORIENTED_EDGE ( 'NONE', *, *, #3298, .T. ) ;
#3957 = DIRECTION ( 'NONE',  ( 0.0000000000000000000, 0.0000000000000000000, 1.000000000000000000 ) ) ;
#3958 = DIRECTION ( 'NONE',  ( -0.8660254037844346000, 0.5000000000000071100, 0.0000000000000000000 ) ) ;
#3959 = CIRCLE ( 'NONE', #1890, 0.01041666666666661100 ) ;
#3960 = EDGE_LOOP ( 'NONE', ( #477, #3014, #3389, #900 ) ) ;
#3961 = CARTESIAN_POINT ( 'NONE',  ( -0.1725460300683520100, -0.6439505508593773600, 0.2708333333333334800 ) ) ;
#3962 = EDGE_CURVE ( 'NONE', #4093, #4259, #5689, .T. ) ;
#3963 = DIRECTION ( 'NONE',  ( 0.0000000000000000000, 0.0000000000000000000, 1.000000000000000000 ) ) ;
#3964 = CARTESIAN_POINT ( 'NONE',  ( 0.5773502691896264000, 0.3333333333333318700, -0.2708333333333335400 ) ) ;
#3965 = CARTESIAN_POINT ( 'NONE',  ( -0.6331664239801090300, -0.2127929394970520800, 0.2291666666666667700 ) ) ;
#3966 = LINE ( 'NONE', #1146, #1948 ) ;
#3967 = EDGE_LOOP ( 'NONE', ( #737, #1171, #2028, #1862 ) ) ;
#3968 = AXIS2_PLACEMENT_3D ( 'NONE', #2230, #5737, #2724 ) ;
#3969 = CARTESIAN_POINT ( 'NONE',  ( 0.6439505508593792400, 0.1725460300683452600, 0.2708333333333334800 ) ) ;
#3970 = VERTEX_POINT ( 'NONE', #4130 ) ;
#3971 = AXIS2_PLACEMENT_3D ( 'NONE', #5953, #3408, #5402 ) ;
#3972 = FACE_OUTER_BOUND ( 'NONE', #609, .T. ) ;
#3973 = DIRECTION ( 'NONE',  ( 0.0000000000000000000, 0.0000000000000000000, 1.000000000000000000 ) ) ;
#3974 = CARTESIAN_POINT ( 'NONE',  ( -0.5008673033404650300, 0.5008673033404771300, 0.2291666666666667700 ) ) ;
#3975 = CARTESIAN_POINT ( 'NONE',  ( 0.4714045207910323400, 0.4714045207910307900, 0.2291666666666667700 ) ) ;
#3976 = AXIS2_PLACEMENT_3D ( 'NONE', #6353, #5298, #4817 ) ;
#3977 = DIRECTION ( 'NONE',  ( 0.0000000000000000000, 0.0000000000000000000, 1.000000000000000000 ) ) ;
#3978 = FACE_OUTER_BOUND ( 'NONE', #4677, .T. ) ;
#3979 = ADVANCED_FACE ( 'NONE', ( #1607 ), #1647, .F. ) ;
#3980 = DIRECTION ( 'NONE',  ( 9.834652777191335800E-015, 1.000000000000000000, 0.0000000000000000000 ) ) ;
#3981 = AXIS2_PLACEMENT_3D ( 'NONE', #5104, #3594, #4538 ) ;
#3982 = LINE ( 'NONE', #2253, #2672 ) ;
#3983 = ADVANCED_FACE ( 'NONE', ( #3856 ), #4812, .F. ) ;
#3984 = LOCAL_TIME ( 15, 14, 48.00000000000000000, #4466 ) ;
#3985 = PLANE ( 'NONE',  #62 ) ;
#3986 = EDGE_LOOP ( 'NONE', ( #6035, #1292 ) ) ;
#3987 = LINE ( 'NONE', #1777, #4945 ) ;
#3988 = CARTESIAN_POINT ( 'NONE',  ( -0.1725460300683520100, -0.6439505508593773600, 0.2291666666666667700 ) ) ;
#3989 = EDGE_CURVE ( 'NONE', #4959, #5861, #6251, .T. ) ;
#3990 = DIRECTION ( 'NONE',  ( -0.7071067811865409100, 0.7071067811865540100, 0.0000000000000000000 ) ) ;
#3991 = DIRECTION ( 'NONE',  ( -0.0000000000000000000, -0.0000000000000000000, 1.000000000000000000 ) ) ;
#3992 = CIRCLE ( 'NONE', #2232, 0.04166666666666672000 ) ;
#3993 = AXIS2_PLACEMENT_3D ( 'NONE', #1075, #618, #1116 ) ;
#3994 = DIRECTION ( 'NONE',  ( 0.0000000000000000000, 0.0000000000000000000, 1.000000000000000000 ) ) ;
#3995 = ORIENTED_EDGE ( 'NONE', *, *, #2873, .T. ) ;
#3996 = CARTESIAN_POINT ( 'NONE',  ( -0.4787702164283954600, -0.4640388251536675700, 0.2291666666666667700 ) ) ;
#3997 = CARTESIAN_POINT ( 'NONE',  ( 0.5773502691896264000, 0.3333333333333318700, 0.2708333333333334800 ) ) ;
#3998 = LINE ( 'NONE', #6040, #4226 ) ;
#3999 = EDGE_CURVE ( 'NONE', #4418, #2918, #4102, .T. ) ;
#4000 = MANIFOLD_SOLID_BREP ( 'CirPattern1[25]', #4503 ) ;
#4001 = ORIENTED_EDGE ( 'NONE', *, *, #3208, .T. ) ;
#4002 = VECTOR ( 'NONE', #238, 39.37007874015748100 ) ;
#4003 = VERTEX_POINT ( 'NONE', #5729 ) ;
#4004 = DIRECTION ( 'NONE',  ( 0.0000000000000000000, 0.0000000000000000000, 1.000000000000000000 ) ) ;
#4005 = CIRCLE ( 'NONE', #6414, 0.04166666666666672000 ) ;
#4006 = EDGE_LOOP ( 'NONE', ( #4197, #4118, #3377, #5141 ) ) ;
#4007 = CIRCLE ( 'NONE', #3719, 0.04166666666666672700 ) ;
#4008 = DIRECTION ( 'NONE',  ( 0.9659258262890704200, 0.2588190451025130200, 0.0000000000000000000 ) ) ;
#4009 = EDGE_CURVE ( 'NONE', #283, #2746, #2625, .T. ) ;
#4010 = EDGE_LOOP ( 'NONE', ( #391, #1840 ) ) ;
#4011 = DIRECTION ( 'NONE',  ( 0.0000000000000000000, 0.0000000000000000000, 1.000000000000000000 ) ) ;
#4012 = CLOSED_SHELL ( 'NONE', ( #5244, #3174, #5227, #5893, #1214, #5 ) ) ;
#4013 = ORIENTED_EDGE ( 'NONE', *, *, #430, .F. ) ;
#4014 = CARTESIAN_POINT ( 'NONE',  ( 0.1322991206396363100, 0.6547346777386503500, 0.2291666666666667700 ) ) ;
#4015 = EDGE_CURVE ( 'NONE', #2044, #1372, #4651, .T. ) ;
#4016 = ORIENTED_EDGE ( 'NONE', *, *, #2129, .F. ) ;
#4017 = CIRCLE ( 'NONE', #3853, 0.01041666666666660200 ) ;
#4018 = AXIS2_PLACEMENT_3D ( 'NONE', #3339, #323, #4766 ) ;
#4019 = ORIENTED_EDGE ( 'NONE', *, *, #4629, .T. ) ;
#4020 = DIRECTION ( 'NONE',  ( 0.0000000000000000000, 0.0000000000000000000, 1.000000000000000000 ) ) ;
#4021 = CARTESIAN_POINT ( 'NONE',  ( 0.4714045207910323400, 0.4714045207910307900, 0.2291666666666667700 ) ) ;
#4022 = ORIENTED_EDGE ( 'NONE', *, *, #5371, .T. ) ;
#4023 = CARTESIAN_POINT ( 'NONE',  ( 0.6466465825791970500, 0.1624843027111675100, 0.2291666666666667700 ) ) ;
#4024 = AXIS2_PLACEMENT_3D ( 'NONE', #3974, #6010, #500 ) ;
#4025 = CARTESIAN_POINT ( 'NONE',  ( -0.3423544312894257800, -0.5721419358562894700, 0.2291666666666667700 ) ) ;
#4026 = DIRECTION ( 'NONE',  ( -0.9659258262890716400, -0.2588190451025078100, 0.0000000000000000000 ) ) ;
#4027 = ADVANCED_FACE ( 'NONE', ( #3701 ), #830, .F. ) ;
#4028 = AXIS2_PLACEMENT_3D ( 'NONE', #2176, #5108, #2103 ) ;
#4029 = CARTESIAN_POINT ( 'NONE',  ( -0.1624843027111607400, 0.6466465825791988300, 0.2291666666666667700 ) ) ;
#4030 = CARTESIAN_POINT ( 'NONE',  ( -0.6439505508593803600, -0.1725460300683407700, 0.2708333333333334800 ) ) ;
#4031 = ORIENTED_EDGE ( 'NONE', *, *, #1533, .T. ) ;
#4032 = AXIS2_PLACEMENT_3D ( 'NONE', #5220, #1231, #4726 ) ;
#4033 = CARTESIAN_POINT ( 'NONE',  ( 0.6547346777386509100, 0.1322991206396340000, 0.2291666666666667700 ) ) ;
#4034 = CARTESIAN_POINT ( 'NONE',  ( 0.3333333333333298700, -0.5773502691896276200, 0.2708333333333334800 ) ) ;
#4035 = ORIENTED_EDGE ( 'NONE', *, *, #4757, .F. ) ;
#4036 = DIRECTION ( 'NONE',  ( 0.0000000000000000000, -1.000000000000000000, -1.928363289645361400E-016 ) ) ;
#4037 = DIRECTION ( 'NONE',  ( 1.000000000000000000, 0.0000000000000000000, 0.0000000000000000000 ) ) ;
#4038 = AXIS2_PLACEMENT_3D ( 'NONE', #6100, #2551, #3590 ) ;
#4039 = CIRCLE ( 'NONE', #4614, 0.01041666666666663700 ) ;
#4040 = CARTESIAN_POINT ( 'NONE',  ( -4.655308451790843400E-015, -0.6666666666666665200, 0.2291666666666667700 ) ) ;
#4041 = DIRECTION ( 'NONE',  ( -0.2588190451025244600, -0.9659258262890673100, 0.0000000000000000000 ) ) ;
#4042 = CARTESIAN_POINT ( 'NONE',  ( 0.5825586025229575500, -0.3243122353772481800, 0.2708333333333334800 ) ) ;
#4043 = EDGE_CURVE ( 'NONE', #4959, #5071, #3312, .T. ) ;
#4044 = EDGE_LOOP ( 'NONE', ( #4966, #817, #2236, #3783 ) ) ;
#4045 = DIRECTION ( 'NONE',  ( -0.7071067811865507900, -0.7071067811865442400, 0.0000000000000000000 ) ) ;
#4046 = DIRECTION ( 'NONE',  ( 0.0000000000000000000, 0.0000000000000000000, 1.000000000000000000 ) ) ;
#4047 = CARTESIAN_POINT ( 'NONE',  ( 0.5565169358562907000, -0.3694177251576875000, 0.2291666666666667700 ) ) ;
#4048 = CIRCLE ( 'NONE', #6203, 0.01041666666666662600 ) ;
#4049 = CARTESIAN_POINT ( 'NONE',  ( -0.3541666666666716800, -0.6134346610139743700, 0.2291666666666667700 ) ) ;
#4050 = DIRECTION ( 'NONE',  ( 0.8660254037844463700, 0.4999999999999865700, 0.0000000000000000000 ) ) ;
#4051 = ORIENTED_EDGE ( 'NONE', *, *, #10, .T. ) ;
#4052 = CARTESIAN_POINT ( 'NONE',  ( 0.6466465825791970500, 0.1624843027111675100, -0.2708333333333335400 ) ) ;
#4053 = LINE ( 'NONE', #3847, #5550 ) ;
#4054 = EDGE_LOOP ( 'NONE', ( #4582, #6014 ) ) ;
#4055 = DIRECTION ( 'NONE',  ( -0.9659258262890699800, -0.2588190451025145800, 0.0000000000000000000 ) ) ;
#4056 = EDGE_CURVE ( 'NONE', #1831, #2186, #370, .T. ) ;
#4057 = ADVANCED_FACE ( 'NONE', ( #1370, #5289 ), #1799, .F. ) ;
#4058 = DIRECTION ( 'NONE',  ( 0.0000000000000000000, 0.0000000000000000000, 1.000000000000000000 ) ) ;
#4059 = AXIS2_PLACEMENT_3D ( 'NONE', #589, #5150, #4621 ) ;
#4060 = DIRECTION ( 'NONE',  ( -0.2588190451025261200, -0.9659258262890668700, 0.0000000000000000000 ) ) ;
#4061 = VECTOR ( 'NONE', #5992, 39.37007874015748100 ) ;
#4062 = DIRECTION ( 'NONE',  ( 0.8660254037844463700, 0.4999999999999865700, 0.0000000000000000000 ) ) ;
#4063 = DIRECTION ( 'NONE',  ( 0.8660254037844463700, 0.4999999999999865700, 0.0000000000000000000 ) ) ;
#4065 = AXIS2_PLACEMENT_3D ( 'NONE', #352, #1368, #1868 ) ;
#4064 = CARTESIAN_POINT ( 'NONE',  ( -0.4419417382415859500, 0.5008673033404764700, 0.2291666666666667700 ) ) ;
#4066 = VECTOR ( 'NONE', #1997, 39.37007874015748100 ) ;
#4067 = DIRECTION ( 'NONE',  ( -0.8660254037844346000, 0.5000000000000071100, 0.0000000000000000000 ) ) ;
#4068 = CARTESIAN_POINT ( 'NONE',  ( -0.5008673033404749100, -0.4419417382415876700, -0.2291666666666666300 ) ) ;
#4069 = FACE_BOUND ( 'NONE', #3165, .T. ) ;
#4070 = AXIS2_PLACEMENT_3D ( 'NONE', #1383, #841, #1334 ) ;
#4071 = CARTESIAN_POINT ( 'NONE',  ( -0.6666666666666666300, -0.01041666666665963000, 0.2291666666666667700 ) ) ;
#4072 = VECTOR ( 'NONE', #3928, 39.37007874015748100 ) ;
#4073 = CARTESIAN_POINT ( 'NONE',  ( 0.5773502691896264000, 0.3333333333333318700, 0.2291666666666667700 ) ) ;
#4074 = AXIS2_PLACEMENT_3D ( 'NONE', #4755, #1718, #5755 ) ;
#4075 = FACE_OUTER_BOUND ( 'NONE', #5013, .T. ) ;
#4076 = CARTESIAN_POINT ( 'NONE',  ( 0.1725460300683430100, -0.6439505508593798000, 0.2291666666666667700 ) ) ;
#4077 = EDGE_LOOP ( 'NONE', ( #5177, #198 ) ) ;
#4078 = CIRCLE ( 'NONE', #3685, 0.01041666666666661100 ) ;
#4079 = CARTESIAN_POINT ( 'NONE',  ( -4.655308451790843400E-015, -0.6666666666666665200, -0.2708333333333335400 ) ) ;
#4080 = DIRECTION ( 'NONE',  ( -0.9659258262890699800, -0.2588190451025145800, 0.0000000000000000000 ) ) ;
#4081 = ORIENTED_EDGE ( 'NONE', *, *, #4286, .F. ) ;
#4082 = CIRCLE ( 'NONE', #4355, 0.01041666666666661200 ) ;
#4083 = VERTEX_POINT ( 'NONE', #4750 ) ;
#4084 = CIRCLE ( 'NONE', #1109, 0.04166666666666672000 ) ;
#4085 = CARTESIAN_POINT ( 'NONE',  ( -0.3333333333333379800, -0.5773502691896228400, 0.2291666666666667700 ) ) ;
#4086 = EDGE_LOOP ( 'NONE', ( #744, #5646, #1140, #436 ) ) ;
#4087 = CIRCLE ( 'NONE', #5290, 0.01041666666666661200 ) ;
#4088 = CARTESIAN_POINT ( 'NONE',  ( -0.6666666666666665200, 6.982962677686265100E-015, 0.2708333333333334800 ) ) ;
#4089 = ORIENTED_EDGE ( 'NONE', *, *, #4126, .T. ) ;
#4090 = ADVANCED_FACE ( 'NONE', ( #5604 ), #6288, .F. ) ;
#4091 = VERTEX_POINT ( 'NONE', #2307 ) ;
#4092 = EDGE_LOOP ( 'NONE', ( #2795, #6246 ) ) ;
#4093 = VERTEX_POINT ( 'NONE', #297 ) ;
#4094 = CARTESIAN_POINT ( 'NONE',  ( -0.5721419358562882500, 0.3423544312894278300, -0.2708333333333335400 ) ) ;
#4095 = CIRCLE ( 'NONE', #402, 0.01041666666666661100 ) ;
#4096 = VERTEX_POINT ( 'NONE', #3231 ) ;
#4097 = CARTESIAN_POINT ( 'NONE',  ( -0.4640388251536658500, 0.4787702164283970100, -0.2708333333333335400 ) ) ;
#4098 = ORIENTED_EDGE ( 'NONE', *, *, #5019, .F. ) ;
#4099 = VERTEX_POINT ( 'NONE', #1319 ) ;
#4100 = EDGE_LOOP ( 'NONE', ( #773, #2679, #1972, #5098 ) ) ;
#4101 = EDGE_CURVE ( 'NONE', #54, #3219, #4255, .T. ) ;
#4102 = CIRCLE ( 'NONE', #5854, 0.04166666666666673400 ) ;
#4103 = DIRECTION ( 'NONE',  ( -0.9659258262890664200, 0.2588190451025277300, 0.0000000000000000000 ) ) ;
#4104 = DIRECTION ( 'NONE',  ( 0.0000000000000000000, 0.0000000000000000000, 1.000000000000000000 ) ) ;
#4105 = ORIENTED_EDGE ( 'NONE', *, *, #6462, .T. ) ;
#4106 = CARTESIAN_POINT ( 'NONE',  ( -0.04166666666667137600, -0.6666666666666661900, -0.2291666666666666300 ) ) ;
#4107 = EDGE_CURVE ( 'NONE', #4233, #1465, #1059, .T. ) ;
#4108 = VERTEX_POINT ( 'NONE', #796 ) ;
#4109 = AXIS2_PLACEMENT_3D ( 'NONE', #2560, #3056, #74 ) ;
#4110 = CARTESIAN_POINT ( 'NONE',  ( 0.0000000000000000000, -4.908789363615472900E-016, 0.3125000000000001700 ) ) ;
#4111 = AXIS2_PLACEMENT_3D ( 'NONE', #5024, #1976, #5525 ) ;
#4112 = CLOSED_SHELL ( 'NONE', ( #758, #2200, #308, #4027, #1539, #1120 ) ) ;
#4113 = DIRECTION ( 'NONE',  ( -0.0000000000000000000, -1.639108796198557900E-016, 1.000000000000000000 ) ) ;
#4114 = AXIS2_PLACEMENT_3D ( 'NONE', #6154, #1230, #6245 ) ;
#4115 = DIRECTION ( 'NONE',  ( 0.0000000000000000000, 0.0000000000000000000, 1.000000000000000000 ) ) ;
#4116 = ORIENTED_EDGE ( 'NONE', *, *, #4107, .F. ) ;
#4117 = AXIS2_PLACEMENT_3D ( 'NONE', #1528, #4589, #2598 ) ;
#4118 = ORIENTED_EDGE ( 'NONE', *, *, #5208, .T. ) ;
#4119 = ADVANCED_FACE ( 'NONE', ( #204, #2932 ), #6268, .F. ) ;
#4120 = DIRECTION ( 'NONE',  ( 0.0000000000000000000, 0.0000000000000000000, 1.000000000000000000 ) ) ;
#4121 = CARTESIAN_POINT ( 'NONE',  ( 0.5773502691896241800, -0.3333333333333359800, 0.2291666666666667700 ) ) ;
#4122 = VECTOR ( 'NONE', #1992, 39.37007874015748100 ) ;
#4123 = DIRECTION ( 'NONE',  ( 0.0000000000000000000, 0.0000000000000000000, 1.000000000000000000 ) ) ;
#4124 = EDGE_CURVE ( 'NONE', #5639, #2606, #3475, .T. ) ;
#4125 = ORIENTED_EDGE ( 'NONE', *, *, #2720, .F. ) ;
#4126 = EDGE_CURVE ( 'NONE', #3852, #2750, #3003, .T. ) ;
#4127 = FACE_OUTER_BOUND ( 'NONE', #6411, .T. ) ;
#4128 = DIRECTION ( 'NONE',  ( -0.0000000000000000000, -1.639108796198557900E-016, 1.000000000000000000 ) ) ;
#4129 = ORIENTED_EDGE ( 'NONE', *, *, #1095, .F. ) ;
#4130 = CARTESIAN_POINT ( 'NONE',  ( -0.6466465825791981600, -0.1624843027111629900, -0.2291666666666666300 ) ) ;
#4131 = LINE ( 'NONE', #5895, #1174 ) ;
#4132 = DIRECTION ( 'NONE',  ( 0.0000000000000000000, 0.0000000000000000000, 1.000000000000000000 ) ) ;
#4133 = EDGE_LOOP ( 'NONE', ( #881, #5366 ) ) ;
#4134 = EDGE_CURVE ( 'NONE', #3544, #1436, #129, .T. ) ;
#4135 = MANIFOLD_SOLID_BREP ( 'CirPattern1[31]', #3423 ) ;
#4136 = CYLINDRICAL_SURFACE ( 'NONE', #2630, 0.01041666666666660200 ) ;
#4137 = EDGE_CURVE ( 'NONE', #195, #5466, #5209, .T. ) ;
#4138 = CARTESIAN_POINT ( 'NONE',  ( 0.6439505508593780200, -0.1725460300683497900, 0.2291666666666667700 ) ) ;
#4139 = AXIS2_PLACEMENT_3D ( 'NONE', #2436, #5873, #380 ) ;
#4140 = CIRCLE ( 'NONE', #6369, 0.01041666666666663700 ) ;
#4141 = DIRECTION ( 'NONE',  ( -0.4999999999999920100, 0.8660254037844432600, 0.0000000000000000000 ) ) ;
#4142 = CARTESIAN_POINT ( 'NONE',  ( 0.6666666666666665200, -2.327654225895421700E-015, 0.2708333333333334800 ) ) ;
#4143 = CYLINDRICAL_SURFACE ( 'NONE', #6113, 0.04166666666666672000 ) ;
#4145 = AXIS2_PLACEMENT_3D ( 'NONE', #903, #5880, #1815 ) ;
#4144 = DIRECTION ( 'NONE',  ( 0.7071067811865462400, -0.7071067811865486800, 0.0000000000000000000 ) ) ;
#4146 = EDGE_LOOP ( 'NONE', ( #4984, #2178 ) ) ;
#4147 = DIRECTION ( 'NONE',  ( 0.0000000000000000000, 0.0000000000000000000, 1.000000000000000000 ) ) ;
#4148 = DIRECTION ( 'NONE',  ( 0.0000000000000000000, 0.0000000000000000000, 1.000000000000000000 ) ) ;
#4149 = LINE ( 'NONE', #5802, #2831 ) ;
#4150 = ADVANCED_FACE ( 'NONE', ( #6482, #1683 ), #4731, .F. ) ;
#4151 = AXIS2_PLACEMENT_3D ( 'NONE', #3605, #5617, #6159 ) ;
#4152 = FACE_OUTER_BOUND ( 'NONE', #1717, .T. ) ;
#4153 = DIRECTION ( 'NONE',  ( 0.0000000000000000000, -1.000000000000000000, -2.114979091869105800E-016 ) ) ;
#4154 = ORIENTED_EDGE ( 'NONE', *, *, #119, .F. ) ;
#4155 = FACE_OUTER_BOUND ( 'NONE', #1598, .T. ) ;
#4156 = DIRECTION ( 'NONE',  ( 0.0000000000000000000, 0.0000000000000000000, 1.000000000000000000 ) ) ;
#4157 = ORIENTED_EDGE ( 'NONE', *, *, #1035, .T. ) ;
#4158 = CIRCLE ( 'NONE', #2052, 0.01041666666666661100 ) ;
#4159 = VERTEX_POINT ( 'NONE', #407 ) ;
#4160 = DIRECTION ( 'NONE',  ( 0.0000000000000000000, 0.0000000000000000000, 1.000000000000000000 ) ) ;
#4161 = EDGE_LOOP ( 'NONE', ( #2762, #5344, #5520, #4900 ) ) ;
#4162 = EDGE_CURVE ( 'NONE', #5836, #1499, #4017, .T. ) ;
#4163 = CARTESIAN_POINT ( 'NONE',  ( -0.6439505508593768000, 0.1725460300683542600, 0.2708333333333334800 ) ) ;
#4164 = ORIENTED_EDGE ( 'NONE', *, *, #3496, .F. ) ;
#4165 = CIRCLE ( 'NONE', #719, 0.01041666666666661100 ) ;
#4166 = VERTEX_POINT ( 'NONE', #3336 ) ;
#4167 = DIRECTION ( 'NONE',  ( 0.0000000000000000000, 0.0000000000000000000, 1.000000000000000000 ) ) ;
#4168 = ORIENTED_EDGE ( 'NONE', *, *, #1634, .F. ) ;
#4169 = CARTESIAN_POINT ( 'NONE',  ( 0.5773502691896264000, 0.3333333333333318700, -0.2291666666666666300 ) ) ;
#4170 = EDGE_LOOP ( 'NONE', ( #1475, #2850 ) ) ;
#4171 = VERTEX_POINT ( 'NONE', #1403 ) ;
#4172 = DIRECTION ( 'NONE',  ( 0.0000000000000000000, 0.0000000000000000000, 1.000000000000000000 ) ) ;
#4173 = LINE ( 'NONE', #4456, #47 ) ;
#4174 = ORIENTED_EDGE ( 'NONE', *, *, #5703, .T. ) ;
#4175 = EDGE_LOOP ( 'NONE', ( #4478, #586 ) ) ;
#4176 = DIRECTION ( 'NONE',  ( 0.0000000000000000000, 0.0000000000000000000, 1.000000000000000000 ) ) ;
#4177 = EDGE_LOOP ( 'NONE', ( #1977, #488, #260, #834 ) ) ;
#4178 = EDGE_CURVE ( 'NONE', #2853, #1003, #5146, .T. ) ;
#4179 = DIRECTION ( 'NONE',  ( 0.0000000000000000000, 0.0000000000000000000, 1.000000000000000000 ) ) ;
#4180 = EDGE_CURVE ( 'NONE', #337, #899, #3781, .T. ) ;
#4181 = ORIENTED_EDGE ( 'NONE', *, *, #2427, .F. ) ;
#4182 = ADVANCED_FACE ( 'NONE', ( #1990, #1295 ), #877, .F. ) ;
#4183 = CARTESIAN_POINT ( 'NONE',  ( 0.5773502691896241800, -0.3333333333333359800, 0.2291666666666667700 ) ) ;
#4184 = ORIENTED_EDGE ( 'NONE', *, *, #5126, .T. ) ;
#4185 = AXIS2_PLACEMENT_3D ( 'NONE', #3307, #4269, #291 ) ;
#4186 = DIRECTION ( 'NONE',  ( -0.7071067811865507900, -0.7071067811865442400, 0.0000000000000000000 ) ) ;
#4187 = CARTESIAN_POINT ( 'NONE',  ( -0.6666666666666665200, 6.982962677686265100E-015, 0.2291666666666667700 ) ) ;
#4188 = DIRECTION ( 'NONE',  ( 0.0000000000000000000, 0.0000000000000000000, 1.000000000000000000 ) ) ;
#4189 = DIRECTION ( 'NONE',  ( -0.2588190451025130200, 0.9659258262890704200, 0.0000000000000000000 ) ) ;
#4190 = CYLINDRICAL_SURFACE ( 'NONE', #1428, 0.01041666666666661200 ) ;
#4191 = AXIS2_PLACEMENT_3D ( 'NONE', #6489, #414, #929 ) ;
#4192 = DIRECTION ( 'NONE',  ( -0.0000000000000000000, -1.639108796198557900E-016, 1.000000000000000000 ) ) ;
#4193 = EDGE_LOOP ( 'NONE', ( #1143, #5616 ) ) ;
#4194 = DIRECTION ( 'NONE',  ( 0.0000000000000000000, -0.0000000000000000000, -1.000000000000000000 ) ) ;
#4195 = PLANE ( 'NONE',  #1995 ) ;
#4196 = CIRCLE ( 'NONE', #3931, 0.01041666666666661100 ) ;
#4197 = ORIENTED_EDGE ( 'NONE', *, *, #1005, .F. ) ;
#4198 = CARTESIAN_POINT ( 'NONE',  ( 0.6666666666666663000, -0.04166666666666905100, 0.2291666666666667700 ) ) ;
#4199 = CARTESIAN_POINT ( 'NONE',  ( 0.5825586025229596600, 0.3243122353772440200, -0.2291666666666666300 ) ) ;
#4200 = CARTESIAN_POINT ( 'NONE',  ( -0.1725460300683385200, 0.6439505508593810200, -0.2291666666666666300 ) ) ;
#4201 = PLANE ( 'NONE',  #1610 ) ;
#4202 = VECTOR ( 'NONE', #3349, 39.37007874015748100 ) ;
#4203 = VERTEX_POINT ( 'NONE', #924 ) ;
#4204 = CARTESIAN_POINT ( 'NONE',  ( 0.6666666666666665200, -2.327654225895421700E-015, 0.2291666666666667700 ) ) ;
#4205 = CARTESIAN_POINT ( 'NONE',  ( -0.3694177251576777900, 0.5565169358562969100, -0.2291666666666666300 ) ) ;
#4206 = FACE_BOUND ( 'NONE', #6263, .T. ) ;
#4207 = CARTESIAN_POINT ( 'NONE',  ( 0.6466465825791970500, 0.1624843027111675100, -0.2291666666666666300 ) ) ;
#4208 = ADVANCED_FACE ( 'NONE', ( #680 ), #5849, .T. ) ;
#4209 = CARTESIAN_POINT ( 'NONE',  ( 0.0000000000000000000, 0.6666666666666665200, -0.2291666666666666300 ) ) ;
#4210 = CARTESIAN_POINT ( 'NONE',  ( -0.4714045207910356200, -0.4714045207910274600, -0.2291666666666666300 ) ) ;
#4211 = CIRCLE ( 'NONE', #3571, 0.04166666666666672000 ) ;
#4212 = EDGE_CURVE ( 'NONE', #5434, #5944, #977, .T. ) ;
#4213 = LINE ( 'NONE', #5810, #2203 ) ;
#4214 = EDGE_CURVE ( 'NONE', #3085, #4091, #6403, .T. ) ;
#4215 = ORIENTED_EDGE ( 'NONE', *, *, #6436, .F. ) ;
#4216 = ADVANCED_FACE ( 'NONE', ( #512 ), #284, .T. ) ;
#4217 = VECTOR ( 'NONE', #848, 39.37007874015748100 ) ;
#4218 = DIRECTION ( 'NONE',  ( 0.2588190451025130200, -0.9659258262890704200, 0.0000000000000000000 ) ) ;
#4219 = AXIS2_PLACEMENT_3D ( 'NONE', #2310, #4330, #4302 ) ;
#4221 = LINE ( 'NONE', #605, #5331 ) ;
#4220 = CARTESIAN_POINT ( 'NONE',  ( 0.1826077574255252600, 0.6412545191395606600, 0.2291666666666667700 ) ) ;
#4222 = DIRECTION ( 'NONE',  ( 0.0000000000000000000, 0.0000000000000000000, 1.000000000000000000 ) ) ;
#4223 = AXIS2_PLACEMENT_3D ( 'NONE', #4499, #1541, #3484 ) ;
#4224 = VERTEX_POINT ( 'NONE', #387 ) ;
#4225 = DIRECTION ( 'NONE',  ( 0.0000000000000000000, 0.0000000000000000000, 1.000000000000000000 ) ) ;
#4226 = VECTOR ( 'NONE', #6056, 39.37007874015748100 ) ;
#4227 = DIRECTION ( 'NONE',  ( 0.0000000000000000000, 0.0000000000000000000, 1.000000000000000000 ) ) ;
#4228 = VERTEX_POINT ( 'NONE', #4326 ) ;
#4230 = AXIS2_PLACEMENT_3D ( 'NONE', #433, #2936, #6506 ) ;
#4229 = DIRECTION ( 'NONE',  ( 0.0000000000000000000, 0.0000000000000000000, -1.000000000000000000 ) ) ;
#4231 = LINE ( 'NONE', #4668, #4318 ) ;
#4232 = CARTESIAN_POINT ( 'NONE',  ( 0.6134346610139780300, 0.3541666666666651900, -0.2291666666666666300 ) ) ;
#4233 = VERTEX_POINT ( 'NONE', #375 ) ;
#4234 = DIRECTION ( 'NONE',  ( 3.491481338843133000E-015, 1.000000000000000000, 0.0000000000000000000 ) ) ;
#4235 = FACE_OUTER_BOUND ( 'NONE', #5594, .T. ) ;
#4236 = AXIS2_PLACEMENT_3D ( 'NONE', #3745, #3768, #4258 ) ;
#4237 = ORIENTED_EDGE ( 'NONE', *, *, #2991, .F. ) ;
#4238 = CARTESIAN_POINT ( 'NONE',  ( 0.6412545191395601100, -0.1826077574255275100, 0.2291666666666667700 ) ) ;
#4239 = FACE_OUTER_BOUND ( 'NONE', #3256, .T. ) ;
#4240 = ORIENTED_EDGE ( 'NONE', *, *, #4306, .F. ) ;
#4241 = EDGE_CURVE ( 'NONE', #1055, #4961, #1213, .T. ) ;
#4242 = EDGE_LOOP ( 'NONE', ( #2368, #2921 ) ) ;
#4243 = EDGE_LOOP ( 'NONE', ( #2963, #3642, #5694, #6259 ) ) ;
#4244 = AXIS2_PLACEMENT_3D ( 'NONE', #2170, #1176, #2204 ) ;
#4245 = ORIENTED_EDGE ( 'NONE', *, *, #3196, .T. ) ;
#4246 = VECTOR ( 'NONE', #5488, 39.37007874015748100 ) ;
#4247 = ADVANCED_FACE ( 'NONE', ( #6172, #1144 ), #3318, .F. ) ;
#4248 = DIRECTION ( 'NONE',  ( 0.0000000000000000000, 0.0000000000000000000, 1.000000000000000000 ) ) ;
#4249 = DIRECTION ( 'NONE',  ( -0.5000000000000034400, -0.8660254037844366000, 0.0000000000000000000 ) ) ;
#4250 = VERTEX_POINT ( 'NONE', #3834 ) ;
#4251 = EDGE_CURVE ( 'NONE', #6178, #584, #1841, .T. ) ;
#4252 = DIRECTION ( 'NONE',  ( 1.000000000000000000, 0.0000000000000000000, 0.0000000000000000000 ) ) ;
#4253 = EDGE_LOOP ( 'NONE', ( #4997, #747, #2708, #5359 ) ) ;
#4254 = ORIENTED_EDGE ( 'NONE', *, *, #3386, .F. ) ;
#4255 = CIRCLE ( 'NONE', #5685, 0.04166666666666672000 ) ;
#4256 = PLANE ( 'NONE',  #5541 ) ;
#4257 = EDGE_LOOP ( 'NONE', ( #752, #1991 ) ) ;
#4258 = DIRECTION ( 'NONE',  ( -1.000000000000000000, 6.556435184794223000E-015, 0.0000000000000000000 ) ) ;
#4259 = VERTEX_POINT ( 'NONE', #3492 ) ;
#4260 = CARTESIAN_POINT ( 'NONE',  ( 0.6666666666666665200, 0.01041666666666428400, 0.2291666666666667700 ) ) ;
#4261 = DESIGN_CONTEXT ( 'detailed design', #5984, 'design' ) ;
#4262 = EDGE_CURVE ( 'NONE', #4271, #5130, #4173, .T. ) ;
#4263 = EDGE_LOOP ( 'NONE', ( #2219, #3864 ) ) ;
#4264 = AXIS2_PLACEMENT_3D ( 'NONE', #6279, #4873, #1938 ) ;
#4265 = DIRECTION ( 'NONE',  ( 0.0000000000000000000, 0.0000000000000000000, 1.000000000000000000 ) ) ;
#4266 = DIRECTION ( 'NONE',  ( -1.224646799147359900E-016, 1.000000000000000000, 0.0000000000000000000 ) ) ;
#4267 = DIRECTION ( 'NONE',  ( 0.0000000000000000000, 0.0000000000000000000, 1.000000000000000000 ) ) ;
#4268 = VERTEX_POINT ( 'NONE', #2425 ) ;
#4269 = DIRECTION ( 'NONE',  ( 0.0000000000000000000, 0.0000000000000000000, 1.000000000000000000 ) ) ;
#4270 = CARTESIAN_POINT ( 'NONE',  ( -0.4714045207910356200, -0.4714045207910274600, -0.2708333333333335400 ) ) ;
#4271 = VERTEX_POINT ( 'NONE', #3472 ) ;
#4272 = AXIS2_PLACEMENT_3D ( 'NONE', #1296, #5743, #4746 ) ;
#4273 = AXIS2_PLACEMENT_3D ( 'NONE', #3197, #3217, #3706 ) ;
#4274 = CARTESIAN_POINT ( 'NONE',  ( -4.655308451790843400E-015, -0.6666666666666665200, -0.2708333333333335400 ) ) ;
#4275 = LINE ( 'NONE', #1795, #2879 ) ;
#4276 = CARTESIAN_POINT ( 'NONE',  ( 0.5773502691896264000, 0.3333333333333318700, 0.2291666666666667700 ) ) ;
#4277 = EDGE_LOOP ( 'NONE', ( #275, #1060, #2553, #5832 ) ) ;
#4278 = AXIS2_PLACEMENT_3D ( 'NONE', #3513, #4488, #1011 ) ;
#4279 = EDGE_LOOP ( 'NONE', ( #1916, #3638 ) ) ;
#4280 = CARTESIAN_POINT ( 'NONE',  ( 0.3541666666666630200, -0.6134346610139793700, 0.2291666666666667700 ) ) ;
#4281 = ADVANCED_FACE ( 'NONE', ( #2857, #6011 ), #3985, .F. ) ;
#4282 = MANIFOLD_SOLID_BREP ( 'CirPattern1[14]', #5143 ) ;
#4283 = FACE_BOUND ( 'NONE', #374, .T. ) ;
#4284 = VERTEX_POINT ( 'NONE', #1503 ) ;
#4285 = CARTESIAN_POINT ( 'NONE',  ( 0.3243122353772460700, 0.5825586025229585500, -0.2291666666666666300 ) ) ;
#4286 = EDGE_CURVE ( 'NONE', #3618, #596, #5517, .T. ) ;
#4287 = CIRCLE ( 'NONE', #1440, 0.01041666666666661100 ) ;
#4288 = AXIS2_PLACEMENT_3D ( 'NONE', #6174, #2642, #4672 ) ;
#4289 = ADVANCED_FACE ( 'NONE', ( #4333 ), #5055, .T. ) ;
#4290 = ORIENTED_EDGE ( 'NONE', *, *, #2930, .T. ) ;
#4291 = CARTESIAN_POINT ( 'NONE',  ( 0.5773502691896264000, 0.3333333333333318700, 0.2708333333333334800 ) ) ;
#4292 = CARTESIAN_POINT ( 'NONE',  ( -0.5773502691896217300, 0.3333333333333399800, 0.2291666666666667700 ) ) ;
#4293 = VERTEX_POINT ( 'NONE', #3943 ) ;
#4294 = DIRECTION ( 'NONE',  ( 0.0000000000000000000, 0.0000000000000000000, 1.000000000000000000 ) ) ;
#4295 = CYLINDRICAL_SURFACE ( 'NONE', #6168, 0.01041666666666661100 ) ;
#4296 = CARTESIAN_POINT ( 'NONE',  ( 0.3333333333333339300, 0.5773502691896251800, 0.2291666666666667700 ) ) ;
#4297 = DIRECTION ( 'NONE',  ( 0.0000000000000000000, 0.0000000000000000000, 1.000000000000000000 ) ) ;
#4298 = CARTESIAN_POINT ( 'NONE',  ( 0.5565169358562907000, -0.3694177251576875000, -0.2291666666666666300 ) ) ;
#4299 = DIRECTION ( 'NONE',  ( -0.2588190451025130200, 0.9659258262890704200, 0.0000000000000000000 ) ) ;
#4300 = VECTOR ( 'NONE', #3754, 39.37007874015748100 ) ;
#4301 = CIRCLE ( 'NONE', #5458, 0.01041666666666661200 ) ;
#4302 = DIRECTION ( 'NONE',  ( -0.8660254037844346000, 0.5000000000000071100, 0.0000000000000000000 ) ) ;
#4303 = ORGANIZATION ( 'UNSPECIFIED', 'UNSPECIFIED', '' ) ;
#4304 = DIRECTION ( 'NONE',  ( -0.2588190451025261200, -0.9659258262890668700, 0.0000000000000000000 ) ) ;
#4305 = ORIENTED_EDGE ( 'NONE', *, *, #993, .F. ) ;
#4306 = EDGE_CURVE ( 'NONE', #2866, #6477, #5443, .T. ) ;
#4307 = CYLINDRICAL_SURFACE ( 'NONE', #405, 0.01041666666666661200 ) ;
#4308 = DIRECTION ( 'NONE',  ( -0.0000000000000000000, -1.639108796198557900E-016, 1.000000000000000000 ) ) ;
#4309 = CIRCLE ( 'NONE', #1226, 0.01041666666666661200 ) ;
#4310 = ADVANCED_FACE ( 'NONE', ( #2774 ), #2385, .T. ) ;
#4311 = DIRECTION ( 'NONE',  ( 0.0000000000000000000, 0.0000000000000000000, 1.000000000000000000 ) ) ;
#4312 = ORIENTED_EDGE ( 'NONE', *, *, #5036, .F. ) ;
#4313 = AXIS2_PLACEMENT_3D ( 'NONE', #5740, #1744, #5189 ) ;
#4314 = CYLINDRICAL_SURFACE ( 'NONE', #4114, 0.01041666666666661100 ) ;
#4315 = CARTESIAN_POINT ( 'NONE',  ( -0.6466465825791948300, 0.1624843027111765300, 0.2291666666666667700 ) ) ;
#4316 = CARTESIAN_POINT ( 'NONE',  ( 0.3243122353772420200, -0.5825586025229608800, -0.2291666666666666300 ) ) ;
#4317 = CLOSED_SHELL ( 'NONE', ( #1085, #2262, #1179, #4715 ) ) ;
#4318 = VECTOR ( 'NONE', #1217, 39.37007874015748100 ) ;
#4319 = EDGE_LOOP ( 'NONE', ( #3844, #211 ) ) ;
#4320 = ORIENTED_EDGE ( 'NONE', *, *, #3789, .F. ) ;
#4322 = AXIS2_PLACEMENT_3D ( 'NONE', #4439, #2434, #2461 ) ;
#4321 = DIRECTION ( 'NONE',  ( 0.0000000000000000000, 0.0000000000000000000, 1.000000000000000000 ) ) ;
#4323 = VERTEX_POINT ( 'NONE', #3920 ) ;
#4324 = DIRECTION ( 'NONE',  ( -0.0000000000000000000, -1.639108796198557900E-016, 1.000000000000000000 ) ) ;
#4325 = VECTOR ( 'NONE', #1811, 39.37007874015748100 ) ;
#4326 = CARTESIAN_POINT ( 'NONE',  ( 0.04166666666666672000, 0.6666666666666665200, -0.2291666666666666300 ) ) ;
#4327 = ORIENTED_EDGE ( 'NONE', *, *, #2006, .F. ) ;
#4328 = CC_DESIGN_SECURITY_CLASSIFICATION ( #901, ( #6331 ) ) ;
#4329 = ORIENTED_EDGE ( 'NONE', *, *, #5476, .F. ) ;
#4330 = DIRECTION ( 'NONE',  ( 0.0000000000000000000, 0.0000000000000000000, 1.000000000000000000 ) ) ;
#4331 = VERTEX_POINT ( 'NONE', #5970 ) ;
#4332 = CLOSED_SHELL ( 'NONE', ( #6048, #2653, #4551, #5094 ) ) ;
#4333 = FACE_OUTER_BOUND ( 'NONE', #1523, .T. ) ;
#4334 = CARTESIAN_POINT ( 'NONE',  ( 0.7083333333333331500, -2.473132615013885500E-015, -0.2291666666666666300 ) ) ;
#4335 = ORIENTED_EDGE ( 'NONE', *, *, #6047, .F. ) ;
#4336 = EDGE_CURVE ( 'NONE', #1797, #1602, #3936, .T. ) ;
#4338 = EDGE_LOOP ( 'NONE', ( #991, #1845, #4712, #1690 ) ) ;
#4337 = AXIS2_PLACEMENT_3D ( 'NONE', #6370, #1922, #5933 ) ;
#4339 = VERTEX_POINT ( 'NONE', #2989 ) ;
#4340 = PLANE ( 'NONE',  #2808 ) ;
#4341 = EDGE_CURVE ( 'NONE', #1211, #283, #4970, .T. ) ;
#4342 = CARTESIAN_POINT ( 'NONE',  ( 0.3541666666666673000, 0.6134346610139768100, -0.2291666666666666300 ) ) ;
#4343 = CARTESIAN_POINT ( 'NONE',  ( -0.6331664239801047000, 0.2127929394970653800, 0.2291666666666667700 ) ) ;
#4344 = ORIENTED_EDGE ( 'NONE', *, *, #379, .F. ) ;
#4345 = PLANE ( 'NONE',  #5216 ) ;
#4346 = DIRECTION ( 'NONE',  ( 0.0000000000000000000, -1.000000000000000000, -2.114979091869105800E-016 ) ) ;
#4347 = CARTESIAN_POINT ( 'NONE',  ( 0.1725460300683475100, 0.6439505508593785800, -0.2708333333333335400 ) ) ;
#4348 = CARTESIAN_POINT ( 'NONE',  ( -0.5825586025229551000, 0.3243122353772521800, 0.2291666666666667700 ) ) ;
#4349 = EDGE_CURVE ( 'NONE', #2861, #4083, #6332, .T. ) ;
#4350 = ORIENTED_EDGE ( 'NONE', *, *, #1575, .F. ) ;
#4351 = DIRECTION ( 'NONE',  ( 0.0000000000000000000, 0.0000000000000000000, 1.000000000000000000 ) ) ;
#4352 = DIRECTION ( 'NONE',  ( 0.0000000000000000000, 0.0000000000000000000, 1.000000000000000000 ) ) ;
#4353 = EDGE_CURVE ( 'NONE', #5687, #465, #2314, .T. ) ;
#4354 = FACE_OUTER_BOUND ( 'NONE', #2538, .T. ) ;
#4355 = AXIS2_PLACEMENT_3D ( 'NONE', #759, #255, #1255 ) ;
#4356 = VERTEX_POINT ( 'NONE', #4968 ) ;
#4357 = AXIS2_PLACEMENT_3D ( 'NONE', #2586, #3516, #4026 ) ;
#4358 = DIRECTION ( 'NONE',  ( 0.0000000000000000000, 0.0000000000000000000, 1.000000000000000000 ) ) ;
#4359 = DIRECTION ( 'NONE',  ( -0.7071067811865442400, 0.7071067811865507900, 0.0000000000000000000 ) ) ;
#4360 = DIRECTION ( 'NONE',  ( 0.0000000000000000000, 0.0000000000000000000, 1.000000000000000000 ) ) ;
#4361 = CIRCLE ( 'NONE', #1152, 0.01041666666666661100 ) ;
#4362 = AXIS2_PLACEMENT_3D ( 'NONE', #6037, #1552, #5087 ) ;
#4363 = ORIENTED_EDGE ( 'NONE', *, *, #3619, .F. ) ;
#4364 = DIRECTION ( 'NONE',  ( 0.0000000000000000000, 0.0000000000000000000, 1.000000000000000000 ) ) ;
#4365 = AXIS2_PLACEMENT_3D ( 'NONE', #6335, #4698, #5881 ) ;
#4366 = FACE_OUTER_BOUND ( 'NONE', #3106, .T. ) ;
#4367 = ORIENTED_EDGE ( 'NONE', *, *, #5208, .F. ) ;
#4368 = PLANE ( 'NONE',  #2012 ) ;
#4369 = DIRECTION ( 'NONE',  ( -0.7071067811865507900, -0.7071067811865442400, 0.0000000000000000000 ) ) ;
#4370 = CIRCLE ( 'NONE', #862, 0.04166666666666672000 ) ;
#4371 = AXIS2_PLACEMENT_3D ( 'NONE', #701, #4670, #158 ) ;
#4372 = DIRECTION ( 'NONE',  ( 0.0000000000000000000, 0.0000000000000000000, 1.000000000000000000 ) ) ;
#4373 = DIRECTION ( 'NONE',  ( 1.000000000000000000, 0.0000000000000000000, 0.0000000000000000000 ) ) ;
#4374 = EDGE_CURVE ( 'NONE', #4402, #1495, #4645, .T. ) ;
#4375 = VECTOR ( 'NONE', #611, 39.37007874015748100 ) ;
#4376 = CARTESIAN_POINT ( 'NONE',  ( 7.909177244493326400E-017, 0.6458333333333331500, 0.3125000000000002800 ) ) ;
#4378 = CIRCLE ( 'NONE', #3935, 0.01041666666666661100 ) ;
#4377 = SECURITY_CLASSIFICATION_LEVEL ( 'unclassified' ) ;
#4379 = CARTESIAN_POINT ( 'NONE',  ( -0.4714045207910356200, -0.4714045207910274600, 0.2708333333333334800 ) ) ;
#4380 = ORIENTED_EDGE ( 'NONE', *, *, #2094, .T. ) ;
#4381 = DIRECTION ( 'NONE',  ( 0.0000000000000000000, 0.0000000000000000000, 1.000000000000000000 ) ) ;
#4382 = FACE_OUTER_BOUND ( 'NONE', #3094, .T. ) ;
#4383 = DIRECTION ( 'NONE',  ( 0.7071067811865556800, 0.7071067811865392500, 0.0000000000000000000 ) ) ;
#4384 = LINE ( 'NONE', #3194, #1810 ) ;
#4385 = ADVANCED_FACE ( 'NONE', ( #1597 ), #4987, .F. ) ;
#4386 = DIRECTION ( 'NONE',  ( 0.0000000000000000000, 0.0000000000000000000, 1.000000000000000000 ) ) ;
#4387 = PERSON_AND_ORGANIZATION ( #2951, #4303 ) ;
#4388 = EDGE_CURVE ( 'NONE', #2210, #5907, #1755, .T. ) ;
#4389 = ORIENTED_EDGE ( 'NONE', *, *, #435, .T. ) ;
#4390 = VECTOR ( 'NONE', #272, 39.37007874015748100 ) ;
#4391 = AXIS2_PLACEMENT_3D ( 'NONE', #5563, #5117, #656 ) ;
#4392 = ORIENTED_EDGE ( 'NONE', *, *, #3097, .T. ) ;
#4393 = CARTESIAN_POINT ( 'NONE',  ( 0.5773502691896241800, -0.3333333333333359800, 0.2708333333333334800 ) ) ;
#4394 = CIRCLE ( 'NONE', #5850, 0.01041666666666661200 ) ;
#4395 = EDGE_LOOP ( 'NONE', ( #6466, #3163, #6081, #293 ) ) ;
#4396 = FACE_OUTER_BOUND ( 'NONE', #2960, .T. ) ;
#4397 = ORIENTED_EDGE ( 'NONE', *, *, #3136, .F. ) ;
#4398 = AXIS2_PLACEMENT_3D ( 'NONE', #1406, #5913, #2854 ) ;
#4399 = CIRCLE ( 'NONE', #51, 0.01041666666666662600 ) ;
#4400 = PLANE ( 'NONE',  #4139 ) ;
#4401 = PLANE ( 'NONE',  #2109 ) ;
#4402 = VERTEX_POINT ( 'NONE', #451 ) ;
#4403 = ORIENTED_EDGE ( 'NONE', *, *, #3329, .F. ) ;
#4404 = AXIS2_PLACEMENT_3D ( 'NONE', #1689, #5231, #2690 ) ;
#4405 = CLOSED_SHELL ( 'NONE', ( #597, #2972, #6125, #5691 ) ) ;
#4406 = VERTEX_POINT ( 'NONE', #3443 ) ;
#4407 = CIRCLE ( 'NONE', #2322, 0.01041666666666661100 ) ;
#4408 = DIRECTION ( 'NONE',  ( -0.9659258262890704200, -0.2588190451025130200, 0.0000000000000000000 ) ) ;
#4409 = ORIENTED_EDGE ( 'NONE', *, *, #1450, .T. ) ;
#4410 = CARTESIAN_POINT ( 'NONE',  ( -0.3243122353772379100, 0.5825586025229629900, 0.2708333333333334800 ) ) ;
#4411 = CLOSED_SHELL ( 'NONE', ( #236, #6297, #1500, #263 ) ) ;
#4412 = CARTESIAN_POINT ( 'NONE',  ( -0.3694177251576894500, -0.5565169358562892500, 0.2291666666666667700 ) ) ;
#4413 = ORIENTED_EDGE ( 'NONE', *, *, #989, .T. ) ;
#4414 = ORIENTED_EDGE ( 'NONE', *, *, #5392, .F. ) ;
#4415 = DIRECTION ( 'NONE',  ( -0.7071067811865507900, -0.7071067811865442400, 0.0000000000000000000 ) ) ;
#4416 = CARTESIAN_POINT ( 'NONE',  ( 0.5773502691896264000, 0.3333333333333318700, -0.2291666666666666300 ) ) ;
#4417 = EDGE_CURVE ( 'NONE', #3068, #4203, #3927, .T. ) ;
#4418 = VERTEX_POINT ( 'NONE', #602 ) ;
#4419 = CARTESIAN_POINT ( 'NONE',  ( -0.04166666666666672000, 0.6666666666666665200, -0.2291666666666666300 ) ) ;
#4420 = ADVANCED_FACE ( 'NONE', ( #3159 ), #1982, .T. ) ;
#4421 = CARTESIAN_POINT ( 'NONE',  ( 0.6439505508593792400, 0.1725460300683452600, 0.2708333333333334800 ) ) ;
#4422 = DIRECTION ( 'NONE',  ( 0.0000000000000000000, 0.0000000000000000000, 1.000000000000000000 ) ) ;
#4423 = ORIENTED_EDGE ( 'NONE', *, *, #4819, .F. ) ;
#4424 = CARTESIAN_POINT ( 'NONE',  ( 0.1624843027111652600, -0.6466465825791976000, -0.2291666666666666300 ) ) ;
#4425 = DIRECTION ( 'NONE',  ( -0.7071067811865442400, 0.7071067811865507900, 0.0000000000000000000 ) ) ;
#4426 = DIRECTION ( 'NONE',  ( 0.0000000000000000000, 0.0000000000000000000, 1.000000000000000000 ) ) ;
#4427 = VERTEX_POINT ( 'NONE', #4106 ) ;
#4428 = DIRECTION ( 'NONE',  ( 0.0000000000000000000, 0.0000000000000000000, 1.000000000000000000 ) ) ;
#4429 = EDGE_LOOP ( 'NONE', ( #5522, #4215, #6258, #5843 ) ) ;
#4430 = CARTESIAN_POINT ( 'NONE',  ( 0.5773502691896264000, 0.3333333333333318700, 0.2291666666666667700 ) ) ;
#4431 = EDGE_CURVE ( 'NONE', #1700, #3519, #5597, .T. ) ;
#4432 = CIRCLE ( 'NONE', #4145, 0.6458333333333338100 ) ;
#4433 = CARTESIAN_POINT ( 'NONE',  ( -0.1725460300683520100, -0.6439505508593773600, -0.2708333333333335400 ) ) ;
#4434 = ORIENTED_EDGE ( 'NONE', *, *, #351, .F. ) ;
#4435 = DIRECTION ( 'NONE',  ( 0.0000000000000000000, 0.0000000000000000000, 1.000000000000000000 ) ) ;
#4436 = EDGE_CURVE ( 'NONE', #2150, #4250, #5927, .T. ) ;
#4437 = EDGE_LOOP ( 'NONE', ( #273, #5440 ) ) ;
#4438 = AXIS2_PLACEMENT_3D ( 'NONE', #455, #5998, #3447 ) ;
#4439 = CARTESIAN_POINT ( 'NONE',  ( 0.6439505508593792400, 0.1725460300683452600, 0.2291666666666667700 ) ) ;
#4440 = FACE_OUTER_BOUND ( 'NONE', #826, .T. ) ;
#4441 = ORIENTED_EDGE ( 'NONE', *, *, #1870, .F. ) ;
#4442 = AXIS2_PLACEMENT_3D ( 'NONE', #82, #561, #5118 ) ;
#4443 = CARTESIAN_POINT ( 'NONE',  ( 0.3333333333333298700, -0.5773502691896276200, 0.2291666666666667700 ) ) ;
#4444 = APPLICATION_PROTOCOL_DEFINITION ( 'international standard', 'config_control_design', 1994, #5963 ) ;
#4445 = DIRECTION ( 'NONE',  ( -0.7071067811865507900, -0.7071067811865442400, 0.0000000000000000000 ) ) ;
#4446 = AXIS2_PLACEMENT_3D ( 'NONE', #6219, #5218, #5659 ) ;
#4447 = LINE ( 'NONE', #309, #1715 ) ;
#4448 = EDGE_LOOP ( 'NONE', ( #4827, #2536 ) ) ;
#4449 = DIRECTION ( 'NONE',  ( 0.9659258262890717500, 0.2588190451025080300, 0.0000000000000000000 ) ) ;
#4450 = CARTESIAN_POINT ( 'NONE',  ( 0.5773502691896264000, 0.3333333333333318700, 0.2291666666666667700 ) ) ;
#4451 = ADVANCED_FACE ( 'NONE', ( #4569, #3230 ), #4590, .F. ) ;
#4452 = CARTESIAN_POINT ( 'NONE',  ( -0.6666666666666660700, 0.04166666666667370700, 0.2291666666666667700 ) ) ;
#4453 = AXIS2_PLACEMENT_3D ( 'NONE', #6362, #3415, #4359 ) ;
#4454 = ORIENTED_EDGE ( 'NONE', *, *, #1246, .F. ) ;
#4455 = ADVANCED_FACE ( 'NONE', ( #1287 ), #2306, .T. ) ;
#4456 = CARTESIAN_POINT ( 'NONE',  ( 0.5721419358562908100, -0.3423544312894237800, 0.2291666666666667700 ) ) ;
#4457 = CIRCLE ( 'NONE', #3028, 0.01041666666666661200 ) ;
#4458 = EDGE_CURVE ( 'NONE', #5993, #2087, #5436, .T. ) ;
#4459 = CARTESIAN_POINT ( 'NONE',  ( 0.0000000000000000000, -0.7350000000000008700, -0.2975000000000004300 ) ) ;
#4460 = DIRECTION ( 'NONE',  ( 0.0000000000000000000, 0.0000000000000000000, 1.000000000000000000 ) ) ;
#4461 = AXIS2_PLACEMENT_3D ( 'NONE', #2117, #5528, #6143 ) ;
#4462 = CYLINDRICAL_SURFACE ( 'NONE', #857, 0.04166666666666672000 ) ;
#4463 = DIRECTION ( 'NONE',  ( 0.9659258262890680900, -0.2588190451025211300, 0.0000000000000000000 ) ) ;
#4464 = EDGE_CURVE ( 'NONE', #2087, #5466, #1832, .T. ) ;
#4465 = FACE_OUTER_BOUND ( 'NONE', #4100, .T. ) ;
#4466 = COORDINATED_UNIVERSAL_TIME_OFFSET ( 6, 0, .BEHIND. ) ;
#4467 = PLANE ( 'NONE',  #3388 ) ;
#4468 = ORIENTED_EDGE ( 'NONE', *, *, #2252, .T. ) ;
#4469 = CARTESIAN_POINT ( 'NONE',  ( -0.01041666666666661200, 0.6666666666666665200, -0.2708333333333335400 ) ) ;
#4470 = CIRCLE ( 'NONE', #281, 0.01041666666666661200 ) ;
#4471 = CARTESIAN_POINT ( 'NONE',  ( 0.3694177251576855600, 0.5565169358562918100, -0.2291666666666666300 ) ) ;
#4472 = FACE_OUTER_BOUND ( 'NONE', #2054, .T. ) ;
#4473 = DIRECTION ( 'NONE',  ( -1.000000000000000000, 1.311287036958853100E-014, 0.0000000000000000000 ) ) ;
#4474 = ORIENTED_EDGE ( 'NONE', *, *, #1178, .T. ) ;
#4475 = EDGE_CURVE ( 'NONE', #1424, #4963, #2996, .T. ) ;
#4476 = FACE_OUTER_BOUND ( 'NONE', #5706, .T. ) ;
#4477 = CARTESIAN_POINT ( 'NONE',  ( -0.5825586025229551000, 0.3243122353772521800, -0.2291666666666666300 ) ) ;
#4478 = ORIENTED_EDGE ( 'NONE', *, *, #2048, .F. ) ;
#4479 = ORIENTED_EDGE ( 'NONE', *, *, #1129, .T. ) ;
#4480 = FACE_BOUND ( 'NONE', #4982, .T. ) ;
#4481 = DIRECTION ( 'NONE',  ( 0.0000000000000000000, 0.0000000000000000000, 1.000000000000000000 ) ) ;
#4482 = EDGE_CURVE ( 'NONE', #5123, #5425, #437, .T. ) ;
#4483 = VERTEX_POINT ( 'NONE', #3120 ) ;
#4484 = AXIS2_PLACEMENT_3D ( 'NONE', #3002, #6514, #2527 ) ;
#4485 = CARTESIAN_POINT ( 'NONE',  ( 0.2972489415089781300, -0.5981836025229607700, 0.2291666666666667700 ) ) ;
#4486 = ORIENTED_EDGE ( 'NONE', *, *, #4341, .T. ) ;
#4487 = ORIENTED_EDGE ( 'NONE', *, *, #3989, .F. ) ;
#4488 = DIRECTION ( 'NONE',  ( 0.0000000000000000000, 0.0000000000000000000, 1.000000000000000000 ) ) ;
#4489 = FACE_OUTER_BOUND ( 'NONE', #496, .T. ) ;
#4490 = MANIFOLD_SOLID_BREP ( 'CirPattern1[19]', #4405 ) ;
#4491 = CARTESIAN_POINT ( 'NONE',  ( 0.5981836025229577700, -0.2972489415089844000, -0.2291666666666666300 ) ) ;
#4492 = VERTEX_POINT ( 'NONE', #2099 ) ;
#4493 = ADVANCED_FACE ( 'NONE', ( #3622 ), #5764, .F. ) ;
#4494 = ORIENTED_EDGE ( 'NONE', *, *, #3036, .T. ) ;
#4495 = ADVANCED_FACE ( 'NONE', ( #5135 ), #278, .F. ) ;
#4496 = EDGE_LOOP ( 'NONE', ( #377, #870, #1902, #5921 ) ) ;
#4497 = ORIENTED_EDGE ( 'NONE', *, *, #3665, .F. ) ;
#4498 = CARTESIAN_POINT ( 'NONE',  ( -0.5008673033404650300, 0.5008673033404771300, -0.2291666666666666300 ) ) ;
#4499 = CARTESIAN_POINT ( 'NONE',  ( 0.1725460300683430100, -0.6439505508593798000, 0.2291666666666667700 ) ) ;
#4500 = TOROIDAL_SURFACE ( 'NONE', #443, 0.7350000000000005400, 0.01499999999999999900 ) ;
#4501 = VERTEX_POINT ( 'NONE', #5577 ) ;
#4502 = AXIS2_PLACEMENT_3D ( 'NONE', #3630, #5163, #2163 ) ;
#4503 = CLOSED_SHELL ( 'NONE', ( #1765, #1608, #6360, #2396, #4955, #4216 ) ) ;
#4504 = FACE_OUTER_BOUND ( 'NONE', #6184, .T. ) ;
#4505 = CARTESIAN_POINT ( 'NONE',  ( -0.4714045207910356200, -0.4714045207910274600, 0.2291666666666667700 ) ) ;
#4506 = DIRECTION ( 'NONE',  ( 0.0000000000000000000, 0.0000000000000000000, 1.000000000000000000 ) ) ;
#4507 = ORIENTED_EDGE ( 'NONE', *, *, #4124, .F. ) ;
#4508 = DIRECTION ( 'NONE',  ( 0.0000000000000000000, 0.0000000000000000000, 1.000000000000000000 ) ) ;
#4509 = CARTESIAN_POINT ( 'NONE',  ( 0.3423544312894177800, -0.5721419358562943600, -0.2708333333333335400 ) ) ;
#4510 = EDGE_CURVE ( 'NONE', #960, #6222, #4964, .T. ) ;
#4511 = EDGE_LOOP ( 'NONE', ( #3316, #4105, #6430, #2205 ) ) ;
#4512 = CARTESIAN_POINT ( 'NONE',  ( 0.4714045207910290700, -0.4714045207910340100, -0.2708333333333335400 ) ) ;
#4513 = LINE ( 'NONE', #1389, #5536 ) ;
#4514 = VERTEX_POINT ( 'NONE', #118 ) ;
#4515 = DIRECTION ( 'NONE',  ( -0.2588190451025261200, -0.9659258262890668700, 0.0000000000000000000 ) ) ;
#4516 = EDGE_CURVE ( 'NONE', #5201, #3779, #4095, .T. ) ;
#4517 = ADVANCED_FACE ( 'NONE', ( #2153, #1912 ), #4719, .F. ) ;
#4518 = CYLINDRICAL_SURFACE ( 'NONE', #1064, 0.01041666666666661200 ) ;
#4519 = DIRECTION ( 'NONE',  ( -1.000000000000000000, 0.0000000000000000000, 0.0000000000000000000 ) ) ;
#4520 = EDGE_CURVE ( 'NONE', #5603, #4514, #748, .T. ) ;
#4521 = DIRECTION ( 'NONE',  ( -0.4999999999999943900, 0.8660254037844420400, 0.0000000000000000000 ) ) ;
#4522 = DIRECTION ( 'NONE',  ( 0.0000000000000000000, 0.0000000000000000000, 1.000000000000000000 ) ) ;
#4523 = CARTESIAN_POINT ( 'NONE',  ( 0.4640388251536725600, 0.4787702164283906800, 0.2291666666666667700 ) ) ;
#4524 = VECTOR ( 'NONE', #3703, 39.37007874015748100 ) ;
#4525 = AXIS2_PLACEMENT_3D ( 'NONE', #2867, #2402, #3378 ) ;
#4526 = ORIENTED_EDGE ( 'NONE', *, *, #5784, .F. ) ;
#4527 = AXIS2_PLACEMENT_3D ( 'NONE', #3678, #2191, #2174 ) ;
#4528 = PLANE ( 'NONE',  #4357 ) ;
#4529 = AXIS2_PLACEMENT_3D ( 'NONE', #3961, #4506, #3012 ) ;
#4530 = FACE_OUTER_BOUND ( 'NONE', #1571, .T. ) ;
#4531 = DIRECTION ( 'NONE',  ( 0.0000000000000000000, 0.0000000000000000000, 1.000000000000000000 ) ) ;
#4532 = DIRECTION ( 'NONE',  ( 0.0000000000000000000, 0.0000000000000000000, 1.000000000000000000 ) ) ;
#4533 = AXIS2_PLACEMENT_3D ( 'NONE', #78, #1513, #3515 ) ;
#4534 = DIRECTION ( 'NONE',  ( 0.0000000000000000000, 0.0000000000000000000, 1.000000000000000000 ) ) ;
#4535 = CARTESIAN_POINT ( 'NONE',  ( 0.0000000000000000000, 0.7499999999999998900, 0.3125000000000001700 ) ) ;
#4536 = CIRCLE ( 'NONE', #5383, 0.04166666666666673400 ) ;
#4537 = CARTESIAN_POINT ( 'NONE',  ( -0.5773502691896287300, -0.3333333333333278200, 0.2708333333333334800 ) ) ;
#4538 = DIRECTION ( 'NONE',  ( -0.9659258262890668700, 0.2588190451025261200, 0.0000000000000000000 ) ) ;
#4539 = EDGE_LOOP ( 'NONE', ( #5285, #6398 ) ) ;
#4540 = LINE ( 'NONE', #4260, #3607 ) ;
#4541 = EDGE_CURVE ( 'NONE', #6090, #117, #2460, .T. ) ;
#4542 = CARTESIAN_POINT ( 'NONE',  ( 0.6439505508593792400, 0.1725460300683452600, -0.2291666666666666300 ) ) ;
#4543 = DIRECTION ( 'NONE',  ( 0.0000000000000000000, 0.0000000000000000000, 1.000000000000000000 ) ) ;
#4544 = CIRCLE ( 'NONE', #2863, 0.04166666666666672700 ) ;
#4545 = DIRECTION ( 'NONE',  ( 0.0000000000000000000, 0.0000000000000000000, 1.000000000000000000 ) ) ;
#4546 = LOCAL_TIME ( 15, 14, 48.00000000000000000, #3442 ) ;
#4547 = ORIENTED_EDGE ( 'NONE', *, *, #1870, .T. ) ;
#4548 = DIRECTION ( 'NONE',  ( 0.0000000000000000000, 0.0000000000000000000, 1.000000000000000000 ) ) ;
#4549 = CARTESIAN_POINT ( 'NONE',  ( 0.5825586025229575500, -0.3243122353772481800, -0.2291666666666666300 ) ) ;
#4550 = CIRCLE ( 'NONE', #446, 0.01041666666666661100 ) ;
#4551 = ADVANCED_FACE ( 'NONE', ( #970 ), #6166, .T. ) ;
#4552 = ORIENTED_EDGE ( 'NONE', *, *, #3119, .F. ) ;
#4553 = LINE ( 'NONE', #951, #5912 ) ;
#4554 = DIRECTION ( 'NONE',  ( 0.0000000000000000000, 0.0000000000000000000, 1.000000000000000000 ) ) ;
#4555 = ORIENTED_EDGE ( 'NONE', *, *, #53, .F. ) ;
#4556 = FACE_OUTER_BOUND ( 'NONE', #1919, .T. ) ;
#4557 = CARTESIAN_POINT ( 'NONE',  ( -0.3333333333333258800, 0.5773502691896298400, 0.2708333333333334800 ) ) ;
#4558 = ORIENTED_EDGE ( 'NONE', *, *, #1965, .F. ) ;
#4559 = FACE_OUTER_BOUND ( 'NONE', #829, .T. ) ;
#4560 = EDGE_CURVE ( 'NONE', #820, #4823, #822, .T. ) ;
#4561 = ORIENTED_EDGE ( 'NONE', *, *, #3009, .F. ) ;
#4562 = CARTESIAN_POINT ( 'NONE',  ( -0.5773502691896217300, 0.3333333333333399800, 0.2291666666666667700 ) ) ;
#4563 = CARTESIAN_POINT ( 'NONE',  ( -0.6134346610139731500, 0.3541666666666737900, -0.2291666666666666300 ) ) ;
#4564 = VERTEX_POINT ( 'NONE', #2209 ) ;
#4565 = ORIENTED_EDGE ( 'NONE', *, *, #5066, .F. ) ;
#4566 = CARTESIAN_POINT ( 'NONE',  ( 0.6466465825791960500, -0.1624843027111720400, 0.2291666666666667700 ) ) ;
#4567 = EDGE_CURVE ( 'NONE', #2518, #4739, #359, .T. ) ;
#4568 = VERTEX_POINT ( 'NONE', #1724 ) ;
#4569 = FACE_BOUND ( 'NONE', #372, .T. ) ;
#4570 = AXIS2_PLACEMENT_3D ( 'NONE', #514, #5012, #1993 ) ;
#4571 = ORIENTED_EDGE ( 'NONE', *, *, #2145, .T. ) ;
#4572 = DIRECTION ( 'NONE',  ( 0.0000000000000000000, 0.0000000000000000000, 1.000000000000000000 ) ) ;
#4573 = CARTESIAN_POINT ( 'NONE',  ( -0.4640388251536658500, 0.4787702164283970100, 0.2291666666666667700 ) ) ;
#4574 = VERTEX_POINT ( 'NONE', #2235 ) ;
#4575 = AXIS2_PLACEMENT_3D ( 'NONE', #4073, #3589, #592 ) ;
#4576 = EDGE_LOOP ( 'NONE', ( #4184, #2997 ) ) ;
#4577 = DIRECTION ( 'NONE',  ( -0.0000000000000000000, -1.639108796198557900E-016, 1.000000000000000000 ) ) ;
#4578 = ORIENTED_EDGE ( 'NONE', *, *, #5356, .F. ) ;
#4579 = AXIS2_PLACEMENT_3D ( 'NONE', #93, #2105, #2561 ) ;
#4580 = DIRECTION ( 'NONE',  ( 0.8660254037844344900, -0.5000000000000069900, 0.0000000000000000000 ) ) ;
#4581 = CARTESIAN_POINT ( 'NONE',  ( -0.5773502691896287300, -0.3333333333333278200, 0.2708333333333334800 ) ) ;
#4582 = ORIENTED_EDGE ( 'NONE', *, *, #5891, .T. ) ;
#4583 = DIRECTION ( 'NONE',  ( 0.0000000000000000000, 0.0000000000000000000, 1.000000000000000000 ) ) ;
#4584 = AXIS2_PLACEMENT_3D ( 'NONE', #4935, #1412, #4445 ) ;
#4585 = DIRECTION ( 'NONE',  ( 0.0000000000000000000, 0.0000000000000000000, 1.000000000000000000 ) ) ;
#4586 = ORIENTED_EDGE ( 'NONE', *, *, #5530, .F. ) ;
#4587 = ADVANCED_FACE ( 'NONE', ( #121 ), #4803, .T. ) ;
#4588 = CARTESIAN_POINT ( 'NONE',  ( 0.1826077574255252600, 0.6412545191395606600, 0.2708333333333334800 ) ) ;
#4589 = DIRECTION ( 'NONE',  ( 0.0000000000000000000, 0.0000000000000000000, 1.000000000000000000 ) ) ;
#4590 = PLANE ( 'NONE',  #1271 ) ;
#4591 = ORIENTED_EDGE ( 'NONE', *, *, #5620, .T. ) ;
#4592 = CARTESIAN_POINT ( 'NONE',  ( 0.5008673033404683600, -0.5008673033404736900, 0.2291666666666667700 ) ) ;
#4593 = EDGE_CURVE ( 'NONE', #168, #1602, #6084, .T. ) ;
#4594 = ORIENTED_EDGE ( 'NONE', *, *, #5713, .F. ) ;
#4595 = PLANE ( 'NONE',  #6336 ) ;
#4596 = DIRECTION ( 'NONE',  ( 0.9659258262890704200, 0.2588190451025130200, 0.0000000000000000000 ) ) ;
#4597 = CIRCLE ( 'NONE', #729, 0.01041666666666661200 ) ;
#4598 = ORIENTED_EDGE ( 'NONE', *, *, #6101, .T. ) ;
#4599 = CARTESIAN_POINT ( 'NONE',  ( 0.0000000000000000000, -0.6458333333333343700, 0.3125000000000000000 ) ) ;
#4600 = ORIENTED_EDGE ( 'NONE', *, *, #1340, .F. ) ;
#4601 = CARTESIAN_POINT ( 'NONE',  ( -0.6666666666666666300, -0.01041666666665963000, 0.2708333333333334800 ) ) ;
#4602 = FACE_OUTER_BOUND ( 'NONE', #1038, .T. ) ;
#4603 = ORIENTED_EDGE ( 'NONE', *, *, #6043, .T. ) ;
#4604 = EDGE_CURVE ( 'NONE', #657, #2939, #2765, .T. ) ;
#4605 = CARTESIAN_POINT ( 'NONE',  ( -0.3423544312894257800, -0.5721419358562894700, 0.2708333333333334800 ) ) ;
#4606 = AXIS2_PLACEMENT_3D ( 'NONE', #5876, #2865, #6013 ) ;
#4607 = CARTESIAN_POINT ( 'NONE',  ( 0.6439505508593780200, -0.1725460300683497900, -0.2291666666666666300 ) ) ;
#4608 = CIRCLE ( 'NONE', #1949, 0.01041666666666661200 ) ;
#4609 = VERTEX_POINT ( 'NONE', #3143 ) ;
#4610 = ORIENTED_EDGE ( 'NONE', *, *, #6309, .F. ) ;
#4611 = CARTESIAN_POINT ( 'NONE',  ( 0.6666666666666665200, -2.327654225895421700E-015, 0.2291666666666667700 ) ) ;
#4612 = DIRECTION ( 'NONE',  ( -0.8660254037844414800, -0.4999999999999951700, 0.0000000000000000000 ) ) ;
#4613 = DIRECTION ( 'NONE',  ( 1.311287036958853100E-014, 1.000000000000000000, 0.0000000000000000000 ) ) ;
#4614 = AXIS2_PLACEMENT_3D ( 'NONE', #2928, #5865, #6455 ) ;
#4615 = CIRCLE ( 'NONE', #5723, 0.01041666666666661100 ) ;
#4616 = AXIS2_PLACEMENT_3D ( 'NONE', #6213, #704, #243 ) ;
#4617 = DIRECTION ( 'NONE',  ( 0.0000000000000000000, 0.0000000000000000000, 1.000000000000000000 ) ) ;
#4618 = DIRECTION ( 'NONE',  ( 0.0000000000000000000, 0.0000000000000000000, 1.000000000000000000 ) ) ;
#4619 = ADVANCED_FACE ( 'NONE', ( #2073 ), #902, .T. ) ;
#4620 = AXIS2_PLACEMENT_3D ( 'NONE', #3666, #2131, #5637 ) ;
#4621 = DIRECTION ( 'NONE',  ( 0.9659258262890717500, 0.2588190451025080300, 0.0000000000000000000 ) ) ;
#4622 = FACE_OUTER_BOUND ( 'NONE', #594, .T. ) ;
#4623 = MANIFOLD_SOLID_BREP ( 'CirPattern1[11]', #5384 ) ;
#4624 = FACE_OUTER_BOUND ( 'NONE', #761, .T. ) ;
#4625 = DATE_AND_TIME ( #486, #4546 ) ;
#4626 = EDGE_LOOP ( 'NONE', ( #4414, #4790, #3531, #6318 ) ) ;
#4627 = CIRCLE ( 'NONE', #740, 0.01041666666666661200 ) ;
#4628 = DIRECTION ( 'NONE',  ( 0.0000000000000000000, 0.0000000000000000000, 1.000000000000000000 ) ) ;
#4629 = EDGE_CURVE ( 'NONE', #2490, #1160, #1437, .T. ) ;
#4630 = CYLINDRICAL_SURFACE ( 'NONE', #4910, 0.04166666666666672000 ) ;
#4631 = DIRECTION ( 'NONE',  ( -0.0000000000000000000, -0.0000000000000000000, 1.000000000000000000 ) ) ;
#4632 = AXIS2_PLACEMENT_3D ( 'NONE', #6193, #2709, #207 ) ;
#4633 = VERTEX_POINT ( 'NONE', #5676 ) ;
#4634 = FACE_OUTER_BOUND ( 'NONE', #915, .T. ) ;
#4635 = CARTESIAN_POINT ( 'NONE',  ( 0.3333333333333298700, -0.5773502691896276200, 0.2291666666666667700 ) ) ;
#4636 = CARTESIAN_POINT ( 'NONE',  ( -0.4419417382415859500, 0.5008673033404764700, -0.2291666666666666300 ) ) ;
#4637 = VERTEX_POINT ( 'NONE', #210 ) ;
#4638 = DIRECTION ( 'NONE',  ( -0.0000000000000000000, -1.639108796198557900E-016, 1.000000000000000000 ) ) ;
#4639 = LINE ( 'NONE', #5619, #2526 ) ;
#4640 = VERTEX_POINT ( 'NONE', #2666 ) ;
#4641 = DIRECTION ( 'NONE',  ( 0.0000000000000000000, -1.000000000000000000, -1.586234318901829100E-016 ) ) ;
#4642 = ORIENTED_EDGE ( 'NONE', *, *, #5708, .T. ) ;
#4643 = ORIENTED_EDGE ( 'NONE', *, *, #963, .T. ) ;
#4644 = DIRECTION ( 'NONE',  ( -0.0000000000000000000, -0.0000000000000000000, 1.000000000000000000 ) ) ;
#4645 = LINE ( 'NONE', #6503, #2618 ) ;
#4646 = VERTEX_POINT ( 'NONE', #1661 ) ;
#4647 = ORIENTED_EDGE ( 'NONE', *, *, #624, .T. ) ;
#4648 = ORIENTED_EDGE ( 'NONE', *, *, #1589, .T. ) ;
#4649 = ORIENTED_EDGE ( 'NONE', *, *, #1706, .T. ) ;
#4650 = EDGE_CURVE ( 'NONE', #1854, #3237, #6475, .T. ) ;
#4651 = CIRCLE ( 'NONE', #5375, 0.04166666666666672000 ) ;
#4652 = ADVANCED_FACE ( 'NONE', ( #6320 ), #4201, .F. ) ;
#4653 = PLANE ( 'NONE',  #5092 ) ;
#4654 = CARTESIAN_POINT ( 'NONE',  ( 0.0000000000000000000, 0.6666666666666665200, 0.2291666666666667700 ) ) ;
#4655 = ORIENTED_EDGE ( 'NONE', *, *, #2124, .T. ) ;
#4656 = CARTESIAN_POINT ( 'NONE',  ( 0.6841974602880904800, 0.1833301569476168700, -0.2291666666666666300 ) ) ;
#4657 = VERTEX_POINT ( 'NONE', #2644 ) ;
#4658 = ORIENTED_EDGE ( 'NONE', *, *, #4927, .T. ) ;
#4659 = AXIS2_PLACEMENT_3D ( 'NONE', #5031, #2627, #3553 ) ;
#4660 = CARTESIAN_POINT ( 'NONE',  ( -0.1725460300683520100, -0.6439505508593773600, 0.2291666666666667700 ) ) ;
#4661 = CARTESIAN_POINT ( 'NONE',  ( -0.6412545191395625500, -0.1826077574255185200, -0.2708333333333335400 ) ) ;
#4662 = DIRECTION ( 'NONE',  ( 0.0000000000000000000, -1.000000000000000000, -2.114979091869105600E-016 ) ) ;
#4663 = AXIS2_PLACEMENT_3D ( 'NONE', #1029, #4519, #2451 ) ;
#4664 = ORIENTED_EDGE ( 'NONE', *, *, #783, .T. ) ;
#4665 = CARTESIAN_POINT ( 'NONE',  ( -0.01041666666667126700, -0.6666666666666663000, 0.2708333333333334800 ) ) ;
#4666 = DIRECTION ( 'NONE',  ( -1.000000000000000000, 6.556435184794223000E-015, 0.0000000000000000000 ) ) ;
#4667 = AXIS2_PLACEMENT_3D ( 'NONE', #393, #1407, #3903 ) ;
#4668 = CARTESIAN_POINT ( 'NONE',  ( 0.4787702164283889600, -0.4640388251536742300, 0.2291666666666667700 ) ) ;
#4669 = ORIENTED_EDGE ( 'NONE', *, *, #2856, .T. ) ;
#4670 = DIRECTION ( 'NONE',  ( 0.0000000000000000000, 0.0000000000000000000, 1.000000000000000000 ) ) ;
#4671 = DIRECTION ( 'NONE',  ( -0.4999999999999919000, 0.8660254037844431500, 0.0000000000000000000 ) ) ;
#4672 = DIRECTION ( 'NONE',  ( -0.4999999999999943900, 0.8660254037844420400, 0.0000000000000000000 ) ) ;
#4673 = CYLINDRICAL_SURFACE ( 'NONE', #4831, 0.04166666666666673400 ) ;
#4674 = EDGE_CURVE ( 'NONE', #3098, #6459, #1676, .T. ) ;
#4675 = DIRECTION ( 'NONE',  ( 0.9659258262890717500, 0.2588190451025080300, 0.0000000000000000000 ) ) ;
#4676 = AXIS2_PLACEMENT_3D ( 'NONE', #3030, #1077, #2078 ) ;
#4677 = EDGE_LOOP ( 'NONE', ( #3681, #855 ) ) ;
#4678 = EDGE_CURVE ( 'NONE', #1499, #4356, #672, .T. ) ;
#4679 = VECTOR ( 'NONE', #3331, 39.37007874015748100 ) ;
#4680 = EDGE_LOOP ( 'NONE', ( #4507, #4434 ) ) ;
#4681 = CARTESIAN_POINT ( 'NONE',  ( -0.4714045207910257900, 0.4714045207910372800, 0.2708333333333334800 ) ) ;
#4682 = ADVANCED_FACE ( 'NONE', ( #4489 ), #6326, .F. ) ;
#4683 = LINE ( 'NONE', #2338, #3188 ) ;
#4684 = DIRECTION ( 'NONE',  ( 1.000000000000000000, 0.0000000000000000000, 0.0000000000000000000 ) ) ;
#4685 = ORIENTED_EDGE ( 'NONE', *, *, #5607, .F. ) ;
#4686 = EDGE_CURVE ( 'NONE', #4099, #4640, #590, .T. ) ;
#4687 = DIRECTION ( 'NONE',  ( 0.8660254037844463700, 0.4999999999999865700, 0.0000000000000000000 ) ) ;
#4688 = MANIFOLD_SOLID_BREP ( 'Revolve2', #1981 ) ;
#4689 = LINE ( 'NONE', #5949, #3042 ) ;
#4690 = EDGE_CURVE ( 'NONE', #6070, #1674, #4407, .T. ) ;
#4691 = CARTESIAN_POINT ( 'NONE',  ( -0.3694177251576777900, 0.5565169358562969100, 0.2291666666666667700 ) ) ;
#4692 = DIRECTION ( 'NONE',  ( 0.0000000000000000000, 0.0000000000000000000, 1.000000000000000000 ) ) ;
#4693 = AXIS2_PLACEMENT_3D ( 'NONE', #6138, #5225, #3204 ) ;
#4694 = DIRECTION ( 'NONE',  ( 0.0000000000000000000, -1.000000000000000000, -1.639108796198557900E-016 ) ) ;
#4695 = LINE ( 'NONE', #4064, #4066 ) ;
#4696 = DIRECTION ( 'NONE',  ( 0.0000000000000000000, 0.0000000000000000000, 1.000000000000000000 ) ) ;
#4697 = DIRECTION ( 'NONE',  ( 0.0000000000000000000, 0.0000000000000000000, 1.000000000000000000 ) ) ;
#4699 = AXIS2_PLACEMENT_3D ( 'NONE', #532, #2540, #5039 ) ;
#4698 = DIRECTION ( 'NONE',  ( 0.0000000000000000000, 0.0000000000000000000, 1.000000000000000000 ) ) ;
#4700 = ORIENTED_EDGE ( 'NONE', *, *, #454, .F. ) ;
#4701 = CC_DESIGN_PERSON_AND_ORGANIZATION_ASSIGNMENT ( #96, #420, ( #6331 ) ) ;
#4702 = CARTESIAN_POINT ( 'NONE',  ( -0.1322991206396408300, -0.6547346777386493500, 0.2291666666666667700 ) ) ;
#4703 = CARTESIAN_POINT ( 'NONE',  ( 0.3333333333333339300, 0.5773502691896251800, -0.2291666666666666300 ) ) ;
#4704 = CIRCLE ( 'NONE', #1522, 0.01041666666666661100 ) ;
#4705 = AXIS2_PLACEMENT_3D ( 'NONE', #2821, #5365, #5837 ) ;
#4706 = CIRCLE ( 'NONE', #1343, 0.04166666666666673400 ) ;
#4707 = CYLINDRICAL_SURFACE ( 'NONE', #519, 0.01041666666666662600 ) ;
#4708 = DIRECTION ( 'NONE',  ( 0.2588190451025111900, -0.9659258262890708700, 0.0000000000000000000 ) ) ;
#4709 = ORIENTED_EDGE ( 'NONE', *, *, #115, .F. ) ;
#4710 = CIRCLE ( 'NONE', #6452, 0.01041666666666661100 ) ;
#4711 = VERTEX_POINT ( 'NONE', #5358 ) ;
#4712 = ORIENTED_EDGE ( 'NONE', *, *, #1681, .T. ) ;
#4713 = VECTOR ( 'NONE', #5695, 39.37007874015748100 ) ;
#4714 = VERTEX_POINT ( 'NONE', #4316 ) ;
#4715 = ADVANCED_FACE ( 'NONE', ( #5678 ), #5859, .F. ) ;
#4716 = DIRECTION ( 'NONE',  ( 0.0000000000000000000, 0.0000000000000000000, 1.000000000000000000 ) ) ;
#4717 = FACE_OUTER_BOUND ( 'NONE', #1453, .T. ) ;
#4718 = EDGE_CURVE ( 'NONE', #2186, #2750, #505, .T. ) ;
#4719 = PLANE ( 'NONE',  #4404 ) ;
#4720 = ORIENTED_EDGE ( 'NONE', *, *, #4807, .T. ) ;
#4721 = FACE_BOUND ( 'NONE', #1756, .T. ) ;
#4722 = VERTEX_POINT ( 'NONE', #3790 ) ;
#4723 = CARTESIAN_POINT ( 'NONE',  ( 0.0000000000000000000, -4.884202731672494200E-016, 0.2974999999999999900 ) ) ;
#4724 = DIRECTION ( 'NONE',  ( -0.4999999999999943900, 0.8660254037844420400, 0.0000000000000000000 ) ) ;
#4725 = EDGE_LOOP ( 'NONE', ( #5207, #4001, #1509, #4254 ) ) ;
#4726 = DIRECTION ( 'NONE',  ( -0.2588190451025261200, -0.9659258262890668700, 0.0000000000000000000 ) ) ;
#4727 = ORIENTED_EDGE ( 'NONE', *, *, #4056, .T. ) ;
#4728 = ORIENTED_EDGE ( 'NONE', *, *, #1303, .F. ) ;
#4729 = DIRECTION ( 'NONE',  ( 0.0000000000000000000, 0.0000000000000000000, 1.000000000000000000 ) ) ;
#4730 = VECTOR ( 'NONE', #2297, 39.37007874015748100 ) ;
#4731 = PLANE ( 'NONE',  #3971 ) ;
#4732 = VERTEX_POINT ( 'NONE', #5790 ) ;
#4733 = EDGE_LOOP ( 'NONE', ( #4594, #2913 ) ) ;
#4734 = DIRECTION ( 'NONE',  ( -0.9659258262890704200, -0.2588190451025130200, 0.0000000000000000000 ) ) ;
#4735 = CARTESIAN_POINT ( 'NONE',  ( 0.6666666666666665200, -0.01041666666666894000, 0.2708333333333334800 ) ) ;
#4736 = EDGE_CURVE ( 'NONE', #3815, #844, #4889, .T. ) ;
#4737 = EDGE_LOOP ( 'NONE', ( #928, #5113 ) ) ;
#4738 = AXIS2_PLACEMENT_3D ( 'NONE', #6165, #2589, #3132 ) ;
#4739 = VERTEX_POINT ( 'NONE', #5313 ) ;
#4740 = EDGE_LOOP ( 'NONE', ( #6306, #1625, #703, #5319 ) ) ;
#4741 = ORIENTED_EDGE ( 'NONE', *, *, #1546, .F. ) ;
#4742 = DIRECTION ( 'NONE',  ( 0.0000000000000000000, 0.0000000000000000000, 1.000000000000000000 ) ) ;
#4743 = DIRECTION ( 'NONE',  ( -0.4999999999999943900, 0.8660254037844420400, 0.0000000000000000000 ) ) ;
#4744 = AXIS2_PLACEMENT_3D ( 'NONE', #5217, #230, #1710 ) ;
#4745 = VERTEX_POINT ( 'NONE', #6347 ) ;
#4746 = DIRECTION ( 'NONE',  ( 0.0000000000000000000, 1.000000000000000000, 1.639108796198557900E-016 ) ) ;
#4747 = CARTESIAN_POINT ( 'NONE',  ( 0.1725460300683475100, 0.6439505508593785800, 0.2291666666666667700 ) ) ;
#4748 = DIRECTION ( 'NONE',  ( 0.0000000000000000000, 0.0000000000000000000, 1.000000000000000000 ) ) ;
#4749 = CARTESIAN_POINT ( 'NONE',  ( -0.5721419358562954700, -0.3423544312894157300, -0.2708333333333335400 ) ) ;
#4750 = CARTESIAN_POINT ( 'NONE',  ( 9.184850993605154600E-017, 0.7499999999999998900, 0.2975000000000001500 ) ) ;
#4751 = ADVANCED_FACE ( 'NONE', ( #3463 ), #2228, .F. ) ;
#4752 = CIRCLE ( 'NONE', #670, 0.04166666666666672000 ) ;
#4753 = AXIS2_PLACEMENT_3D ( 'NONE', #6357, #324, #5889 ) ;
#4754 = ORIENTED_EDGE ( 'NONE', *, *, #3577, .F. ) ;
#4755 = CARTESIAN_POINT ( 'NONE',  ( -0.6439505508593803600, -0.1725460300683407700, -0.2291666666666666300 ) ) ;
#4756 = FACE_OUTER_BOUND ( 'NONE', #3413, .T. ) ;
#4757 = EDGE_CURVE ( 'NONE', #6476, #997, #3547, .T. ) ;
#4758 = EDGE_LOOP ( 'NONE', ( #4649, #849, #5526, #661 ) ) ;
#4759 = CARTESIAN_POINT ( 'NONE',  ( 0.0000000000000000000, -4.908789363615472900E-016, 0.3125000000000000000 ) ) ;
#4760 = VECTOR ( 'NONE', #953, 39.37007874015748100 ) ;
#4761 = ORIENTED_EDGE ( 'NONE', *, *, #2100, .T. ) ;
#4762 = CARTESIAN_POINT ( 'NONE',  ( -0.3333333333333379800, -0.5773502691896228400, 0.2708333333333334800 ) ) ;
#4763 = VECTOR ( 'NONE', #2836, 39.37007874015748100 ) ;
#4764 = ORIENTED_EDGE ( 'NONE', *, *, #5243, .F. ) ;
#4765 = DIRECTION ( 'NONE',  ( 0.5000000000000097700, 0.8660254037844330500, 0.0000000000000000000 ) ) ;
#4766 = DIRECTION ( 'NONE',  ( 0.9659258262890680900, -0.2588190451025211300, 0.0000000000000000000 ) ) ;
#4767 = DIRECTION ( 'NONE',  ( -0.9659258262890704200, -0.2588190451025130200, 0.0000000000000000000 ) ) ;
#4768 = CIRCLE ( 'NONE', #1698, 0.04166666666666672000 ) ;
#4769 = EDGE_CURVE ( 'NONE', #844, #3815, #3084, .T. ) ;
#4770 = DIRECTION ( 'NONE',  ( -1.000000000000000000, 1.311287036958853100E-014, 0.0000000000000000000 ) ) ;
#4771 = FACE_BOUND ( 'NONE', #3485, .T. ) ;
#4772 = EDGE_CURVE ( 'NONE', #899, #337, #5280, .T. ) ;
#4773 = LINE ( 'NONE', #6405, #5484 ) ;
#4774 = ADVANCED_FACE ( 'NONE', ( #5508, #5918 ), #5769, .F. ) ;
#4775 = DIRECTION ( 'NONE',  ( -0.4999999999999979500, 0.8660254037844397100, 0.0000000000000000000 ) ) ;
#4776 = CARTESIAN_POINT ( 'NONE',  ( -0.6412545191395625500, -0.1826077574255185200, -0.2291666666666666300 ) ) ;
#4777 = AXIS2_PLACEMENT_3D ( 'NONE', #4635, #5658, #4612 ) ;
#4779 = CIRCLE ( 'NONE', #2399, 0.04166666666666673400 ) ;
#4778 = CARTESIAN_POINT ( 'NONE',  ( 0.3423544312894217800, 0.5721419358562919200, 0.2291666666666667700 ) ) ;
#4780 = DIRECTION ( 'NONE',  ( 0.0000000000000000000, -1.000000000000000000, -1.586234318901829300E-016 ) ) ;
#4782 = AXIS2_PLACEMENT_3D ( 'NONE', #5053, #5001, #6493 ) ;
#4781 = APPROVAL_DATE_TIME ( #1889, #693 ) ;
#4783 = EDGE_LOOP ( 'NONE', ( #2459, #5929, #3314, #347 ) ) ;
#4784 = CARTESIAN_POINT ( 'NONE',  ( -0.3333333333333379800, -0.5773502691896228400, 0.2708333333333334800 ) ) ;
#4785 = CIRCLE ( 'NONE', #1861, 0.04166666666666672000 ) ;
#4786 = AXIS2_PLACEMENT_3D ( 'NONE', #4991, #4948, #1994 ) ;
#4787 = LINE ( 'NONE', #911, #6463 ) ;
#4788 = CARTESIAN_POINT ( 'NONE',  ( -0.7083333333333331500, 7.419397845041656800E-015, -0.2291666666666666300 ) ) ;
#4789 = CARTESIAN_POINT ( 'NONE',  ( 0.5773502691896241800, -0.3333333333333359800, -0.2291666666666666300 ) ) ;
#4790 = ORIENTED_EDGE ( 'NONE', *, *, #3424, .F. ) ;
#4791 = FACE_OUTER_BOUND ( 'NONE', #2694, .T. ) ;
#4792 = AXIS2_PLACEMENT_3D ( 'NONE', #5702, #3676, #5738 ) ;
#4793 = VERTEX_POINT ( 'NONE', #5446 ) ;
#4794 = CARTESIAN_POINT ( 'NONE',  ( 9.184850993605157100E-017, 0.7500000000000001100, -0.2975000000000001500 ) ) ;
#4795 = CARTESIAN_POINT ( 'NONE',  ( -0.6841974602880917000, -0.1833301569476120400, 0.2291666666666667700 ) ) ;
#4796 = VECTOR ( 'NONE', #3005, 39.37007874015748100 ) ;
#4797 = VERTEX_POINT ( 'NONE', #3851 ) ;
#4798 = CARTESIAN_POINT ( 'NONE',  ( 0.4787702164283921800, 0.4640388251536709500, -0.2291666666666666300 ) ) ;
#4799 = EDGE_CURVE ( 'NONE', #72, #5291, #743, .T. ) ;
#4800 = ORIENTED_EDGE ( 'NONE', *, *, #3881, .F. ) ;
#4801 = EDGE_CURVE ( 'NONE', #2622, #2719, #2221, .T. ) ;
#4802 = ORIENTED_EDGE ( 'NONE', *, *, #4353, .T. ) ;
#4803 = CYLINDRICAL_SURFACE ( 'NONE', #2197, 0.04166666666666673400 ) ;
#4804 = DIRECTION ( 'NONE',  ( -0.8660254037844346000, 0.5000000000000071100, 0.0000000000000000000 ) ) ;
#4805 = DIRECTION ( 'NONE',  ( -0.2588190451025130200, 0.9659258262890704200, 0.0000000000000000000 ) ) ;
#4806 = ORIENTED_EDGE ( 'NONE', *, *, #4353, .F. ) ;
#4807 = EDGE_CURVE ( 'NONE', #6476, #1284, #1904, .T. ) ;
#4808 = CARTESIAN_POINT ( 'NONE',  ( -0.4714045207910257900, 0.4714045207910372800, -0.2708333333333335400 ) ) ;
#4809 = VERTEX_POINT ( 'NONE', #2440 ) ;
#4810 = ORIENTED_EDGE ( 'NONE', *, *, #6215, .F. ) ;
#4811 = VERTEX_POINT ( 'NONE', #383 ) ;
#4812 = CYLINDRICAL_SURFACE ( 'NONE', #229, 0.01041666666666659100 ) ;
#4813 = ORIENTED_EDGE ( 'NONE', *, *, #5270, .T. ) ;
#4814 = DIRECTION ( 'NONE',  ( -0.0000000000000000000, -1.639108796198557900E-016, 1.000000000000000000 ) ) ;
#4815 = ORIENTED_EDGE ( 'NONE', *, *, #134, .T. ) ;
#4816 = ORIENTED_EDGE ( 'NONE', *, *, #468, .F. ) ;
#4817 = DIRECTION ( 'NONE',  ( 0.9659258262890717500, 0.2588190451025080300, 0.0000000000000000000 ) ) ;
#4818 = ADVANCED_FACE ( 'NONE', ( #4559 ), #961, .T. ) ;
#4819 = EDGE_CURVE ( 'NONE', #2101, #5867, #2299, .T. ) ;
#4820 = DIRECTION ( 'NONE',  ( -0.0000000000000000000, 0.0000000000000000000, -1.000000000000000000 ) ) ;
#4821 = CARTESIAN_POINT ( 'NONE',  ( -0.5773502691896217300, 0.3333333333333399800, 0.2708333333333334800 ) ) ;
#4822 = EDGE_CURVE ( 'NONE', #994, #5926, #6313, .T. ) ;
#4823 = VERTEX_POINT ( 'NONE', #2895 ) ;
#4824 = AXIS2_PLACEMENT_3D ( 'NONE', #2485, #2023, #6009 ) ;
#4825 = ADVANCED_FACE ( 'NONE', ( #6241 ), #582, .F. ) ;
#4826 = CARTESIAN_POINT ( 'NONE',  ( 0.6841974602880892500, -0.1833301569476216400, 0.2291666666666667700 ) ) ;
#4827 = ORIENTED_EDGE ( 'NONE', *, *, #3252, .T. ) ;
#4828 = PLANE ( 'NONE',  #2940 ) ;
#4829 = DIRECTION ( 'NONE',  ( 0.8660254037844449200, 0.4999999999999887900, 0.0000000000000000000 ) ) ;
#4830 = ORIENTED_EDGE ( 'NONE', *, *, #5830, .T. ) ;
#4831 = AXIS2_PLACEMENT_3D ( 'NONE', #4838, #3833, #3382 ) ;
#4832 = AXIS2_PLACEMENT_3D ( 'NONE', #4933, #936, #3416 ) ;
#4833 = CARTESIAN_POINT ( 'NONE',  ( 0.6331664239801077000, 0.2127929394970565200, 0.2291666666666667700 ) ) ;
#4834 = CIRCLE ( 'NONE', #4244, 0.04166666666666672000 ) ;
#4835 = PLANE ( 'NONE',  #5297 ) ;
#4836 = AXIS2_PLACEMENT_3D ( 'NONE', #517, #3994, #581 ) ;
#4837 = ORIENTED_EDGE ( 'NONE', *, *, #2173, .F. ) ;
#4838 = CARTESIAN_POINT ( 'NONE',  ( -0.4714045207910356200, -0.4714045207910274600, 0.2291666666666667700 ) ) ;
#4839 = DIRECTION ( 'NONE',  ( -0.7071067811865507900, -0.7071067811865442400, 0.0000000000000000000 ) ) ;
#4840 = VECTOR ( 'NONE', #4918, 39.37007874015748100 ) ;
#4841 = DIRECTION ( 'NONE',  ( 0.9659258262890704200, 0.2588190451025130200, 0.0000000000000000000 ) ) ;
#4842 = ORIENTED_EDGE ( 'NONE', *, *, #1164, .T. ) ;
#4843 = CARTESIAN_POINT ( 'NONE',  ( 0.6666666666666665200, -2.327654225895421700E-015, -0.2708333333333335400 ) ) ;
#4844 = CARTESIAN_POINT ( 'NONE',  ( -0.6547346777386489100, 0.1322991206396431400, 0.2291666666666667700 ) ) ;
#4845 = EDGE_CURVE ( 'NONE', #1674, #6070, #5273, .T. ) ;
#4846 = CYLINDRICAL_SURFACE ( 'NONE', #4632, 0.01041666666666663700 ) ;
#4847 = VERTEX_POINT ( 'NONE', #3890 ) ;
#4848 = ADVANCED_FACE ( 'NONE', ( #4882 ), #269, .T. ) ;
#4849 = CARTESIAN_POINT ( 'NONE',  ( 0.2127929394970587400, 0.6331664239801068100, -0.2291666666666666300 ) ) ;
#4850 = DIRECTION ( 'NONE',  ( -0.5000000000000071100, -0.8660254037844346000, 0.0000000000000000000 ) ) ;
#4851 = CIRCLE ( 'NONE', #5812, 0.01041666666666662600 ) ;
#4852 = DIRECTION ( 'NONE',  ( 0.0000000000000000000, 0.0000000000000000000, 1.000000000000000000 ) ) ;
#4853 = DIRECTION ( 'NONE',  ( -0.5000000000000071100, -0.8660254037844346000, 0.0000000000000000000 ) ) ;
#4854 = ADVANCED_FACE ( 'NONE', ( #5044 ), #3919, .T. ) ;
#4855 = DIRECTION ( 'NONE',  ( 0.0000000000000000000, -1.000000000000000000, -1.446272467234021100E-016 ) ) ;
#4856 = DIRECTION ( 'NONE',  ( -0.4999999999999943900, 0.8660254037844420400, 0.0000000000000000000 ) ) ;
#4857 = CIRCLE ( 'NONE', #1692, 0.04166666666666670600 ) ;
#4858 = EDGE_CURVE ( 'NONE', #2539, #2948, #5587, .T. ) ;
#4859 = FACE_BOUND ( 'NONE', #1518, .T. ) ;
#4860 = CARTESIAN_POINT ( 'NONE',  ( -0.4419417382415963800, -0.5008673033404672500, 0.2291666666666667700 ) ) ;
#4861 = DIRECTION ( 'NONE',  ( 0.0000000000000000000, -1.000000000000000000, 0.0000000000000000000 ) ) ;
#4862 = VERTEX_POINT ( 'NONE', #3438 ) ;
#4863 = EDGE_CURVE ( 'NONE', #4609, #5961, #6394, .T. ) ;
#4864 = CIRCLE ( 'NONE', #2707, 0.01041666666666661200 ) ;
#4865 = PLANE ( 'NONE',  #3648 ) ;
#4866 = FACE_OUTER_BOUND ( 'NONE', #5236, .T. ) ;
#4867 = AXIS2_PLACEMENT_3D ( 'NONE', #5884, #4386, #3407 ) ;
#4868 = ORIENTED_EDGE ( 'NONE', *, *, #388, .F. ) ;
#4869 = CARTESIAN_POINT ( 'NONE',  ( 0.4714045207910290700, -0.4714045207910340100, -0.2708333333333335400 ) ) ;
#4870 = AXIS2_PLACEMENT_3D ( 'NONE', #838, #812, #1261 ) ;
#4871 = LINE ( 'NONE', #5388, #732 ) ;
#4872 = CARTESIAN_POINT ( 'NONE',  ( -0.3333333333333258800, 0.5773502691896298400, 0.2291666666666667700 ) ) ;
#4873 = DIRECTION ( 'NONE',  ( 0.0000000000000000000, 0.0000000000000000000, -1.000000000000000000 ) ) ;
#4874 = VERTEX_POINT ( 'NONE', #1472 ) ;
#4875 = AXIS2_PLACEMENT_3D ( 'NONE', #4280, #3290, #252 ) ;
#4876 = FACE_OUTER_BOUND ( 'NONE', #5435, .T. ) ;
#4877 = ORIENTED_EDGE ( 'NONE', *, *, #124, .T. ) ;
#4878 = CARTESIAN_POINT ( 'NONE',  ( 0.0000000000000000000, -4.908789363615472900E-016, 0.3125000000000000000 ) ) ;
#4879 = FACE_OUTER_BOUND ( 'NONE', #4725, .T. ) ;
#4880 = AXIS2_PLACEMENT_3D ( 'NONE', #2520, #2065, #583 ) ;
#4881 = VERTEX_POINT ( 'NONE', #2359 ) ;
#4882 = FACE_OUTER_BOUND ( 'NONE', #5137, .T. ) ;
#4883 = ORIENTED_EDGE ( 'NONE', *, *, #3800, .T. ) ;
#4884 = ORIENTED_EDGE ( 'NONE', *, *, #1058, .T. ) ;
#4885 = CARTESIAN_POINT ( 'NONE',  ( -0.1725460300683385200, 0.6439505508593810200, 0.2291666666666667700 ) ) ;
#4886 = CARTESIAN_POINT ( 'NONE',  ( -0.3333333333333379800, -0.5773502691896228400, 0.2291666666666667700 ) ) ;
#4887 = ORIENTED_EDGE ( 'NONE', *, *, #4510, .F. ) ;
#4888 = VERTEX_POINT ( 'NONE', #3506 ) ;
#4889 = CIRCLE ( 'NONE', #2976, 0.6458333333333337000 ) ;
#4890 = VERTEX_POINT ( 'NONE', #4052 ) ;
#4891 = EDGE_CURVE ( 'NONE', #2918, #4418, #1429, .T. ) ;
#4892 = ORIENTED_EDGE ( 'NONE', *, *, #573, .F. ) ;
#4893 = ADVANCED_FACE ( 'NONE', ( #6075 ), #5756, .T. ) ;
#4894 = VERTEX_POINT ( 'NONE', #3027 ) ;
#4895 = CARTESIAN_POINT ( 'NONE',  ( -0.5773502691896287300, -0.3333333333333278200, 0.2291666666666667700 ) ) ;
#4896 = DIRECTION ( 'NONE',  ( 0.0000000000000000000, -0.0000000000000000000, -1.000000000000000000 ) ) ;
#4897 = ORIENTED_EDGE ( 'NONE', *, *, #5485, .F. ) ;
#4898 = DIRECTION ( 'NONE',  ( -0.7071067811865442400, 0.7071067811865507900, 0.0000000000000000000 ) ) ;
#4899 = DIRECTION ( 'NONE',  ( 0.0000000000000000000, 0.0000000000000000000, 1.000000000000000000 ) ) ;
#4900 = ORIENTED_EDGE ( 'NONE', *, *, #3552, .F. ) ;
#4901 = DIRECTION ( 'NONE',  ( 0.0000000000000000000, 0.0000000000000000000, 1.000000000000000000 ) ) ;
#4902 = DIRECTION ( 'NONE',  ( 0.0000000000000000000, 0.0000000000000000000, 1.000000000000000000 ) ) ;
#4903 = CARTESIAN_POINT ( 'NONE',  ( -0.3541666666666587500, 0.6134346610139818100, 0.2291666666666667700 ) ) ;
#4904 = EDGE_CURVE ( 'NONE', #1495, #4268, #4087, .T. ) ;
#4905 = ORIENTED_EDGE ( 'NONE', *, *, #1719, .F. ) ;
#4906 = CARTESIAN_POINT ( 'NONE',  ( -0.6439505508593768000, 0.1725460300683542600, -0.2708333333333335400 ) ) ;
#4907 = CARTESIAN_POINT ( 'NONE',  ( -0.5825586025229551000, 0.3243122353772521800, -0.2708333333333335400 ) ) ;
#4908 = EDGE_CURVE ( 'NONE', #6052, #3466, #6158, .T. ) ;
#4909 = VECTOR ( 'NONE', #5059, 39.37007874015748100 ) ;
#4910 = AXIS2_PLACEMENT_3D ( 'NONE', #1322, #3838, #2369 ) ;
#4911 = ORIENTED_EDGE ( 'NONE', *, *, #4009, .F. ) ;
#4912 = CARTESIAN_POINT ( 'NONE',  ( 0.4714045207910290700, -0.4714045207910340100, -0.2291666666666666300 ) ) ;
#4913 = DIRECTION ( 'NONE',  ( 0.0000000000000000000, 0.0000000000000000000, 1.000000000000000000 ) ) ;
#4914 = FACE_OUTER_BOUND ( 'NONE', #6333, .T. ) ;
#4915 = AXIS2_PLACEMENT_3D ( 'NONE', #5937, #5557, #3560 ) ;
#4916 = ORIENTED_EDGE ( 'NONE', *, *, #2671, .F. ) ;
#4917 = EDGE_LOOP ( 'NONE', ( #2242, #3489, #1892, #4992 ) ) ;
#4918 = DIRECTION ( 'NONE',  ( 0.0000000000000000000, 0.0000000000000000000, 1.000000000000000000 ) ) ;
#4919 = CARTESIAN_POINT ( 'NONE',  ( 0.0000000000000000000, 0.7349999999999999900, 0.3125000000000001700 ) ) ;
#4920 = AXIS2_PLACEMENT_3D ( 'NONE', #2845, #6368, #905 ) ;
#4921 = CIRCLE ( 'NONE', #554, 0.01041666666666661200 ) ;
#4922 = ADVANCED_FACE ( 'NONE', ( #1511, #3540 ), #1564, .F. ) ;
#4923 = ORIENTED_EDGE ( 'NONE', *, *, #5472, .F. ) ;
#4924 = DIRECTION ( 'NONE',  ( 0.0000000000000000000, 0.0000000000000000000, 1.000000000000000000 ) ) ;
#4925 = PLANE ( 'NONE',  #3015 ) ;
#4926 = LINE ( 'NONE', #689, #318 ) ;
#4927 = EDGE_CURVE ( 'NONE', #1160, #2490, #892, .T. ) ;
#4928 = ORIENTED_EDGE ( 'NONE', *, *, #6358, .F. ) ;
#4929 = CARTESIAN_POINT ( 'NONE',  ( 0.3243122353772420200, -0.5825586025229608800, 0.2708333333333334800 ) ) ;
#4930 = EDGE_CURVE ( 'NONE', #1831, #3852, #111, .T. ) ;
#4931 = VECTOR ( 'NONE', #2714, 39.37007874015748100 ) ;
#4932 = DIRECTION ( 'NONE',  ( 0.9659258262890668700, -0.2588190451025261200, 0.0000000000000000000 ) ) ;
#4934 = FACE_OUTER_BOUND ( 'NONE', #473, .T. ) ;
#4933 = CARTESIAN_POINT ( 'NONE',  ( 0.4714045207910323400, 0.4714045207910307900, 0.2291666666666667700 ) ) ;
#4935 = CARTESIAN_POINT ( 'NONE',  ( 0.4714045207910290700, -0.4714045207910340100, 0.2291666666666667700 ) ) ;
#4936 = CARTESIAN_POINT ( 'NONE',  ( -0.6466465825791981600, -0.1624843027111629900, 0.2708333333333334800 ) ) ;
#4937 = TOROIDAL_SURFACE ( 'NONE', #3487, 0.7350000000000005400, 0.01499999999999999900 ) ;
#4938 = EDGE_CURVE ( 'NONE', #6477, #4159, #3221, .T. ) ;
#4939 = DIRECTION ( 'NONE',  ( 0.0000000000000000000, 0.0000000000000000000, 1.000000000000000000 ) ) ;
#4940 = FACE_OUTER_BOUND ( 'NONE', #3144, .T. ) ;
#4941 = DIRECTION ( 'NONE',  ( 0.0000000000000000000, 0.0000000000000000000, 1.000000000000000000 ) ) ;
#4942 = CARTESIAN_POINT ( 'NONE',  ( -0.1322991206396271200, 0.6547346777386522400, 0.2291666666666667700 ) ) ;
#4943 = EDGE_CURVE ( 'NONE', #447, #168, #4957, .T. ) ;
#4944 = ORIENTED_EDGE ( 'NONE', *, *, #1050, .F. ) ;
#4945 = VECTOR ( 'NONE', #5779, 39.37007874015748100 ) ;
#4946 = AXIS2_PLACEMENT_3D ( 'NONE', #956, #2942, #2418 ) ;
#4947 = VERTEX_POINT ( 'NONE', #5463 ) ;
#4948 = DIRECTION ( 'NONE',  ( 0.0000000000000000000, 0.0000000000000000000, 1.000000000000000000 ) ) ;
#4949 = CYLINDRICAL_SURFACE ( 'NONE', #1309, 0.01041666666666659100 ) ;
#4950 = DIRECTION ( 'NONE',  ( -0.0000000000000000000, -0.0000000000000000000, 1.000000000000000000 ) ) ;
#4951 = VECTOR ( 'NONE', #1127, 39.37007874015748100 ) ;
#4952 = ADVANCED_FACE ( 'NONE', ( #6467 ), #1048, .T. ) ;
#4953 = ORIENTED_EDGE ( 'NONE', *, *, #1164, .F. ) ;
#4954 = AXIS2_PLACEMENT_3D ( 'NONE', #4274, #1250, #3709 ) ;
#4955 = ADVANCED_FACE ( 'NONE', ( #4721, #3694 ), #65, .F. ) ;
#4956 = MANIFOLD_SOLID_BREP ( 'Revolve3', #3341 ) ;
#4957 = LINE ( 'NONE', #5527, #4796 ) ;
#4958 = AXIS2_PLACEMENT_3D ( 'NONE', #1145, #4716, #5155 ) ;
#4959 = VERTEX_POINT ( 'NONE', #4471 ) ;
#4960 = CARTESIAN_POINT ( 'NONE',  ( 0.0000000000000000000, 0.6666666666666665200, 0.2291666666666667700 ) ) ;
#4961 = VERTEX_POINT ( 'NONE', #3486 ) ;
#4962 = AXIS2_PLACEMENT_3D ( 'NONE', #1644, #2179, #2158 ) ;
#4963 = VERTEX_POINT ( 'NONE', #5026 ) ;
#4964 = CIRCLE ( 'NONE', #5899, 0.01041666666666661900 ) ;
#4965 = EDGE_LOOP ( 'NONE', ( #1374, #3461 ) ) ;
#4966 = ORIENTED_EDGE ( 'NONE', *, *, #53, .T. ) ;
#4967 = ORIENTED_EDGE ( 'NONE', *, *, #3176, .T. ) ;
#4968 = CARTESIAN_POINT ( 'NONE',  ( -0.3243122353772501200, -0.5825586025229562100, 0.2291666666666667700 ) ) ;
#4969 = ORIENTED_EDGE ( 'NONE', *, *, #3136, .T. ) ;
#4970 = LINE ( 'NONE', #5035, #1520 ) ;
#4971 = EDGE_LOOP ( 'NONE', ( #2373, #1729, #1444, #2454 ) ) ;
#4972 = EDGE_CURVE ( 'NONE', #755, #2437, #4165, .T. ) ;
#4973 = ORIENTED_EDGE ( 'NONE', *, *, #3298, .F. ) ;
#4975 = VECTOR ( 'NONE', #5078, 39.37007874015748100 ) ;
#4974 = AXIS2_PLACEMENT_3D ( 'NONE', #182, #4692, #3658 ) ;
#4976 = MANIFOLD_SOLID_BREP ( 'CirPattern1[37]', #1987 ) ;
#4977 = DIRECTION ( 'NONE',  ( 0.0000000000000000000, 0.0000000000000000000, 1.000000000000000000 ) ) ;
#4978 = CARTESIAN_POINT ( 'NONE',  ( -0.5008673033404657000, 0.4419417382415981000, 0.2291666666666667700 ) ) ;
#4979 = DIRECTION ( 'NONE',  ( -0.2588190451025130200, 0.9659258262890704200, 0.0000000000000000000 ) ) ;
#4980 = CLOSED_SHELL ( 'NONE', ( #1833, #5128, #1872, #5932 ) ) ;
#4981 = CARTESIAN_POINT ( 'NONE',  ( -0.1624843027111607400, 0.6466465825791988300, 0.2708333333333334800 ) ) ;
#4982 = EDGE_LOOP ( 'NONE', ( #6198, #6303 ) ) ;
#4983 = ADVANCED_FACE ( 'NONE', ( #2847 ), #5483, .F. ) ;
#4984 = ORIENTED_EDGE ( 'NONE', *, *, #242, .T. ) ;
#4985 = ADVANCED_FACE ( 'NONE', ( #5202 ), #1131, .T. ) ;
#4986 = DIRECTION ( 'NONE',  ( 0.0000000000000000000, 0.0000000000000000000, 1.000000000000000000 ) ) ;
#4987 = PLANE ( 'NONE',  #4999 ) ;
#4988 = EDGE_CURVE ( 'NONE', #4732, #2175, #1588, .T. ) ;
#4989 = CYLINDRICAL_SURFACE ( 'NONE', #3151, 0.01041666666666661100 ) ;
#4990 = DIRECTION ( 'NONE',  ( -0.4999999999999943900, 0.8660254037844420400, 0.0000000000000000000 ) ) ;
#4991 = CARTESIAN_POINT ( 'NONE',  ( -0.3333333333333258800, 0.5773502691896298400, 0.2291666666666667700 ) ) ;
#4992 = ORIENTED_EDGE ( 'NONE', *, *, #4904, .T. ) ;
#4993 = PLANE ( 'NONE',  #5864 ) ;
#4994 = AXIS2_PLACEMENT_3D ( 'NONE', #5327, #2337, #4266 ) ;
#4995 = DIRECTION ( 'NONE',  ( 0.0000000000000000000, 0.0000000000000000000, 1.000000000000000000 ) ) ;
#4996 = LINE ( 'NONE', #2617, #1468 ) ;
#4997 = ORIENTED_EDGE ( 'NONE', *, *, #456, .T. ) ;
#4998 = EDGE_LOOP ( 'NONE', ( #2645, #5939, #895, #2308 ) ) ;
#4999 = AXIS2_PLACEMENT_3D ( 'NONE', #5534, #1988, #6479 ) ;
#5000 = CARTESIAN_POINT ( 'NONE',  ( 0.3243122353772460700, 0.5825586025229585500, 0.2708333333333334800 ) ) ;
#5001 = DIRECTION ( 'NONE',  ( 0.0000000000000000000, 0.0000000000000000000, 1.000000000000000000 ) ) ;
#5002 = ADVANCED_BREP_SHAPE_REPRESENTATION ( '5905K518_Needle-Roller Bearing', ( #5941, #4688, #4956, #2160, #940, #314, #2781, #5120, #3321, #810, #3124, #6141, #1265, #4623, #6228, #331, #4282, #6363, #5184, #6300, #1076, #4490, #3798, #1002, #2579, #3383, #397, #4000, #529, #3128, #5666, #791, #2651, #4135, #2445, #133, #2424, #3585, #5668, #4976, #1621, #3319, #5456, #6499, #5647, #814, #2646, #5878, #336, #562 ), #2701 ) ;
#5003 = AXIS2_PLACEMENT_3D ( 'NONE', #2715, #6308, #1234 ) ;
#5004 = CIRCLE ( 'NONE', #2658, 0.01041666666666661100 ) ;
#5005 = ORIENTED_EDGE ( 'NONE', *, *, #1788, .T. ) ;
#5006 = CARTESIAN_POINT ( 'NONE',  ( -0.5773502691896287300, -0.3333333333333278200, 0.2291666666666667700 ) ) ;
#5007 = AXIS2_PLACEMENT_3D ( 'NONE', #894, #2917, #4932 ) ;
#5008 = DIRECTION ( 'NONE',  ( -0.9659258262890704200, -0.2588190451025130200, 0.0000000000000000000 ) ) ;
#5009 = CIRCLE ( 'NONE', #3981, 0.01041666666666661200 ) ;
#5010 = DIRECTION ( 'NONE',  ( -0.7071067811865409100, 0.7071067811865540100, 0.0000000000000000000 ) ) ;
#5011 = EDGE_CURVE ( 'NONE', #3776, #2937, #4399, .T. ) ;
#5012 = DIRECTION ( 'NONE',  ( 0.0000000000000000000, 0.0000000000000000000, 1.000000000000000000 ) ) ;
#5013 = EDGE_LOOP ( 'NONE', ( #2238, #1752 ) ) ;
#5014 = AXIS2_PLACEMENT_3D ( 'NONE', #5101, #6124, #3096 ) ;
#5015 = DIRECTION ( 'NONE',  ( 0.0000000000000000000, 0.0000000000000000000, 1.000000000000000000 ) ) ;
#5016 = CIRCLE ( 'NONE', #3609, 0.04166666666666672700 ) ;
#5017 = DIRECTION ( 'NONE',  ( 0.0000000000000000000, 0.0000000000000000000, -1.000000000000000000 ) ) ;
#5018 = ADVANCED_FACE ( 'NONE', ( #5124 ), #428, .T. ) ;
#5019 = EDGE_CURVE ( 'NONE', #5867, #1148, #3077, .T. ) ;
#5020 = CIRCLE ( 'NONE', #3724, 0.04166666666666672000 ) ;
#5021 = ADVANCED_FACE ( 'NONE', ( #4239 ), #2450, .T. ) ;
#5022 = CARTESIAN_POINT ( 'NONE',  ( -0.3423544312894137900, 0.5721419358562966900, 0.2708333333333334800 ) ) ;
#5023 = ORIENTED_EDGE ( 'NONE', *, *, #2376, .T. ) ;
#5024 = CARTESIAN_POINT ( 'NONE',  ( 0.6841974602880904800, 0.1833301569476168700, 0.2291666666666667700 ) ) ;
#5025 = CYLINDRICAL_SURFACE ( 'NONE', #5904, 0.01041666666666661200 ) ;
#5026 = CARTESIAN_POINT ( 'NONE',  ( -0.5721419358562954700, -0.3423544312894157300, -0.2291666666666666300 ) ) ;
#5027 = CIRCLE ( 'NONE', #3677, 0.04166666666666670600 ) ;
#5028 = VERTEX_POINT ( 'NONE', #5376 ) ;
#5029 = EDGE_CURVE ( 'NONE', #4406, #4657, #3845, .T. ) ;
#5030 = FACE_OUTER_BOUND ( 'NONE', #5852, .T. ) ;
#5031 = CARTESIAN_POINT ( 'NONE',  ( 0.4714045207910290700, -0.4714045207910340100, 0.2708333333333334800 ) ) ;
#5032 = CARTESIAN_POINT ( 'NONE',  ( 0.6439505508593792400, 0.1725460300683452600, 0.2708333333333334800 ) ) ;
#5033 = EDGE_LOOP ( 'NONE', ( #4098, #1083, #574, #2071 ) ) ;
#5034 = FACE_OUTER_BOUND ( 'NONE', #3663, .T. ) ;
#5035 = CARTESIAN_POINT ( 'NONE',  ( 0.3694177251576816800, -0.5565169358562944700, 0.2291666666666667700 ) ) ;
#5036 = EDGE_CURVE ( 'NONE', #6222, #765, #2915, .T. ) ;
#5037 = CLOSED_SHELL ( 'NONE', ( #3565, #2882, #3258, #140 ) ) ;
#5038 = AXIS2_PLACEMENT_3D ( 'NONE', #4885, #2455, #927 ) ;
#5039 = DIRECTION ( 'NONE',  ( 3.491481338843133000E-015, 1.000000000000000000, 0.0000000000000000000 ) ) ;
#5040 = CYLINDRICAL_SURFACE ( 'NONE', #4786, 0.04166666666666672000 ) ;
#5041 = CARTESIAN_POINT ( 'NONE',  ( -0.3333333333333258800, 0.5773502691896298400, -0.2708333333333335400 ) ) ;
#5042 = ORIENTED_EDGE ( 'NONE', *, *, #3454, .T. ) ;
#5043 = DIRECTION ( 'NONE',  ( 1.311287036958853100E-014, 1.000000000000000000, 0.0000000000000000000 ) ) ;
#5044 = FACE_OUTER_BOUND ( 'NONE', #4006, .T. ) ;
#5045 = CARTESIAN_POINT ( 'NONE',  ( -0.6439505508593803600, -0.1725460300683407700, 0.2291666666666667700 ) ) ;
#5046 = ORIENTED_EDGE ( 'NONE', *, *, #1456, .F. ) ;
#5047 = CARTESIAN_POINT ( 'NONE',  ( 0.5008673033404719100, 0.5008673033404702500, 0.2291666666666667700 ) ) ;
#5048 = EDGE_LOOP ( 'NONE', ( #4700, #1398, #3375, #4552 ) ) ;
#5049 = AXIS2_PLACEMENT_3D ( 'NONE', #1750, #5251, #2257 ) ;
#5050 = EDGE_LOOP ( 'NONE', ( #2954, #3370 ) ) ;
#5051 = VERTEX_POINT ( 'NONE', #4849 ) ;
#5052 = DIRECTION ( 'NONE',  ( -0.8660254037844414800, -0.4999999999999951700, 0.0000000000000000000 ) ) ;
#5053 = CARTESIAN_POINT ( 'NONE',  ( 0.6666666666666665200, -2.327654225895421700E-015, 0.2708333333333334800 ) ) ;
#5054 = APPROVAL ( #3889, 'UNSPECIFIED' ) ;
#5055 = CYLINDRICAL_SURFACE ( 'NONE', #4529, 0.01041666666666661200 ) ;
#5056 = ORIENTED_EDGE ( 'NONE', *, *, #1325, .T. ) ;
#5057 = CARTESIAN_POINT ( 'NONE',  ( -0.5008673033404754700, -0.5008673033404667000, 0.2291666666666667700 ) ) ;
#5058 = AXIS2_PLACEMENT_3D ( 'NONE', #632, #679, #4596 ) ;
#5059 = DIRECTION ( 'NONE',  ( 0.0000000000000000000, 0.0000000000000000000, 1.000000000000000000 ) ) ;
#5060 = ORIENTED_EDGE ( 'NONE', *, *, #1483, .F. ) ;
#5061 = ADVANCED_FACE ( 'NONE', ( #2064 ), #4340, .F. ) ;
#5062 = CARTESIAN_POINT ( 'NONE',  ( 0.0000000000000000000, -0.7350000000000008700, -0.3125000000000004400 ) ) ;
#5063 = CARTESIAN_POINT ( 'NONE',  ( 0.1725460300683430100, -0.6439505508593798000, -0.2291666666666666300 ) ) ;
#5064 = VERTEX_POINT ( 'NONE', #3846 ) ;
#5065 = DIRECTION ( 'NONE',  ( 0.0000000000000000000, 0.0000000000000000000, 1.000000000000000000 ) ) ;
#5066 = EDGE_CURVE ( 'NONE', #2298, #6250, #5354, .T. ) ;
#5067 = ORIENTED_EDGE ( 'NONE', *, *, #5734, .F. ) ;
#5068 = DIRECTION ( 'NONE',  ( 0.0000000000000000000, 0.0000000000000000000, 1.000000000000000000 ) ) ;
#5069 = DIRECTION ( 'NONE',  ( 0.0000000000000000000, 0.0000000000000000000, 1.000000000000000000 ) ) ;
#5070 = EDGE_CURVE ( 'NONE', #6276, #1298, #3765, .T. ) ;
#5071 = VERTEX_POINT ( 'NONE', #1934 ) ;
#5072 = DIRECTION ( 'NONE',  ( -0.2588190451025261200, -0.9659258262890668700, 0.0000000000000000000 ) ) ;
#5073 = CARTESIAN_POINT ( 'NONE',  ( -0.5981836025229616500, -0.2972489415089760200, -0.2291666666666666300 ) ) ;
#5074 = FACE_BOUND ( 'NONE', #2624, .T. ) ;
#5075 = DIRECTION ( 'NONE',  ( 0.0000000000000000000, 0.0000000000000000000, 1.000000000000000000 ) ) ;
#5076 = CARTESIAN_POINT ( 'NONE',  ( 0.4714045207910323400, 0.4714045207910307900, 0.2708333333333334800 ) ) ;
#5077 = ORIENTED_EDGE ( 'NONE', *, *, #1283, .F. ) ;
#5078 = DIRECTION ( 'NONE',  ( 0.0000000000000000000, 0.0000000000000000000, 1.000000000000000000 ) ) ;
#5079 = EDGE_CURVE ( 'NONE', #5917, #3190, #3614, .T. ) ;
#5080 = DIRECTION ( 'NONE',  ( -0.7071067811865442400, 0.7071067811865507900, 0.0000000000000000000 ) ) ;
#5081 = CARTESIAN_POINT ( 'NONE',  ( -0.6666666666666665200, 6.982962677686265100E-015, 0.2708333333333334800 ) ) ;
#5082 = AXIS2_PLACEMENT_3D ( 'NONE', #5923, #2381, #6413 ) ;
#5083 = CIRCLE ( 'NONE', #6240, 0.04166666666666672000 ) ;
#5084 = EDGE_LOOP ( 'NONE', ( #1723, #6319 ) ) ;
#5085 = DIRECTION ( 'NONE',  ( -0.0000000000000000000, -1.639108796198557900E-016, 1.000000000000000000 ) ) ;
#5086 = ORIENTED_EDGE ( 'NONE', *, *, #3552, .T. ) ;
#5087 = DIRECTION ( 'NONE',  ( 0.0000000000000000000, 1.000000000000000000, 1.821231995776174500E-016 ) ) ;
#5088 = CYLINDRICAL_SURFACE ( 'NONE', #5142, 0.01041666666666661200 ) ;
#5090 = AXIS2_PLACEMENT_3D ( 'NONE', #2898, #2005, #2964 ) ;
#5089 = CARTESIAN_POINT ( 'NONE',  ( 0.6439505508593780200, -0.1725460300683497900, 0.2708333333333334800 ) ) ;
#5091 = ORIENTED_EDGE ( 'NONE', *, *, #3904, .F. ) ;
#5092 = AXIS2_PLACEMENT_3D ( 'NONE', #1180, #223, #4671 ) ;
#5093 = DIRECTION ( 'NONE',  ( 0.0000000000000000000, 0.0000000000000000000, 1.000000000000000000 ) ) ;
#5094 = ADVANCED_FACE ( 'NONE', ( #197 ), #4400, .F. ) ;
#5095 = AXIS2_PLACEMENT_3D ( 'NONE', #1792, #335, #3806 ) ;
#5096 = FACE_OUTER_BOUND ( 'NONE', #5033, .T. ) ;
#5097 = CARTESIAN_POINT ( 'NONE',  ( -0.3333333333333258800, 0.5773502691896298400, 0.2291666666666667700 ) ) ;
#5098 = ORIENTED_EDGE ( 'NONE', *, *, #536, .F. ) ;
#5099 = DIRECTION ( 'NONE',  ( 0.0000000000000000000, 0.0000000000000000000, 1.000000000000000000 ) ) ;
#5100 = AXIS2_PLACEMENT_3D ( 'NONE', #3296, #6419, #4369 ) ;
#5101 = CARTESIAN_POINT ( 'NONE',  ( 0.0000000000000000000, -4.908789363615472900E-016, 0.3125000000000000000 ) ) ;
#5102 = CIRCLE ( 'NONE', #6073, 0.04166666666666672700 ) ;
#5103 = DIRECTION ( 'NONE',  ( 0.0000000000000000000, 0.0000000000000000000, 1.000000000000000000 ) ) ;
#5104 = CARTESIAN_POINT ( 'NONE',  ( -0.1725460300683520100, -0.6439505508593773600, 0.2291666666666667700 ) ) ;
#5105 = LINE ( 'NONE', #2293, #6137 ) ;
#5106 = EDGE_CURVE ( 'NONE', #1211, #3799, #40, .T. ) ;
#5107 = LINE ( 'NONE', #6293, #4300 ) ;
#5108 = DIRECTION ( 'NONE',  ( 0.0000000000000000000, 0.0000000000000000000, 1.000000000000000000 ) ) ;
#5109 = CARTESIAN_POINT ( 'NONE',  ( -0.4714045207910356200, -0.4714045207910274600, -0.2708333333333335400 ) ) ;
#5110 = DIRECTION ( 'NONE',  ( 0.0000000000000000000, 0.0000000000000000000, 1.000000000000000000 ) ) ;
#5111 = FACE_BOUND ( 'NONE', #48, .T. ) ;
#5112 = DIRECTION ( 'NONE',  ( 1.000000000000000000, 0.0000000000000000000, 0.0000000000000000000 ) ) ;
#5113 = ORIENTED_EDGE ( 'NONE', *, *, #430, .T. ) ;
#5114 = FACE_OUTER_BOUND ( 'NONE', #3477, .T. ) ;
#5115 = ORIENTED_EDGE ( 'NONE', *, *, #4891, .T. ) ;
#5116 = CYLINDRICAL_SURFACE ( 'NONE', #3760, 0.04166666666666672700 ) ;
#5117 = DIRECTION ( 'NONE',  ( 0.0000000000000000000, 0.0000000000000000000, 1.000000000000000000 ) ) ;
#5118 = DIRECTION ( 'NONE',  ( 0.2588190451025261200, 0.9659258262890668700, 0.0000000000000000000 ) ) ;
#5119 = CARTESIAN_POINT ( 'NONE',  ( 0.6439505508593780200, -0.1725460300683497900, 0.2291666666666667700 ) ) ;
#5120 = MANIFOLD_SOLID_BREP ( 'CirPattern1[5]', #215 ) ;
#5121 = CYLINDRICAL_SURFACE ( 'NONE', #1264, 0.01041666666666661900 ) ;
#5122 = CARTESIAN_POINT ( 'NONE',  ( -0.4714045207910257900, 0.4714045207910372800, 0.2708333333333334800 ) ) ;
#5123 = VERTEX_POINT ( 'NONE', #3348 ) ;
#5124 = FACE_OUTER_BOUND ( 'NONE', #6080, .T. ) ;
#5125 = DIRECTION ( 'NONE',  ( -0.5000000000000071100, -0.8660254037844346000, 0.0000000000000000000 ) ) ;
#5126 = EDGE_CURVE ( 'NONE', #4823, #820, #4007, .T. ) ;
#5127 = ORIENTED_EDGE ( 'NONE', *, *, #674, .T. ) ;
#5128 = ADVANCED_FACE ( 'NONE', ( #1361 ), #3043, .F. ) ;
#5129 = DIRECTION ( 'NONE',  ( -0.4999999999999943900, 0.8660254037844420400, 0.0000000000000000000 ) ) ;
#5130 = VERTEX_POINT ( 'NONE', #3952 ) ;
#5131 = ORIENTED_EDGE ( 'NONE', *, *, #474, .F. ) ;
#5132 = DIRECTION ( 'NONE',  ( 0.0000000000000000000, 0.0000000000000000000, 1.000000000000000000 ) ) ;
#5133 = EDGE_CURVE ( 'NONE', #2622, #3776, #3384, .T. ) ;
#5134 = ORIENTED_EDGE ( 'NONE', *, *, #2188, .T. ) ;
#5135 = FACE_OUTER_BOUND ( 'NONE', #4783, .T. ) ;
#5136 = AXIS2_PLACEMENT_3D ( 'NONE', #4079, #5103, #1096 ) ;
#5137 = EDGE_LOOP ( 'NONE', ( #2171, #3123, #667, #5951 ) ) ;
#5138 = DIRECTION ( 'NONE',  ( 0.0000000000000000000, 0.0000000000000000000, 1.000000000000000000 ) ) ;
#5139 = DIRECTION ( 'NONE',  ( 0.0000000000000000000, 0.0000000000000000000, 1.000000000000000000 ) ) ;
#5140 = DIRECTION ( 'NONE',  ( -0.8660254037844346000, 0.5000000000000071100, 0.0000000000000000000 ) ) ;
#5141 = ORIENTED_EDGE ( 'NONE', *, *, #781, .F. ) ;
#5142 = AXIS2_PLACEMENT_3D ( 'NONE', #3266, #6427, #5043 ) ;
#5143 = CLOSED_SHELL ( 'NONE', ( #497, #5318, #2717, #5618 ) ) ;
#5144 = ORIENTED_EDGE ( 'NONE', *, *, #1138, .F. ) ;
#5145 = PLANE ( 'NONE',  #1901 ) ;
#5146 = LINE ( 'NONE', #4348, #5362 ) ;
#5147 = CARTESIAN_POINT ( 'NONE',  ( 0.0000000000000000000, 0.6666666666666665200, 0.2708333333333334800 ) ) ;
#5148 = ORIENTED_EDGE ( 'NONE', *, *, #1761, .F. ) ;
#5149 = AXIS2_PLACEMENT_3D ( 'NONE', #1694, #3710, #6181 ) ;
#5150 = DIRECTION ( 'NONE',  ( 0.0000000000000000000, 0.0000000000000000000, 1.000000000000000000 ) ) ;
#5151 = ORIENTED_EDGE ( 'NONE', *, *, #1384, .F. ) ;
#5152 = DIRECTION ( 'NONE',  ( 0.0000000000000000000, 0.0000000000000000000, 1.000000000000000000 ) ) ;
#5153 = AXIS2_PLACEMENT_3D ( 'NONE', #5063, #599, #4080 ) ;
#5154 = ORIENTED_EDGE ( 'NONE', *, *, #6272, .T. ) ;
#5155 = DIRECTION ( 'NONE',  ( 0.2588190451025310100, 0.9659258262890656500, 0.0000000000000000000 ) ) ;
#5156 = DIRECTION ( 'NONE',  ( 0.0000000000000000000, 0.0000000000000000000, -1.000000000000000000 ) ) ;
#5157 = EDGE_CURVE ( 'NONE', #2859, #1549, #4158, .T. ) ;
#5158 = ORIENTED_EDGE ( 'NONE', *, *, #885, .F. ) ;
#5159 = DIRECTION ( 'NONE',  ( 0.8660254037844414800, 0.4999999999999948400, 0.0000000000000000000 ) ) ;
#5160 = EDGE_CURVE ( 'NONE', #3695, #2859, #4553, .T. ) ;
#5161 = ORIENTED_EDGE ( 'NONE', *, *, #3009, .T. ) ;
#5162 = CARTESIAN_POINT ( 'NONE',  ( 0.3333333333333339300, 0.5773502691896251800, -0.2708333333333335400 ) ) ;
#5163 = DIRECTION ( 'NONE',  ( 0.0000000000000000000, 1.639108796198557900E-016, -1.000000000000000000 ) ) ;
#5164 = DIRECTION ( 'NONE',  ( 0.0000000000000000000, 0.0000000000000000000, 1.000000000000000000 ) ) ;
#5165 = ADVANCED_FACE ( 'NONE', ( #3532 ), #5197, .T. ) ;
#5166 = FACE_OUTER_BOUND ( 'NONE', #6066, .T. ) ;
#5167 = ORIENTED_EDGE ( 'NONE', *, *, #4560, .F. ) ;
#5168 = EDGE_CURVE ( 'NONE', #4732, #5603, #2215, .T. ) ;
#5169 = LINE ( 'NONE', #4376, #4202 ) ;
#5170 = EDGE_LOOP ( 'NONE', ( #4842, #3893 ) ) ;
#5171 = EDGE_CURVE ( 'NONE', #3603, #4268, #30, .T. ) ;
#5172 = CARTESIAN_POINT ( 'NONE',  ( 0.2127929394970543300, -0.6331664239801083600, 0.2291666666666667700 ) ) ;
#5173 = DIRECTION ( 'NONE',  ( -0.8660254037844414800, -0.4999999999999951700, 0.0000000000000000000 ) ) ;
#5174 = AXIS2_PLACEMENT_3D ( 'NONE', #3975, #4004, #3045 ) ;
#5175 = CARTESIAN_POINT ( 'NONE',  ( 0.6439505508593792400, 0.1725460300683452600, 0.2291666666666667700 ) ) ;
#5176 = CYLINDRICAL_SURFACE ( 'NONE', #4453, 0.01041666666666661100 ) ;
#5177 = ORIENTED_EDGE ( 'NONE', *, *, #1706, .F. ) ;
#5178 = CARTESIAN_POINT ( 'NONE',  ( -0.3423544312894137900, 0.5721419358562966900, -0.2708333333333335400 ) ) ;
#5180 = AXIS2_PLACEMENT_3D ( 'NONE', #4347, #1360, #342 ) ;
#5179 = DIRECTION ( 'NONE',  ( 0.8660254037844391500, -0.4999999999999993300, 0.0000000000000000000 ) ) ;
#5181 = CIRCLE ( 'NONE', #1197, 0.01041666666666661200 ) ;
#5182 = CYLINDRICAL_SURFACE ( 'NONE', #5730, 0.01041666666666661200 ) ;
#5183 = PLANE ( 'NONE',  #1662 ) ;
#5184 = MANIFOLD_SOLID_BREP ( 'CirPattern1[16]', #3004 ) ;
#5185 = EDGE_LOOP ( 'NONE', ( #2770, #1124, #2621, #3000 ) ) ;
#5186 = CYLINDRICAL_SURFACE ( 'NONE', #2035, 0.01041666666666662600 ) ;
#5187 = ADVANCED_FACE ( 'NONE', ( #2371, #3297 ), #4467, .F. ) ;
#5188 = EDGE_CURVE ( 'NONE', #4888, #1983, #2684, .T. ) ;
#5190 = FACE_OUTER_BOUND ( 'NONE', #3628, .T. ) ;
#5189 = DIRECTION ( 'NONE',  ( 0.2588190451025261200, 0.9659258262890668700, 0.0000000000000000000 ) ) ;
#5191 = EDGE_LOOP ( 'NONE', ( #3292, #3306 ) ) ;
#5192 = DIRECTION ( 'NONE',  ( 0.2588190451025130200, -0.9659258262890704200, 0.0000000000000000000 ) ) ;
#5193 = CIRCLE ( 'NONE', #5380, 0.01041666666666661100 ) ;
#5194 = DIRECTION ( 'NONE',  ( -0.2588190451025130200, 0.9659258262890704200, 0.0000000000000000000 ) ) ;
#5195 = ORIENTED_EDGE ( 'NONE', *, *, #5011, .F. ) ;
#5196 = DIRECTION ( 'NONE',  ( 0.0000000000000000000, 0.0000000000000000000, 1.000000000000000000 ) ) ;
#5197 = CYLINDRICAL_SURFACE ( 'NONE', #4484, 0.01041666666666661200 ) ;
#5198 = DIRECTION ( 'NONE',  ( 0.0000000000000000000, -1.000000000000000000, -1.639108796198557900E-016 ) ) ;
#5199 = VERTEX_POINT ( 'NONE', #1451 ) ;
#5200 = FACE_OUTER_BOUND ( 'NONE', #3497, .T. ) ;
#5201 = VERTEX_POINT ( 'NONE', #4029 ) ;
#5202 = FACE_OUTER_BOUND ( 'NONE', #6061, .T. ) ;
#5203 = EDGE_CURVE ( 'NONE', #4862, #4166, #3376, .T. ) ;
#5204 = ORIENTED_EDGE ( 'NONE', *, *, #3048, .F. ) ;
#5205 = ORIENTED_EDGE ( 'NONE', *, *, #5716, .F. ) ;
#5206 = EDGE_LOOP ( 'NONE', ( #4655, #3770 ) ) ;
#5207 = ORIENTED_EDGE ( 'NONE', *, *, #6401, .F. ) ;
#5208 = EDGE_CURVE ( 'NONE', #1093, #3089, #1974, .T. ) ;
#5209 = CIRCLE ( 'NONE', #3645, 0.01041666666666661200 ) ;
#5210 = DIRECTION ( 'NONE',  ( 0.0000000000000000000, 0.0000000000000000000, 1.000000000000000000 ) ) ;
#5211 = DIRECTION ( 'NONE',  ( -0.0000000000000000000, -0.0000000000000000000, 1.000000000000000000 ) ) ;
#5212 = ORIENTED_EDGE ( 'NONE', *, *, #762, .F. ) ;
#5213 = DIRECTION ( 'NONE',  ( 0.0000000000000000000, -1.639108796198557900E-016, 1.000000000000000000 ) ) ;
#5214 = DIRECTION ( 'NONE',  ( 0.5000000000000097700, 0.8660254037844330500, 0.0000000000000000000 ) ) ;
#5215 = ORIENTED_EDGE ( 'NONE', *, *, #5625, .T. ) ;
#5216 = AXIS2_PLACEMENT_3D ( 'NONE', #5862, #3285, #6367 ) ;
#5217 = CARTESIAN_POINT ( 'NONE',  ( -0.3541666666666716800, -0.6134346610139743700, -0.2291666666666666300 ) ) ;
#5218 = DIRECTION ( 'NONE',  ( 0.0000000000000000000, 0.0000000000000000000, 1.000000000000000000 ) ) ;
#5219 = ORIENTED_EDGE ( 'NONE', *, *, #2556, .T. ) ;
#5220 = CARTESIAN_POINT ( 'NONE',  ( 0.6439505508593780200, -0.1725460300683497900, 0.2291666666666667700 ) ) ;
#5221 = EDGE_LOOP ( 'NONE', ( #828, #2108 ) ) ;
#5222 = DIRECTION ( 'NONE',  ( 0.8660254037844377100, -0.5000000000000014400, 0.0000000000000000000 ) ) ;
#5223 = ADVANCED_FACE ( 'NONE', ( #6068 ), #1669, .T. ) ;
#5224 = AXIS2_PLACEMENT_3D ( 'NONE', #4512, #4995, #3499 ) ;
#5225 = DIRECTION ( 'NONE',  ( 0.0000000000000000000, 0.0000000000000000000, -1.000000000000000000 ) ) ;
#5226 = ORIENTED_EDGE ( 'NONE', *, *, #798, .T. ) ;
#5227 = ADVANCED_FACE ( 'NONE', ( #3840, #1502 ), #614, .F. ) ;
#5228 = CARTESIAN_POINT ( 'NONE',  ( -0.2127929394970498900, 0.6331664239801099200, 0.2291666666666667700 ) ) ;
#5229 = CIRCLE ( 'NONE', #4065, 0.04166666666666673400 ) ;
#5230 = DIRECTION ( 'NONE',  ( 0.0000000000000000000, 0.0000000000000000000, 1.000000000000000000 ) ) ;
#5231 = DIRECTION ( 'NONE',  ( 0.0000000000000000000, -0.0000000000000000000, -1.000000000000000000 ) ) ;
#5232 = EDGE_LOOP ( 'NONE', ( #2614, #1362, #1713, #2330 ) ) ;
#5233 = CARTESIAN_POINT ( 'NONE',  ( -0.5825586025229618800, -0.3243122353772399700, -0.2708333333333335400 ) ) ;
#5234 = FACE_BOUND ( 'NONE', #5084, .T. ) ;
#5235 = DIRECTION ( 'NONE',  ( 0.0000000000000000000, 0.0000000000000000000, 1.000000000000000000 ) ) ;
#5236 = EDGE_LOOP ( 'NONE', ( #1751, #432, #2327, #5167 ) ) ;
#5237 = ORIENTED_EDGE ( 'NONE', *, *, #6486, .T. ) ;
#5238 = DIRECTION ( 'NONE',  ( 1.047444401652940000E-014, 1.000000000000000000, 0.0000000000000000000 ) ) ;
#5239 = FACE_OUTER_BOUND ( 'NONE', #4737, .T. ) ;
#5240 = ORIENTED_EDGE ( 'NONE', *, *, #1801, .T. ) ;
#5241 = EDGE_CURVE ( 'NONE', #4811, #1432, #4394, .T. ) ;
#5242 = CIRCLE ( 'NONE', #3621, 0.01041666666666661100 ) ;
#5243 = EDGE_CURVE ( 'NONE', #994, #6074, #1897, .T. ) ;
#5244 = ADVANCED_FACE ( 'NONE', ( #4876 ), #2143, .T. ) ;
#5245 = DIRECTION ( 'NONE',  ( 0.0000000000000000000, 0.0000000000000000000, 1.000000000000000000 ) ) ;
#5246 = AXIS2_PLACEMENT_3D ( 'NONE', #1600, #5139, #627 ) ;
#5247 = CARTESIAN_POINT ( 'NONE',  ( 0.1322991206396317000, -0.6547346777386512400, 0.2291666666666667700 ) ) ;
#5248 = AXIS2_PLACEMENT_3D ( 'NONE', #3997, #2067, #79 ) ;
#5249 = CYLINDRICAL_SURFACE ( 'NONE', #2704, 0.04166666666666673400 ) ;
#5250 = DIRECTION ( 'NONE',  ( 0.0000000000000000000, 1.000000000000000000, 1.639108796198557900E-016 ) ) ;
#5251 = DIRECTION ( 'NONE',  ( 0.0000000000000000000, 0.0000000000000000000, 1.000000000000000000 ) ) ;
#5252 = FACE_OUTER_BOUND ( 'NONE', #1516, .T. ) ;
#5253 = AXIS2_PLACEMENT_3D ( 'NONE', #4416, #14, #967 ) ;
#5254 = CARTESIAN_POINT ( 'NONE',  ( 0.6466465825791970500, 0.1624843027111675100, 0.2291666666666667700 ) ) ;
#5255 = DIRECTION ( 'NONE',  ( -0.5000000000000034400, -0.8660254037844366000, 0.0000000000000000000 ) ) ;
#5256 = FACE_OUTER_BOUND ( 'NONE', #3960, .T. ) ;
#5257 = AXIS2_PLACEMENT_3D ( 'NONE', #3859, #3404, #4383 ) ;
#5258 = CIRCLE ( 'NONE', #438, 0.04166666666666672000 ) ;
#5259 = DIRECTION ( 'NONE',  ( 0.0000000000000000000, 0.0000000000000000000, 1.000000000000000000 ) ) ;
#5260 = CLOSED_SHELL ( 'NONE', ( #2823, #1903, #1933, #1847, #890, #1018 ) ) ;
#5261 = CYLINDRICAL_SURFACE ( 'NONE', #3361, 0.04166666666666672000 ) ;
#5262 = EDGE_CURVE ( 'NONE', #3160, #3779, #4639, .T. ) ;
#5263 = ORIENTED_EDGE ( 'NONE', *, *, #5489, .F. ) ;
#5264 = FACE_OUTER_BOUND ( 'NONE', #3102, .T. ) ;
#5265 = EDGE_CURVE ( 'NONE', #3887, #2918, #1826, .T. ) ;
#5266 = ORIENTED_EDGE ( 'NONE', *, *, #6235, .F. ) ;
#5267 = DIRECTION ( 'NONE',  ( 0.0000000000000000000, 0.0000000000000000000, 1.000000000000000000 ) ) ;
#5268 = DIRECTION ( 'NONE',  ( -0.0000000000000000000, -1.639108796198557900E-016, 1.000000000000000000 ) ) ;
#5269 = VECTOR ( 'NONE', #4435, 39.37007874015748100 ) ;
#5270 = EDGE_CURVE ( 'NONE', #1393, #4888, #3152, .T. ) ;
#5271 = DIRECTION ( 'NONE',  ( 0.0000000000000000000, 0.0000000000000000000, 1.000000000000000000 ) ) ;
#5272 = VERTEX_POINT ( 'NONE', #4094 ) ;
#5273 = CIRCLE ( 'NONE', #143, 0.01041666666666661100 ) ;
#5274 = ORIENTED_EDGE ( 'NONE', *, *, #2139, .T. ) ;
#5275 = ORIENTED_EDGE ( 'NONE', *, *, #5283, .F. ) ;
#5276 = DIRECTION ( 'NONE',  ( 0.0000000000000000000, 0.0000000000000000000, 1.000000000000000000 ) ) ;
#5277 = ORIENTED_EDGE ( 'NONE', *, *, #5614, .T. ) ;
#5278 = ORIENTED_EDGE ( 'NONE', *, *, #1448, .F. ) ;
#5279 = PLANE ( 'NONE',  #2405 ) ;
#5280 = CIRCLE ( 'NONE', #4584, 0.04166666666666673400 ) ;
#5281 = DIRECTION ( 'NONE',  ( 0.0000000000000000000, 0.0000000000000000000, 1.000000000000000000 ) ) ;
#5282 = ADVANCED_FACE ( 'NONE', ( #498 ), #6097, .F. ) ;
#5283 = EDGE_CURVE ( 'NONE', #2905, #5291, #1199, .T. ) ;
#5284 = ORIENTED_EDGE ( 'NONE', *, *, #846, .F. ) ;
#5285 = ORIENTED_EDGE ( 'NONE', *, *, #4516, .F. ) ;
#5286 = ORIENTED_EDGE ( 'NONE', *, *, #6275, .F. ) ;
#5287 = EDGE_CURVE ( 'NONE', #452, #5471, #735, .T. ) ;
#5288 = ORIENTED_EDGE ( 'NONE', *, *, #2641, .F. ) ;
#5289 = FACE_BOUND ( 'NONE', #191, .T. ) ;
#5290 = AXIS2_PLACEMENT_3D ( 'NONE', #23, #1543, #540 ) ;
#5291 = VERTEX_POINT ( 'NONE', #3567 ) ;
#5292 = ORIENTED_EDGE ( 'NONE', *, *, #2376, .F. ) ;
#5293 = PLANE ( 'NONE',  #659 ) ;
#5294 = AXIS2_PLACEMENT_3D ( 'NONE', #6431, #1956, #2474 ) ;
#5295 = EDGE_LOOP ( 'NONE', ( #3555, #1739 ) ) ;
#5296 = DIRECTION ( 'NONE',  ( 0.0000000000000000000, 0.0000000000000000000, 1.000000000000000000 ) ) ;
#5297 = AXIS2_PLACEMENT_3D ( 'NONE', #1879, #4902, #1860 ) ;
#5298 = DIRECTION ( 'NONE',  ( 0.0000000000000000000, 0.0000000000000000000, 1.000000000000000000 ) ) ;
#5299 = CARTESIAN_POINT ( 'NONE',  ( 0.6666666666666665200, -2.327654225895421700E-015, 0.2708333333333334800 ) ) ;
#5300 = EDGE_LOOP ( 'NONE', ( #444, #5981 ) ) ;
#5301 = DIRECTION ( 'NONE',  ( -0.8660254037844348200, 0.5000000000000066600, 0.0000000000000000000 ) ) ;
#5302 = CLOSED_SHELL ( 'NONE', ( #4952, #3503, #5165, #948 ) ) ;
#5303 = DIRECTION ( 'NONE',  ( 0.0000000000000000000, 0.0000000000000000000, 1.000000000000000000 ) ) ;
#5304 = FACE_OUTER_BOUND ( 'NONE', #4277, .T. ) ;
#5305 = CIRCLE ( 'NONE', #3396, 0.01041666666666659100 ) ;
#5306 = EDGE_CURVE ( 'NONE', #1012, #71, #1042, .T. ) ;
#5307 = ORIENTED_EDGE ( 'NONE', *, *, #2667, .T. ) ;
#5308 = AXIS2_PLACEMENT_3D ( 'NONE', #28, #6500, #425 ) ;
#5309 = ADVANCED_FACE ( 'NONE', ( #5034 ), #6234, .T. ) ;
#5310 = CARTESIAN_POINT ( 'NONE',  ( -0.3333333333333379800, -0.5773502691896228400, 0.2291666666666667700 ) ) ;
#5311 = DIRECTION ( 'NONE',  ( -0.9659258262890668700, 0.2588190451025261200, 0.0000000000000000000 ) ) ;
#5312 = DIRECTION ( 'NONE',  ( 0.0000000000000000000, -1.000000000000000000, 0.0000000000000000000 ) ) ;
#5313 = CARTESIAN_POINT ( 'NONE',  ( 0.1322991206396317000, -0.6547346777386512400, 0.2291666666666667700 ) ) ;
#5314 = FACE_BOUND ( 'NONE', #3397, .T. ) ;
#5315 = ORIENTED_EDGE ( 'NONE', *, *, #4286, .T. ) ;
#5316 = DIRECTION ( 'NONE',  ( 0.0000000000000000000, -1.000000000000000000, -1.446272467234021100E-016 ) ) ;
#5317 = LINE ( 'NONE', #5413, #6130 ) ;
#5318 = ADVANCED_FACE ( 'NONE', ( #572 ), #1088, .F. ) ;
#5319 = ORIENTED_EDGE ( 'NONE', *, *, #6295, .F. ) ;
#5320 = DIRECTION ( 'NONE',  ( 0.7071067811865459100, -0.7071067811865491300, 0.0000000000000000000 ) ) ;
#5321 = CARTESIAN_POINT ( 'NONE',  ( 0.6439505508593792400, 0.1725460300683452600, 0.2291666666666667700 ) ) ;
#5322 = DIRECTION ( 'NONE',  ( 0.0000000000000000000, 0.0000000000000000000, 1.000000000000000000 ) ) ;
#5323 = FACE_OUTER_BOUND ( 'NONE', #2342, .T. ) ;
#5324 = EDGE_CURVE ( 'NONE', #5672, #1906, #3211, .T. ) ;
#5325 = ORIENTED_EDGE ( 'NONE', *, *, #5891, .F. ) ;
#5326 = CIRCLE ( 'NONE', #3562, 0.01041666666666661100 ) ;
#5327 = CARTESIAN_POINT ( 'NONE',  ( 9.001153973733050800E-017, -0.7350000000000009900, 0.2974999999999998800 ) ) ;
#5328 = DIRECTION ( 'NONE',  ( 0.2588190451025246800, 0.9659258262890673100, 0.0000000000000000000 ) ) ;
#5329 = AXIS2_PLACEMENT_3D ( 'NONE', #4049, #1582, #3189 ) ;
#5331 = VECTOR ( 'NONE', #1103, 39.37007874015748100 ) ;
#5330 = CARTESIAN_POINT ( 'NONE',  ( 0.1725460300683475100, 0.6439505508593785800, -0.2291666666666666300 ) ) ;
#5332 = CARTESIAN_POINT ( 'NONE',  ( -0.1725460300683520100, -0.6439505508593773600, 0.2708333333333334800 ) ) ;
#5334 = AXIS2_PLACEMENT_3D ( 'NONE', #2009, #5450, #987 ) ;
#5333 = CALENDAR_DATE ( 2023, 10, 1 ) ;
#5335 = ORIENTED_EDGE ( 'NONE', *, *, #706, .T. ) ;
#5336 = DIRECTION ( 'NONE',  ( 0.7071067811865442400, -0.7071067811865507900, 0.0000000000000000000 ) ) ;
#5337 = LINE ( 'NONE', #1212, #805 ) ;
#5338 = AXIS2_PLACEMENT_3D ( 'NONE', #6441, #2413, #5437 ) ;
#5339 = CIRCLE ( 'NONE', #1686, 0.01041666666666661200 ) ;
#5340 = ADVANCED_FACE ( 'NONE', ( #5501 ), #1159, .F. ) ;
#5341 = ORIENTED_EDGE ( 'NONE', *, *, #3823, .F. ) ;
#5342 = CIRCLE ( 'NONE', #2110, 0.01041666666666660200 ) ;
#5343 = AXIS2_PLACEMENT_3D ( 'NONE', #1394, #4896, #1893 ) ;
#5344 = ORIENTED_EDGE ( 'NONE', *, *, #6396, .T. ) ;
#5345 = DIRECTION ( 'NONE',  ( 0.0000000000000000000, 0.0000000000000000000, 1.000000000000000000 ) ) ;
#5346 = CYLINDRICAL_SURFACE ( 'NONE', #1101, 0.6458333333333337000 ) ;
#5347 = ORIENTED_EDGE ( 'NONE', *, *, #3757, .T. ) ;
#5348 = EDGE_CURVE ( 'NONE', #5808, #1189, #5833, .T. ) ;
#5350 = ORIENTED_EDGE ( 'NONE', *, *, #3582, .T. ) ;
#5349 = LINE ( 'NONE', #5999, #2375 ) ;
#5351 = EDGE_CURVE ( 'NONE', #3089, #1986, #5747, .T. ) ;
#5352 = ORIENTED_EDGE ( 'NONE', *, *, #138, .F. ) ;
#5353 = ADVANCED_FACE ( 'NONE', ( #6389 ), #422, .T. ) ;
#5354 = CIRCLE ( 'NONE', #1006, 0.01041666666666661100 ) ;
#5355 = ORIENTED_EDGE ( 'NONE', *, *, #435, .F. ) ;
#5356 = EDGE_CURVE ( 'NONE', #2532, #5644, #3070, .T. ) ;
#5357 = DIRECTION ( 'NONE',  ( 0.8660254037844380400, -0.5000000000000010000, 0.0000000000000000000 ) ) ;
#5358 = CARTESIAN_POINT ( 'NONE',  ( -0.3694177251576777900, 0.5565169358562969100, 0.2291666666666667700 ) ) ;
#5359 = ORIENTED_EDGE ( 'NONE', *, *, #2039, .F. ) ;
#5360 = ORIENTED_EDGE ( 'NONE', *, *, #2334, .F. ) ;
#5361 = EDGE_LOOP ( 'NONE', ( #818, #41 ) ) ;
#5362 = VECTOR ( 'NONE', #908, 39.37007874015748100 ) ;
#5363 = DIRECTION ( 'NONE',  ( 0.0000000000000000000, 0.0000000000000000000, 1.000000000000000000 ) ) ;
#5364 = ORIENTED_EDGE ( 'NONE', *, *, #2998, .T. ) ;
#5365 = DIRECTION ( 'NONE',  ( 0.0000000000000000000, 0.0000000000000000000, 1.000000000000000000 ) ) ;
#5366 = ORIENTED_EDGE ( 'NONE', *, *, #332, .T. ) ;
#5367 = FACE_OUTER_BOUND ( 'NONE', #6170, .T. ) ;
#5368 = CARTESIAN_POINT ( 'NONE',  ( 0.4714045207910290700, -0.4714045207910340100, 0.2708333333333334800 ) ) ;
#5369 = DIRECTION ( 'NONE',  ( 0.0000000000000000000, 0.0000000000000000000, 1.000000000000000000 ) ) ;
#5370 = EDGE_CURVE ( 'NONE', #3154, #1198, #4082, .T. ) ;
#5371 = EDGE_CURVE ( 'NONE', #5993, #195, #2988, .T. ) ;
#5372 = ORIENTED_EDGE ( 'NONE', *, *, #3901, .T. ) ;
#5373 = AXIS2_PLACEMENT_3D ( 'NONE', #4459, #6399, #3390 ) ;
#5374 = DIRECTION ( 'NONE',  ( -0.0000000000000000000, -1.639108796198557900E-016, 1.000000000000000000 ) ) ;
#5375 = AXIS2_PLACEMENT_3D ( 'NONE', #823, #3270, #2735 ) ;
#5376 = CARTESIAN_POINT ( 'NONE',  ( -0.4640388251536658500, 0.4787702164283970100, 0.2291666666666667700 ) ) ;
#5377 = DIRECTION ( 'NONE',  ( 0.0000000000000000000, 0.0000000000000000000, 1.000000000000000000 ) ) ;
#5378 = ORIENTED_EDGE ( 'NONE', *, *, #1618, .T. ) ;
#5379 = DIRECTION ( 'NONE',  ( 0.0000000000000000000, 0.0000000000000000000, -1.000000000000000000 ) ) ;
#5380 = AXIS2_PLACEMENT_3D ( 'NONE', #4210, #3273, #302 ) ;
#5381 = LINE ( 'NONE', #2407, #384 ) ;
#5382 = CARTESIAN_POINT ( 'NONE',  ( -0.6439505508593803600, -0.1725460300683407700, -0.2291666666666666300 ) ) ;
#5383 = AXIS2_PLACEMENT_3D ( 'NONE', #2583, #4545, #607 ) ;
#5384 = CLOSED_SHELL ( 'NONE', ( #3633, #1569, #205, #5513 ) ) ;
#5385 = ADVANCED_FACE ( 'NONE', ( #1740 ), #5419, .T. ) ;
#5386 = DIRECTION ( 'NONE',  ( -0.8660254037844346000, 0.5000000000000071100, 0.0000000000000000000 ) ) ;
#5387 = CIRCLE ( 'NONE', #6328, 0.01041666666666659100 ) ;
#5388 = CARTESIAN_POINT ( 'NONE',  ( -0.2127929394970498900, 0.6331664239801099200, 0.2291666666666667700 ) ) ;
#5389 = AXIS2_PLACEMENT_3D ( 'NONE', #3550, #1049, #1094 ) ;
#5390 = DIRECTION ( 'NONE',  ( -0.0000000000000000000, -1.639108796198557900E-016, 1.000000000000000000 ) ) ;
#5391 = DIRECTION ( 'NONE',  ( 0.0000000000000000000, 0.0000000000000000000, 1.000000000000000000 ) ) ;
#5392 = EDGE_CURVE ( 'NONE', #3713, #6250, #4231, .T. ) ;
#5393 = CYLINDRICAL_SURFACE ( 'NONE', #6408, 0.7083333333333337000 ) ;
#5394 = ORIENTED_EDGE ( 'NONE', *, *, #2912, .F. ) ;
#5395 = CARTESIAN_POINT ( 'NONE',  ( 0.4714045207910290700, -0.4714045207910340100, 0.2291666666666667700 ) ) ;
#5396 = DIRECTION ( 'NONE',  ( -0.7071067811865507900, -0.7071067811865442400, 0.0000000000000000000 ) ) ;
#5397 = PERSON_AND_ORGANIZATION_ROLE ( 'classification_officer' ) ;
#5398 = DIRECTION ( 'NONE',  ( 0.2588190451025310100, 0.9659258262890656500, 0.0000000000000000000 ) ) ;
#5399 = CYLINDRICAL_SURFACE ( 'NONE', #199, 0.01041666666666660200 ) ;
#5400 = CARTESIAN_POINT ( 'NONE',  ( 0.6666666666666665200, -2.327654225895421700E-015, 0.2291666666666667700 ) ) ;
#5401 = DIRECTION ( 'NONE',  ( 0.0000000000000000000, 0.0000000000000000000, 1.000000000000000000 ) ) ;
#5402 = DIRECTION ( 'NONE',  ( -0.4999999999999979500, 0.8660254037844397100, 0.0000000000000000000 ) ) ;
#5403 = CIRCLE ( 'NONE', #4502, 0.7350000000000005400 ) ;
#5404 = EDGE_CURVE ( 'NONE', #3929, #4159, #1581, .T. ) ;
#5405 = AXIS2_PLACEMENT_3D ( 'NONE', #2507, #3460, #2488 ) ;
#5406 = LENGTH_MEASURE_WITH_UNIT ( LENGTH_MEASURE( 0.02539999999999999900 ), #3850 );
#5407 = CARTESIAN_POINT ( 'NONE',  ( 0.5565169358562930300, 0.3694177251576835600, 0.2291666666666667700 ) ) ;
#5408 = CIRCLE ( 'NONE', #1565, 0.01041666666666661100 ) ;
#5409 = CARTESIAN_POINT ( 'NONE',  ( -0.3423544312894257800, -0.5721419358562894700, -0.2708333333333335400 ) ) ;
#5410 = CYLINDRICAL_SURFACE ( 'NONE', #4659, 0.01041666666666661100 ) ;
#5411 = AXIS2_PLACEMENT_3D ( 'NONE', #525, #1526, #2533 ) ;
#5412 = ADVANCED_FACE ( 'NONE', ( #3456, #4480 ), #3715, .F. ) ;
#5413 = CARTESIAN_POINT ( 'NONE',  ( 0.6331664239801061400, -0.2127929394970609600, 0.2291666666666667700 ) ) ;
#5414 = AXIS2_PLACEMENT_3D ( 'NONE', #183, #707, #2743 ) ;
#5415 = CIRCLE ( 'NONE', #1316, 0.04166666666666672000 ) ;
#5416 = CARTESIAN_POINT ( 'NONE',  ( -0.6331664239801047000, 0.2127929394970653800, -0.2291666666666666300 ) ) ;
#5417 = ORIENTED_EDGE ( 'NONE', *, *, #3134, .F. ) ;
#5418 = AXIS2_PLACEMENT_3D ( 'NONE', #3641, #6197, #3167 ) ;
#5419 = CYLINDRICAL_SURFACE ( 'NONE', #2433, 0.04166666666666672000 ) ;
#5420 = ORIENTED_EDGE ( 'NONE', *, *, #2787, .F. ) ;
#5421 = DIRECTION ( 'NONE',  ( 0.0000000000000000000, 0.0000000000000000000, 1.000000000000000000 ) ) ;
#5422 = CYLINDRICAL_SURFACE ( 'NONE', #898, 0.01041666666666661100 ) ;
#5424 = AXIS2_PLACEMENT_3D ( 'NONE', #4021, #4543, #2177 ) ;
#5423 = DIRECTION ( 'NONE',  ( 0.0000000000000000000, -0.0000000000000000000, -1.000000000000000000 ) ) ;
#5425 = VERTEX_POINT ( 'NONE', #715 ) ;
#5426 = DIRECTION ( 'NONE',  ( 0.5000000000000101000, 0.8660254037844328200, 0.0000000000000000000 ) ) ;
#5427 = VECTOR ( 'NONE', #6409, 39.37007874015748100 ) ;
#5428 = DIRECTION ( 'NONE',  ( 0.0000000000000000000, 0.0000000000000000000, 1.000000000000000000 ) ) ;
#5429 = ORIENTED_EDGE ( 'NONE', *, *, #1763, .T. ) ;
#5430 = ORIENTED_EDGE ( 'NONE', *, *, #1207, .F. ) ;
#5431 = DIRECTION ( 'NONE',  ( -0.9659258262890664200, 0.2588190451025277300, 0.0000000000000000000 ) ) ;
#5432 = DIRECTION ( 'NONE',  ( -0.0000000000000000000, -1.639108796198557900E-016, 1.000000000000000000 ) ) ;
#5433 = EDGE_CURVE ( 'NONE', #4483, #4793, #816, .T. ) ;
#5434 = VERTEX_POINT ( 'NONE', #1699 ) ;
#5435 = EDGE_LOOP ( 'NONE', ( #3711, #1794, #2596, #2304 ) ) ;
#5436 = CIRCLE ( 'NONE', #1728, 0.01041666666666661200 ) ;
#5437 = DIRECTION ( 'NONE',  ( -1.000000000000000000, 1.311287036958853100E-014, 0.0000000000000000000 ) ) ;
#5438 = EDGE_LOOP ( 'NONE', ( #5127, #2265 ) ) ;
#5439 = ORIENTED_EDGE ( 'NONE', *, *, #2792, .T. ) ;
#5440 = ORIENTED_EDGE ( 'NONE', *, *, #4801, .F. ) ;
#5441 = DIRECTION ( 'NONE',  ( 0.0000000000000000000, 0.0000000000000000000, 1.000000000000000000 ) ) ;
#5442 = DIRECTION ( 'NONE',  ( 0.0000000000000000000, 0.0000000000000000000, 1.000000000000000000 ) ) ;
#5443 = CIRCLE ( 'NONE', #522, 0.01041666666666661100 ) ;
#5444 = ORIENTED_EDGE ( 'NONE', *, *, #5157, .F. ) ;
#5445 =( CONVERSION_BASED_UNIT ( 'INCH', #5406 ) LENGTH_UNIT ( ) NAMED_UNIT ( #1806 ) );
#5446 = CARTESIAN_POINT ( 'NONE',  ( -0.2127929394970631500, -0.6331664239801053600, 0.2291666666666667700 ) ) ;
#5447 = ORIENTED_EDGE ( 'NONE', *, *, #1178, .F. ) ;
#5448 = DIRECTION ( 'NONE',  ( 0.4999999999999984500, -0.8660254037844397100, 0.0000000000000000000 ) ) ;
#5449 = ADVANCED_FACE ( 'NONE', ( #261 ), #5346, .F. ) ;
#5450 = DIRECTION ( 'NONE',  ( 0.0000000000000000000, 0.0000000000000000000, 1.000000000000000000 ) ) ;
#5451 = EDGE_CURVE ( 'NONE', #381, #4293, #350, .T. ) ;
#5452 = EDGE_LOOP ( 'NONE', ( #4312, #4887, #2635, #110 ) ) ;
#5453 = CARTESIAN_POINT ( 'NONE',  ( 0.3333333333333339300, 0.5773502691896251800, 0.2291666666666667700 ) ) ;
#5454 = CARTESIAN_POINT ( 'NONE',  ( 0.4714045207910323400, 0.4714045207910307900, 0.2291666666666667700 ) ) ;
#5455 = EDGE_CURVE ( 'NONE', #4633, #193, #1354, .T. ) ;
#5456 = MANIFOLD_SOLID_BREP ( 'CirPattern1[40]', #4112 ) ;
#5457 = EDGE_LOOP ( 'NONE', ( #3649, #1445 ) ) ;
#5458 = AXIS2_PLACEMENT_3D ( 'NONE', #1053, #3616, #2096 ) ;
#5459 = ORIENTED_EDGE ( 'NONE', *, *, #5958, .F. ) ;
#5460 = AXIS2_PLACEMENT_3D ( 'NONE', #2140, #5645, #61 ) ;
#5461 = DIRECTION ( 'NONE',  ( -0.8660254037844414800, -0.4999999999999951700, 0.0000000000000000000 ) ) ;
#5462 = APPROVAL_STATUS ( 'not_yet_approved' ) ;
#5463 = CARTESIAN_POINT ( 'NONE',  ( 0.1826077574255207700, -0.6412545191395620000, -0.2708333333333335400 ) ) ;
#5464 = FACE_OUTER_BOUND ( 'NONE', #1679, .T. ) ;
#5465 = AXIS2_PLACEMENT_3D ( 'NONE', #2907, #2955, #1482 ) ;
#5466 = VERTEX_POINT ( 'NONE', #3322 ) ;
#5467 = DIRECTION ( 'NONE',  ( 1.311287036958853100E-014, 1.000000000000000000, 0.0000000000000000000 ) ) ;
#5468 = CARTESIAN_POINT ( 'NONE',  ( 0.3423544312894217800, 0.5721419358562919200, 0.2708333333333334800 ) ) ;
#5469 = AXIS2_PLACEMENT_3D ( 'NONE', #1817, #3333, #4346 ) ;
#5470 = FACE_OUTER_BOUND ( 'NONE', #2161, .T. ) ;
#5471 = VERTEX_POINT ( 'NONE', #3272 ) ;
#5472 = EDGE_CURVE ( 'NONE', #2750, #3852, #5027, .T. ) ;
#5473 = DIRECTION ( 'NONE',  ( 0.0000000000000000000, 0.0000000000000000000, 1.000000000000000000 ) ) ;
#5474 = DIRECTION ( 'NONE',  ( 0.7071067811865459100, -0.7071067811865491300, 0.0000000000000000000 ) ) ;
#5475 = CIRCLE ( 'NONE', #166, 0.01041666666666661100 ) ;
#5476 = EDGE_CURVE ( 'NONE', #2394, #4418, #1660, .T. ) ;
#5477 = ORIENTED_EDGE ( 'NONE', *, *, #2124, .F. ) ;
#5478 = ADVANCED_FACE ( 'NONE', ( #874 ), #5987, .F. ) ;
#5479 = EDGE_CURVE ( 'NONE', #465, #4564, #2137, .T. ) ;
#5480 = ADVANCED_FACE ( 'NONE', ( #3523, #4152 ), #1781, .F. ) ;
#5481 = CIRCLE ( 'NONE', #6290, 0.01041666666666661200 ) ;
#5482 = CARTESIAN_POINT ( 'NONE',  ( 0.1826077574255252600, 0.6412545191395606600, -0.2708333333333335400 ) ) ;
#5483 = PLANE ( 'NONE',  #2933 ) ;
#5484 = VECTOR ( 'NONE', #3364, 39.37007874015748100 ) ;
#5485 = EDGE_CURVE ( 'NONE', #560, #4003, #6148, .T. ) ;
#5486 = FACE_OUTER_BOUND ( 'NONE', #421, .T. ) ;
#5487 = PERSON_AND_ORGANIZATION ( #2951, #4303 ) ;
#5488 = DIRECTION ( 'NONE',  ( 0.0000000000000000000, 0.0000000000000000000, 1.000000000000000000 ) ) ;
#5489 = EDGE_CURVE ( 'NONE', #4574, #5201, #808, .T. ) ;
#5490 = CLOSED_SHELL ( 'NONE', ( #2172, #6491, #2522, #850, #3818, #1807 ) ) ;
#5491 = CYLINDRICAL_SURFACE ( 'NONE', #5549, 0.01041666666666661200 ) ;
#5492 = AXIS2_PLACEMENT_3D ( 'NONE', #106, #1562, #2089 ) ;
#5493 = CARTESIAN_POINT ( 'NONE',  ( -0.1725460300683385200, 0.6439505508593810200, 0.2708333333333334800 ) ) ;
#5494 = CARTESIAN_POINT ( 'NONE',  ( 7.909177244493327700E-017, 0.6458333333333332600, 0.3125000000000002800 ) ) ;
#5495 = FACE_OUTER_BOUND ( 'NONE', #6085, .T. ) ;
#5496 = DIRECTION ( 'NONE',  ( 0.0000000000000000000, 0.0000000000000000000, 1.000000000000000000 ) ) ;
#5497 = VERTEX_POINT ( 'NONE', #4794 ) ;
#5498 = DIRECTION ( 'NONE',  ( 0.0000000000000000000, 0.0000000000000000000, 1.000000000000000000 ) ) ;
#5499 = CYLINDRICAL_SURFACE ( 'NONE', #1734, 0.01041666666666663700 ) ;
#5500 = ORIENTED_EDGE ( 'NONE', *, *, #2353, .F. ) ;
#5501 = FACE_OUTER_BOUND ( 'NONE', #178, .T. ) ;
#5502 = DIRECTION ( 'NONE',  ( -0.2588190451025130200, 0.9659258262890704200, 0.0000000000000000000 ) ) ;
#5503 = CC_DESIGN_PERSON_AND_ORGANIZATION_ASSIGNMENT ( #3602, #3373, ( #369 ) ) ;
#5504 = EDGE_LOOP ( 'NONE', ( #367, #5154, #1615, #4923 ) ) ;
#5505 = EDGE_LOOP ( 'NONE', ( #1640, #1135, #2773, #4897 ) ) ;
#5506 = AXIS2_PLACEMENT_3D ( 'NONE', #1603, #6221, #5112 ) ;
#5507 = ORIENTED_EDGE ( 'NONE', *, *, #6215, .T. ) ;
#5508 = FACE_BOUND ( 'NONE', #1348, .T. ) ;
#5509 = EDGE_LOOP ( 'NONE', ( #952, #6019 ) ) ;
#5510 = ADVANCED_FACE ( 'NONE', ( #5495 ), #4630, .T. ) ;
#5511 = DIRECTION ( 'NONE',  ( -0.4999999999999943900, 0.8660254037844420400, 0.0000000000000000000 ) ) ;
#5512 = ORIENTED_EDGE ( 'NONE', *, *, #4162, .F. ) ;
#5513 = ADVANCED_FACE ( 'NONE', ( #341 ), #2329, .F. ) ;
#5514 = EDGE_LOOP ( 'NONE', ( #3006, #2686 ) ) ;
#5515 = DIRECTION ( 'NONE',  ( 0.4999999999999993300, -0.8660254037844391500, 0.0000000000000000000 ) ) ;
#5516 = EDGE_LOOP ( 'NONE', ( #2785, #2187, #5352, #6077 ) ) ;
#5517 = LINE ( 'NONE', #6456, #2702 ) ;
#5518 = ORIENTED_EDGE ( 'NONE', *, *, #2966, .T. ) ;
#5519 = EDGE_CURVE ( 'NONE', #4894, #3785, #184, .T. ) ;
#5520 = ORIENTED_EDGE ( 'NONE', *, *, #3465, .T. ) ;
#5522 = ORIENTED_EDGE ( 'NONE', *, *, #4541, .F. ) ;
#5521 = CARTESIAN_POINT ( 'NONE',  ( -0.4787702164283954600, -0.4640388251536675700, 0.2708333333333334800 ) ) ;
#5523 = DIRECTION ( 'NONE',  ( 0.0000000000000000000, 0.0000000000000000000, 1.000000000000000000 ) ) ;
#5524 = DIRECTION ( 'NONE',  ( 0.0000000000000000000, 0.0000000000000000000, 1.000000000000000000 ) ) ;
#5525 = DIRECTION ( 'NONE',  ( -0.2588190451025179600, 0.9659258262890690900, 0.0000000000000000000 ) ) ;
#5526 = ORIENTED_EDGE ( 'NONE', *, *, #242, .F. ) ;
#5527 = CARTESIAN_POINT ( 'NONE',  ( -0.5825586025229618800, -0.3243122353772399700, 0.2708333333333334800 ) ) ;
#5528 = DIRECTION ( 'NONE',  ( 0.0000000000000000000, 0.0000000000000000000, 1.000000000000000000 ) ) ;
#5529 = DIRECTION ( 'NONE',  ( 0.0000000000000000000, 0.0000000000000000000, 1.000000000000000000 ) ) ;
#5530 = EDGE_CURVE ( 'NONE', #5867, #2101, #2833, .T. ) ;
#5531 = EDGE_LOOP ( 'NONE', ( #5686, #1419 ) ) ;
#5532 = DIRECTION ( 'NONE',  ( 0.5000000000000119900, 0.8660254037844318200, 0.0000000000000000000 ) ) ;
#5533 = DIRECTION ( 'NONE',  ( 0.0000000000000000000, -0.0000000000000000000, 1.000000000000000000 ) ) ;
#5534 = CARTESIAN_POINT ( 'NONE',  ( -0.1725460300683385200, 0.6439505508593810200, -0.2708333333333335400 ) ) ;
#5535 = EDGE_CURVE ( 'NONE', #3779, #5201, #3679, .T. ) ;
#5536 = VECTOR ( 'NONE', #5390, 39.37007874015748100 ) ;
#5537 = DIRECTION ( 'NONE',  ( 0.0000000000000000000, 0.0000000000000000000, 1.000000000000000000 ) ) ;
#5538 = CARTESIAN_POINT ( 'NONE',  ( 0.3694177251576816800, -0.5565169358562944700, -0.2291666666666666300 ) ) ;
#5539 = ORIENTED_EDGE ( 'NONE', *, *, #2802, .T. ) ;
#5541 = AXIS2_PLACEMENT_3D ( 'NONE', #1268, #5814, #3181 ) ;
#5540 = DIRECTION ( 'NONE',  ( 0.0000000000000000000, 0.0000000000000000000, 1.000000000000000000 ) ) ;
#5542 = AXIS2_PLACEMENT_3D ( 'NONE', #869, #4913, #2919 ) ;
#5543 = DIRECTION ( 'NONE',  ( 0.0000000000000000000, 0.0000000000000000000, 1.000000000000000000 ) ) ;
#5544 = ADVANCED_FACE ( 'NONE', ( #1272 ), #4949, .F. ) ;
#5545 = FACE_OUTER_BOUND ( 'NONE', #5050, .T. ) ;
#5546 = ORIENTED_EDGE ( 'NONE', *, *, #4988, .T. ) ;
#5547 = AXIS2_PLACEMENT_3D ( 'NONE', #1595, #6129, #3100 ) ;
#5548 = DIRECTION ( 'NONE',  ( 0.8660254037844463700, 0.4999999999999865700, 0.0000000000000000000 ) ) ;
#5549 = AXIS2_PLACEMENT_3D ( 'NONE', #2315, #326, #2786 ) ;
#5550 = VECTOR ( 'NONE', #1935, 39.37007874015748100 ) ;
#5551 = EDGE_LOOP ( 'NONE', ( #3381, #5601, #419, #67 ) ) ;
#5552 = DIRECTION ( 'NONE',  ( 0.7071067811865512400, 0.7071067811865438000, 0.0000000000000000000 ) ) ;
#5553 = DIRECTION ( 'NONE',  ( -0.2588190451025314000, -0.9659258262890653100, 0.0000000000000000000 ) ) ;
#5554 = FACE_OUTER_BOUND ( 'NONE', #1470, .T. ) ;
#5555 = DIRECTION ( 'NONE',  ( 0.0000000000000000000, 0.0000000000000000000, 1.000000000000000000 ) ) ;
#5556 = CARTESIAN_POINT ( 'NONE',  ( -0.4714045207910356200, -0.4714045207910274600, 0.2291666666666667700 ) ) ;
#5557 = DIRECTION ( 'NONE',  ( 0.0000000000000000000, 0.0000000000000000000, 1.000000000000000000 ) ) ;
#5558 = PLANE ( 'NONE',  #1158 ) ;
#5559 = FACE_BOUND ( 'NONE', #4448, .T. ) ;
#5560 = CARTESIAN_POINT ( 'NONE',  ( 7.909177244493326400E-017, 0.6458333333333332600, -0.3125000000000001700 ) ) ;
#5561 = DIRECTION ( 'NONE',  ( 0.0000000000000000000, 0.0000000000000000000, 1.000000000000000000 ) ) ;
#5562 = LINE ( 'NONE', #5875, #2047 ) ;
#5563 = CARTESIAN_POINT ( 'NONE',  ( -0.6666666666666665200, 6.982962677686265100E-015, 0.2291666666666667700 ) ) ;
#5564 = VERTEX_POINT ( 'NONE', #1364 ) ;
#5565 = VECTOR ( 'NONE', #4977, 39.37007874015748100 ) ;
#5566 = CARTESIAN_POINT ( 'NONE',  ( -0.3333333333333258800, 0.5773502691896298400, 0.2291666666666667700 ) ) ;
#5567 = VECTOR ( 'NONE', #3177, 39.37007874015748100 ) ;
#5568 = APPROVAL_PERSON_ORGANIZATION ( #5487, #5054, #5945 ) ;
#5569 = DIRECTION ( 'NONE',  ( 0.0000000000000000000, 0.0000000000000000000, 1.000000000000000000 ) ) ;
#5570 = VERTEX_POINT ( 'NONE', #1866 ) ;
#5571 = EDGE_CURVE ( 'NONE', #4881, #5071, #4706, .T. ) ;
#5572 = VECTOR ( 'NONE', #5110, 39.37007874015748100 ) ;
#5573 = ADVANCED_FACE ( 'NONE', ( #5664 ), #1968, .T. ) ;
#5574 = CARTESIAN_POINT ( 'NONE',  ( 0.0000000000000000000, -4.908789363615472900E-016, 0.3125000000000001700 ) ) ;
#5575 = EDGE_LOOP ( 'NONE', ( #5205, #3067 ) ) ;
#5576 = VECTOR ( 'NONE', #1043, 39.37007874015748100 ) ;
#5577 = CARTESIAN_POINT ( 'NONE',  ( 0.3423544312894217800, 0.5721419358562919200, 0.2291666666666667700 ) ) ;
#5578 = EDGE_CURVE ( 'NONE', #5199, #4483, #1193, .T. ) ;
#5579 = ORIENTED_EDGE ( 'NONE', *, *, #3013, .F. ) ;
#5580 = AXIS2_PLACEMENT_3D ( 'NONE', #146, #123, #1623 ) ;
#5581 = CARTESIAN_POINT ( 'NONE',  ( -0.5773502691896287300, -0.3333333333333278200, 0.2291666666666667700 ) ) ;
#5582 = CIRCLE ( 'NONE', #317, 0.04166666666666673400 ) ;
#5583 = CARTESIAN_POINT ( 'NONE',  ( -4.655308451790843400E-015, -0.6666666666666665200, 0.2708333333333334800 ) ) ;
#5584 = EDGE_LOOP ( 'NONE', ( #5909, #5274 ) ) ;
#5585 = CARTESIAN_POINT ( 'NONE',  ( -0.6331664239801090300, -0.2127929394970520800, -0.2291666666666666300 ) ) ;
#5586 = AXIS2_PLACEMENT_3D ( 'NONE', #5047, #5017, #1107 ) ;
#5587 = CIRCLE ( 'NONE', #4606, 0.04166666666666671300 ) ;
#5588 = DIRECTION ( 'NONE',  ( -0.2588190451025113000, 0.9659258262890707500, 0.0000000000000000000 ) ) ;
#5589 = ORIENTED_EDGE ( 'NONE', *, *, #2806, .T. ) ;
#5590 = DIRECTION ( 'NONE',  ( 0.0000000000000000000, 0.0000000000000000000, 1.000000000000000000 ) ) ;
#5591 = ORIENTED_EDGE ( 'NONE', *, *, #3841, .F. ) ;
#5592 = AXIS2_PLACEMENT_3D ( 'NONE', #2581, #1535, #4613 ) ;
#5593 = ORIENTED_EDGE ( 'NONE', *, *, #2873, .F. ) ;
#5594 = EDGE_LOOP ( 'NONE', ( #1141, #4479, #6169, #2945 ) ) ;
#5595 = DIRECTION ( 'NONE',  ( 0.7071067811865556800, 0.7071067811865392500, 0.0000000000000000000 ) ) ;
#5596 = DIRECTION ( 'NONE',  ( 0.4999999999999919000, -0.8660254037844431500, 0.0000000000000000000 ) ) ;
#5597 = CIRCLE ( 'NONE', #2613, 0.01041666666666661200 ) ;
#5598 = ORIENTED_EDGE ( 'NONE', *, *, #5653, .F. ) ;
#5599 = CARTESIAN_POINT ( 'NONE',  ( 0.4714045207910290700, -0.4714045207910340100, 0.2708333333333334800 ) ) ;
#5600 = AXIS2_PLACEMENT_3D ( 'NONE', #3916, #5423, #2947 ) ;
#5601 = ORIENTED_EDGE ( 'NONE', *, *, #2000, .F. ) ;
#5602 = CARTESIAN_POINT ( 'NONE',  ( 0.1826077574255207700, -0.6412545191395620000, 0.2291666666666667700 ) ) ;
#5603 = VERTEX_POINT ( 'NONE', #1447 ) ;
#5604 = FACE_OUTER_BOUND ( 'NONE', #2336, .T. ) ;
#5605 = CARTESIAN_POINT ( 'NONE',  ( 0.0000000000000000000, -0.7500000000000010000, 0.3125000000000000000 ) ) ;
#5606 = ORIENTED_EDGE ( 'NONE', *, *, #3365, .F. ) ;
#5607 = EDGE_CURVE ( 'NONE', #4797, #4745, #5339, .T. ) ;
#5608 = CARTESIAN_POINT ( 'NONE',  ( 0.5773502691896241800, -0.3333333333333359800, 0.2291666666666667700 ) ) ;
#5609 = EDGE_CURVE ( 'NONE', #3085, #2066, #4787, .T. ) ;
#5610 = EDGE_LOOP ( 'NONE', ( #157, #2990 ) ) ;
#5611 = DIRECTION ( 'NONE',  ( 0.0000000000000000000, 0.0000000000000000000, 1.000000000000000000 ) ) ;
#5612 = DIRECTION ( 'NONE',  ( -0.5000000000000071100, -0.8660254037844346000, 0.0000000000000000000 ) ) ;
#5613 = DIRECTION ( 'NONE',  ( 0.7071067811865462400, -0.7071067811865486800, 0.0000000000000000000 ) ) ;
#5614 = EDGE_CURVE ( 'NONE', #5712, #5662, #2517, .T. ) ;
#5615 = DIRECTION ( 'NONE',  ( 0.0000000000000000000, 0.0000000000000000000, 1.000000000000000000 ) ) ;
#5616 = ORIENTED_EDGE ( 'NONE', *, *, #1914, .F. ) ;
#5617 = DIRECTION ( 'NONE',  ( 0.0000000000000000000, 0.0000000000000000000, 1.000000000000000000 ) ) ;
#5618 = ADVANCED_FACE ( 'NONE', ( #2678 ), #4368, .F. ) ;
#5619 = CARTESIAN_POINT ( 'NONE',  ( -0.1826077574255162700, 0.6412545191395632200, 0.2291666666666667700 ) ) ;
#5620 = EDGE_CURVE ( 'NONE', #710, #1757, #6307, .T. ) ;
#5621 = ORIENTED_EDGE ( 'NONE', *, *, #6145, .T. ) ;
#5622 = DIRECTION ( 'NONE',  ( 0.7071067811865442400, -0.7071067811865507900, 0.0000000000000000000 ) ) ;
#5623 = ORIENTED_EDGE ( 'NONE', *, *, #2541, .F. ) ;
#5624 = CARTESIAN_POINT ( 'NONE',  ( -0.5565169358562956900, -0.3694177251576796800, -0.2291666666666666300 ) ) ;
#5625 = EDGE_CURVE ( 'NONE', #4203, #3172, #5826, .T. ) ;
#5626 = DIRECTION ( 'NONE',  ( 0.0000000000000000000, 0.0000000000000000000, 1.000000000000000000 ) ) ;
#5627 = CARTESIAN_POINT ( 'NONE',  ( 0.5565169358562930300, 0.3694177251576835600, -0.2291666666666666300 ) ) ;
#5628 = AXIS2_PLACEMENT_3D ( 'NONE', #5964, #1877, #3417 ) ;
#5629 = VECTOR ( 'NONE', #2030, 39.37007874015748100 ) ;
#5630 = ORIENTED_EDGE ( 'NONE', *, *, #6000, .T. ) ;
#5631 = DIRECTION ( 'NONE',  ( 0.0000000000000000000, 0.0000000000000000000, 1.000000000000000000 ) ) ;
#5632 = ORIENTED_EDGE ( 'NONE', *, *, #1283, .T. ) ;
#5633 = CARTESIAN_POINT ( 'NONE',  ( -0.5773502691896287300, -0.3333333333333278200, 0.2291666666666667700 ) ) ;
#5634 = CARTESIAN_POINT ( 'NONE',  ( 0.1725460300683475100, 0.6439505508593785800, 0.2291666666666667700 ) ) ;
#5635 = CARTESIAN_POINT ( 'NONE',  ( -0.5773502691896287300, -0.3333333333333278200, -0.2708333333333335400 ) ) ;
#5636 = FACE_OUTER_BOUND ( 'NONE', #6382, .T. ) ;
#5638 = AXIS2_PLACEMENT_3D ( 'NONE', #4878, #371, #3811 ) ;
#5637 = DIRECTION ( 'NONE',  ( -0.9659258262890668700, 0.2588190451025261200, 0.0000000000000000000 ) ) ;
#5639 = VERTEX_POINT ( 'NONE', #1420 ) ;
#5640 = CARTESIAN_POINT ( 'NONE',  ( 0.0000000000000000000, 0.6666666666666665200, 0.2708333333333334800 ) ) ;
#5641 = CARTESIAN_POINT ( 'NONE',  ( -0.4787702164283857400, 0.4640388251536775600, 0.2708333333333334800 ) ) ;
#5642 = AXIS2_PLACEMENT_3D ( 'NONE', #493, #4548, #1559 ) ;
#5643 = VECTOR ( 'NONE', #5962, 39.37007874015748100 ) ;
#5644 = VERTEX_POINT ( 'NONE', #5973 ) ;
#5645 = DIRECTION ( 'NONE',  ( -0.0000000000000000000, -1.639108796198557900E-016, 1.000000000000000000 ) ) ;
#5646 = ORIENTED_EDGE ( 'NONE', *, *, #3252, .F. ) ;
#5647 = MANIFOLD_SOLID_BREP ( 'CirPattern1[42]', #3156 ) ;
#5648 = FACE_OUTER_BOUND ( 'NONE', #3861, .T. ) ;
#5649 = ADVANCED_FACE ( 'NONE', ( #1345 ), #4925, .F. ) ;
#5650 = DIRECTION ( 'NONE',  ( -0.2588190451025244600, -0.9659258262890673100, 0.0000000000000000000 ) ) ;
#5651 = DIRECTION ( 'NONE',  ( 1.000000000000000000, 0.0000000000000000000, 0.0000000000000000000 ) ) ;
#5652 = ORIENTED_EDGE ( 'NONE', *, *, #4436, .T. ) ;
#5653 = EDGE_CURVE ( 'NONE', #6015, #3311, #492, .T. ) ;
#5654 = DIRECTION ( 'NONE',  ( 0.0000000000000000000, 0.0000000000000000000, 1.000000000000000000 ) ) ;
#5655 = AXIS2_PLACEMENT_3D ( 'NONE', #5081, #4011, #2081 ) ;
#5656 = CIRCLE ( 'NONE', #2167, 0.01041666666666661100 ) ;
#5657 = DIRECTION ( 'NONE',  ( 0.0000000000000000000, 0.0000000000000000000, 1.000000000000000000 ) ) ;
#5658 = DIRECTION ( 'NONE',  ( 0.0000000000000000000, 0.0000000000000000000, 1.000000000000000000 ) ) ;
#5659 = DIRECTION ( 'NONE',  ( 0.2588190451025261200, 0.9659258262890668700, 0.0000000000000000000 ) ) ;
#5660 = CIRCLE ( 'NONE', #1425, 0.01041666666666661100 ) ;
#5661 = DATE_AND_TIME ( #2132, #3984 ) ;
#5662 = VERTEX_POINT ( 'NONE', #2410 ) ;
#5663 = CYLINDRICAL_SURFACE ( 'NONE', #3733, 0.04166666666666673400 ) ;
#5664 = FACE_OUTER_BOUND ( 'NONE', #3444, .T. ) ;
#5665 = DIRECTION ( 'NONE',  ( 0.0000000000000000000, 0.0000000000000000000, 1.000000000000000000 ) ) ;
#5666 = MANIFOLD_SOLID_BREP ( 'CirPattern1[28]', #2761 ) ;
#5667 = LINE ( 'NONE', #4042, #5572 ) ;
#5668 = MANIFOLD_SOLID_BREP ( 'CirPattern1[36]', #914 ) ;
#5669 = CLOSED_SHELL ( 'NONE', ( #3593, #4090, #1336, #557 ) ) ;
#5670 = VECTOR ( 'NONE', #1629, 39.37007874015748100 ) ;
#5671 = EDGE_CURVE ( 'NONE', #1436, #820, #3912, .T. ) ;
#5672 = VERTEX_POINT ( 'NONE', #5407 ) ;
#5673 = DIRECTION ( 'NONE',  ( 0.0000000000000000000, 0.0000000000000000000, 1.000000000000000000 ) ) ;
#5674 = ORIENTED_EDGE ( 'NONE', *, *, #3534, .F. ) ;
#5675 = PLANE ( 'NONE',  #1936 ) ;
#5676 = CARTESIAN_POINT ( 'NONE',  ( 0.4787702164283889600, -0.4640388251536742300, -0.2708333333333335400 ) ) ;
#5677 = ORIENTED_EDGE ( 'NONE', *, *, #474, .T. ) ;
#5678 = FACE_OUTER_BOUND ( 'NONE', #4077, .T. ) ;
#5679 = AXIS2_PLACEMENT_3D ( 'NONE', #4183, #6196, #4850 ) ;
#5680 = ORIENTED_EDGE ( 'NONE', *, *, #1246, .T. ) ;
#5681 = DIRECTION ( 'NONE',  ( -0.0000000000000000000, 0.0000000000000000000, -1.000000000000000000 ) ) ;
#5682 = DIRECTION ( 'NONE',  ( 0.7071067811865442400, -0.7071067811865507900, 0.0000000000000000000 ) ) ;
#5683 = EDGE_LOOP ( 'NONE', ( #4397, #1909, #3922, #6315 ) ) ;
#5684 = DIRECTION ( 'NONE',  ( 0.0000000000000000000, 0.0000000000000000000, 1.000000000000000000 ) ) ;
#5685 = AXIS2_PLACEMENT_3D ( 'NONE', #5321, #3774, #279 ) ;
#5686 = ORIENTED_EDGE ( 'NONE', *, *, #1677, .T. ) ;
#5687 = VERTEX_POINT ( 'NONE', #390 ) ;
#5688 = DIRECTION ( 'NONE',  ( -0.0000000000000000000, -0.0000000000000000000, 1.000000000000000000 ) ) ;
#5689 = CIRCLE ( 'NONE', #1771, 0.6458333333333338100 ) ;
#5690 = DIRECTION ( 'NONE',  ( 0.0000000000000000000, 0.0000000000000000000, 1.000000000000000000 ) ) ;
#5691 = ADVANCED_FACE ( 'NONE', ( #2365 ), #3359, .F. ) ;
#5692 = ORIENTED_EDGE ( 'NONE', *, *, #5451, .T. ) ;
#5693 = AXIS2_PLACEMENT_3D ( 'NONE', #1365, #1867, #3865 ) ;
#5694 = ORIENTED_EDGE ( 'NONE', *, *, #5519, .F. ) ;
#5695 = DIRECTION ( 'NONE',  ( 0.0000000000000000000, 0.0000000000000000000, 1.000000000000000000 ) ) ;
#5696 = ORIENTED_EDGE ( 'NONE', *, *, #4262, .T. ) ;
#5697 = AXIS2_PLACEMENT_3D ( 'NONE', #4872, #5922, #1410 ) ;
#5698 = AXIS2_PLACEMENT_3D ( 'NONE', #1376, #6383, #399 ) ;
#5699 = EDGE_LOOP ( 'NONE', ( #2705, #6361 ) ) ;
#5700 = ORIENTED_EDGE ( 'NONE', *, *, #6314, .T. ) ;
#5701 = CARTESIAN_POINT ( 'NONE',  ( 0.1725460300683430100, -0.6439505508593798000, -0.2291666666666666300 ) ) ;
#5702 = CARTESIAN_POINT ( 'NONE',  ( 0.0000000000000000000, 0.6666666666666665200, 0.2291666666666667700 ) ) ;
#5703 = EDGE_CURVE ( 'NONE', #2184, #4847, #6380, .T. ) ;
#5704 = DIRECTION ( 'NONE',  ( -0.0000000000000000000, 0.0000000000000000000, -1.000000000000000000 ) ) ;
#5705 = CARTESIAN_POINT ( 'NONE',  ( -0.4714045207910257900, 0.4714045207910372800, 0.2291666666666667700 ) ) ;
#5706 = EDGE_LOOP ( 'NONE', ( #506, #784, #2640, #4181 ) ) ;
#5707 = DIRECTION ( 'NONE',  ( -0.2588190451025179600, 0.9659258262890690900, 0.0000000000000000000 ) ) ;
#5708 = EDGE_CURVE ( 'NONE', #2468, #3533, #4309, .T. ) ;
#5709 = CARTESIAN_POINT ( 'NONE',  ( 0.0000000000000000000, 0.6666666666666665200, 0.2708333333333334800 ) ) ;
#5710 = CARTESIAN_POINT ( 'NONE',  ( -0.4714045207910356200, -0.4714045207910274600, 0.2291666666666667700 ) ) ;
#5711 = CYLINDRICAL_SURFACE ( 'NONE', #3993, 0.01041666666666663700 ) ;
#5712 = VERTEX_POINT ( 'NONE', #3495 ) ;
#5713 = EDGE_CURVE ( 'NONE', #5926, #994, #1493, .T. ) ;
#5714 = CYLINDRICAL_SURFACE ( 'NONE', #3060, 0.04166666666666672000 ) ;
#5715 = ORIENTED_EDGE ( 'NONE', *, *, #303, .T. ) ;
#5716 = EDGE_CURVE ( 'NONE', #212, #2816, #3992, .T. ) ;
#5717 = ADVANCED_FACE ( 'NONE', ( #3366 ), #3832, .T. ) ;
#5718 = CARTESIAN_POINT ( 'NONE',  ( -0.5773502691896217300, 0.3333333333333399800, -0.2708333333333335400 ) ) ;
#5719 = AXIS2_PLACEMENT_3D ( 'NONE', #3964, #1534, #3035 ) ;
#5720 = DIRECTION ( 'NONE',  ( 0.0000000000000000000, 0.0000000000000000000, 1.000000000000000000 ) ) ;
#5721 = LINE ( 'NONE', #2416, #5643 ) ;
#5722 = EDGE_LOOP ( 'NONE', ( #5791, #5579 ) ) ;
#5723 = AXIS2_PLACEMENT_3D ( 'NONE', #2546, #3091, #3542 ) ;
#5724 = CARTESIAN_POINT ( 'NONE',  ( 0.5773502691896264000, 0.3333333333333318700, -0.2291666666666666300 ) ) ;
#5725 = CARTESIAN_POINT ( 'NONE',  ( -0.2972489415089864500, -0.5981836025229565500, 0.2291666666666667700 ) ) ;
#5727 = AXIS2_PLACEMENT_3D ( 'NONE', #3737, #716, #6312 ) ;
#5726 = CARTESIAN_POINT ( 'NONE',  ( -0.3333333333333379800, -0.5773502691896228400, 0.2708333333333334800 ) ) ;
#5728 = VECTOR ( 'NONE', #2422, 39.37007874015748100 ) ;
#5729 = CARTESIAN_POINT ( 'NONE',  ( -0.5721419358562882500, 0.3423544312894278300, 0.2291666666666667700 ) ) ;
#5730 = AXIS2_PLACEMENT_3D ( 'NONE', #5640, #5688, #3131 ) ;
#5731 = CARTESIAN_POINT ( 'NONE',  ( 0.3243122353772420200, -0.5825586025229608800, 0.2708333333333334800 ) ) ;
#5732 = DIRECTION ( 'NONE',  ( 0.0000000000000000000, 0.0000000000000000000, 1.000000000000000000 ) ) ;
#5733 = FACE_OUTER_BOUND ( 'NONE', #6243, .T. ) ;
#5734 = EDGE_CURVE ( 'NONE', #4091, #5028, #25, .T. ) ;
#5735 = ORIENTED_EDGE ( 'NONE', *, *, #4336, .F. ) ;
#5736 = CYLINDRICAL_SURFACE ( 'NONE', #4667, 0.01041666666666661100 ) ;
#5737 = DIRECTION ( 'NONE',  ( 0.0000000000000000000, 0.0000000000000000000, 1.000000000000000000 ) ) ;
#5738 = DIRECTION ( 'NONE',  ( 1.000000000000000000, 0.0000000000000000000, 0.0000000000000000000 ) ) ;
#5739 = EDGE_CURVE ( 'NONE', #5775, #4171, #1036, .T. ) ;
#5741 = LINE ( 'NONE', #4691, #5820 ) ;
#5740 = CARTESIAN_POINT ( 'NONE',  ( -0.6439505508593768000, 0.1725460300683542600, -0.2291666666666666300 ) ) ;
#5742 = ORIENTED_EDGE ( 'NONE', *, *, #5160, .F. ) ;
#5743 = DIRECTION ( 'NONE',  ( 0.0000000000000000000, 1.639108796198557900E-016, -1.000000000000000000 ) ) ;
#5744 = FACE_OUTER_BOUND ( 'NONE', #6474, .T. ) ;
#5745 = EDGE_LOOP ( 'NONE', ( #103, #1898, #5846, #932 ) ) ;
#5746 = DIRECTION ( 'NONE',  ( 0.0000000000000000000, 0.0000000000000000000, 1.000000000000000000 ) ) ;
#5747 = LINE ( 'NONE', #5731, #4002 ) ;
#5748 = DIRECTION ( 'NONE',  ( 0.8660254037844391500, -0.4999999999999993300, 0.0000000000000000000 ) ) ;
#5749 = ORIENTED_EDGE ( 'NONE', *, *, #6272, .F. ) ;
#5750 = CARTESIAN_POINT ( 'NONE',  ( 0.5773502691896241800, -0.3333333333333359800, 0.2291666666666667700 ) ) ;
#5751 = ADVANCED_FACE ( 'NONE', ( #5190 ), #1034, .F. ) ;
#5752 = CYLINDRICAL_SURFACE ( 'NONE', #4230, 0.01041666666666661100 ) ;
#5753 = ORIENTED_EDGE ( 'NONE', *, *, #3659, .T. ) ;
#5754 = DIRECTION ( 'NONE',  ( 0.4999999999999984500, -0.8660254037844397100, 0.0000000000000000000 ) ) ;
#5755 = DIRECTION ( 'NONE',  ( -0.2588190451025113000, 0.9659258262890707500, 0.0000000000000000000 ) ) ;
#5756 = CYLINDRICAL_SURFACE ( 'NONE', #2391, 0.01041666666666661900 ) ;
#5757 = EDGE_CURVE ( 'NONE', #1700, #3154, #2291, .T. ) ;
#5758 = ORIENTED_EDGE ( 'NONE', *, *, #1791, .T. ) ;
#5759 = AXIS2_PLACEMENT_3D ( 'NONE', #4960, #3910, #3374 ) ;
#5760 = ORIENTED_EDGE ( 'NONE', *, *, #666, .T. ) ;
#5761 = EDGE_LOOP ( 'NONE', ( #2547, #1873 ) ) ;
#5762 = ORIENTED_EDGE ( 'NONE', *, *, #2453, .T. ) ;
#5763 = ADVANCED_FACE ( 'NONE', ( #4866 ), #5116, .T. ) ;
#5764 = CYLINDRICAL_SURFACE ( 'NONE', #3729, 0.01041666666666660200 ) ;
#5765 = CARTESIAN_POINT ( 'NONE',  ( -0.6466465825791948300, 0.1624843027111765300, -0.2291666666666666300 ) ) ;
#5766 = CARTESIAN_POINT ( 'NONE',  ( 0.0000000000000000000, -0.7500000000000008900, -0.2975000000000004300 ) ) ;
#5767 = ORIENTED_EDGE ( 'NONE', *, *, #5241, .F. ) ;
#5768 = DIRECTION ( 'NONE',  ( 0.0000000000000000000, 0.0000000000000000000, 1.000000000000000000 ) ) ;
#5769 = PLANE ( 'NONE',  #4264 ) ;
#5770 = ORIENTED_EDGE ( 'NONE', *, *, #5804, .T. ) ;
#5771 = AXIS2_PLACEMENT_3D ( 'NONE', #1061, #6107, #5010 ) ;
#5772 = VERTEX_POINT ( 'NONE', #2580 ) ;
#5773 = AXIS2_PLACEMENT_3D ( 'NONE', #5175, #6278, #3660 ) ;
#5774 = CARTESIAN_POINT ( 'NONE',  ( 0.3333333333333339300, 0.5773502691896251800, 0.2708333333333334800 ) ) ;
#5775 = VERTEX_POINT ( 'NONE', #35 ) ;
#5776 = CARTESIAN_POINT ( 'NONE',  ( -0.4640388251536758400, -0.4787702164283873000, -0.2291666666666666300 ) ) ;
#5777 = AXIS2_PLACEMENT_3D ( 'NONE', #6050, #5132, #1638 ) ;
#5778 = ORIENTED_EDGE ( 'NONE', *, *, #3999, .T. ) ;
#5779 = DIRECTION ( 'NONE',  ( 0.0000000000000000000, 0.0000000000000000000, 1.000000000000000000 ) ) ;
#5780 = AXIS2_PLACEMENT_3D ( 'NONE', #736, #2281, #5748 ) ;
#5781 = CARTESIAN_POINT ( 'NONE',  ( 0.5773502691896241800, -0.3333333333333359800, -0.2708333333333335400 ) ) ;
#5782 = DIRECTION ( 'NONE',  ( 0.0000000000000000000, 0.0000000000000000000, 1.000000000000000000 ) ) ;
#5783 = ORIENTED_EDGE ( 'NONE', *, *, #4009, .T. ) ;
#5784 = EDGE_CURVE ( 'NONE', #5861, #4959, #655, .T. ) ;
#5785 = ADVANCED_FACE ( 'NONE', ( #4472 ), #105, .T. ) ;
#5786 = CARTESIAN_POINT ( 'NONE',  ( -0.3333333333333258800, 0.5773502691896298400, 0.2291666666666667700 ) ) ;
#5787 = CARTESIAN_POINT ( 'NONE',  ( -0.4787702164283857400, 0.4640388251536775600, -0.2708333333333335400 ) ) ;
#5788 = ORIENTED_EDGE ( 'NONE', *, *, #6423, .T. ) ;
#5789 = CARTESIAN_POINT ( 'NONE',  ( 0.6666666666666665200, -2.327654225895421700E-015, -0.2291666666666666300 ) ) ;
#5790 = CARTESIAN_POINT ( 'NONE',  ( -0.6466465825791948300, 0.1624843027111765300, -0.2708333333333335400 ) ) ;
#5791 = ORIENTED_EDGE ( 'NONE', *, *, #6186, .F. ) ;
#5792 = DIRECTION ( 'NONE',  ( 0.0000000000000000000, 1.639108796198557900E-016, -1.000000000000000000 ) ) ;
#5793 = CIRCLE ( 'NONE', #395, 0.04166666666666673400 ) ;
#5794 = DIRECTION ( 'NONE',  ( -0.9659258262890699800, -0.2588190451025145800, 0.0000000000000000000 ) ) ;
#5795 = ORIENTED_EDGE ( 'NONE', *, *, #2595, .T. ) ;
#5796 = EDGE_LOOP ( 'NONE', ( #3684, #2502, #906, #6189 ) ) ;
#5797 = DIRECTION ( 'NONE',  ( -1.000000000000000000, 6.556435184794223000E-015, 0.0000000000000000000 ) ) ;
#5798 = DIRECTION ( 'NONE',  ( 0.0000000000000000000, 0.0000000000000000000, 1.000000000000000000 ) ) ;
#5799 = CIRCLE ( 'NONE', #2692, 0.01041666666666661900 ) ;
#5800 = ORIENTED_EDGE ( 'NONE', *, *, #6378, .F. ) ;
#5801 = EDGE_CURVE ( 'NONE', #6222, #960, #6057, .T. ) ;
#5802 = CARTESIAN_POINT ( 'NONE',  ( 0.3243122353772420200, -0.5825586025229608800, 0.2291666666666667700 ) ) ;
#5803 = LINE ( 'NONE', #244, #3037 ) ;
#5804 = EDGE_CURVE ( 'NONE', #4271, #3858, #2443, .T. ) ;
#5805 = ORIENTED_EDGE ( 'NONE', *, *, #2048, .T. ) ;
#5806 = CARTESIAN_POINT ( 'NONE',  ( 0.3423544312894177800, -0.5721419358562943600, 0.2708333333333334800 ) ) ;
#5807 = AXIS2_PLACEMENT_3D ( 'NONE', #141, #3529, #1121 ) ;
#5808 = VERTEX_POINT ( 'NONE', #2967 ) ;
#5809 = ORIENTED_EDGE ( 'NONE', *, *, #2475, .T. ) ;
#5810 = CARTESIAN_POINT ( 'NONE',  ( -0.04166666666666672000, 0.6666666666666665200, 0.2291666666666667700 ) ) ;
#5811 = DIRECTION ( 'NONE',  ( -0.0000000000000000000, -1.639108796198557900E-016, 1.000000000000000000 ) ) ;
#5812 = AXIS2_PLACEMENT_3D ( 'NONE', #2088, #5590, #2565 ) ;
#5813 = CIRCLE ( 'NONE', #4278, 0.01041666666666662600 ) ;
#5814 = DIRECTION ( 'NONE',  ( -0.0000000000000000000, 0.0000000000000000000, -1.000000000000000000 ) ) ;
#5815 = AXIS2_PLACEMENT_3D ( 'NONE', #4142, #647, #3664 ) ;
#5816 = CARTESIAN_POINT ( 'NONE',  ( 0.3333333333333298700, -0.5773502691896276200, 0.2291666666666667700 ) ) ;
#5817 = CYLINDRICAL_SURFACE ( 'NONE', #2822, 0.01041666666666661100 ) ;
#5818 = ADVANCED_FACE ( 'NONE', ( #5264 ), #1574, .F. ) ;
#5819 = AXIS2_PLACEMENT_3D ( 'NONE', #4505, #5969, #1959 ) ;
#5820 = VECTOR ( 'NONE', #3639, 39.37007874015748100 ) ;
#5821 = CARTESIAN_POINT ( 'NONE',  ( 0.3333333333333298700, -0.5773502691896276200, 0.2291666666666667700 ) ) ;
#5822 = APPROVAL_PERSON_ORGANIZATION ( #416, #1233, #6428 ) ;
#5823 = CARTESIAN_POINT ( 'NONE',  ( 0.3423544312894217800, 0.5721419358562919200, 0.2708333333333334800 ) ) ;
#5824 = ORIENTED_EDGE ( 'NONE', *, *, #3512, .T. ) ;
#5825 = LINE ( 'NONE', #1828, #6376 ) ;
#5826 = CIRCLE ( 'NONE', #5038, 0.04166666666666672000 ) ;
#5827 = EDGE_CURVE ( 'NONE', #2746, #283, #1422, .T. ) ;
#5828 = EDGE_LOOP ( 'NONE', ( #2316, #5161, #1312, #6480 ) ) ;
#5829 = FACE_OUTER_BOUND ( 'NONE', #839, .T. ) ;
#5830 = EDGE_CURVE ( 'NONE', #72, #4323, #3756, .T. ) ;
#5831 = DIRECTION ( 'NONE',  ( 0.0000000000000000000, 0.0000000000000000000, 1.000000000000000000 ) ) ;
#5832 = ORIENTED_EDGE ( 'NONE', *, *, #798, .F. ) ;
#5833 = CIRCLE ( 'NONE', #1768, 0.01041666666666661200 ) ;
#5834 = ORIENTED_EDGE ( 'NONE', *, *, #2763, .T. ) ;
#5835 = CARTESIAN_POINT ( 'NONE',  ( -0.5773502691896287300, -0.3333333333333278200, 0.2291666666666667700 ) ) ;
#5836 = VERTEX_POINT ( 'NONE', #3599 ) ;
#5837 = DIRECTION ( 'NONE',  ( 0.8660254037844391500, -0.4999999999999993300, 0.0000000000000000000 ) ) ;
#5838 = ORIENTED_EDGE ( 'NONE', *, *, #327, .F. ) ;
#5839 = VECTOR ( 'NONE', #5831, 39.37007874015748100 ) ;
#5840 = DIRECTION ( 'NONE',  ( 0.0000000000000000000, 0.0000000000000000000, -1.000000000000000000 ) ) ;
#5841 = EDGE_CURVE ( 'NONE', #5272, #6270, #3610, .T. ) ;
#5842 = ORIENTED_EDGE ( 'NONE', *, *, #5203, .T. ) ;
#5843 = ORIENTED_EDGE ( 'NONE', *, *, #5847, .T. ) ;
#5844 = CARTESIAN_POINT ( 'NONE',  ( 0.1725460300683430100, -0.6439505508593798000, -0.2708333333333335400 ) ) ;
#5845 = CARTESIAN_POINT ( 'NONE',  ( 0.5773502691896241800, -0.3333333333333359800, 0.2291666666666667700 ) ) ;
#5846 = ORIENTED_EDGE ( 'NONE', *, *, #1258, .T. ) ;
#5847 = EDGE_CURVE ( 'NONE', #6330, #117, #949, .T. ) ;
#5848 = ORIENTED_EDGE ( 'NONE', *, *, #2991, .T. ) ;
#5849 = CYLINDRICAL_SURFACE ( 'NONE', #3069, 0.01041666666666659100 ) ;
#5850 = AXIS2_PLACEMENT_3D ( 'NONE', #2638, #4644, #6119 ) ;
#5851 = ORIENTED_EDGE ( 'NONE', *, *, #6038, .T. ) ;
#5852 = EDGE_LOOP ( 'NONE', ( #3526, #5715, #809, #2366 ) ) ;
#5853 = CIRCLE ( 'NONE', #5389, 0.7500000000000004400 ) ;
#5854 = AXIS2_PLACEMENT_3D ( 'NONE', #5710, #3155, #1697 ) ;
#5855 = ADVANCED_FACE ( 'NONE', ( #2901 ), #5977, .T. ) ;
#5856 = DIRECTION ( 'NONE',  ( 0.8660254037844453700, 0.4999999999999886200, 0.0000000000000000000 ) ) ;
#5857 = DIRECTION ( 'NONE',  ( 0.0000000000000000000, 0.0000000000000000000, -1.000000000000000000 ) ) ;
#5858 = DIRECTION ( 'NONE',  ( 0.0000000000000000000, -1.000000000000000000, -2.114979091869105600E-016 ) ) ;
#5859 = PLANE ( 'NONE',  #3309 ) ;
#5860 = AXIS2_PLACEMENT_3D ( 'NONE', #6379, #3345, #3816 ) ;
#5861 = VERTEX_POINT ( 'NONE', #646 ) ;
#5862 = CARTESIAN_POINT ( 'NONE',  ( -0.4714045207910356200, -0.4714045207910274600, 0.2708333333333334800 ) ) ;
#5863 = CARTESIAN_POINT ( 'NONE',  ( 0.6466465825791970500, 0.1624843027111675100, 0.2708333333333334800 ) ) ;
#5864 = AXIS2_PLACEMENT_3D ( 'NONE', #57, #39, #1510 ) ;
#5865 = DIRECTION ( 'NONE',  ( 0.0000000000000000000, 0.0000000000000000000, 1.000000000000000000 ) ) ;
#5866 = CARTESIAN_POINT ( 'NONE',  ( -0.3333333333333379800, -0.5773502691896228400, -0.2291666666666666300 ) ) ;
#5867 = VERTEX_POINT ( 'NONE', #6108 ) ;
#5868 = CARTESIAN_POINT ( 'NONE',  ( 0.1725460300683475100, 0.6439505508593785800, 0.2291666666666667700 ) ) ;
#5869 = VECTOR ( 'NONE', #2807, 39.37007874015748100 ) ;
#5870 = CARTESIAN_POINT ( 'NONE',  ( 0.6666666666666666300, 0.04166666666666439500, -0.2291666666666666300 ) ) ;
#5871 = EDGE_CURVE ( 'NONE', #5051, #4564, #4221, .T. ) ;
#5872 = ORIENTED_EDGE ( 'NONE', *, *, #3424, .T. ) ;
#5873 = DIRECTION ( 'NONE',  ( 0.0000000000000000000, 0.0000000000000000000, 1.000000000000000000 ) ) ;
#5874 = DIRECTION ( 'NONE',  ( -0.7071067811865507900, -0.7071067811865442400, 0.0000000000000000000 ) ) ;
#5875 = CARTESIAN_POINT ( 'NONE',  ( 0.5565169358562930300, 0.3694177251576835600, 0.2291666666666667700 ) ) ;
#5876 = CARTESIAN_POINT ( 'NONE',  ( -0.3333333333333379800, -0.5773502691896228400, -0.2291666666666666300 ) ) ;
#5877 = VECTOR ( 'NONE', #3488, 39.37007874015748100 ) ;
#5878 = MANIFOLD_SOLID_BREP ( 'CirPattern1[45]', #6400 ) ;
#5879 = ORIENTED_EDGE ( 'NONE', *, *, #388, .T. ) ;
#5880 = DIRECTION ( 'NONE',  ( -0.0000000000000000000, -1.639108796198557900E-016, 1.000000000000000000 ) ) ;
#5881 = DIRECTION ( 'NONE',  ( 0.7071067811865556800, 0.7071067811865392500, 0.0000000000000000000 ) ) ;
#5882 = CIRCLE ( 'NONE', #776, 0.01041666666666660200 ) ;
#5883 = EDGE_LOOP ( 'NONE', ( #4720, #4389, #431, #4035 ) ) ;
#5884 = CARTESIAN_POINT ( 'NONE',  ( -0.6841974602880917000, -0.1833301569476120400, -0.2291666666666666300 ) ) ;
#5885 = CARTESIAN_POINT ( 'NONE',  ( 0.6439505508593780200, -0.1725460300683497900, 0.2708333333333334800 ) ) ;
#5886 = EDGE_CURVE ( 'NONE', #1003, #4003, #1888, .T. ) ;
#5887 = AXIS2_PLACEMENT_3D ( 'NONE', #81, #2138, #5595 ) ;
#5888 = DIRECTION ( 'NONE',  ( -0.5000000000000034400, -0.8660254037844366000, 0.0000000000000000000 ) ) ;
#5889 = DIRECTION ( 'NONE',  ( 0.2588190451025261200, 0.9659258262890668700, 0.0000000000000000000 ) ) ;
#5890 = CIRCLE ( 'NONE', #5153, 0.04166666666666672700 ) ;
#5891 = EDGE_CURVE ( 'NONE', #4793, #1782, #5258, .T. ) ;
#5892 = AXIS2_PLACEMENT_3D ( 'NONE', #448, #958, #1455 ) ;
#5893 = ADVANCED_FACE ( 'NONE', ( #6302 ), #3441, .F. ) ;
#5894 = LINE ( 'NONE', #3712, #4931 ) ;
#5895 = CARTESIAN_POINT ( 'NONE',  ( 0.3243122353772460700, 0.5825586025229585500, 0.2291666666666667700 ) ) ;
#5896 = AXIS2_PLACEMENT_3D ( 'NONE', #3279, #6299, #3259 ) ;
#5897 = FACE_BOUND ( 'NONE', #6473, .T. ) ;
#5898 = DIRECTION ( 'NONE',  ( 0.0000000000000000000, 0.0000000000000000000, 1.000000000000000000 ) ) ;
#5899 = AXIS2_PLACEMENT_3D ( 'NONE', #1125, #4123, #52 ) ;
#5900 = ORIENTED_EDGE ( 'NONE', *, *, #1786, .F. ) ;
#5901 = DIRECTION ( 'NONE',  ( 0.0000000000000000000, 0.0000000000000000000, 1.000000000000000000 ) ) ;
#5902 = FACE_OUTER_BOUND ( 'NONE', #2383, .T. ) ;
#5904 = AXIS2_PLACEMENT_3D ( 'NONE', #1784, #3822, #4770 ) ;
#5903 = CARTESIAN_POINT ( 'NONE',  ( 0.6331664239801077000, 0.2127929394970565200, -0.2291666666666666300 ) ) ;
#5905 = FACE_OUTER_BOUND ( 'NONE', #365, .T. ) ;
#5906 = DIRECTION ( 'NONE',  ( 0.0000000000000000000, 0.0000000000000000000, 1.000000000000000000 ) ) ;
#5907 = VERTEX_POINT ( 'NONE', #114 ) ;
#5908 = CYLINDRICAL_SURFACE ( 'NONE', #2442, 0.01041666666666661200 ) ;
#5909 = ORIENTED_EDGE ( 'NONE', *, *, #245, .T. ) ;
#5910 = CARTESIAN_POINT ( 'NONE',  ( -0.1725460300683520100, -0.6439505508593773600, -0.2291666666666666300 ) ) ;
#5911 = DIRECTION ( 'NONE',  ( 0.0000000000000000000, 0.0000000000000000000, 1.000000000000000000 ) ) ;
#5912 = VECTOR ( 'NONE', #2977, 39.37007874015748100 ) ;
#5913 = DIRECTION ( 'NONE',  ( 0.0000000000000000000, 0.0000000000000000000, 1.000000000000000000 ) ) ;
#5914 = ORIENTED_EDGE ( 'NONE', *, *, #2335, .F. ) ;
#5915 = CARTESIAN_POINT ( 'NONE',  ( 0.0000000000000000000, 0.6666666666666665200, 0.2291666666666667700 ) ) ;
#5916 = CYLINDRICAL_SURFACE ( 'NONE', #1695, 0.04166666666666670600 ) ;
#5917 = VERTEX_POINT ( 'NONE', #4588 ) ;
#5918 = FACE_OUTER_BOUND ( 'NONE', #457, .T. ) ;
#5919 = DIRECTION ( 'NONE',  ( 0.0000000000000000000, 0.0000000000000000000, 1.000000000000000000 ) ) ;
#5920 = DIRECTION ( 'NONE',  ( 0.0000000000000000000, 0.0000000000000000000, 1.000000000000000000 ) ) ;
#5921 = ORIENTED_EDGE ( 'NONE', *, *, #2758, .F. ) ;
#5922 = DIRECTION ( 'NONE',  ( 0.0000000000000000000, 0.0000000000000000000, 1.000000000000000000 ) ) ;
#5923 = CARTESIAN_POINT ( 'NONE',  ( -0.3333333333333379800, -0.5773502691896228400, -0.2708333333333335400 ) ) ;
#5924 = EDGE_LOOP ( 'NONE', ( #513, #1304, #5275, #2133 ) ) ;
#5925 = ORIENTED_EDGE ( 'NONE', *, *, #533, .T. ) ;
#5926 = VERTEX_POINT ( 'NONE', #3573 ) ;
#5927 = CIRCLE ( 'NONE', #6449, 0.6458333333333337000 ) ;
#5928 = CARTESIAN_POINT ( 'NONE',  ( -0.6666666666666666300, -0.01041666666665963000, 0.2291666666666667700 ) ) ;
#5929 = ORIENTED_EDGE ( 'NONE', *, *, #4464, .T. ) ;
#5930 = CARTESIAN_POINT ( 'NONE',  ( 0.5981836025229577700, -0.2972489415089844000, 0.2291666666666667700 ) ) ;
#5931 = ORIENTED_EDGE ( 'NONE', *, *, #4482, .F. ) ;
#5932 = ADVANCED_FACE ( 'NONE', ( #4075 ), #6078, .F. ) ;
#5933 = DIRECTION ( 'NONE',  ( -1.000000000000000000, 1.311287036958853100E-014, 0.0000000000000000000 ) ) ;
#5934 = ORIENTED_EDGE ( 'NONE', *, *, #3534, .T. ) ;
#5935 = EDGE_CURVE ( 'NONE', #5199, #1782, #485, .T. ) ;
#5936 = ORIENTED_EDGE ( 'NONE', *, *, #3127, .T. ) ;
#5937 = CARTESIAN_POINT ( 'NONE',  ( -0.1725460300683520100, -0.6439505508593773600, 0.2291666666666667700 ) ) ;
#5938 = EDGE_CURVE ( 'NONE', #4640, #4099, #5660, .T. ) ;
#5939 = ORIENTED_EDGE ( 'NONE', *, *, #2792, .F. ) ;
#5940 = AXIS2_PLACEMENT_3D ( 'NONE', #6210, #5259, #4734 ) ;
#5941 = MANIFOLD_SOLID_BREP ( 'Fillet1', #3250 ) ;
#5942 = AXIS2_PLACEMENT_3D ( 'NONE', #3065, #3564, #1538 ) ;
#5943 = DIRECTION ( 'NONE',  ( 0.0000000000000000000, 0.0000000000000000000, 1.000000000000000000 ) ) ;
#5944 = VERTEX_POINT ( 'NONE', #546 ) ;
#5945 = APPROVAL_ROLE ( '' ) ;
#5946 = CARTESIAN_POINT ( 'NONE',  ( 0.3333333333333298700, -0.5773502691896276200, 0.2708333333333334800 ) ) ;
#5947 = DIRECTION ( 'NONE',  ( -0.4999999999999943900, 0.8660254037844420400, 0.0000000000000000000 ) ) ;
#5948 = VERTEX_POINT ( 'NONE', #6126 ) ;
#5949 = CARTESIAN_POINT ( 'NONE',  ( -0.4640388251536758400, -0.4787702164283873000, 0.2291666666666667700 ) ) ;
#5950 = AXIS2_PLACEMENT_3D ( 'NONE', #1439, #1984, #2926 ) ;
#5951 = ORIENTED_EDGE ( 'NONE', *, *, #3659, .F. ) ;
#5952 = PLANE ( 'NONE',  #4867 ) ;
#5953 = CARTESIAN_POINT ( 'NONE',  ( 0.6134346610139780300, 0.3541666666666651900, 0.2291666666666667700 ) ) ;
#5954 = CYLINDRICAL_SURFACE ( 'NONE', #4525, 0.01041666666666661200 ) ;
#5955 = ORIENTED_EDGE ( 'NONE', *, *, #2513, .T. ) ;
#5956 = EDGE_CURVE ( 'NONE', #2101, #4284, #3058, .T. ) ;
#5957 = ORIENTED_EDGE ( 'NONE', *, *, #37, .T. ) ;
#5958 = EDGE_CURVE ( 'NONE', #4745, #4797, #4301, .T. ) ;
#5959 = CYLINDRICAL_SURFACE ( 'NONE', #3220, 0.01041666666666661100 ) ;
#5960 = ADVANCED_FACE ( 'NONE', ( #2130 ), #727, .T. ) ;
#5961 = VERTEX_POINT ( 'NONE', #641 ) ;
#5962 = DIRECTION ( 'NONE',  ( 0.0000000000000000000, 0.0000000000000000000, 1.000000000000000000 ) ) ;
#5963 = APPLICATION_CONTEXT ( 'configuration controlled 3d designs of mechanical parts and assemblies' ) ;
#5964 = CARTESIAN_POINT ( 'NONE',  ( -0.3333333333333379800, -0.5773502691896228400, 0.2291666666666667700 ) ) ;
#5965 = FACE_OUTER_BOUND ( 'NONE', #1829, .T. ) ;
#5966 = ORIENTED_EDGE ( 'NONE', *, *, #3670, .T. ) ;
#5967 = DIRECTION ( 'NONE',  ( 0.0000000000000000000, 0.0000000000000000000, 1.000000000000000000 ) ) ;
#5968 = EDGE_CURVE ( 'NONE', #3311, #5064, #3749, .T. ) ;
#5969 = DIRECTION ( 'NONE',  ( 0.0000000000000000000, 0.0000000000000000000, 1.000000000000000000 ) ) ;
#5970 = CARTESIAN_POINT ( 'NONE',  ( 0.04166666666666207100, -0.6666666666666667400, -0.2291666666666666300 ) ) ;
#5971 = LINE ( 'NONE', #1187, #3047 ) ;
#5972 = EDGE_CURVE ( 'NONE', #6090, #1709, #1960, .T. ) ;
#5973 = CARTESIAN_POINT ( 'NONE',  ( 0.5721419358562908100, -0.3423544312894237800, -0.2708333333333335400 ) ) ;
#5974 = CIRCLE ( 'NONE', #3938, 0.01499999999999997700 ) ;
#5975 = CARTESIAN_POINT ( 'NONE',  ( 0.1725460300683475100, 0.6439505508593785800, 0.2291666666666667700 ) ) ;
#5976 = DIRECTION ( 'NONE',  ( 1.311287036958853100E-014, 1.000000000000000000, 0.0000000000000000000 ) ) ;
#5977 = CYLINDRICAL_SURFACE ( 'NONE', #91, 0.04166666666666671300 ) ;
#5978 = AXIS2_PLACEMENT_3D ( 'NONE', #316, #3792, #1842 ) ;
#5979 = LOCAL_TIME ( 15, 14, 48.00000000000000000, #6142 ) ;
#5980 = DIRECTION ( 'NONE',  ( 0.0000000000000000000, 0.0000000000000000000, 1.000000000000000000 ) ) ;
#5981 = ORIENTED_EDGE ( 'NONE', *, *, #706, .F. ) ;
#5982 = CARTESIAN_POINT ( 'NONE',  ( -0.6439505508593803600, -0.1725460300683407700, -0.2708333333333335400 ) ) ;
#5983 = FACE_OUTER_BOUND ( 'NONE', #139, .T. ) ;
#5984 = APPLICATION_CONTEXT ( 'configuration controlled 3d designs of mechanical parts and assemblies' ) ;
#5985 = DIRECTION ( 'NONE',  ( 0.0000000000000000000, 0.0000000000000000000, 1.000000000000000000 ) ) ;
#5986 = AXIS2_PLACEMENT_3D ( 'NONE', #4088, #6267, #6287 ) ;
#5987 = CYLINDRICAL_SURFACE ( 'NONE', #645, 0.01041666666666661200 ) ;
#5988 = CARTESIAN_POINT ( 'NONE',  ( 0.6412545191395614400, 0.1826077574255230400, -0.2291666666666666300 ) ) ;
#5989 = ORIENTED_EDGE ( 'NONE', *, *, #5847, .F. ) ;
#5990 = CYLINDRICAL_SURFACE ( 'NONE', #1775, 0.04166666666666672700 ) ;
#5991 = ADVANCED_FACE ( 'NONE', ( #1735 ), #5410, .T. ) ;
#5992 = DIRECTION ( 'NONE',  ( 0.0000000000000000000, 0.0000000000000000000, 1.000000000000000000 ) ) ;
#5993 = VERTEX_POINT ( 'NONE', #2032 ) ;
#5994 = ADVANCED_FACE ( 'NONE', ( #94 ), #2973, .T. ) ;
#5995 = VECTOR ( 'NONE', #1194, 39.37007874015748100 ) ;
#5996 = ORIENTED_EDGE ( 'NONE', *, *, #3176, .F. ) ;
#5997 = ORIENTED_EDGE ( 'NONE', *, *, #6150, .F. ) ;
#5998 = DIRECTION ( 'NONE',  ( 0.0000000000000000000, 0.0000000000000000000, 1.000000000000000000 ) ) ;
#5999 = CARTESIAN_POINT ( 'NONE',  ( 0.01041666666666661200, 0.6666666666666665200, 0.2291666666666667700 ) ) ;
#6000 = EDGE_CURVE ( 'NONE', #997, #3347, #1115, .T. ) ;
#6001 = ORIENTED_EDGE ( 'NONE', *, *, #3670, .F. ) ;
#6002 = AXIS2_PLACEMENT_3D ( 'NONE', #142, #2148, #2190 ) ;
#6003 = VECTOR ( 'NONE', #6176, 39.37007874015748100 ) ;
#6004 = DIRECTION ( 'NONE',  ( 1.224646799147359900E-016, 1.000000000000000000, 0.0000000000000000000 ) ) ;
#6005 = EDGE_LOOP ( 'NONE', ( #6356, #746, #3480, #1580 ) ) ;
#6006 = ORIENTED_EDGE ( 'NONE', *, *, #3592, .T. ) ;
#6007 = ORIENTED_EDGE ( 'NONE', *, *, #4678, .F. ) ;
#6008 = ORIENTED_EDGE ( 'NONE', *, *, #4388, .F. ) ;
#6009 = DIRECTION ( 'NONE',  ( -0.8660254037844420400, -0.4999999999999943900, 0.0000000000000000000 ) ) ;
#6010 = DIRECTION ( 'NONE',  ( -0.0000000000000000000, 0.0000000000000000000, -1.000000000000000000 ) ) ;
#6011 = FACE_OUTER_BOUND ( 'NONE', #3340, .T. ) ;
#6012 = ORIENTED_EDGE ( 'NONE', *, *, #4678, .T. ) ;
#6013 = DIRECTION ( 'NONE',  ( -0.8660254037844348200, 0.5000000000000066600, 0.0000000000000000000 ) ) ;
#6014 = ORIENTED_EDGE ( 'NONE', *, *, #885, .T. ) ;
#6015 = VERTEX_POINT ( 'NONE', #5062 ) ;
#6016 = CARTESIAN_POINT ( 'NONE',  ( 0.6666666666666665200, -2.327654225895421700E-015, -0.2708333333333335400 ) ) ;
#6017 = CARTESIAN_POINT ( 'NONE',  ( -0.1826077574255162700, 0.6412545191395632200, 0.2708333333333334800 ) ) ;
#6018 = EDGE_CURVE ( 'NONE', #3837, #2922, #1415, .T. ) ;
#6019 = ORIENTED_EDGE ( 'NONE', *, *, #4845, .T. ) ;
#6020 = DIRECTION ( 'NONE',  ( 0.0000000000000000000, -0.0000000000000000000, 1.000000000000000000 ) ) ;
#6021 = CARTESIAN_POINT ( 'NONE',  ( -0.3243122353772501200, -0.5825586025229562100, 0.2708333333333334800 ) ) ;
#6022 = ORIENTED_EDGE ( 'NONE', *, *, #3796, .T. ) ;
#6023 = AXIS2_PLACEMENT_3D ( 'NONE', #4656, #4294, #6325 ) ;
#6024 = CARTESIAN_POINT ( 'NONE',  ( 9.001153973733050800E-017, 0.7350000000000001000, -0.2975000000000001500 ) ) ;
#6025 = ADVANCED_FACE ( 'NONE', ( #5905 ), #4143, .T. ) ;
#6026 = ADVANCED_FACE ( 'NONE', ( #566 ), #648, .T. ) ;
#6027 = AXIS2_PLACEMENT_3D ( 'NONE', #4430, #962, #5515 ) ;
#6028 = FACE_OUTER_BOUND ( 'NONE', #4010, .T. ) ;
#6029 = AXIS2_PLACEMENT_3D ( 'NONE', #6377, #2760, #1281 ) ;
#6030 = ORIENTED_EDGE ( 'NONE', *, *, #1722, .F. ) ;
#6031 = DIRECTION ( 'NONE',  ( 0.0000000000000000000, 0.0000000000000000000, 1.000000000000000000 ) ) ;
#6032 = PLANE ( 'NONE',  #5308 ) ;
#6033 = AXIS2_PLACEMENT_3D ( 'NONE', #1288, #2814, #4805 ) ;
#6034 = FACE_OUTER_BOUND ( 'NONE', #3222, .T. ) ;
#6035 = ORIENTED_EDGE ( 'NONE', *, *, #4137, .F. ) ;
#6036 = DIRECTION ( 'NONE',  ( 0.0000000000000000000, 0.0000000000000000000, 1.000000000000000000 ) ) ;
#6037 = CARTESIAN_POINT ( 'NONE',  ( 0.0000000000000000000, -4.884202731672494200E-016, 0.2974999999999999900 ) ) ;
#6038 = EDGE_CURVE ( 'NONE', #2639, #4711, #5741, .T. ) ;
#6039 = DIRECTION ( 'NONE',  ( -0.0000000000000000000, -0.0000000000000000000, 1.000000000000000000 ) ) ;
#6040 = CARTESIAN_POINT ( 'NONE',  ( 0.5981836025229596600, 0.2972489415089801800, 0.2291666666666667700 ) ) ;
#6041 = CIRCLE ( 'NONE', #4974, 0.01041666666666661100 ) ;
#6042 = EDGE_LOOP ( 'NONE', ( #2775, #2683, #1920, #3588 ) ) ;
#6043 = EDGE_CURVE ( 'NONE', #6477, #2866, #799, .T. ) ;
#6044 = VECTOR ( 'NONE', #1844, 39.37007874015748100 ) ;
#6045 = CARTESIAN_POINT ( 'NONE',  ( -4.655308451790843400E-015, -0.6666666666666665200, 0.2708333333333334800 ) ) ;
#6046 = FACE_OUTER_BOUND ( 'NONE', #3766, .T. ) ;
#6047 = EDGE_CURVE ( 'NONE', #918, #2699, #3203, .T. ) ;
#6048 = ADVANCED_FACE ( 'NONE', ( #4465 ), #3905, .T. ) ;
#6049 = DIRECTION ( 'NONE',  ( -0.0000000000000000000, -0.0000000000000000000, 1.000000000000000000 ) ) ;
#6050 = CARTESIAN_POINT ( 'NONE',  ( -0.5773502691896287300, -0.3333333333333278200, -0.2291666666666666300 ) ) ;
#6051 = EDGE_CURVE ( 'NONE', #5272, #1671, #2744, .T. ) ;
#6052 = VERTEX_POINT ( 'NONE', #2688 ) ;
#6053 = CIRCLE ( 'NONE', #4753, 0.01041666666666661200 ) ;
#6054 = AXIS2_PLACEMENT_3D ( 'NONE', #3147, #1642, #5612 ) ;
#6055 = DIRECTION ( 'NONE',  ( 0.0000000000000000000, 0.0000000000000000000, 1.000000000000000000 ) ) ;
#6056 = DIRECTION ( 'NONE',  ( 0.0000000000000000000, 0.0000000000000000000, 1.000000000000000000 ) ) ;
#6057 = CIRCLE ( 'NONE', #5246, 0.01041666666666661900 ) ;
#6058 = CARTESIAN_POINT ( 'NONE',  ( 0.6412545191395601100, -0.1826077574255275100, 0.2708333333333334800 ) ) ;
#6060 = AXIS2_PLACEMENT_3D ( 'NONE', #4789, #2248, #1274 ) ;
#6059 = FACE_OUTER_BOUND ( 'NONE', #534, .T. ) ;
#6061 = EDGE_LOOP ( 'NONE', ( #2049, #49, #2987, #5158 ) ) ;
#6062 = DIRECTION ( 'NONE',  ( -0.2588190451025130200, 0.9659258262890704200, 0.0000000000000000000 ) ) ;
#6063 = PLANE ( 'NONE',  #5586 ) ;
#6064 = LINE ( 'NONE', #5725, #1822 ) ;
#6065 = ORIENTED_EDGE ( 'NONE', *, *, #1446, .F. ) ;
#6066 = EDGE_LOOP ( 'NONE', ( #5378, #2224 ) ) ;
#6067 = AXIS2_PLACEMENT_3D ( 'NONE', #4040, #5069, #3055 ) ;
#6068 = FACE_OUTER_BOUND ( 'NONE', #3471, .T. ) ;
#6069 = DIRECTION ( 'NONE',  ( 0.0000000000000000000, 0.0000000000000000000, 1.000000000000000000 ) ) ;
#6070 = VERTEX_POINT ( 'NONE', #3657 ) ;
#6071 = CARTESIAN_POINT ( 'NONE',  ( 0.5565169358562907000, -0.3694177251576875000, 0.2291666666666667700 ) ) ;
#6072 = VECTOR ( 'NONE', #3963, 39.37007874015748100 ) ;
#6073 = AXIS2_PLACEMENT_3D ( 'NONE', #1670, #2180, #5588 ) ;
#6074 = VERTEX_POINT ( 'NONE', #725 ) ;
#6075 = FACE_OUTER_BOUND ( 'NONE', #5516, .T. ) ;
#6076 = CARTESIAN_POINT ( 'NONE',  ( 0.0000000000000000000, -3.908932997934351700E-016, -0.2975000000000003200 ) ) ;
#6077 = ORIENTED_EDGE ( 'NONE', *, *, #2956, .F. ) ;
#6078 = PLANE ( 'NONE',  #5136 ) ;
#6079 = CARTESIAN_POINT ( 'NONE',  ( -0.5825586025229618800, -0.3243122353772399700, 0.2291666666666667700 ) ) ;
#6080 = EDGE_LOOP ( 'NONE', ( #1678, #2361, #6065, #4081 ) ) ;
#6081 = ORIENTED_EDGE ( 'NONE', *, *, #4567, .T. ) ;
#6082 = EDGE_CURVE ( 'NONE', #6281, #3469, #1653, .T. ) ;
#6083 = ORIENTED_EDGE ( 'NONE', *, *, #1340, .T. ) ;
#6084 = CIRCLE ( 'NONE', #3518, 0.01041666666666659100 ) ;
#6085 = EDGE_LOOP ( 'NONE', ( #6006, #5851, #651, #1130 ) ) ;
#6086 = DIRECTION ( 'NONE',  ( 0.0000000000000000000, 0.0000000000000000000, 1.000000000000000000 ) ) ;
#6087 = DIRECTION ( 'NONE',  ( 0.0000000000000000000, 0.0000000000000000000, 1.000000000000000000 ) ) ;
#6088 = DIRECTION ( 'NONE',  ( 0.0000000000000000000, 0.0000000000000000000, 1.000000000000000000 ) ) ;
#6089 = EDGE_CURVE ( 'NONE', #4096, #5772, #4384, .T. ) ;
#6090 = VERTEX_POINT ( 'NONE', #1224 ) ;
#6091 = DIRECTION ( 'NONE',  ( 0.0000000000000000000, 0.0000000000000000000, 1.000000000000000000 ) ) ;
#6092 = ORIENTED_EDGE ( 'NONE', *, *, #1325, .F. ) ;
#6093 = PLANE ( 'NONE',  #5224 ) ;
#6094 = CARTESIAN_POINT ( 'NONE',  ( 0.2972489415089781300, -0.5981836025229607700, -0.2291666666666666300 ) ) ;
#6095 = ADVANCED_FACE ( 'NONE', ( #5486 ), #4653, .F. ) ;
#6096 = ORIENTED_EDGE ( 'NONE', *, *, #4757, .T. ) ;
#6097 = PLANE ( 'NONE',  #4738 ) ;
#6098 = EDGE_LOOP ( 'NONE', ( #4648, #4815, #2628, #4116 ) ) ;
#6099 = CARTESIAN_POINT ( 'NONE',  ( 0.4640388251536725600, 0.4787702164283906800, -0.2708333333333335400 ) ) ;
#6100 = CARTESIAN_POINT ( 'NONE',  ( 0.0000000000000000000, -3.908932997934351700E-016, -0.2975000000000003200 ) ) ;
#6101 = EDGE_CURVE ( 'NONE', #5907, #3301, #1576, .T. ) ;
#6102 = ORIENTED_EDGE ( 'NONE', *, *, #6150, .T. ) ;
#6103 = DIRECTION ( 'NONE',  ( 0.0000000000000000000, 0.0000000000000000000, 1.000000000000000000 ) ) ;
#6104 = AXIS2_PLACEMENT_3D ( 'NONE', #2112, #4132, #131 ) ;
#6105 = DIRECTION ( 'NONE',  ( 0.7071067811865459100, -0.7071067811865491300, 0.0000000000000000000 ) ) ;
#6106 = VECTOR ( 'NONE', #4179, 39.37007874015748100 ) ;
#6107 = DIRECTION ( 'NONE',  ( 0.0000000000000000000, 0.0000000000000000000, 1.000000000000000000 ) ) ;
#6108 = CARTESIAN_POINT ( 'NONE',  ( -0.3243122353772501200, -0.5825586025229562100, -0.2708333333333335400 ) ) ;
#6109 = DIRECTION ( 'NONE',  ( 0.0000000000000000000, 0.0000000000000000000, 1.000000000000000000 ) ) ;
#6110 = ORIENTED_EDGE ( 'NONE', *, *, #1329, .T. ) ;
#6112 = AXIS2_PLACEMENT_3D ( 'NONE', #2497, #575, #4521 ) ;
#6111 = DIRECTION ( 'NONE',  ( 0.0000000000000000000, 0.0000000000000000000, 1.000000000000000000 ) ) ;
#6113 = AXIS2_PLACEMENT_3D ( 'NONE', #4138, #2147, #5650 ) ;
#6114 = DIRECTION ( 'NONE',  ( 0.0000000000000000000, -1.000000000000000000, -1.821231995776174500E-016 ) ) ;
#6115 = DIRECTION ( 'NONE',  ( 0.0000000000000000000, 0.0000000000000000000, 1.000000000000000000 ) ) ;
#6116 = CIRCLE ( 'NONE', #4954, 0.01041666666666661200 ) ;
#6117 = VERTEX_POINT ( 'NONE', #4198 ) ;
#6118 = AXIS2_PLACEMENT_3D ( 'NONE', #2496, #2151, #3052 ) ;
#6119 = DIRECTION ( 'NONE',  ( 1.000000000000000000, 0.0000000000000000000, 0.0000000000000000000 ) ) ;
#6120 = CARTESIAN_POINT ( 'NONE',  ( 0.5773502691896241800, -0.3333333333333359800, -0.2708333333333335400 ) ) ;
#6121 = ORIENTED_EDGE ( 'NONE', *, *, #1804, .F. ) ;
#6122 = CIRCLE ( 'NONE', #974, 0.01041666666666661900 ) ;
#6123 = ORIENTED_EDGE ( 'NONE', *, *, #674, .F. ) ;
#6124 = DIRECTION ( 'NONE',  ( -0.0000000000000000000, -1.639108796198557900E-016, 1.000000000000000000 ) ) ;
#6125 = ADVANCED_FACE ( 'NONE', ( #4624 ), #2593, .T. ) ;
#6126 = CARTESIAN_POINT ( 'NONE',  ( 9.093002483669103900E-017, -0.7350000000000009900, 0.3124999999999998900 ) ) ;
#6127 = DIRECTION ( 'NONE',  ( -0.0000000000000000000, 0.0000000000000000000, -1.000000000000000000 ) ) ;
#6128 = EDGE_CURVE ( 'NONE', #2233, #4874, #334, .T. ) ;
#6129 = DIRECTION ( 'NONE',  ( 0.0000000000000000000, 0.0000000000000000000, 1.000000000000000000 ) ) ;
#6130 = VECTOR ( 'NONE', #3908, 39.37007874015748100 ) ;
#6131 = VERTEX_POINT ( 'NONE', #5765 ) ;
#6132 = DIRECTION ( 'NONE',  ( -0.9659258262890668700, 0.2588190451025261200, 0.0000000000000000000 ) ) ;
#6133 = DIRECTION ( 'NONE',  ( 0.0000000000000000000, 0.0000000000000000000, 1.000000000000000000 ) ) ;
#6134 = DIRECTION ( 'NONE',  ( -0.0000000000000000000, -0.0000000000000000000, 1.000000000000000000 ) ) ;
#6135 = FACE_OUTER_BOUND ( 'NONE', #3245, .T. ) ;
#6136 = DIRECTION ( 'NONE',  ( -0.8660254037844414800, -0.4999999999999951700, 0.0000000000000000000 ) ) ;
#6137 = VECTOR ( 'NONE', #5245, 39.37007874015748100 ) ;
#6138 = CARTESIAN_POINT ( 'NONE',  ( 0.3333333333333339300, 0.5773502691896251800, 0.2708333333333334800 ) ) ;
#6139 = CARTESIAN_POINT ( 'NONE',  ( -0.04166666666667137600, -0.6666666666666661900, 0.2291666666666667700 ) ) ;
#6140 = VECTOR ( 'NONE', #5523, 39.37007874015748100 ) ;
#6141 = MANIFOLD_SOLID_BREP ( 'CirPattern1[9]', #26 ) ;
#6142 = COORDINATED_UNIVERSAL_TIME_OFFSET ( 6, 0, .BEHIND. ) ;
#6143 = DIRECTION ( 'NONE',  ( 0.2588190451025310100, 0.9659258262890656500, 0.0000000000000000000 ) ) ;
#6144 = ORIENTED_EDGE ( 'NONE', *, *, #179, .F. ) ;
#6145 = EDGE_CURVE ( 'NONE', #2957, #4711, #1487, .T. ) ;
#6146 = FACE_BOUND ( 'NONE', #2759, .T. ) ;
#6147 = DIRECTION ( 'NONE',  ( 0.0000000000000000000, 0.0000000000000000000, 1.000000000000000000 ) ) ;
#6148 = LINE ( 'NONE', #827, #2600 ) ;
#6149 = CARTESIAN_POINT ( 'NONE',  ( 0.4714045207910323400, 0.4714045207910307900, -0.2291666666666666300 ) ) ;
#6150 = EDGE_CURVE ( 'NONE', #3858, #4809, #2827, .T. ) ;
#6151 = DIRECTION ( 'NONE',  ( 1.047444401652940000E-014, 1.000000000000000000, 0.0000000000000000000 ) ) ;
#6152 = CIRCLE ( 'NONE', #6067, 0.01041666666666661200 ) ;
#6153 = DIRECTION ( 'NONE',  ( 0.0000000000000000000, 0.0000000000000000000, -1.000000000000000000 ) ) ;
#6154 = CARTESIAN_POINT ( 'NONE',  ( -0.1725460300683385200, 0.6439505508593810200, 0.2708333333333334800 ) ) ;
#6155 = EDGE_LOOP ( 'NONE', ( #503, #4367 ) ) ;
#6156 = DIRECTION ( 'NONE',  ( -0.0000000000000000000, -1.639108796198557900E-016, 1.000000000000000000 ) ) ;
#6157 = AXIS2_PLACEMENT_3D ( 'NONE', #5816, #5281, #2825 ) ;
#6158 = CIRCLE ( 'NONE', #5405, 0.01041666666666660200 ) ;
#6159 = DIRECTION ( 'NONE',  ( 0.2588190451025179600, -0.9659258262890690900, 0.0000000000000000000 ) ) ;
#6160 = EDGE_LOOP ( 'NONE', ( #1612, #2869, #1945, #904 ) ) ;
#6161 = ADVANCED_FACE ( 'NONE', ( #6453, #5111 ), #6322, .F. ) ;
#6162 = EDGE_LOOP ( 'NONE', ( #1051, #1216, #2077, #5263 ) ) ;
#6163 = AXIS2_PLACEMENT_3D ( 'NONE', #1009, #1508, #2014 ) ;
#6164 = VERTEX_POINT ( 'NONE', #3787 ) ;
#6165 = CARTESIAN_POINT ( 'NONE',  ( 0.6439505508593780200, -0.1725460300683497900, 0.2708333333333334800 ) ) ;
#6166 = CYLINDRICAL_SURFACE ( 'NONE', #3185, 0.01041666666666661200 ) ;
#6167 = ORIENTED_EDGE ( 'NONE', *, *, #1947, .T. ) ;
#6168 = AXIS2_PLACEMENT_3D ( 'NONE', #5032, #6147, #569 ) ;
#6169 = ORIENTED_EDGE ( 'NONE', *, *, #879, .T. ) ;
#6170 = EDGE_LOOP ( 'NONE', ( #1118, #6487, #4022, #1557 ) ) ;
#6171 = ORIENTED_EDGE ( 'NONE', *, *, #87, .T. ) ;
#6172 = FACE_OUTER_BOUND ( 'NONE', #3169, .T. ) ;
#6173 = CARTESIAN_POINT ( 'NONE',  ( 0.0000000000000000000, 0.6666666666666665200, 0.2291666666666667700 ) ) ;
#6174 = CARTESIAN_POINT ( 'NONE',  ( -0.5773502691896287300, -0.3333333333333278200, -0.2291666666666666300 ) ) ;
#6175 = ORIENTED_EDGE ( 'NONE', *, *, #3386, .T. ) ;
#6176 = DIRECTION ( 'NONE',  ( 0.0000000000000000000, 0.0000000000000000000, 1.000000000000000000 ) ) ;
#6178 = VERTEX_POINT ( 'NONE', #3804 ) ;
#6177 = AXIS2_PLACEMENT_3D ( 'NONE', #1654, #4156, #4687 ) ;
#6179 = EDGE_LOOP ( 'NONE', ( #4727, #3538, #3545, #127 ) ) ;
#6180 = CARTESIAN_POINT ( 'NONE',  ( 0.4419417382415928900, 0.5008673033404703600, 0.2291666666666667700 ) ) ;
#6181 = DIRECTION ( 'NONE',  ( 0.7071067811865574500, 0.7071067811865376900, 0.0000000000000000000 ) ) ;
#6182 = EDGE_CURVE ( 'NONE', #4356, #2270, #176, .T. ) ;
#6183 = CARTESIAN_POINT ( 'NONE',  ( -0.4640388251536758400, -0.4787702164283873000, 0.2708333333333334800 ) ) ;
#6184 = EDGE_LOOP ( 'NONE', ( #2752, #2346, #4916, #1229 ) ) ;
#6185 = DIRECTION ( 'NONE',  ( 0.0000000000000000000, 0.0000000000000000000, -1.000000000000000000 ) ) ;
#6186 = EDGE_CURVE ( 'NONE', #2518, #6281, #4544, .T. ) ;
#6187 = ORIENTED_EDGE ( 'NONE', *, *, #2552, .F. ) ;
#6188 = DIRECTION ( 'NONE',  ( -0.2588190451025111900, 0.9659258262890708700, 0.0000000000000000000 ) ) ;
#6189 = ORIENTED_EDGE ( 'NONE', *, *, #2513, .F. ) ;
#6190 = EDGE_CURVE ( 'NONE', #3791, #5639, #3982, .T. ) ;
#6191 = ADVANCED_FACE ( 'NONE', ( #4940, #1262 ), #1244, .F. ) ;
#6192 = CARTESIAN_POINT ( 'NONE',  ( -0.4714045207910356200, -0.4714045207910274600, 0.2708333333333334800 ) ) ;
#6193 = CARTESIAN_POINT ( 'NONE',  ( -0.5773502691896217300, 0.3333333333333399800, 0.2291666666666667700 ) ) ;
#6194 = VECTOR ( 'NONE', #923, 39.37007874015748100 ) ;
#6195 = AXIS2_PLACEMENT_3D ( 'NONE', #4443, #499, #5461 ) ;
#6196 = DIRECTION ( 'NONE',  ( 0.0000000000000000000, 0.0000000000000000000, 1.000000000000000000 ) ) ;
#6197 = DIRECTION ( 'NONE',  ( 0.0000000000000000000, 0.0000000000000000000, 1.000000000000000000 ) ) ;
#6198 = ORIENTED_EDGE ( 'NONE', *, *, #3962, .T. ) ;
#6199 = AXIS2_PLACEMENT_3D ( 'NONE', #2469, #1190, #6136 ) ;
#6200 = PLANE ( 'NONE',  #1232 ) ;
#6201 = CARTESIAN_POINT ( 'NONE',  ( 0.6331664239801061400, -0.2127929394970609600, 0.2291666666666667700 ) ) ;
#6202 = CYLINDRICAL_SURFACE ( 'NONE', #2938, 0.04166666666666672700 ) ;
#6203 = AXIS2_PLACEMENT_3D ( 'NONE', #4296, #4381, #1899 ) ;
#6204 = VERTEX_POINT ( 'NONE', #5806 ) ;
#6205 = ORIENTED_EDGE ( 'NONE', *, *, #124, .F. ) ;
#6206 = PRODUCT_RELATED_PRODUCT_CATEGORY ( 'detail', '', ( #453 ) ) ;
#6207 = CARTESIAN_POINT ( 'NONE',  ( 0.4640388251536692300, -0.4787702164283937900, 0.2291666666666667700 ) ) ;
#6208 = AXIS2_PLACEMENT_3D ( 'NONE', #2585, #3090, #1106 ) ;
#6209 = CYLINDRICAL_SURFACE ( 'NONE', #3277, 0.04166666666666672700 ) ;
#6210 = CARTESIAN_POINT ( 'NONE',  ( 0.1725460300683430100, -0.6439505508593798000, 0.2291666666666667700 ) ) ;
#6211 = ORIENTED_EDGE ( 'NONE', *, *, #4520, .F. ) ;
#6212 = FACE_OUTER_BOUND ( 'NONE', #1363, .T. ) ;
#6213 = CARTESIAN_POINT ( 'NONE',  ( -0.4714045207910356200, -0.4714045207910274600, -0.2291666666666666300 ) ) ;
#6214 = CARTESIAN_POINT ( 'NONE',  ( 0.01041666666666661200, 0.6666666666666665200, 0.2708333333333334800 ) ) ;
#6215 = EDGE_CURVE ( 'NONE', #5948, #5064, #2283, .T. ) ;
#6216 = CARTESIAN_POINT ( 'NONE',  ( 0.6466465825791970500, 0.1624843027111675100, 0.2708333333333334800 ) ) ;
#6217 = DIRECTION ( 'NONE',  ( 0.2588190451025261200, 0.9659258262890668700, 0.0000000000000000000 ) ) ;
#6218 = CIRCLE ( 'NONE', #2017, 0.04166666666666672000 ) ;
#6219 = CARTESIAN_POINT ( 'NONE',  ( -0.6439505508593768000, 0.1725460300683542600, -0.2708333333333335400 ) ) ;
#6220 = FACE_OUTER_BOUND ( 'NONE', #631, .T. ) ;
#6221 = DIRECTION ( 'NONE',  ( 0.0000000000000000000, -0.0000000000000000000, 1.000000000000000000 ) ) ;
#6222 = VERTEX_POINT ( 'NONE', #2766 ) ;
#6223 = DIRECTION ( 'NONE',  ( 0.0000000000000000000, 0.0000000000000000000, 1.000000000000000000 ) ) ;
#6224 = CIRCLE ( 'NONE', #2654, 0.04166666666666672000 ) ;
#6225 = ADVANCED_FACE ( 'NONE', ( #2435 ), #1834, .F. ) ;
#6226 = VECTOR ( 'NONE', #6039, 39.37007874015748100 ) ;
#6227 = DIRECTION ( 'NONE',  ( 0.0000000000000000000, 0.0000000000000000000, 1.000000000000000000 ) ) ;
#6228 = MANIFOLD_SOLID_BREP ( 'CirPattern1[12]', #4980 ) ;
#6229 = EDGE_CURVE ( 'NONE', #4166, #4862, #4779, .T. ) ;
#6230 = VERTEX_POINT ( 'NONE', #3758 ) ;
#6231 = VECTOR ( 'NONE', #2250, 39.37007874015748100 ) ;
#6232 = CARTESIAN_POINT ( 'NONE',  ( -0.5825586025229618800, -0.3243122353772399700, 0.2708333333333334800 ) ) ;
#6233 = ORIENTED_EDGE ( 'NONE', *, *, #5620, .F. ) ;
#6234 = CYLINDRICAL_SURFACE ( 'NONE', #1926, 0.04166666666666672000 ) ;
#6235 = EDGE_CURVE ( 'NONE', #1424, #3001, #5105, .T. ) ;
#6236 = ORIENTED_EDGE ( 'NONE', *, *, #1667, .F. ) ;
#6237 = FACE_OUTER_BOUND ( 'NONE', #4758, .T. ) ;
#6238 = DIRECTION ( 'NONE',  ( 0.0000000000000000000, 0.0000000000000000000, 1.000000000000000000 ) ) ;
#6239 = EDGE_LOOP ( 'NONE', ( #2968, #5134 ) ) ;
#6240 = AXIS2_PLACEMENT_3D ( 'NONE', #4450, #4426, #5448 ) ;
#6241 = FACE_OUTER_BOUND ( 'NONE', #2691, .T. ) ;
#6242 = AXIS2_PLACEMENT_3D ( 'NONE', #3702, #4120, #1684 ) ;
#6243 = EDGE_LOOP ( 'NONE', ( #4497, #4578 ) ) ;
#6244 = CARTESIAN_POINT ( 'NONE',  ( 0.1322991206396363100, 0.6547346777386503500, 0.2291666666666667700 ) ) ;
#6245 = DIRECTION ( 'NONE',  ( 0.9659258262890704200, 0.2588190451025130200, 0.0000000000000000000 ) ) ;
#6246 = ORIENTED_EDGE ( 'NONE', *, *, #6481, .F. ) ;
#6247 = CARTESIAN_POINT ( 'NONE',  ( -0.6439505508593803600, -0.1725460300683407700, -0.2708333333333335400 ) ) ;
#6248 = AXIS2_PLACEMENT_3D ( 'NONE', #2348, #6395, #1923 ) ;
#6249 = ORIENTED_EDGE ( 'NONE', *, *, #833, .T. ) ;
#6250 = VERTEX_POINT ( 'NONE', #786 ) ;
#6251 = CIRCLE ( 'NONE', #3019, 0.04166666666666673400 ) ;
#6252 = CARTESIAN_POINT ( 'NONE',  ( -0.5773502691896287300, -0.3333333333333278200, -0.2291666666666666300 ) ) ;
#6253 = CLOSED_SHELL ( 'NONE', ( #5223, #5544, #3232, #3983, #4119, #3193 ) ) ;
#6254 = AXIS2_PLACEMENT_3D ( 'NONE', #3206, #1278, #779 ) ;
#6255 = ORIENTED_EDGE ( 'NONE', *, *, #6343, .T. ) ;
#6256 = DIRECTION ( 'NONE',  ( 0.0000000000000000000, 0.0000000000000000000, 1.000000000000000000 ) ) ;
#6257 = CARTESIAN_POINT ( 'NONE',  ( -0.3243122353772501200, -0.5825586025229562100, -0.2291666666666666300 ) ) ;
#6258 = ORIENTED_EDGE ( 'NONE', *, *, #1761, .T. ) ;
#6259 = ORIENTED_EDGE ( 'NONE', *, *, #287, .F. ) ;
#6260 = ORIENTED_EDGE ( 'NONE', *, *, #3637, .F. ) ;
#6261 = ADVANCED_FACE ( 'NONE', ( #3671, #249 ), #837, .F. ) ;
#6262 = DIRECTION ( 'NONE',  ( 0.0000000000000000000, 0.0000000000000000000, 1.000000000000000000 ) ) ;
#6263 = EDGE_LOOP ( 'NONE', ( #4603, #3505 ) ) ;
#6264 = PLANE ( 'NONE',  #4744 ) ;
#6265 = DIRECTION ( 'NONE',  ( 0.9659258262890668700, -0.2588190451025261200, 0.0000000000000000000 ) ) ;
#6266 = ADVANCED_FACE ( 'NONE', ( #720, #6059 ), #3900, .F. ) ;
#6267 = DIRECTION ( 'NONE',  ( 0.0000000000000000000, 0.0000000000000000000, 1.000000000000000000 ) ) ;
#6268 = PLANE ( 'NONE',  #4875 ) ;
#6269 = VECTOR ( 'NONE', #4534, 39.37007874015748100 ) ;
#6270 = VERTEX_POINT ( 'NONE', #1848 ) ;
#6271 = DIRECTION ( 'NONE',  ( 0.4999999999999984500, -0.8660254037844397100, 0.0000000000000000000 ) ) ;
#6272 = EDGE_CURVE ( 'NONE', #2186, #1831, #3595, .T. ) ;
#6273 = CIRCLE ( 'NONE', #2608, 0.01041666666666662600 ) ;
#6274 = ORIENTED_EDGE ( 'NONE', *, *, #6507, .T. ) ;
#6275 = EDGE_CURVE ( 'NONE', #3201, #526, #3744, .T. ) ;
#6276 = VERTEX_POINT ( 'NONE', #6216 ) ;
#6277 = AXIS2_PLACEMENT_3D ( 'NONE', #5634, #3087, #3580 ) ;
#6278 = DIRECTION ( 'NONE',  ( 0.0000000000000000000, 0.0000000000000000000, 1.000000000000000000 ) ) ;
#6279 = CARTESIAN_POINT ( 'NONE',  ( 0.0000000000000000000, 0.7083333333333331500, 0.2291666666666667700 ) ) ;
#6280 = CIRCLE ( 'NONE', #5460, 0.6458333333333338100 ) ;
#6281 = VERTEX_POINT ( 'NONE', #1707 ) ;
#6282 = AXIS2_PLACEMENT_3D ( 'NONE', #216, #4148, #633 ) ;
#6283 = DIRECTION ( 'NONE',  ( -0.9659258262890704200, -0.2588190451025130200, 0.0000000000000000000 ) ) ;
#6284 = AXIS2_PLACEMENT_3D ( 'NONE', #3600, #1554, #3057 ) ;
#6285 = FACE_BOUND ( 'NONE', #3986, .T. ) ;
#6286 = ORIENTED_EDGE ( 'NONE', *, *, #4, .F. ) ;
#6287 = DIRECTION ( 'NONE',  ( 1.311287036958853100E-014, 1.000000000000000000, 0.0000000000000000000 ) ) ;
#6288 = PLANE ( 'NONE',  #1069 ) ;
#6289 = ADVANCED_FACE ( 'NONE', ( #409, #5897 ), #668, .F. ) ;
#6290 = AXIS2_PLACEMENT_3D ( 'NONE', #6016, #1921, #1000 ) ;
#6291 = CARTESIAN_POINT ( 'NONE',  ( 0.4714045207910290700, -0.4714045207910340100, 0.2708333333333334800 ) ) ;
#6292 = CIRCLE ( 'NONE', #155, 0.01041666666666661100 ) ;
#6293 = CARTESIAN_POINT ( 'NONE',  ( 0.6547346777386509100, 0.1322991206396340000, 0.2291666666666667700 ) ) ;
#6294 = CYLINDRICAL_SURFACE ( 'NONE', #5414, 0.04166666666666672000 ) ;
#6295 = EDGE_CURVE ( 'NONE', #2844, #755, #2738, .T. ) ;
#6296 = EDGE_CURVE ( 'NONE', #6131, #1087, #3368, .T. ) ;
#6297 = ADVANCED_FACE ( 'NONE', ( #6220 ), #5675, .F. ) ;
#6298 = CYLINDRICAL_SURFACE ( 'NONE', #194, 0.04166666666666672000 ) ;
#6299 = DIRECTION ( 'NONE',  ( 0.0000000000000000000, -0.0000000000000000000, 1.000000000000000000 ) ) ;
#6300 = MANIFOLD_SOLID_BREP ( 'CirPattern1[17]', #5037 ) ;
#6301 = EDGE_CURVE ( 'NONE', #516, #2465, #1411, .T. ) ;
#6302 = FACE_OUTER_BOUND ( 'NONE', #2700, .T. ) ;
#6303 = ORIENTED_EDGE ( 'NONE', *, *, #595, .T. ) ;
#6304 = PLANE ( 'NONE',  #4272 ) ;
#6305 = CYLINDRICAL_SURFACE ( 'NONE', #5780, 0.01041666666666662600 ) ;
#6306 = ORIENTED_EDGE ( 'NONE', *, *, #2641, .T. ) ;
#6307 = CIRCLE ( 'NONE', #4438, 0.01041666666666661100 ) ;
#6308 = DIRECTION ( 'NONE',  ( 0.0000000000000000000, 0.0000000000000000000, 1.000000000000000000 ) ) ;
#6309 = EDGE_CURVE ( 'NONE', #1760, #3068, #5020, .T. ) ;
#6310 = FACE_OUTER_BOUND ( 'NONE', #5300, .T. ) ;
#6311 = ORIENTED_EDGE ( 'NONE', *, *, #3473, .T. ) ;
#6312 = DIRECTION ( 'NONE',  ( -0.9659258262890664200, 0.2588190451025277300, 0.0000000000000000000 ) ) ;
#6313 = CIRCLE ( 'NONE', #2149, 0.01041666666666661900 ) ;
#6314 = EDGE_CURVE ( 'NONE', #5071, #4881, #1882, .T. ) ;
#6315 = ORIENTED_EDGE ( 'NONE', *, *, #4241, .F. ) ;
#6316 = AXIS2_PLACEMENT_3D ( 'NONE', #4421, #6381, #1430 ) ;
#6317 = DIRECTION ( 'NONE',  ( -3.491481338843133000E-015, -1.000000000000000000, 0.0000000000000000000 ) ) ;
#6318 = ORIENTED_EDGE ( 'NONE', *, *, #5066, .T. ) ;
#6319 = ORIENTED_EDGE ( 'NONE', *, *, #4736, .F. ) ;
#6320 = FACE_OUTER_BOUND ( 'NONE', #4733, .T. ) ;
#6321 = ADVANCED_FACE ( 'NONE', ( #3828 ), #88, .T. ) ;
#6322 = PLANE ( 'NONE',  #400 ) ;
#6323 = DIRECTION ( 'NONE',  ( 0.0000000000000000000, 0.0000000000000000000, 1.000000000000000000 ) ) ;
#6324 = ORIENTED_EDGE ( 'NONE', *, *, #1788, .F. ) ;
#6325 = DIRECTION ( 'NONE',  ( 0.2588190451025179600, -0.9659258262890690900, 0.0000000000000000000 ) ) ;
#6326 = PLANE ( 'NONE',  #1973 ) ;
#6327 = CLOSED_SHELL ( 'NONE', ( #4420, #6225, #5994, #5751 ) ) ;
#6328 = AXIS2_PLACEMENT_3D ( 'NONE', #3914, #5421, #6497 ) ;
#6329 = ORIENTED_EDGE ( 'NONE', *, *, #5609, .T. ) ;
#6330 = VERTEX_POINT ( 'NONE', #4220 ) ;
#6331 = PRODUCT_DEFINITION_FORMATION_WITH_SPECIFIED_SOURCE ( 'ANY', '', #453, .NOT_KNOWN. ) ;
#6332 = CIRCLE ( 'NONE', #4663, 0.01500000000000001200 ) ;
#6333 = EDGE_LOOP ( 'NONE', ( #684, #3394, #5914, #2467 ) ) ;
#6334 = ADVANCED_FACE ( 'NONE', ( #2121 ), #4707, .F. ) ;
#6335 = CARTESIAN_POINT ( 'NONE',  ( -0.4714045207910257900, 0.4714045207910372800, 0.2291666666666667700 ) ) ;
#6336 = AXIS2_PLACEMENT_3D ( 'NONE', #3150, #2673, #3184 ) ;
#6337 = ORIENTED_EDGE ( 'NONE', *, *, #1461, .F. ) ;
#6338 = ADVANCED_FACE ( 'NONE', ( #1028 ), #6294, .T. ) ;
#6339 = DIRECTION ( 'NONE',  ( 0.0000000000000000000, 0.0000000000000000000, 1.000000000000000000 ) ) ;
#6340 = DIRECTION ( 'NONE',  ( -0.8660254037844420400, -0.4999999999999943900, 0.0000000000000000000 ) ) ;
#6341 = DIRECTION ( 'NONE',  ( -3.278217592397111500E-015, -1.000000000000000000, 0.0000000000000000000 ) ) ;
#6342 = EDGE_LOOP ( 'NONE', ( #2931, #2883 ) ) ;
#6343 = EDGE_CURVE ( 'NONE', #5130, #4809, #2278, .T. ) ;
#6344 = AXIS2_PLACEMENT_3D ( 'NONE', #290, #4742, #2320 ) ;
#6345 = DIRECTION ( 'NONE',  ( 0.0000000000000000000, 0.0000000000000000000, 1.000000000000000000 ) ) ;
#6346 = ORIENTED_EDGE ( 'NONE', *, *, #5160, .T. ) ;
#6347 = CARTESIAN_POINT ( 'NONE',  ( -0.1624843027111742600, -0.6466465825791952700, -0.2708333333333335400 ) ) ;
#6348 = VERTEX_POINT ( 'NONE', #2665 ) ;
#6349 = PLANE ( 'NONE',  #5978 ) ;
#6350 = LINE ( 'NONE', #1402, #6194 ) ;
#6351 = DIRECTION ( 'NONE',  ( 0.0000000000000000000, 0.0000000000000000000, 1.000000000000000000 ) ) ;
#6352 = ORIENTED_EDGE ( 'NONE', *, *, #5433, .F. ) ;
#6353 = CARTESIAN_POINT ( 'NONE',  ( -0.1725460300683385200, 0.6439505508593810200, 0.2291666666666667700 ) ) ;
#6354 = ADVANCED_FACE ( 'NONE', ( #3358, #2588 ), #1227, .F. ) ;
#6355 = LINE ( 'NONE', #2506, #6433 ) ;
#6356 = ORIENTED_EDGE ( 'NONE', *, *, #4686, .T. ) ;
#6357 = CARTESIAN_POINT ( 'NONE',  ( -0.6439505508593768000, 0.1725460300683542600, 0.2708333333333334800 ) ) ;
#6358 = EDGE_CURVE ( 'NONE', #3112, #3791, #2428, .T. ) ;
#6359 = CYLINDRICAL_SURFACE ( 'NONE', #5698, 0.01041666666666661100 ) ;
#6360 = ADVANCED_FACE ( 'NONE', ( #4934, #4069 ), #3330, .F. ) ;
#6361 = ORIENTED_EDGE ( 'NONE', *, *, #2122, .T. ) ;
#6362 = CARTESIAN_POINT ( 'NONE',  ( -0.4714045207910356200, -0.4714045207910274600, 0.2708333333333334800 ) ) ;
#6363 = MANIFOLD_SOLID_BREP ( 'CirPattern1[15]', #3913 ) ;
#6364 = DIRECTION ( 'NONE',  ( 0.2588190451025130200, -0.9659258262890704200, 0.0000000000000000000 ) ) ;
#6365 = AXIS2_PLACEMENT_3D ( 'NONE', #1254, #3249, #4765 ) ;
#6366 = CYLINDRICAL_SURFACE ( 'NONE', #3895, 0.01041666666666660200 ) ;
#6367 = DIRECTION ( 'NONE',  ( 0.7071067811865413600, -0.7071067811865536800, 0.0000000000000000000 ) ) ;
#6369 = AXIS2_PLACEMENT_3D ( 'NONE', #3884, #1930, #3431 ) ;
#6368 = DIRECTION ( 'NONE',  ( 0.0000000000000000000, 0.0000000000000000000, 1.000000000000000000 ) ) ;
#6370 = CARTESIAN_POINT ( 'NONE',  ( -4.655308451790843400E-015, -0.6666666666666665200, -0.2291666666666666300 ) ) ;
#6371 = VECTOR ( 'NONE', #170, 39.37007874015748100 ) ;
#6372 = AXIS2_PLACEMENT_3D ( 'NONE', #2575, #3554, #2097 ) ;
#6373 = VECTOR ( 'NONE', #246, 39.37007874015748100 ) ;
#6374 = CARTESIAN_POINT ( 'NONE',  ( 0.5773502691896241800, -0.3333333333333359800, 0.2291666666666667700 ) ) ;
#6375 = ORIENTED_EDGE ( 'NONE', *, *, #287, .T. ) ;
#6376 = VECTOR ( 'NONE', #2354, 39.37007874015748100 ) ;
#6377 = CARTESIAN_POINT ( 'NONE',  ( 0.6666666666666665200, -2.327654225895421700E-015, 0.2708333333333334800 ) ) ;
#6378 = EDGE_CURVE ( 'NONE', #3626, #4637, #1570, .T. ) ;
#6379 = CARTESIAN_POINT ( 'NONE',  ( -4.655308451790843400E-015, -0.6666666666666665200, 0.2291666666666667700 ) ) ;
#6380 = CIRCLE ( 'NONE', #1641, 0.01041666666666661100 ) ;
#6381 = DIRECTION ( 'NONE',  ( 0.0000000000000000000, 0.0000000000000000000, 1.000000000000000000 ) ) ;
#6382 = EDGE_LOOP ( 'NONE', ( #2712, #1823 ) ) ;
#6383 = DIRECTION ( 'NONE',  ( 0.0000000000000000000, 0.0000000000000000000, 1.000000000000000000 ) ) ;
#6384 = FACE_BOUND ( 'NONE', #4539, .T. ) ;
#6385 = EDGE_CURVE ( 'NONE', #3803, #4501, #1259, .T. ) ;
#6386 = DATE_TIME_ROLE ( 'creation_date' ) ;
#6387 = DIRECTION ( 'NONE',  ( 0.0000000000000000000, 0.0000000000000000000, 1.000000000000000000 ) ) ;
#6388 = ORIENTED_EDGE ( 'NONE', *, *, #5133, .F. ) ;
#6389 = FACE_OUTER_BOUND ( 'NONE', #1433, .T. ) ;
#6390 = ORIENTED_EDGE ( 'NONE', *, *, #2222, .T. ) ;
#6391 = CIRCLE ( 'NONE', #2244, 0.04166666666666672000 ) ;
#6392 = ORIENTED_EDGE ( 'NONE', *, *, #2453, .F. ) ;
#6393 = ADVANCED_FACE ( 'NONE', ( #944, #4859 ), #4828, .F. ) ;
#6394 = LINE ( 'NONE', #6471, #2609 ) ;
#6395 = DIRECTION ( 'NONE',  ( 0.0000000000000000000, 0.0000000000000000000, 1.000000000000000000 ) ) ;
#6396 = EDGE_CURVE ( 'NONE', #1996, #4228, #558, .T. ) ;
#6397 = ORIENTED_EDGE ( 'NONE', *, *, #5757, .F. ) ;
#6398 = ORIENTED_EDGE ( 'NONE', *, *, #5535, .F. ) ;
#6399 = DIRECTION ( 'NONE',  ( -1.000000000000000000, 0.0000000000000000000, -0.0000000000000000000 ) ) ;
#6400 = CLOSED_SHELL ( 'NONE', ( #5510, #1442, #6191, #3656, #4182, #1052 ) ) ;
#6401 = EDGE_CURVE ( 'NONE', #1153, #6230, #2894, .T. ) ;
#6402 = ORIENTED_EDGE ( 'NONE', *, *, #4891, .F. ) ;
#6403 = CIRCLE ( 'NONE', #1397, 0.01041666666666661100 ) ;
#6404 = AXIS2_PLACEMENT_3D ( 'NONE', #3559, #3536, #4041 ) ;
#6405 = CARTESIAN_POINT ( 'NONE',  ( -0.6466465825791981600, -0.1624843027111629900, 0.2291666666666667700 ) ) ;
#6406 = ORIENTED_EDGE ( 'NONE', *, *, #245, .F. ) ;
#6407 = VERTEX_POINT ( 'NONE', #2296 ) ;
#6408 = AXIS2_PLACEMENT_3D ( 'NONE', #3095, #3113, #108 ) ;
#6409 = DIRECTION ( 'NONE',  ( 0.0000000000000000000, 0.0000000000000000000, 1.000000000000000000 ) ) ;
#6410 = PLANE ( 'NONE',  #5343 ) ;
#6411 = EDGE_LOOP ( 'NONE', ( #1505, #6249 ) ) ;
#6412 = APPROVAL_STATUS ( 'not_yet_approved' ) ;
#6413 = DIRECTION ( 'NONE',  ( -0.8660254037844346000, 0.5000000000000071100, 0.0000000000000000000 ) ) ;
#6414 = AXIS2_PLACEMENT_3D ( 'NONE', #515, #4460, #1928 ) ;
#6415 = ORIENTED_EDGE ( 'NONE', *, *, #4134, .T. ) ;
#6416 = CARTESIAN_POINT ( 'NONE',  ( 0.2972489415089781300, -0.5981836025229607700, 0.2291666666666667700 ) ) ;
#6417 = AXIS2_PLACEMENT_3D ( 'NONE', #1774, #5276, #2776 ) ;
#6418 = ORIENTED_EDGE ( 'NONE', *, *, #5485, .T. ) ;
#6419 = DIRECTION ( 'NONE',  ( 0.0000000000000000000, 0.0000000000000000000, 1.000000000000000000 ) ) ;
#6420 = EDGE_CURVE ( 'NONE', #3071, #5672, #5562, .T. ) ;
#6421 = CIRCLE ( 'NONE', #4461, 0.04166666666666672000 ) ;
#6422 = CARTESIAN_POINT ( 'NONE',  ( 0.4640388251536692300, -0.4787702164283937900, 0.2291666666666667700 ) ) ;
#6423 = EDGE_CURVE ( 'NONE', #2948, #2539, #1108, .T. ) ;
#6424 = EDGE_LOOP ( 'NONE', ( #3541, #3161 ) ) ;
#6425 = ADVANCED_FACE ( 'NONE', ( #4771, #3200 ), #2272, .F. ) ;
#6426 = CARTESIAN_POINT ( 'NONE',  ( 0.4714045207910323400, 0.4714045207910307900, 0.2708333333333334800 ) ) ;
#6427 = DIRECTION ( 'NONE',  ( 0.0000000000000000000, 0.0000000000000000000, 1.000000000000000000 ) ) ;
#6428 = APPROVAL_ROLE ( '' ) ;
#6429 = FACE_OUTER_BOUND ( 'NONE', #4319, .T. ) ;
#6430 = ORIENTED_EDGE ( 'NONE', *, *, #6018, .F. ) ;
#6431 = CARTESIAN_POINT ( 'NONE',  ( -0.6841974602880878100, 0.1833301569476264200, 0.2291666666666667700 ) ) ;
#6432 = CARTESIAN_POINT ( 'NONE',  ( 0.3333333333333298700, -0.5773502691896276200, -0.2708333333333335400 ) ) ;
#6433 = VECTOR ( 'NONE', #482, 39.37007874015748100 ) ;
#6434 = ORIENTED_EDGE ( 'NONE', *, *, #4943, .F. ) ;
#6435 = DIRECTION ( 'NONE',  ( -0.0000000000000000000, 0.0000000000000000000, -1.000000000000000000 ) ) ;
#6436 = EDGE_CURVE ( 'NONE', #1709, #6090, #1338, .T. ) ;
#6437 = AXIS2_PLACEMENT_3D ( 'NONE', #3111, #156, #2656 ) ;
#6438 = DIRECTION ( 'NONE',  ( -0.8660254037844414800, -0.4999999999999948400, 0.0000000000000000000 ) ) ;
#6439 = CYLINDRICAL_SURFACE ( 'NONE', #528, 0.7083333333333337000 ) ;
#6440 = ORIENTED_EDGE ( 'NONE', *, *, #6038, .F. ) ;
#6441 = CARTESIAN_POINT ( 'NONE',  ( -4.655308451790843400E-015, -0.6666666666666665200, -0.2708333333333335400 ) ) ;
#6442 = AXIS2_PLACEMENT_3D ( 'NONE', #1530, #860, #5426 ) ;
#6443 = LINE ( 'NONE', #2062, #3130 ) ;
#6444 = CARTESIAN_POINT ( 'NONE',  ( 0.3333333333333339300, 0.5773502691896251800, 0.2708333333333334800 ) ) ;
#6445 = AXIS2_PLACEMENT_3D ( 'NONE', #4592, #6153, #5552 ) ;
#6447 = VECTOR ( 'NONE', #2321, 39.37007874015748100 ) ;
#6446 = CARTESIAN_POINT ( 'NONE',  ( 0.01041666666666195800, -0.6666666666666666300, 0.2708333333333334800 ) ) ;
#6448 = DIRECTION ( 'NONE',  ( 0.0000000000000000000, 0.0000000000000000000, 1.000000000000000000 ) ) ;
#6449 = AXIS2_PLACEMENT_3D ( 'NONE', #1619, #5085, #2123 ) ;
#6450 = CARTESIAN_POINT ( 'NONE',  ( 0.1725460300683430100, -0.6439505508593798000, 0.2291666666666667700 ) ) ;
#6451 = CYLINDRICAL_SURFACE ( 'NONE', #2868, 0.01041666666666661200 ) ;
#6452 = AXIS2_PLACEMENT_3D ( 'NONE', #3191, #3716, #4767 ) ;
#6453 = FACE_OUTER_BOUND ( 'NONE', #1136, .T. ) ;
#6454 = ADVANCED_FACE ( 'NONE', ( #5252 ), #3051, .T. ) ;
#6455 = DIRECTION ( 'NONE',  ( 0.5000000000000119900, 0.8660254037844318200, 0.0000000000000000000 ) ) ;
#6456 = CARTESIAN_POINT ( 'NONE',  ( -0.5981836025229616500, -0.2972489415089760200, 0.2291666666666667700 ) ) ;
#6457 = VERTEX_POINT ( 'NONE', #3762 ) ;
#6458 = CYLINDRICAL_SURFACE ( 'NONE', #5942, 0.01041666666666661100 ) ;
#6459 = VERTEX_POINT ( 'NONE', #4315 ) ;
#6460 = CARTESIAN_POINT ( 'NONE',  ( 0.0000000000000000000, -4.840493163773867100E-016, 0.2708333333333334300 ) ) ;
#6461 = CARTESIAN_POINT ( 'NONE',  ( -0.6439505508593803600, -0.1725460300683407700, 0.2291666666666667700 ) ) ;
#6462 = EDGE_CURVE ( 'NONE', #1996, #2922, #4213, .T. ) ;
#6463 = VECTOR ( 'NONE', #2393, 39.37007874015748100 ) ;
#6464 = CARTESIAN_POINT ( 'NONE',  ( 0.6547346777386499100, -0.1322991206396385800, 0.2291666666666667700 ) ) ;
#6465 = CIRCLE ( 'NONE', #6112, 0.01041666666666659100 ) ;
#6466 = ORIENTED_EDGE ( 'NONE', *, *, #6082, .F. ) ;
#6467 = FACE_OUTER_BOUND ( 'NONE', #1753, .T. ) ;
#6468 = CARTESIAN_POINT ( 'NONE',  ( -4.655308451790843400E-015, -0.6666666666666665200, 0.2291666666666667700 ) ) ;
#6469 = ORIENTED_EDGE ( 'NONE', *, *, #213, .F. ) ;
#6470 = DIRECTION ( 'NONE',  ( 0.0000000000000000000, 0.0000000000000000000, 1.000000000000000000 ) ) ;
#6471 = CARTESIAN_POINT ( 'NONE',  ( -0.6547346777386516800, -0.1322991206396294300, 0.2291666666666667700 ) ) ;
#6472 = ORIENTED_EDGE ( 'NONE', *, *, #4822, .T. ) ;
#6473 = EDGE_LOOP ( 'NONE', ( #5439, #5652 ) ) ;
#6474 = EDGE_LOOP ( 'NONE', ( #3207, #6311, #2523, #5500 ) ) ;
#6475 = CIRCLE ( 'NONE', #5095, 0.01041666666666661100 ) ;
#6476 = VERTEX_POINT ( 'NONE', #5416 ) ;
#6477 = VERTEX_POINT ( 'NONE', #4424 ) ;
#6478 = VERTEX_POINT ( 'NONE', #919 ) ;
#6479 = DIRECTION ( 'NONE',  ( 0.9659258262890716400, 0.2588190451025078100, 0.0000000000000000000 ) ) ;
#6480 = ORIENTED_EDGE ( 'NONE', *, *, #2556, .F. ) ;
#6481 = EDGE_CURVE ( 'NONE', #4847, #2184, #4378, .T. ) ;
#6482 = FACE_BOUND ( 'NONE', #5610, .T. ) ;
#6483 = EDGE_LOOP ( 'NONE', ( #690, #2302, #220, #6397 ) ) ;
#6484 = DIRECTION ( 'NONE',  ( -0.0000000000000000000, -1.639108796198557900E-016, 1.000000000000000000 ) ) ;
#6485 = CARTESIAN_POINT ( 'NONE',  ( -0.1624843027111742600, -0.6466465825791952700, -0.2291666666666666300 ) ) ;
#6486 = EDGE_CURVE ( 'NONE', #1854, #2490, #876, .T. ) ;
#6487 = ORIENTED_EDGE ( 'NONE', *, *, #4458, .F. ) ;
#6488 = AXIS2_PLACEMENT_3D ( 'NONE', #2574, #6103, #1527 ) ;
#6489 = CARTESIAN_POINT ( 'NONE',  ( 0.3333333333333339300, 0.5773502691896251800, -0.2291666666666666300 ) ) ;
#6490 = ADVANCED_FACE ( 'NONE', ( #2042 ), #463, .F. ) ;
#6491 = ADVANCED_FACE ( 'NONE', ( #3437 ), #868, .F. ) ;
#6492 = AXIS2_PLACEMENT_3D ( 'NONE', #1021, #2979, #1471 ) ;
#6493 = DIRECTION ( 'NONE',  ( 0.0000000000000000000, -1.000000000000000000, 0.0000000000000000000 ) ) ;
#6494 = ORIENTED_EDGE ( 'NONE', *, *, #640, .F. ) ;
#6495 = CARTESIAN_POINT ( 'NONE',  ( 0.3541666666666673000, 0.6134346610139768100, 0.2291666666666667700 ) ) ;
#6496 = AXIS2_PLACEMENT_3D ( 'NONE', #5583, #1624, #2038 ) ;
#6497 = DIRECTION ( 'NONE',  ( -0.4999999999999943900, 0.8660254037844420400, 0.0000000000000000000 ) ) ;
#6498 = CLOSED_SHELL ( 'NONE', ( #1469, #5282, #2491, #3949 ) ) ;
#6499 = MANIFOLD_SOLID_BREP ( 'CirPattern1[41]', #2562 ) ;
#6500 = DIRECTION ( 'NONE',  ( 0.0000000000000000000, 0.0000000000000000000, 1.000000000000000000 ) ) ;
#6501 = AXIS2_PLACEMENT_3D ( 'NONE', #2294, #4267, #3805 ) ;
#6502 = VERTEX_POINT ( 'NONE', #6446 ) ;
#6503 = CARTESIAN_POINT ( 'NONE',  ( -0.01041666666667126700, -0.6666666666666663000, 0.2291666666666667700 ) ) ;
#6504 = CYLINDRICAL_SURFACE ( 'NONE', #3122, 0.04166666666666672000 ) ;
#6505 = DIRECTION ( 'NONE',  ( -0.9659258262890664200, 0.2588190451025277300, 0.0000000000000000000 ) ) ;
#6506 = DIRECTION ( 'NONE',  ( 0.7071067811865574500, 0.7071067811865376900, 0.0000000000000000000 ) ) ;
#6507 = EDGE_CURVE ( 'NONE', #5687, #5051, #1186, .T. ) ;
#6508 = ORIENTED_EDGE ( 'NONE', *, *, #2710, .F. ) ;
#6509 = PLANE ( 'NONE',  #5642 ) ;
#6510 = EDGE_CURVE ( 'NONE', #4711, #2957, #3517, .T. ) ;
#6511 = LINE ( 'NONE', #6139, #1169 ) ;
#6512 = EDGE_LOOP ( 'NONE', ( #3257, #4647 ) ) ;
#6513 = ORIENTED_EDGE ( 'NONE', *, *, #4904, .F. ) ;
#6514 = DIRECTION ( 'NONE',  ( 0.0000000000000000000, 0.0000000000000000000, 1.000000000000000000 ) ) ;
#6515 = CARTESIAN_POINT ( 'NONE',  ( -0.3333333333333258800, 0.5773502691896298400, -0.2291666666666666300 ) ) ;
#6516 = DIRECTION ( 'NONE',  ( 1.311287036958853100E-014, 1.000000000000000000, 0.0000000000000000000 ) ) ;
ENDSEC;
END-ISO-10303-21;
