ISO-10303-21;
HEADER;
FILE_DESCRIPTION (( 'STEP AP203' ),
    '1' );
FILE_NAME ('5909K38_Needle-Roller Thrust Bearing.STEP',
    '2022-05-25T14:36:49',
    ( 'Administrator' ),
    ( 'Managed by Terraform' ),
    'SwSTEP 2.0',
    'SolidWorks 2017',
    '' );
FILE_SCHEMA (( 'CONFIG_CONTROL_DESIGN' ));
ENDSEC;

DATA;
#1 = ORIENTED_EDGE ( 'NONE', *, *, #6902, .T. ) ;
#2 = AXIS2_PLACEMENT_3D ( 'NONE', #2931, #1579, #7260 ) ;
#3 = ORIENTED_EDGE ( 'NONE', *, *, #6665, .F. ) ;
#4 = EDGE_CURVE ( 'NONE', #1284, #2542, #8260, .T. ) ;
#5 = CARTESIAN_POINT ( 'NONE',  ( -0.4605718422811487200, 0.0000000000000000000, -0.5198781401422347700 ) ) ;
#6 = ADVANCED_FACE ( 'NONE', ( #10161 ), #3453, .T. ) ;
#7 = EDGE_LOOP ( 'NONE', ( #6697, #5700, #7305, #8989 ) ) ;
#8 = DIRECTION ( 'NONE',  ( -0.5344658261277963600, -0.0000000000000000000, 0.8451900855437977100 ) ) ;
#9 = FACE_BOUND ( 'NONE', #9340, .T. ) ;
#10 = VERTEX_POINT ( 'NONE', #9841 ) ;
#11 = ORIENTED_EDGE ( 'NONE', *, *, #1308, .T. ) ;
#12 = CARTESIAN_POINT ( 'NONE',  ( -0.5407881862670197400, 0.0000000000000000000, 0.7196583756158385600 ) ) ;
#13 = CYLINDRICAL_SURFACE ( 'NONE', #414, 0.03906250000000001400 ) ;
#14 = AXIS2_PLACEMENT_3D ( 'NONE', #7943, #8045, #3105 ) ;
#15 = DIRECTION ( 'NONE',  ( 0.9199794436588212300, 0.0000000000000000000, -0.3919666098600823000 ) ) ;
#16 = VERTEX_POINT ( 'NONE', #6609 ) ;
#17 = CIRCLE ( 'NONE', #9782, 0.03906249999999997200 ) ;
#18 = EDGE_LOOP ( 'NONE', ( #147, #6024, #5422, #8956 ) ) ;
#19 = CARTESIAN_POINT ( 'NONE',  ( 0.9008320973666257300, -0.01953125000000015600, -0.002445717427182306500 ) ) ;
#20 = ORIENTED_EDGE ( 'NONE', *, *, #7692, .T. ) ;
#21 = DIRECTION ( 'NONE',  ( 0.4647231720437694500, 0.0000000000000000000, 0.8854560256532094700 ) ) ;
#22 = AXIS2_PLACEMENT_3D ( 'NONE', #2181, #2105, #2138 ) ;
#23 = EDGE_CURVE ( 'NONE', #6688, #1255, #8519, .T. ) ;
#24 = DIRECTION ( 'NONE',  ( -0.8451900855437899400, 0.0000000000000000000, 0.5344658261278086900 ) ) ;
#25 = DIRECTION ( 'NONE',  ( -0.9927088740980526400, 0.0000000000000000000, 0.1205366802553337900 ) ) ;
#26 = ORIENTED_EDGE ( 'NONE', *, *, #295, .T. ) ;
#27 = LINE ( 'NONE', #691, #10023 ) ;
#28 = CARTESIAN_POINT ( 'NONE',  ( 0.3033625014239372800, -0.01953125000000007300, -0.6257118381567506900 ) ) ;
#29 = ORIENTED_EDGE ( 'NONE', *, *, #6520, .T. ) ;
#30 = CARTESIAN_POINT ( 'NONE',  ( 0.6014979441984805700, 0.0000000000000000000, -0.3472750000000030000 ) ) ;
#31 = VECTOR ( 'NONE', #4600, 39.37007874015748900 ) ;
#32 = ADVANCED_FACE ( 'NONE', ( #9266 ), #10052, .T. ) ;
#33 = ORIENTED_EDGE ( 'NONE', *, *, #706, .F. ) ;
#34 = CARTESIAN_POINT ( 'NONE',  ( -0.3426212049625507700, 0.01953124999999988900, -0.6051072810582415200 ) ) ;
#35 = CARTESIAN_POINT ( 'NONE',  ( -0.2850645280200746500, 0.0000000000000000000, 0.8538725050408242400 ) ) ;
#36 = EDGE_LOOP ( 'NONE', ( #9449, #2315 ) ) ;
#37 = AXIS2_PLACEMENT_3D ( 'NONE', #6811, #10068, #5064 ) ;
#38 = EDGE_CURVE ( 'NONE', #9830, #6334, #7124, .T. ) ;
#39 = LINE ( 'NONE', #6007, #4441 ) ;
#40 = ORIENTED_EDGE ( 'NONE', *, *, #9290, .F. ) ;
#41 = DIRECTION ( 'NONE',  ( -0.9797906520422695600, 0.0000000000000000000, -0.2000256937760349400 ) ) ;
#42 = CYLINDRICAL_SURFACE ( 'NONE', #1204, 0.03906249999999999300 ) ;
#44 = DIRECTION ( 'NONE',  ( -0.8854560256532094700, 0.0000000000000000000, 0.4647231720437694500 ) ) ;
#43 = CARTESIAN_POINT ( 'NONE',  ( -0.4605718422811487200, 0.0000000000000000000, -0.5198781401422347700 ) ) ;
#45 = DIRECTION ( 'NONE',  ( 0.5680647467311540400, 0.0000000000000000000, -0.8229838658936575700 ) ) ;
#46 = CIRCLE ( 'NONE', #7927, 0.03906250000000000000 ) ;
#47 = LINE ( 'NONE', #9653, #7143 ) ;
#48 = EDGE_CURVE ( 'NONE', #7424, #4558, #4310, .T. ) ;
#49 = DIRECTION ( 'NONE',  ( -0.7485107481711047500, 0.0000000000000000000, -0.6631226582407909700 ) ) ;
#50 = AXIS2_PLACEMENT_3D ( 'NONE', #4479, #10166, #5402 ) ;
#51 = ADVANCED_FACE ( 'NONE', ( #2544 ), #1246, .T. ) ;
#52 = DIRECTION ( 'NONE',  ( -0.9485364419471452600, 0.0000000000000000000, 0.3166679938014731500 ) ) ;
#54 = DIRECTION ( 'NONE',  ( -0.2000256937760349400, 0.0000000000000000000, 0.9797906520422695600 ) ) ;
#53 = LINE ( 'NONE', #8186, #5091 ) ;
#55 = LINE ( 'NONE', #6861, #5619 ) ;
#56 = FACE_BOUND ( 'NONE', #7845, .T. ) ;
#57 = PLANE ( 'NONE',  #1861 ) ;
#59 = CARTESIAN_POINT ( 'NONE',  ( 0.9008320973666257300, 0.01953124999999986500, -0.002445717427182140400 ) ) ;
#58 = AXIS2_PLACEMENT_3D ( 'NONE', #6369, #6260, #5598 ) ;
#60 = ORIENTED_EDGE ( 'NONE', *, *, #1025, .T. ) ;
#61 = CARTESIAN_POINT ( 'NONE',  ( -0.7795960684867560000, 0.0000000000000000000, -0.4500999999999928400 ) ) ;
#62 = EDGE_CURVE ( 'NONE', #2487, #242, #39, .T. ) ;
#63 = VECTOR ( 'NONE', #3107, 39.37007874015748100 ) ;
#64 = DIRECTION ( 'NONE',  ( -0.6007422642379689500, 0.0000000000000000000, 0.7994427634035086200 ) ) ;
#66 = CARTESIAN_POINT ( 'NONE',  ( -0.8820075449684513500, 0.0000000000000000000, -0.1800631295371867300 ) ) ;
#65 = CIRCLE ( 'NONE', #6952, 0.03906250000000002100 ) ;
#67 = LINE ( 'NONE', #1270, #5492 ) ;
#68 = CARTESIAN_POINT ( 'NONE',  ( 0.6129892083981550700, -0.01953125000000013200, 0.3283113492815792300 ) ) ;
#69 = VERTEX_POINT ( 'NONE', #4363 ) ;
#70 = CIRCLE ( 'NONE', #10336, 0.03906250000000004900 ) ;
#71 = CARTESIAN_POINT ( 'NONE',  ( -0.3528483421960461600, 0.01953124999999987900, -0.8281654951816711500 ) ) ;
#73 = DIRECTION ( 'NONE',  ( -0.9709418174260535700, 0.0000000000000000000, -0.2393156642875516300 ) ) ;
#72 = CARTESIAN_POINT ( 'NONE',  ( -0.6847774844323290000, 0.0000000000000000000, 0.1224964416657973500 ) ) ;
#74 = CIRCLE ( 'NONE', #8593, 0.03906250000000000000 ) ;
#75 = DIRECTION ( 'NONE',  ( 0.2782174639164508600, 0.0000000000000000000, -0.9605181116313726800 ) ) ;
#76 = ADVANCED_FACE ( 'NONE', ( #8020 ), #1665, .F. ) ;
#77 = VERTEX_POINT ( 'NONE', #368 ) ;
#78 = EDGE_CURVE ( 'NONE', #6778, #2143, #4945, .T. ) ;
#79 = CARTESIAN_POINT ( 'NONE',  ( -0.3033625014239458300, -0.01953125000000015600, -0.6257118381567463600 ) ) ;
#80 = LINE ( 'NONE', #6129, #7539 ) ;
#81 = ORIENTED_EDGE ( 'NONE', *, *, #6452, .T. ) ;
#82 = CIRCLE ( 'NONE', #9543, 0.03906249999999997200 ) ;
#83 = CARTESIAN_POINT ( 'NONE',  ( 0.8132860812362671100, 0.0000000000000000000, 0.3859090437750274900 ) ) ;
#84 = ORIENTED_EDGE ( 'NONE', *, *, #6237, .T. ) ;
#85 = DIRECTION ( 'NONE',  ( 0.9991889981715695900, 0.0000000000000000000, -0.04026594010941867600 ) ) ;
#86 = ORIENTED_EDGE ( 'NONE', *, *, #2400, .F. ) ;
#87 = ORIENTED_EDGE ( 'NONE', *, *, #3706, .F. ) ;
#88 = EDGE_LOOP ( 'NONE', ( #9494, #4783, #6206, #4903 ) ) ;
#89 = CARTESIAN_POINT ( 'NONE',  ( -0.1061554250905225500, 0.01953124999999987900, -0.8945588157877256700 ) ) ;
#90 = VECTOR ( 'NONE', #9347, 39.37007874015748100 ) ;
#91 = DIRECTION ( 'NONE',  ( -0.0000000000000000000, -0.0000000000000000000, 1.000000000000000000 ) ) ;
#92 = ORIENTED_EDGE ( 'NONE', *, *, #2061, .F. ) ;
#93 = CARTESIAN_POINT ( 'NONE',  ( 0.5523863150852076400, -0.01953125000000013900, 0.4223901876065228000 ) ) ;
#94 = AXIS2_PLACEMENT_3D ( 'NONE', #10404, #2355, #5473 ) ;
#95 = EDGE_CURVE ( 'NONE', #8086, #2387, #9901, .T. ) ;
#96 = VECTOR ( 'NONE', #6231, 39.37007874015748100 ) ;
#97 = VERTEX_POINT ( 'NONE', #9984 ) ;
#98 = CARTESIAN_POINT ( 'NONE',  ( -0.8537905344063219100, 0.0000000000000000000, 0.2879715997532005800 ) ) ;
#99 = ORIENTED_EDGE ( 'NONE', *, *, #8445, .T. ) ;
#100 = CARTESIAN_POINT ( 'NONE',  ( -0.7630401052466498900, 4.783776559169353300E-018, 0.4792240777459241300 ) ) ;
#101 = AXIS2_PLACEMENT_3D ( 'NONE', #2022, #7800, #1347 ) ;
#102 = LINE ( 'NONE', #7332, #625 ) ;
#103 = ADVANCED_FACE ( 'NONE', ( #6474 ), #7619, .T. ) ;
#104 = EDGE_LOOP ( 'NONE', ( #2879, #1276 ) ) ;
#105 = CYLINDRICAL_SURFACE ( 'NONE', #8373, 0.03906250000000006900 ) ;
#106 = VERTEX_POINT ( 'NONE', #1140 ) ;
#107 = EDGE_CURVE ( 'NONE', #4455, #1503, #918, .T. ) ;
#108 = ORIENTED_EDGE ( 'NONE', *, *, #2313, .F. ) ;
#109 = PLANE ( 'NONE',  #8478 ) ;
#110 = EDGE_LOOP ( 'NONE', ( #2503, #8351, #7989, #2121 ) ) ;
#111 = EDGE_CURVE ( 'NONE', #502, #9945, #3422, .T. ) ;
#112 = DIRECTION ( 'NONE',  ( 0.5680647467311649200, 0.0000000000000000000, 0.8229838658936499100 ) ) ;
#113 = EDGE_LOOP ( 'NONE', ( #2305, #4138, #7237, #3616 ) ) ;
#114 = FACE_OUTER_BOUND ( 'NONE', #779, .T. ) ;
#115 = EDGE_LOOP ( 'NONE', ( #9704, #765, #6662, #6928 ) ) ;
#116 = ORIENTED_EDGE ( 'NONE', *, *, #3335, .F. ) ;
#117 = EDGE_LOOP ( 'NONE', ( #3436, #875, #2861, #809, #972 ) ) ;
#118 = CARTESIAN_POINT ( 'NONE',  ( 0.3883896036867041700, 0.01953124999999987900, 0.8128086890085345400 ) ) ;
#119 = CARTESIAN_POINT ( 'NONE',  ( 0.5279707048616162400, 0.0000000000000000000, 0.4529597291307236900 ) ) ;
#120 = AXIS2_PLACEMENT_3D ( 'NONE', #2113, #9440, #1305 ) ;
#121 = PERSON_AND_ORGANIZATION ( #2878, #9238 ) ;
#122 = EDGE_CURVE ( 'NONE', #9740, #8973, #685, .T. ) ;
#123 = ORIENTED_EDGE ( 'NONE', *, *, #1926, .T. ) ;
#124 = AXIS2_PLACEMENT_3D ( 'NONE', #1104, #329, #2713 ) ;
#125 = VECTOR ( 'NONE', #5624, 39.37007874015748900 ) ;
#126 = ORIENTED_EDGE ( 'NONE', *, *, #743, .T. ) ;
#127 = CARTESIAN_POINT ( 'NONE',  ( 0.0000000000000000000, 0.0000000000000000000, 0.9002000000000001100 ) ) ;
#128 = ORIENTED_EDGE ( 'NONE', *, *, #3876, .F. ) ;
#129 = EDGE_CURVE ( 'NONE', #9566, #1581, #5972, .T. ) ;
#130 = ADVANCED_FACE ( 'NONE', ( #5836 ), #6832, .F. ) ;
#131 = DIRECTION ( 'NONE',  ( 0.9991889981715701400, 0.0000000000000000000, 0.04026594010940538800 ) ) ;
#132 = CYLINDRICAL_SURFACE ( 'NONE', #6846, 0.03906250000000004200 ) ;
#133 = EDGE_LOOP ( 'NONE', ( #8699, #2031, #5883, #2494, #9518 ) ) ;
#134 = CARTESIAN_POINT ( 'NONE',  ( 0.6494155313571540200, 0.0000000000000000000, -0.2462908242953958400 ) ) ;
#135 = DIRECTION ( 'NONE',  ( 0.5680647467311652500, 0.0000000000000000000, 0.8229838658936499100 ) ) ;
#136 = FACE_BOUND ( 'NONE', #7320, .T. ) ;
#137 = CC_DESIGN_PERSON_AND_ORGANIZATION_ASSIGNMENT ( #10124, #1966, ( #10447 ) ) ;
#138 = VERTEX_POINT ( 'NONE', #7579 ) ;
#139 = ORIENTED_EDGE ( 'NONE', *, *, #8126, .T. ) ;
#140 = ADVANCED_FACE ( 'NONE', ( #3672 ), #1295, .F. ) ;
#141 = EDGE_CURVE ( 'NONE', #7072, #6411, #2187, .T. ) ;
#142 = CIRCLE ( 'NONE', #8195, 0.03906250000000004900 ) ;
#144 = DIRECTION ( 'NONE',  ( 0.6927243535096075900, 0.0000000000000000000, 0.7212024473438064500 ) ) ;
#143 = CARTESIAN_POINT ( 'NONE',  ( 0.4481108989636878300, 0.0000000000000000000, -0.7817176863396442200 ) ) ;
#145 = ORIENTED_EDGE ( 'NONE', *, *, #639, .T. ) ;
#146 = VECTOR ( 'NONE', #9684, 39.37007874015748900 ) ;
#147 = ORIENTED_EDGE ( 'NONE', *, *, #7917, .F. ) ;
#148 = PLANE ( 'NONE',  #2448 ) ;
#149 = VERTEX_POINT ( 'NONE', #6146 ) ;
#150 = CARTESIAN_POINT ( 'NONE',  ( -0.8981077749414690900, -0.01953125000000016700, -0.07004908114580316000 ) ) ;
#151 = VERTEX_POINT ( 'NONE', #10199 ) ;
#152 = CARTESIAN_POINT ( 'NONE',  ( 0.4183437994738012900, 0.0000000000000000000, 0.7970875142930192700 ) ) ;
#153 = FACE_OUTER_BOUND ( 'NONE', #1628, .T. ) ;
#154 = DIRECTION ( 'NONE',  ( -0.9797906520422669000, 0.0000000000000000000, 0.2000256937760482900 ) ) ;
#155 = ORIENTED_EDGE ( 'NONE', *, *, #10237, .F. ) ;
#156 = ADVANCED_FACE ( 'NONE', ( #6595 ), #5335, .F. ) ;
#157 = VECTOR ( 'NONE', #9542, 39.37007874015748100 ) ;
#158 = AXIS2_PLACEMENT_3D ( 'NONE', #3574, #4386, #7599 ) ;
#159 = EDGE_CURVE ( 'NONE', #1955, #1304, #5718, .T. ) ;
#160 = DIRECTION ( 'NONE',  ( -0.5000000000000051100, 0.0000000000000000000, -0.8660254037844358200 ) ) ;
#161 = DIRECTION ( 'NONE',  ( 0.9870502626379149500, 0.0000000000000000000, 0.1604112808577475300 ) ) ;
#162 = CARTESIAN_POINT ( 'NONE',  ( -0.5279707048616102400, 4.783776559169354100E-018, 0.4529597291307306300 ) ) ;
#163 = VERTEX_POINT ( 'NONE', #8685 ) ;
#164 = CARTESIAN_POINT ( 'NONE',  ( -0.3712132395370690300, -0.01953125000000015600, -0.5870267739144399100 ) ) ;
#165 = AXIS2_PLACEMENT_3D ( 'NONE', #5338, #5450, #6256 ) ;
#166 = CARTESIAN_POINT ( 'NONE',  ( -0.5137437432209621700, 0.01953124999999986500, 0.7399809561610363200 ) ) ;
#167 = EDGE_LOOP ( 'NONE', ( #688, #6362, #733, #7090, #7016 ) ) ;
#168 = FACE_OUTER_BOUND ( 'NONE', #3182, .T. ) ;
#169 = CARTESIAN_POINT ( 'NONE',  ( -0.7991273184867556700, 0.0000000000000000000, -0.4162708826646630600 ) ) ;
#170 = CARTESIAN_POINT ( 'NONE',  ( -0.8132860812362620000, 0.0000000000000000000, 0.3859090437750384800 ) ) ;
#171 = CARTESIAN_POINT ( 'NONE',  ( 0.6257921896629866600, -0.01953125000000015600, 0.6479881052430611600 ) ) ;
#172 = DIRECTION ( 'NONE',  ( -0.9991889981715700300, 0.0000000000000000000, -0.04026594010940538100 ) ) ;
#173 = AXIS2_PLACEMENT_3D ( 'NONE', #8578, #3636, #5343 ) ;
#174 = EDGE_CURVE ( 'NONE', #9572, #7362, #5593, .T. ) ;
#175 = DIRECTION ( 'NONE',  ( 0.6927243535096075900, 0.0000000000000000000, 0.7212024473438066700 ) ) ;
#176 = FACE_OUTER_BOUND ( 'NONE', #6477, .T. ) ;
#177 = CIRCLE ( 'NONE', #2011, 0.03906250000000002100 ) ;
#178 = DIRECTION ( 'NONE',  ( 0.9797906520422695600, -0.0000000000000000000, 0.2000256937760349400 ) ) ;
#179 = CARTESIAN_POINT ( 'NONE',  ( 0.08960747523391697500, -0.01953125000000006900, -0.6895756753699267000 ) ) ;
#180 = ADVANCED_FACE ( 'NONE', ( #1919 ), #3804, .F. ) ;
#181 = AXIS2_PLACEMENT_3D ( 'NONE', #9183, #4321, #10015 ) ;
#182 = MANIFOLD_SOLID_BREP ( 'CirPattern1[23]', #3294 ) ;
#183 = CYLINDRICAL_SURFACE ( 'NONE', #1324, 0.03906250000000002100 ) ;
#184 = EDGE_CURVE ( 'NONE', #2353, #1625, #7757, .T. ) ;
#185 = CARTESIAN_POINT ( 'NONE',  ( -0.3528483421960461600, 0.0000000000000000000, -0.8281654951816711500 ) ) ;
#186 = FACE_OUTER_BOUND ( 'NONE', #4418, .T. ) ;
#187 = AXIS2_PLACEMENT_3D ( 'NONE', #6448, #10501, #9679 ) ;
#188 = VECTOR ( 'NONE', #10153, 39.37007874015748100 ) ;
#189 = CARTESIAN_POINT ( 'NONE',  ( -0.8536975919968564600, 0.01953124999999987900, -0.2875845451314385500 ) ) ;
#190 = CARTESIAN_POINT ( 'NONE',  ( -0.3227734791429917600, 0.0000000000000000000, 0.6149934826174412400 ) ) ;
#191 = ORIENTED_EDGE ( 'NONE', *, *, #6542, .T. ) ;
#192 = EDGE_CURVE ( 'NONE', #3123, #4532, #6864, .T. ) ;
#193 = CARTESIAN_POINT ( 'NONE',  ( 0.6492264430989030900, 0.0000000000000000000, 0.6235904630293402900 ) ) ;
#194 = ADVANCED_FACE ( 'NONE', ( #8393 ), #5160, .T. ) ;
#195 = CYLINDRICAL_SURFACE ( 'NONE', #2520, 0.03906250000000005600 ) ;
#196 = DIRECTION ( 'NONE',  ( 0.9350162426854133900, 0.0000000000000000000, -0.3546048870425394000 ) ) ;
#197 = CYLINDRICAL_SURFACE ( 'NONE', #9873, 0.03906250000000000000 ) ;
#199 = DIRECTION ( 'NONE',  ( 0.3919666098600698100, 0.0000000000000000000, -0.9199794436588264500 ) ) ;
#198 = AXIS2_PLACEMENT_3D ( 'NONE', #2677, #7505, #997 ) ;
#200 = CARTESIAN_POINT ( 'NONE',  ( -0.2850645280200746500, 0.0000000000000000000, 0.8538725050408242400 ) ) ;
#201 = DIRECTION ( 'NONE',  ( -0.4999999999999915600, 0.0000000000000000000, 0.8660254037844434800 ) ) ;
#202 = EDGE_CURVE ( 'NONE', #6849, #963, #8143, .T. ) ;
#203 = ORIENTED_EDGE ( 'NONE', *, *, #2193, .T. ) ;
#204 = DIRECTION ( 'NONE',  ( -0.9605181116313692400, 0.0000000000000000000, 0.2782174639164631800 ) ) ;
#205 = DIRECTION ( 'NONE',  ( 0.0000000000000000000, 5.454968038466978000E-017, -1.000000000000000000 ) ) ;
#206 = CARTESIAN_POINT ( 'NONE',  ( -0.4183437994737904700, 0.0000000000000000000, 0.7970875142930249300 ) ) ;
#208 = FACE_OUTER_BOUND ( 'NONE', #1645, .T. ) ;
#207 = DIRECTION ( 'NONE',  ( 0.9991889981715694800, 0.0000000000000000000, -0.04026594010941866900 ) ) ;
#209 = ORIENTED_EDGE ( 'NONE', *, *, #988, .T. ) ;
#210 = VECTOR ( 'NONE', #7180, 39.37007874015748100 ) ;
#211 = ADVANCED_FACE ( 'NONE', ( #1535 ), #7633, .T. ) ;
#212 = ORIENTED_EDGE ( 'NONE', *, *, #6259, .F. ) ;
#213 = VERTEX_POINT ( 'NONE', #9245 ) ;
#215 = CARTESIAN_POINT ( 'NONE',  ( -0.8887742376332815600, 0.01953124999999987900, -0.1469176766051895600 ) ) ;
#214 = DIRECTION ( 'NONE',  ( -0.0000000000000000000, -0.0000000000000000000, 1.000000000000000000 ) ) ;
#216 = AXIS2_PLACEMENT_3D ( 'NONE', #1617, #5688, #5723 ) ;
#217 = LINE ( 'NONE', #10070, #4231 ) ;
#218 = DIRECTION ( 'NONE',  ( -0.08046656871671943600, -0.0000000000000000000, 0.9967573081342106000 ) ) ;
#219 = ORIENTED_EDGE ( 'NONE', *, *, #2540, .F. ) ;
#220 = FACE_OUTER_BOUND ( 'NONE', #6160, .T. ) ;
#221 = AXIS2_PLACEMENT_3D ( 'NONE', #444, #8537, #6870 ) ;
#222 = EDGE_CURVE ( 'NONE', #4885, #10388, #7636, .T. ) ;
#223 = ORIENTED_EDGE ( 'NONE', *, *, #3010, .T. ) ;
#224 = DIRECTION ( 'NONE',  ( 0.9605181116313731300, 0.0000000000000000000, 0.2782174639164499700 ) ) ;
#225 = ORIENTED_EDGE ( 'NONE', *, *, #2122, .F. ) ;
#226 = VERTEX_POINT ( 'NONE', #5925 ) ;
#227 = CIRCLE ( 'NONE', #4090, 0.03906250000000004200 ) ;
#228 = DIRECTION ( 'NONE',  ( -0.6324453755953809400, 0.0000000000000000000, -0.7746049618276515900 ) ) ;
#229 = CARTESIAN_POINT ( 'NONE',  ( -0.1114136551197485600, -0.01953125000000015600, 0.6855557599151640400 ) ) ;
#230 = EDGE_LOOP ( 'NONE', ( #6566, #8016, #7130, #6536 ) ) ;
#231 = CARTESIAN_POINT ( 'NONE',  ( 0.4172455396264891900, 0.0000000000000000000, 0.5552529713219013200 ) ) ;
#232 = LINE ( 'NONE', #7058, #10486 ) ;
#233 = ORIENTED_EDGE ( 'NONE', *, *, #7722, .F. ) ;
#234 = ORIENTED_EDGE ( 'NONE', *, *, #1280, .T. ) ;
#235 = DIRECTION ( 'NONE',  ( -0.6007422642379689500, 0.0000000000000000000, 0.7994427634035086200 ) ) ;
#236 = DIRECTION ( 'NONE',  ( 0.4647231720437694500, 0.0000000000000000000, 0.8854560256532094700 ) ) ;
#237 = EDGE_LOOP ( 'NONE', ( #10018, #7731, #3268, #4284 ) ) ;
#238 = DIRECTION ( 'NONE',  ( 0.0000000000000000000, 0.0000000000000000000, -1.000000000000000000 ) ) ;
#239 = ADVANCED_FACE ( 'NONE', ( #8768 ), #396, .F. ) ;
#240 = DIRECTION ( 'NONE',  ( 0.2782174639164499100, 0.0000000000000000000, -0.9605181116313730200 ) ) ;
#241 = EDGE_CURVE ( 'NONE', #10449, #857, #7891, .T. ) ;
#242 = VERTEX_POINT ( 'NONE', #8415 ) ;
#243 = FACE_OUTER_BOUND ( 'NONE', #8179, .T. ) ;
#244 = ORIENTED_EDGE ( 'NONE', *, *, #4021, .F. ) ;
#245 = DIRECTION ( 'NONE',  ( -0.0000000000000000000, -1.000000000000000000, -6.123233995736766000E-017 ) ) ;
#246 = DIRECTION ( 'NONE',  ( -0.9605181116313692400, 0.0000000000000000000, 0.2782174639164631800 ) ) ;
#247 = VERTEX_POINT ( 'NONE', #2846 ) ;
#248 = AXIS2_PLACEMENT_3D ( 'NONE', #7261, #3974, #5623 ) ;
#249 = ORIENTED_EDGE ( 'NONE', *, *, #3282, .F. ) ;
#250 = DIRECTION ( 'NONE',  ( -0.5344658261278078000, 0.0000000000000000000, -0.8451900855437904900 ) ) ;
#251 = DIRECTION ( 'NONE',  ( -0.6007422642379689500, 0.0000000000000000000, 0.7994427634035086200 ) ) ;
#252 = ORIENTED_EDGE ( 'NONE', *, *, #7015, .F. ) ;
#253 = ADVANCED_FACE ( 'NONE', ( #2309 ), #4353, .T. ) ;
#254 = FACE_OUTER_BOUND ( 'NONE', #5253, .T. ) ;
#255 = EDGE_CURVE ( 'NONE', #8719, #9945, #3925, .T. ) ;
#256 = DIRECTION ( 'NONE',  ( -0.04026594010940538800, 0.0000000000000000000, 0.9991889981715701400 ) ) ;
#257 = ORIENTED_EDGE ( 'NONE', *, *, #8447, .F. ) ;
#258 = VERTEX_POINT ( 'NONE', #1965 ) ;
#259 = EDGE_LOOP ( 'NONE', ( #3998, #2731, #671, #9115, #9849 ) ) ;
#260 = EDGE_LOOP ( 'NONE', ( #5159, #7355 ) ) ;
#261 = FACE_BOUND ( 'NONE', #1274, .T. ) ;
#262 = ORIENTED_EDGE ( 'NONE', *, *, #2491, .T. ) ;
#263 = CARTESIAN_POINT ( 'NONE',  ( 0.5937934732256258100, 0.0000000000000000000, 0.3624015625806522000 ) ) ;
#264 = ORIENTED_EDGE ( 'NONE', *, *, #331, .F. ) ;
#265 = CARTESIAN_POINT ( 'NONE',  ( -0.4172455396264814800, -0.01953125000000015600, 0.5552529713219071000 ) ) ;
#266 = AXIS2_PLACEMENT_3D ( 'NONE', #2041, #4586, #395 ) ;
#267 = ADVANCED_FACE ( 'NONE', ( #153 ), #7364, .F. ) ;
#268 = CARTESIAN_POINT ( 'NONE',  ( 0.0000000000000000000, 0.01953124999999994100, 4.811986777743988600E-018 ) ) ;
#269 = EDGE_CURVE ( 'NONE', #3541, #6714, #1172, .T. ) ;
#270 = CYLINDRICAL_SURFACE ( 'NONE', #2023, 0.03906250000000002100 ) ;
#271 = VERTEX_POINT ( 'NONE', #3516 ) ;
#272 = LINE ( 'NONE', #7017, #6088 ) ;
#273 = ORIENTED_EDGE ( 'NONE', *, *, #1756, .T. ) ;
#274 = ORIENTED_EDGE ( 'NONE', *, *, #5518, .F. ) ;
#275 = DIRECTION ( 'NONE',  ( -0.8229838658936575700, 0.0000000000000000000, -0.5680647467311542600 ) ) ;
#276 = CARTESIAN_POINT ( 'NONE',  ( -0.05588805530220686300, 0.0000000000000000000, -0.6922977883646154200 ) ) ;
#277 = DIRECTION ( 'NONE',  ( -0.9991889981715700300, 0.0000000000000000000, -0.04026594010940538100 ) ) ;
#278 = CYLINDRICAL_SURFACE ( 'NONE', #776, 0.9687500000000001100 ) ;
#279 = VERTEX_POINT ( 'NONE', #7567 ) ;
#280 = DIRECTION ( 'NONE',  ( 0.9350162426854133900, 0.0000000000000000000, -0.3546048870425394000 ) ) ;
#281 = CIRCLE ( 'NONE', #1076, 0.03906250000000004900 ) ;
#282 = ORIENTED_EDGE ( 'NONE', *, *, #6136, .T. ) ;
#283 = CARTESIAN_POINT ( 'NONE',  ( -0.3221167327836352300, 4.783776559169353300E-018, 0.8415026615329546100 ) ) ;
#284 = EDGE_CURVE ( 'NONE', #2492, #895, #6226, .T. ) ;
#285 = DIRECTION ( 'NONE',  ( -0.5680647467311541500, 0.0000000000000000000, 0.8229838658936574600 ) ) ;
#287 = EDGE_LOOP ( 'NONE', ( #7186, #3656, #3110, #847 ) ) ;
#286 = DIRECTION ( 'NONE',  ( -0.9709418174260502400, 0.0000000000000000000, 0.2393156642875649600 ) ) ;
#288 = ORIENTED_EDGE ( 'NONE', *, *, #9261, .F. ) ;
#289 = EDGE_LOOP ( 'NONE', ( #4538, #5321, #609, #9697, #8460 ) ) ;
#290 = CIRCLE ( 'NONE', #6612, 0.03906250000000006200 ) ;
#291 = DIRECTION ( 'NONE',  ( 0.9350162426854133900, 0.0000000000000000000, -0.3546048870425394000 ) ) ;
#292 = PLANE ( 'NONE',  #1209 ) ;
#293 = DIRECTION ( 'NONE',  ( -0.9991889981715700300, 0.0000000000000000000, -0.04026594010940538100 ) ) ;
#294 = AXIS2_PLACEMENT_3D ( 'NONE', #3977, #6396, #45 ) ;
#295 = EDGE_CURVE ( 'NONE', #7815, #977, #9536, .T. ) ;
#296 = DIRECTION ( 'NONE',  ( -0.4647231720437573500, 0.0000000000000000000, 0.8854560256532157900 ) ) ;
#297 = CIRCLE ( 'NONE', #2086, 0.03906250000000003500 ) ;
#298 = ADVANCED_FACE ( 'NONE', ( #2051 ), #6350, .T. ) ;
#299 = LINE ( 'NONE', #8353, #8038 ) ;
#300 = DIRECTION ( 'NONE',  ( 0.1604112808577605700, 0.0000000000000000000, 0.9870502626379128500 ) ) ;
#301 = CARTESIAN_POINT ( 'NONE',  ( -0.6805135973759587300, 0.0000000000000000000, -0.1389278456121451600 ) ) ;
#302 = AXIS2_PLACEMENT_3D ( 'NONE', #5563, #21, #739 ) ;
#303 = DIRECTION ( 'NONE',  ( -0.8660254037844432600, 0.0000000000000000000, -0.4999999999999919500 ) ) ;
#304 = CIRCLE ( 'NONE', #7077, 0.03906250000000000000 ) ;
#305 = CARTESIAN_POINT ( 'NONE',  ( -0.8755262737747955300, 4.783776559169353300E-018, 0.2129311222819997900 ) ) ;
#306 = DIRECTION ( 'NONE',  ( 0.8451900855437904900, 0.0000000000000000000, -0.5344658261278078000 ) ) ;
#308 = DIRECTION ( 'NONE',  ( -0.1604112808577474700, 0.0000000000000000000, 0.9870502626379149500 ) ) ;
#307 = LINE ( 'NONE', #3173, #8157 ) ;
#309 = DIRECTION ( 'NONE',  ( 0.3546048870425268000, 0.0000000000000000000, -0.9350162426854181600 ) ) ;
#310 = FACE_BOUND ( 'NONE', #1296, .T. ) ;
#311 = AXIS2_PLACEMENT_3D ( 'NONE', #7218, #696, #790 ) ;
#312 = EDGE_CURVE ( 'NONE', #6312, #2250, #3555, .T. ) ;
#313 = DIRECTION ( 'NONE',  ( -0.9967573081342106000, 0.0000000000000000000, -0.08046656871671795100 ) ) ;
#314 = ADVANCED_FACE ( 'NONE', ( #4177 ), #5197, .T. ) ;
#315 = VERTEX_POINT ( 'NONE', #9442 ) ;
#316 = DIRECTION ( 'NONE',  ( -0.3919666098600823000, 0.0000000000000000000, -0.9199794436588212300 ) ) ;
#317 = CARTESIAN_POINT ( 'NONE',  ( 0.5969430169483602700, 0.0000000000000000000, -0.6738093755036285200 ) ) ;
#318 = CYLINDRICAL_SURFACE ( 'NONE', #3073, 0.03906250000000000000 ) ;
#319 = DIRECTION ( 'NONE',  ( -0.1205366802553337900, 0.0000000000000000000, -0.9927088740980526400 ) ) ;
#320 = LINE ( 'NONE', #5552, #4081 ) ;
#321 = FACE_OUTER_BOUND ( 'NONE', #3358, .T. ) ;
#322 = AXIS2_PLACEMENT_3D ( 'NONE', #547, #6968, #5354 ) ;
#323 = ORIENTED_EDGE ( 'NONE', *, *, #1169, .T. ) ;
#324 = EDGE_CURVE ( 'NONE', #2155, #4550, #1422, .T. ) ;
#325 = DIRECTION ( 'NONE',  ( 0.2393156642875516300, 0.0000000000000000000, -0.9709418174260535700 ) ) ;
#326 = CARTESIAN_POINT ( 'NONE',  ( 0.0000000000000000000, 0.0000000000000000000, 0.6945500000000002200 ) ) ;
#327 = AXIS2_PLACEMENT_3D ( 'NONE', #4331, #5184, #371 ) ;
#328 = FACE_OUTER_BOUND ( 'NONE', #5698, .T. ) ;
#329 = DIRECTION ( 'NONE',  ( -0.0000000000000000000, -0.0000000000000000000, 1.000000000000000000 ) ) ;
#330 = FACE_OUTER_BOUND ( 'NONE', #3890, .T. ) ;
#331 = EDGE_CURVE ( 'NONE', #389, #4763, #10297, .T. ) ;
#332 = CARTESIAN_POINT ( 'NONE',  ( 0.8994699361540469100, 0.0000000000000000000, -0.03624739928649869200 ) ) ;
#333 = EDGE_LOOP ( 'NONE', ( #9606, #3137, #3134, #2012 ) ) ;
#334 = DIRECTION ( 'NONE',  ( -0.5344658261278078000, 0.0000000000000000000, -0.8451900855437904900 ) ) ;
#335 = DIRECTION ( 'NONE',  ( -0.1604112808577605700, 0.0000000000000000000, -0.9870502626379128500 ) ) ;
#336 = VECTOR ( 'NONE', #1466, 39.37007874015748100 ) ;
#338 = DIRECTION ( 'NONE',  ( -0.8660254037844432600, 0.0000000000000000000, -0.4999999999999919500 ) ) ;
#337 = AXIS2_PLACEMENT_3D ( 'NONE', #6674, #214, #5825 ) ;
#339 = CARTESIAN_POINT ( 'NONE',  ( 0.5279707048616162400, 0.0000000000000000000, 0.4529597291307236900 ) ) ;
#340 = ORIENTED_EDGE ( 'NONE', *, *, #4803, .T. ) ;
#341 = CARTESIAN_POINT ( 'NONE',  ( -0.7795960684867560000, 0.0000000000000000000, -0.4500999999999928400 ) ) ;
#342 = CIRCLE ( 'NONE', #8446, 0.03906250000000002800 ) ;
#343 = EDGE_CURVE ( 'NONE', #8394, #2505, #9777, .T. ) ;
#344 = ORIENTED_EDGE ( 'NONE', *, *, #8417, .F. ) ;
#345 = DIRECTION ( 'NONE',  ( 0.9485364419471495900, 0.0000000000000000000, 0.3166679938014603800 ) ) ;
#346 = CARTESIAN_POINT ( 'NONE',  ( -0.3712132395370690300, 0.01953124999999988900, -0.5870267739144399100 ) ) ;
#347 = VERTEX_POINT ( 'NONE', #545 ) ;
#348 = ORIENTED_EDGE ( 'NONE', *, *, #2088, .T. ) ;
#349 = CARTESIAN_POINT ( 'NONE',  ( 1.186376586673998700E-016, -0.01953125000000016300, 0.9687500000000001100 ) ) ;
#350 = CARTESIAN_POINT ( 'NONE',  ( -0.4858933002077840400, -0.01953125000000015600, -0.4974452859288909800 ) ) ;
#351 = LINE ( 'NONE', #2163, #10092 ) ;
#352 = DIRECTION ( 'NONE',  ( -0.9034504346103774400, 0.0000000000000000000, 0.4286925614030641700 ) ) ;
#353 = VERTEX_POINT ( 'NONE', #10302 ) ;
#354 = LINE ( 'NONE', #1426, #96 ) ;
#355 = VERTEX_POINT ( 'NONE', #10263 ) ;
#356 = ADVANCED_FACE ( 'NONE', ( #412 ), #7113, .T. ) ;
#357 = ORIENTED_EDGE ( 'NONE', *, *, #5115, .F. ) ;
#358 = CARTESIAN_POINT ( 'NONE',  ( 0.1878536045033472900, -0.01953125000000015600, 0.6695185844730436900 ) ) ;
#359 = AXIS2_PLACEMENT_3D ( 'NONE', #5917, #6853, #9175 ) ;
#360 = ORIENTED_EDGE ( 'NONE', *, *, #2457, .F. ) ;
#361 = DIRECTION ( 'NONE',  ( -0.0000000000000000000, -1.000000000000000000, -6.123233995736766000E-017 ) ) ;
#362 = VECTOR ( 'NONE', #10491, 39.37007874015748900 ) ;
#363 = EDGE_LOOP ( 'NONE', ( #4907, #9201 ) ) ;
#364 = EDGE_CURVE ( 'NONE', #3520, #6854, #6468, .T. ) ;
#365 = VECTOR ( 'NONE', #2945, 39.37007874015748900 ) ;
#366 = ORIENTED_EDGE ( 'NONE', *, *, #7835, .T. ) ;
#367 = PLANE ( 'NONE',  #2551 ) ;
#368 = CARTESIAN_POINT ( 'NONE',  ( -0.2533593757348709400, 0.0000000000000000000, -0.8646935559106976300 ) ) ;
#369 = EDGE_LOOP ( 'NONE', ( #2658, #5393 ) ) ;
#370 = EDGE_LOOP ( 'NONE', ( #2919, #6915, #746, #4797 ) ) ;
#371 = DIRECTION ( 'NONE',  ( -0.5000000000000051100, 0.0000000000000000000, -0.8660254037844358200 ) ) ;
#372 = CARTESIAN_POINT ( 'NONE',  ( -0.8887742376332815600, -0.01953125000000016700, -0.1469176766051897600 ) ) ;
#373 = ADVANCED_FACE ( 'NONE', ( #4298 ), #7357, .F. ) ;
#374 = AXIS2_PLACEMENT_3D ( 'NONE', #2716, #1107, #5840 ) ;
#375 = DIRECTION ( 'NONE',  ( -0.1205366802553199100, 0.0000000000000000000, 0.9927088740980543100 ) ) ;
#376 = EDGE_LOOP ( 'NONE', ( #8231, #4493 ) ) ;
#377 = VECTOR ( 'NONE', #6826, 39.37007874015748900 ) ;
#378 = ORIENTED_EDGE ( 'NONE', *, *, #8281, .T. ) ;
#379 = DIRECTION ( 'NONE',  ( -0.6631226582408013000, 0.0000000000000000000, -0.7485107481710957500 ) ) ;
#380 = ORIENTED_EDGE ( 'NONE', *, *, #7465, .F. ) ;
#381 = DIRECTION ( 'NONE',  ( 0.6927243535095986000, 0.0000000000000000000, -0.7212024473438151100 ) ) ;
#382 = CARTESIAN_POINT ( 'NONE',  ( 0.9010428244395711800, 4.783776559169353300E-018, 0.002783420954578273600 ) ) ;
#383 = ORIENTED_EDGE ( 'NONE', *, *, #5901, .F. ) ;
#384 = AXIS2_PLACEMENT_3D ( 'NONE', #5741, #4230, #1702 ) ;
#385 = EDGE_CURVE ( 'NONE', #9352, #7330, #5456, .T. ) ;
#386 = DATE_AND_TIME ( #6058, #8616 ) ;
#387 = CARTESIAN_POINT ( 'NONE',  ( -0.2199417550948043800, -0.01953125000000015600, 0.6588059857543928600 ) ) ;
#388 = CARTESIAN_POINT ( 'NONE',  ( 0.6847774844323304400, 4.783776559169354100E-018, 0.1224964416657877600 ) ) ;
#389 = VERTEX_POINT ( 'NONE', #9478 ) ;
#390 = CARTESIAN_POINT ( 'NONE',  ( -0.1825858563241818900, -0.01953125000000015600, -0.8821376617342969700 ) ) ;
#391 = CIRCLE ( 'NONE', #2060, 0.03906250000000008300 ) ;
#392 = VERTEX_POINT ( 'NONE', #4612 ) ;
#393 = ORIENTED_EDGE ( 'NONE', *, *, #6509, .T. ) ;
#394 = DIRECTION ( 'NONE',  ( -0.7485107481710956400, 0.0000000000000000000, 0.6631226582408011900 ) ) ;
#395 = DIRECTION ( 'NONE',  ( 0.5680647467311540400, 0.0000000000000000000, -0.8229838658936575700 ) ) ;
#396 = PLANE ( 'NONE',  #3649 ) ;
#397 = FACE_OUTER_BOUND ( 'NONE', #5099, .T. ) ;
#398 = EDGE_CURVE ( 'NONE', #2885, #1379, #1161, .T. ) ;
#400 = DIRECTION ( 'NONE',  ( 0.1205366802553187500, 0.0000000000000000000, -0.9927088740980544200 ) ) ;
#399 = PERSON_AND_ORGANIZATION_ROLE ( 'creator' ) ;
#401 = EDGE_LOOP ( 'NONE', ( #4273, #8994, #5108, #1875 ) ) ;
#402 = FACE_BOUND ( 'NONE', #1909, .T. ) ;
#403 = ORIENTED_EDGE ( 'NONE', *, *, #4215, .F. ) ;
#404 = CARTESIAN_POINT ( 'NONE',  ( 0.8752408523036182600, 0.01953124999999987900, -0.2132085824691957200 ) ) ;
#405 = DIRECTION ( 'NONE',  ( 0.9485364419471493700, 0.0000000000000000000, 0.3166679938014612100 ) ) ;
#406 = ORIENTED_EDGE ( 'NONE', *, *, #9063, .T. ) ;
#407 = EDGE_CURVE ( 'NONE', #2317, #4988, #905, .T. ) ;
#408 = DIRECTION ( 'NONE',  ( 0.5344658261277963600, 0.0000000000000000000, -0.8451900855437977100 ) ) ;
#409 = LINE ( 'NONE', #10310, #4039 ) ;
#410 = ORIENTED_EDGE ( 'NONE', *, *, #8698, .F. ) ;
#411 = CARTESIAN_POINT ( 'NONE',  ( -0.8740702553221265700, -0.01953125000000016700, 0.2179578811165134300 ) ) ;
#412 = FACE_OUTER_BOUND ( 'NONE', #8344, .T. ) ;
#413 = CARTESIAN_POINT ( 'NONE',  ( -0.2520299056862707100, 0.01953124999999988900, 0.6480933870357398200 ) ) ;
#414 = AXIS2_PLACEMENT_3D ( 'NONE', #8426, #9342, #2089 ) ;
#415 = ORIENTED_EDGE ( 'NONE', *, *, #2995, .F. ) ;
#416 = DIRECTION ( 'NONE',  ( 0.6631226582408013000, 0.0000000000000000000, 0.7485107481710957500 ) ) ;
#417 = EDGE_CURVE ( 'NONE', #10385, #755, #8130, .T. ) ;
#418 = ORIENTED_EDGE ( 'NONE', *, *, #4089, .F. ) ;
#419 = ADVANCED_FACE ( 'NONE', ( #9128 ), #4547, .T. ) ;
#420 = CARTESIAN_POINT ( 'NONE',  ( -0.6972993866372594300, 0.01953124999999987900, -0.5693273271109529100 ) ) ;
#421 = ORIENTED_EDGE ( 'NONE', *, *, #9268, .F. ) ;
#422 = CARTESIAN_POINT ( 'NONE',  ( 0.8820075449684489100, 0.0000000000000000000, -0.1800631295371986900 ) ) ;
#423 = VECTOR ( 'NONE', #3523, 39.37007874015748100 ) ;
#424 = ORIENTED_EDGE ( 'NONE', *, *, #4851, .T. ) ;
#425 = LINE ( 'NONE', #3112, #6597 ) ;
#426 = DIRECTION ( 'NONE',  ( -0.2393156642875516300, -0.0000000000000000000, 0.9709418174260535700 ) ) ;
#427 = CARTESIAN_POINT ( 'NONE',  ( 0.2529763774286202200, -0.01953125000000016700, 0.8645851037594740600 ) ) ;
#428 = CARTESIAN_POINT ( 'NONE',  ( -0.1828895503312437400, 0.0000000000000000000, 0.6711758292622624900 ) ) ;
#429 = CARTESIAN_POINT ( 'NONE',  ( -0.7186944554564618200, -0.01953125000000016700, -0.5431231249687564800 ) ) ;
#430 = CARTESIAN_POINT ( 'NONE',  ( -0.6274914993586380200, 0.0000000000000000000, 0.2977484185224983900 ) ) ;
#431 = ADVANCED_FACE ( 'NONE', ( #5185 ), #2881, .T. ) ;
#432 = ORIENTED_EDGE ( 'NONE', *, *, #5784, .T. ) ;
#433 = VERTEX_POINT ( 'NONE', #9411 ) ;
#434 = CARTESIAN_POINT ( 'NONE',  ( -0.3033625014239461100, 0.01953124999999997200, -0.6257118381567466900 ) ) ;
#435 = CIRCLE ( 'NONE', #120, 0.03906250000000002800 ) ;
#436 = AXIS2_PLACEMENT_3D ( 'NONE', #3965, #5536, #6275 ) ;
#437 = EDGE_CURVE ( 'NONE', #1284, #10127, #9002, .T. ) ;
#439 = CARTESIAN_POINT ( 'NONE',  ( 0.1662166946309190400, 0.0000000000000000000, -0.6743676392932657100 ) ) ;
#438 = APPLICATION_CONTEXT ( 'configuration controlled 3d designs of mechanical parts and assemblies' ) ;
#440 = DIRECTION ( 'NONE',  ( 0.9991889981715694800, 0.0000000000000000000, -0.04026594010941866900 ) ) ;
#441 = DIRECTION ( 'NONE',  ( -0.9709418174260503500, 0.0000000000000000000, 0.2393156642875647600 ) ) ;
#442 = CARTESIAN_POINT ( 'NONE',  ( 0.03871658522707123500, 0.01953124999999987900, -0.9000030417771056600 ) ) ;
#443 = CARTESIAN_POINT ( 'NONE',  ( -0.3227734791429917600, 0.0000000000000000000, 0.6149934826174412400 ) ) ;
#444 = CARTESIAN_POINT ( 'NONE',  ( 0.0000000000000000000, 0.0000000000000000000, 0.9002000000000001100 ) ) ;
#445 = LINE ( 'NONE', #3752, #4961 ) ;
#446 = CIRCLE ( 'NONE', #5394, 0.03906250000000004200 ) ;
#447 = DIRECTION ( 'NONE',  ( 0.9605181116313692400, -0.0000000000000000000, -0.2782174639164631800 ) ) ;
#448 = DIRECTION ( 'NONE',  ( 0.8660254037844362700, 0.0000000000000000000, -0.5000000000000040000 ) ) ;
#449 = AXIS2_PLACEMENT_3D ( 'NONE', #8039, #9558, #1408 ) ;
#450 = EDGE_CURVE ( 'NONE', #3602, #10449, #6987, .T. ) ;
#451 = DIRECTION ( 'NONE',  ( -0.9350162426854181600, 0.0000000000000000000, -0.3546048870425268000 ) ) ;
#452 = LINE ( 'NONE', #10492, #2829 ) ;
#453 = DIRECTION ( 'NONE',  ( 0.6007422642379689500, -0.0000000000000000000, -0.7994427634035086200 ) ) ;
#454 = LINE ( 'NONE', #9018, #1814 ) ;
#455 = VECTOR ( 'NONE', #3024, 39.37007874015747400 ) ;
#456 = CARTESIAN_POINT ( 'NONE',  ( 0.8994699361540469100, 0.0000000000000000000, -0.03624739928649869200 ) ) ;
#457 = AXIS2_PLACEMENT_3D ( 'NONE', #5980, #1069, #8362 ) ;
#458 = ORIENTED_EDGE ( 'NONE', *, *, #7705, .T. ) ;
#459 = CARTESIAN_POINT ( 'NONE',  ( 0.3221167327836466600, 0.0000000000000000000, 0.8415026615329505000 ) ) ;
#460 = CARTESIAN_POINT ( 'NONE',  ( -0.6805135973759587300, 0.0000000000000000000, -0.1389278456121451600 ) ) ;
#462 = CARTESIAN_POINT ( 'NONE',  ( -0.2411183163326949300, -0.01953125000000007300, -0.6522316070297229400 ) ) ;
#461 = CIRCLE ( 'NONE', #2857, 0.03906249999999994400 ) ;
#463 = EDGE_CURVE ( 'NONE', #767, #3123, #4571, .T. ) ;
#464 = AXIS2_PLACEMENT_3D ( 'NONE', #1011, #5984, #7440 ) ;
#465 = EDGE_CURVE ( 'NONE', #10127, #10475, #7245, .T. ) ;
#466 = CIRCLE ( 'NONE', #6601, 0.03906250000000005600 ) ;
#467 = ORIENTED_EDGE ( 'NONE', *, *, #2277, .T. ) ;
#468 = ADVANCED_FACE ( 'NONE', ( #4935 ), #2256, .F. ) ;
#469 = DIRECTION ( 'NONE',  ( -0.2000256937760469500, 0.0000000000000000000, -0.9797906520422671200 ) ) ;
#470 = DIRECTION ( 'NONE',  ( -0.8854560256532094700, 0.0000000000000000000, 0.4647231720437694500 ) ) ;
#471 = VECTOR ( 'NONE', #9468, 39.37007874015748100 ) ;
#472 = CARTESIAN_POINT ( 'NONE',  ( -0.1114136551197485600, 0.0000000000000000000, 0.6855557599151640400 ) ) ;
#473 = ORIENTED_EDGE ( 'NONE', *, *, #5410, .F. ) ;
#474 = CARTESIAN_POINT ( 'NONE',  ( -0.2199417550948043800, 0.0000000000000000000, 0.6588059857543928600 ) ) ;
#475 = LINE ( 'NONE', #4336, #5513 ) ;
#476 = AXIS2_PLACEMENT_3D ( 'NONE', #4271, #91, #6653 ) ;
#477 = ORIENTED_EDGE ( 'NONE', *, *, #2326, .T. ) ;
#478 = EDGE_CURVE ( 'NONE', #9366, #866, #3796, .T. ) ;
#479 = DIRECTION ( 'NONE',  ( 0.5680647467311540400, 0.0000000000000000000, -0.8229838658936575700 ) ) ;
#480 = CARTESIAN_POINT ( 'NONE',  ( 0.1662166946309190400, 0.0000000000000000000, -0.6743676392932657100 ) ) ;
#481 = EDGE_LOOP ( 'NONE', ( #8141, #2127, #8951, #8825, #8102 ) ) ;
#482 = VERTEX_POINT ( 'NONE', #4652 ) ;
#483 = CIRCLE ( 'NONE', #9084, 0.03906250000000004200 ) ;
#484 = DIRECTION ( 'NONE',  ( -0.8229838658936574600, -0.0000000000000000000, -0.5680647467311541500 ) ) ;
#485 = CARTESIAN_POINT ( 'NONE',  ( 0.8417016216654091800, -0.01953125000000016700, -0.3192153193156940200 ) ) ;
#486 = ORIENTED_EDGE ( 'NONE', *, *, #958, .F. ) ;
#487 = FACE_OUTER_BOUND ( 'NONE', #9831, .T. ) ;
#488 = EDGE_LOOP ( 'NONE', ( #6800, #8077, #3536, #4611, #9392 ) ) ;
#489 = DIRECTION ( 'NONE',  ( 0.4286925614030627200, 0.0000000000000000000, 0.9034504346103781100 ) ) ;
#490 = CARTESIAN_POINT ( 'NONE',  ( 0.8417016216654091800, 0.0000000000000000000, -0.3192153193156940200 ) ) ;
#491 = ORIENTED_EDGE ( 'NONE', *, *, #4942, .T. ) ;
#492 = EDGE_LOOP ( 'NONE', ( #4011, #1143, #2158, #4248 ) ) ;
#493 = CC_DESIGN_APPROVAL ( #6291, ( #10447 ) ) ;
#494 = DIRECTION ( 'NONE',  ( 0.6927243535095986000, 0.0000000000000000000, -0.7212024473438151100 ) ) ;
#495 = VECTOR ( 'NONE', #2283, 39.37007874015748900 ) ;
#496 = EDGE_LOOP ( 'NONE', ( #9804, #9658 ) ) ;
#497 = FACE_OUTER_BOUND ( 'NONE', #9661, .T. ) ;
#498 = ORIENTED_EDGE ( 'NONE', *, *, #5649, .F. ) ;
#499 = EDGE_CURVE ( 'NONE', #7412, #1134, #6581, .T. ) ;
#500 = CARTESIAN_POINT ( 'NONE',  ( 0.5009111598026474400, 0.0000000000000000000, 0.4811316997300915700 ) ) ;
#501 = ORIENTED_EDGE ( 'NONE', *, *, #8573, .T. ) ;
#502 = VERTEX_POINT ( 'NONE', #9621 ) ;
#503 = CARTESIAN_POINT ( 'NONE',  ( -0.5009111598026411100, 0.0000000000000000000, 0.4811316997300981700 ) ) ;
#504 = DIRECTION ( 'NONE',  ( -0.7485107481711046300, 0.0000000000000000000, -0.6631226582407912000 ) ) ;
#505 = VERTEX_POINT ( 'NONE', #7931 ) ;
#506 = DIRECTION ( 'NONE',  ( -0.9350162426854181600, 0.0000000000000000000, -0.3546048870425268000 ) ) ;
#507 = VECTOR ( 'NONE', #9796, 39.37007874015748100 ) ;
#508 = VERTEX_POINT ( 'NONE', #7211 ) ;
#509 = EDGE_LOOP ( 'NONE', ( #5801, #2111, #5879, #6280, #3774 ) ) ;
#510 = VERTEX_POINT ( 'NONE', #10462 ) ;
#511 = CARTESIAN_POINT ( 'NONE',  ( -0.8646584040905587200, 0.0000000000000000000, 0.2504513610176001800 ) ) ;
#512 = AXIS2_PLACEMENT_3D ( 'NONE', #2623, #3440, #9110 ) ;
#513 = EDGE_CURVE ( 'NONE', #9712, #2553, #9526, .T. ) ;
#514 = PLANE ( 'NONE',  #8055 ) ;
#515 = CARTESIAN_POINT ( 'NONE',  ( -0.8277883721967491700, -0.01953125000000016700, 0.3553461130159495400 ) ) ;
#516 = ORIENTED_EDGE ( 'NONE', *, *, #10481, .T. ) ;
#517 = CIRCLE ( 'NONE', #6248, 0.03906250000000003500 ) ;
#518 = ORIENTED_EDGE ( 'NONE', *, *, #2417, .T. ) ;
#519 = DIRECTION ( 'NONE',  ( -0.7485107481711047500, 0.0000000000000000000, -0.6631226582407909700 ) ) ;
#520 = ORIENTED_EDGE ( 'NONE', *, *, #9798, .F. ) ;
#521 = CARTESIAN_POINT ( 'NONE',  ( -0.7408500760774637800, 0.0000000000000000000, 0.5113718850073948300 ) ) ;
#522 = AXIS2_PLACEMENT_3D ( 'NONE', #9431, #2284, #7132 ) ;
#523 = ORIENTED_EDGE ( 'NONE', *, *, #8654, .F. ) ;
#524 = CARTESIAN_POINT ( 'NONE',  ( -0.8820075449684513500, 0.0000000000000000000, -0.1800631295371867300 ) ) ;
#525 = ADVANCED_FACE ( 'NONE', ( #2927 ), #4813, .F. ) ;
#526 = DIRECTION ( 'NONE',  ( 0.8660254037844362700, 0.0000000000000000000, -0.5000000000000041100 ) ) ;
#527 = VERTEX_POINT ( 'NONE', #10401 ) ;
#528 = FACE_BOUND ( 'NONE', #9316, .T. ) ;
#529 = ORIENTED_EDGE ( 'NONE', *, *, #4200, .F. ) ;
#530 = CARTESIAN_POINT ( 'NONE',  ( -0.2154319609916658400, 0.0000000000000000000, -0.8740418240469306500 ) ) ;
#531 = AXIS2_PLACEMENT_3D ( 'NONE', #1257, #6949, #4457 ) ;
#532 = EDGE_CURVE ( 'NONE', #2095, #697, #9398, .T. ) ;
#533 = EDGE_LOOP ( 'NONE', ( #1848, #859 ) ) ;
#534 = DIRECTION ( 'NONE',  ( 0.7212024473438157800, 0.0000000000000000000, 0.6927243535095981600 ) ) ;
#535 = DIRECTION ( 'NONE',  ( 0.9034504346103833200, 0.0000000000000000000, 0.4286925614030520100 ) ) ;
#536 = DIRECTION ( 'NONE',  ( -0.9350162426854181600, 0.0000000000000000000, -0.3546048870425268000 ) ) ;
#537 = LINE ( 'NONE', #10198, #10149 ) ;
#538 = EDGE_LOOP ( 'NONE', ( #4488, #5714, #99, #3855 ) ) ;
#539 = FACE_OUTER_BOUND ( 'NONE', #260, .T. ) ;
#540 = VERTEX_POINT ( 'NONE', #2295 ) ;
#541 = CARTESIAN_POINT ( 'NONE',  ( 0.3527276749300971600, -0.01953125000000015600, 0.5992723079019216500 ) ) ;
#542 = ORIENTED_EDGE ( 'NONE', *, *, #5041, .F. ) ;
#543 = AXIS2_PLACEMENT_3D ( 'NONE', #7611, #1897, #400 ) ;
#544 = DIRECTION ( 'NONE',  ( -0.9350162426854181600, 0.0000000000000000000, -0.3546048870425268000 ) ) ;
#545 = CARTESIAN_POINT ( 'NONE',  ( 0.6872802900407873900, 0.01953124999999988900, -0.1057823926801572800 ) ) ;
#546 = EDGE_CURVE ( 'NONE', #8761, #1370, #27, .T. ) ;
#547 = CARTESIAN_POINT ( 'NONE',  ( -0.5716034440564348200, 0.0000000000000000000, 0.3945493698421307900 ) ) ;
#548 = AXIS2_PLACEMENT_3D ( 'NONE', #2144, #569, #6269 ) ;
#549 = DIRECTION ( 'NONE',  ( -0.4286925614030519500, 0.0000000000000000000, 0.9034504346103832100 ) ) ;
#550 = CYLINDRICAL_SURFACE ( 'NONE', #3790, 0.03906250000000002100 ) ;
#551 = ORIENTED_EDGE ( 'NONE', *, *, #4833, .T. ) ;
#552 = EDGE_CURVE ( 'NONE', #4116, #8621, #1409, .T. ) ;
#553 = VECTOR ( 'NONE', #7232, 39.37007874015748100 ) ;
#554 = EDGE_LOOP ( 'NONE', ( #3667, #9524, #7085, #3744 ) ) ;
#555 = CARTESIAN_POINT ( 'NONE',  ( -0.2154319609916658400, 0.0000000000000000000, -0.8740418240469306500 ) ) ;
#556 = DIRECTION ( 'NONE',  ( -0.3166679938014603800, 0.0000000000000000000, 0.9485364419471495900 ) ) ;
#557 = ORIENTED_EDGE ( 'NONE', *, *, #9541, .F. ) ;
#558 = EDGE_CURVE ( 'NONE', #8345, #4136, #5707, .T. ) ;
#559 = ORIENTED_EDGE ( 'NONE', *, *, #184, .F. ) ;
#560 = VERTEX_POINT ( 'NONE', #1437 ) ;
#561 = LINE ( 'NONE', #4379, #10164 ) ;
#562 = CARTESIAN_POINT ( 'NONE',  ( 0.8646584040905621600, 0.0000000000000000000, 0.2504513610175883000 ) ) ;
#563 = DIRECTION ( 'NONE',  ( 0.8229838658936501300, 0.0000000000000000000, -0.5680647467311650300 ) ) ;
#564 = CARTESIAN_POINT ( 'NONE',  ( -0.07243600515880298200, 0.0000000000000000000, -0.8972809287824155000 ) ) ;
#566 = DIRECTION ( 'NONE',  ( 0.9709418174260535700, 0.0000000000000000000, 0.2393156642875516300 ) ) ;
#565 = VECTOR ( 'NONE', #8452, 39.37007874015748100 ) ;
#567 = VECTOR ( 'NONE', #8900, 39.37007874015748100 ) ;
#568 = AXIS2_PLACEMENT_3D ( 'NONE', #7259, #4012, #3276 ) ;
#569 = DIRECTION ( 'NONE',  ( -0.8660254037844432600, 0.0000000000000000000, -0.4999999999999919500 ) ) ;
#570 = CARTESIAN_POINT ( 'NONE',  ( 0.6805135973759567400, 0.0000000000000000000, -0.1389278456121543800 ) ) ;
#571 = ADVANCED_FACE ( 'NONE', ( #2411 ), #674, .F. ) ;
#572 = CARTESIAN_POINT ( 'NONE',  ( -0.7795960684867560000, 0.0000000000000000000, -0.4500999999999928400 ) ) ;
#573 = AXIS2_PLACEMENT_3D ( 'NONE', #4742, #7268, #1494 ) ;
#574 = EDGE_CURVE ( 'NONE', #3041, #606, #6339, .T. ) ;
#575 = CIRCLE ( 'NONE', #8645, 0.03906250000000002800 ) ;
#576 = PLANE ( 'NONE',  #6133 ) ;
#577 = LINE ( 'NONE', #5861, #2955 ) ;
#578 = LINE ( 'NONE', #2918, #9931 ) ;
#579 = CARTESIAN_POINT ( 'NONE',  ( 0.3528483421960348900, 0.0000000000000000000, -0.8281654951816757000 ) ) ;
#580 = VERTEX_POINT ( 'NONE', #8933 ) ;
#581 = DIRECTION ( 'NONE',  ( 0.8854560256532093600, 0.0000000000000000000, -0.4647231720437694500 ) ) ;
#582 = LINE ( 'NONE', #387, #1445 ) ;
#583 = FACE_OUTER_BOUND ( 'NONE', #5198, .T. ) ;
#584 = CARTESIAN_POINT ( 'NONE',  ( -0.5141413743968069600, 0.0000000000000000000, -0.7399625436734028600 ) ) ;
#585 = LINE ( 'NONE', #5686, #6898 ) ;
#586 = AXIS2_PLACEMENT_3D ( 'NONE', #5916, #308, #1924 ) ;
#587 = EDGE_CURVE ( 'NONE', #2143, #727, #6855, .T. ) ;
#588 = VERTEX_POINT ( 'NONE', #93 ) ;
#589 = DIRECTION ( 'NONE',  ( 1.000000000000000000, 0.0000000000000000000, 0.0000000000000000000 ) ) ;
#590 = DIRECTION ( 'NONE',  ( 0.9485364419471493700, 0.0000000000000000000, 0.3166679938014612100 ) ) ;
#591 = CIRCLE ( 'NONE', #8840, 0.03906250000000003500 ) ;
#592 = CARTESIAN_POINT ( 'NONE',  ( 0.3573616051450787000, 0.0000000000000000000, 0.5968402337094770300 ) ) ;
#593 = FACE_OUTER_BOUND ( 'NONE', #3008, .T. ) ;
#594 = DIRECTION ( 'NONE',  ( -0.5344658261278078000, 0.0000000000000000000, -0.8451900855437904900 ) ) ;
#595 = CARTESIAN_POINT ( 'NONE',  ( -0.5009111598026411100, 0.0000000000000000000, 0.4811316997300981700 ) ) ;
#596 = CARTESIAN_POINT ( 'NONE',  ( 0.03871658522707140800, -0.01953125000000016700, -0.9000030417771056600 ) ) ;
#597 = VERTEX_POINT ( 'NONE', #4921 ) ;
#598 = DIRECTION ( 'NONE',  ( 0.1604112808577605700, 0.0000000000000000000, 0.9870502626379128500 ) ) ;
#599 = CARTESIAN_POINT ( 'NONE',  ( -0.6894859485048029400, -0.01953125000000015600, 0.08371875127134212300 ) ) ;
#600 = EDGE_CURVE ( 'NONE', #8384, #392, #4699, .T. ) ;
#601 = AXIS2_PLACEMENT_3D ( 'NONE', #6619, #6729, #2576 ) ;
#602 = VECTOR ( 'NONE', #1225, 39.37007874015747400 ) ;
#603 = CARTESIAN_POINT ( 'NONE',  ( 0.8741940413053219700, 0.0000000000000000000, -0.2183362018825997500 ) ) ;
#604 = ORIENTED_EDGE ( 'NONE', *, *, #5616, .F. ) ;
#605 = VECTOR ( 'NONE', #7919, 39.37007874015748900 ) ;
#606 = VERTEX_POINT ( 'NONE', #7343 ) ;
#607 = ORIENTED_EDGE ( 'NONE', *, *, #10424, .F. ) ;
#608 = ORIENTED_EDGE ( 'NONE', *, *, #5489, .T. ) ;
#609 = ORIENTED_EDGE ( 'NONE', *, *, #2449, .T. ) ;
#610 = CARTESIAN_POINT ( 'NONE',  ( -0.7408500760774637800, 0.0000000000000000000, 0.5113718850073948300 ) ) ;
#611 = ADVANCED_FACE ( 'NONE', ( #2536 ), #278, .T. ) ;
#612 = CIRCLE ( 'NONE', #2703, 0.03906250000000002100 ) ;
#613 = AXIS2_PLACEMENT_3D ( 'NONE', #1491, #4637, #3151 ) ;
#614 = VERTEX_POINT ( 'NONE', #7306 ) ;
#615 = LINE ( 'NONE', #8159, #7054 ) ;
#616 = EDGE_CURVE ( 'NONE', #7048, #10341, #8759, .T. ) ;
#617 = ORIENTED_EDGE ( 'NONE', *, *, #9188, .T. ) ;
#618 = DIRECTION ( 'NONE',  ( -0.2782174639164631800, 0.0000000000000000000, -0.9605181116313692400 ) ) ;
#619 = CARTESIAN_POINT ( 'NONE',  ( -0.6632672847572560500, 0.0000000000000000000, -0.2097667523154879100 ) ) ;
#620 = ORIENTED_EDGE ( 'NONE', *, *, #8374, .T. ) ;
#621 = EDGE_LOOP ( 'NONE', ( #6732, #9534 ) ) ;
#622 = CARTESIAN_POINT ( 'NONE',  ( -0.2850645280200746500, 0.0000000000000000000, 0.8538725050408242400 ) ) ;
#623 = CARTESIAN_POINT ( 'NONE',  ( 0.8898210486315757400, 4.783776559169353300E-018, -0.1417900571917975700 ) ) ;
#624 = DIRECTION ( 'NONE',  ( 0.08046656871671943600, 0.0000000000000000000, -0.9967573081342104800 ) ) ;
#625 = VECTOR ( 'NONE', #4056, 39.37007874015748100 ) ;
#626 = ORIENTED_EDGE ( 'NONE', *, *, #6490, .T. ) ;
#627 = ADVANCED_FACE ( 'NONE', ( #4429 ), #3175, .T. ) ;
#628 = VECTOR ( 'NONE', #7523, 39.37007874015748900 ) ;
#629 = EDGE_LOOP ( 'NONE', ( #2862, #6995, #1500, #5918, #3884 ) ) ;
#630 = DIRECTION ( 'NONE',  ( -0.6324453755953809400, 0.0000000000000000000, -0.7746049618276514800 ) ) ;
#631 = ORIENTED_EDGE ( 'NONE', *, *, #7705, .F. ) ;
#632 = ORIENTED_EDGE ( 'NONE', *, *, #777, .T. ) ;
#633 = CARTESIAN_POINT ( 'NONE',  ( 0.6274914993586419000, 0.0000000000000000000, 0.2977484185224898400 ) ) ;
#634 = CARTESIAN_POINT ( 'NONE',  ( 0.08960747523391712800, 0.01953124999999988900, -0.6895756753699267000 ) ) ;
#635 = DIRECTION ( 'NONE',  ( -0.6007422642379800500, 0.0000000000000000000, -0.7994427634035002900 ) ) ;
#636 = ORIENTED_EDGE ( 'NONE', *, *, #7045, .T. ) ;
#637 = DIRECTION ( 'NONE',  ( 0.6927243535095986000, 0.0000000000000000000, -0.7212024473438151100 ) ) ;
#638 = AXIS2_PLACEMENT_3D ( 'NONE', #7675, #5171, #9220 ) ;
#639 = EDGE_CURVE ( 'NONE', #6411, #6288, #1033, .T. ) ;
#640 = DIRECTION ( 'NONE',  ( 0.9605181116313731300, 0.0000000000000000000, 0.2782174639164499700 ) ) ;
#641 = CIRCLE ( 'NONE', #7691, 0.03906249999999995100 ) ;
#642 = ORIENTED_EDGE ( 'NONE', *, *, #6277, .T. ) ;
#643 = VERTEX_POINT ( 'NONE', #3191 ) ;
#644 = VERTEX_POINT ( 'NONE', #1642 ) ;
#645 = MANIFOLD_SOLID_BREP ( 'CirPattern1[29]', #5131 ) ;
#646 = CARTESIAN_POINT ( 'NONE',  ( -0.6671278544335677000, 0.0000000000000000000, 0.1932359395631795800 ) ) ;
#647 = DIRECTION ( 'NONE',  ( 0.9927088740980544200, 0.0000000000000000000, 0.1205366802553199300 ) ) ;
#648 = DIRECTION ( 'NONE',  ( -0.6324453755953717300, 0.0000000000000000000, 0.7746049618276591400 ) ) ;
#649 = APPROVAL_DATE_TIME ( #3893, #1418 ) ;
#650 = DIRECTION ( 'NONE',  ( -0.8229838658936499100, 0.0000000000000000000, 0.5680647467311649200 ) ) ;
#651 = ORIENTED_EDGE ( 'NONE', *, *, #7761, .F. ) ;
#652 = FACE_OUTER_BOUND ( 'NONE', #5797, .T. ) ;
#653 = VERTEX_POINT ( 'NONE', #2447 ) ;
#654 = CARTESIAN_POINT ( 'NONE',  ( -0.4482979952608878200, 0.01953124999999987900, 0.7813663395775101200 ) ) ;
#655 = VERTEX_POINT ( 'NONE', #3261 ) ;
#656 = EDGE_CURVE ( 'NONE', #10388, #795, #3547, .T. ) ;
#657 = DIRECTION ( 'NONE',  ( -0.8451900855437899400, 0.0000000000000000000, 0.5344658261278086900 ) ) ;
#658 = MANIFOLD_SOLID_BREP ( 'CirPattern1[26]', #5061 ) ;
#659 = VECTOR ( 'NONE', #7569, 39.37007874015748100 ) ;
#660 = VERTEX_POINT ( 'NONE', #8871 ) ;
#661 = DIRECTION ( 'NONE',  ( 0.7994427634035089500, 0.0000000000000000000, 0.6007422642379686200 ) ) ;
#662 = VECTOR ( 'NONE', #2975, 39.37007874015748100 ) ;
#663 = DIRECTION ( 'NONE',  ( -0.5000000000000051100, 0.0000000000000000000, -0.8660254037844358200 ) ) ;
#664 = ORIENTED_EDGE ( 'NONE', *, *, #8188, .F. ) ;
#665 = DIRECTION ( 'NONE',  ( -0.6631226582408013000, 0.0000000000000000000, -0.7485107481710957500 ) ) ;
#666 = ORIENTED_EDGE ( 'NONE', *, *, #2248, .F. ) ;
#667 = FACE_OUTER_BOUND ( 'NONE', #5186, .T. ) ;
#668 = EDGE_CURVE ( 'NONE', #1019, #7301, #7880, .T. ) ;
#669 = CARTESIAN_POINT ( 'NONE',  ( -0.1825858563241818400, -0.01953125000000016700, -0.8821376617342969700 ) ) ;
#670 = ADVANCED_FACE ( 'NONE', ( #2302 ), #8199, .F. ) ;
#671 = ORIENTED_EDGE ( 'NONE', *, *, #4425, .T. ) ;
#672 = AXIS2_PLACEMENT_3D ( 'NONE', #8610, #2932, #4559 ) ;
#673 = EDGE_CURVE ( 'NONE', #6498, #8067, #7622, .T. ) ;
#674 = CYLINDRICAL_SURFACE ( 'NONE', #10188, 0.03906249999999997200 ) ;
#675 = ORIENTED_EDGE ( 'NONE', *, *, #8801, .F. ) ;
#676 = VECTOR ( 'NONE', #5697, 39.37007874015747400 ) ;
#677 = DIRECTION ( 'NONE',  ( -0.6007422642379689500, 0.0000000000000000000, 0.7994427634035086200 ) ) ;
#678 = ORIENTED_EDGE ( 'NONE', *, *, #5724, .T. ) ;
#679 = CARTESIAN_POINT ( 'NONE',  ( -0.6939867186800641200, 0.0000000000000000000, -0.02796670870298751500 ) ) ;
#680 = DIRECTION ( 'NONE',  ( -0.0000000000000000000, -0.0000000000000000000, 1.000000000000000000 ) ) ;
#681 = CARTESIAN_POINT ( 'NONE',  ( -0.6671278544335677000, 0.0000000000000000000, 0.1932359395631795800 ) ) ;
#682 = DIRECTION ( 'NONE',  ( -0.7485107481710956400, 0.0000000000000000000, 0.6631226582408011900 ) ) ;
#683 = CARTESIAN_POINT ( 'NONE',  ( -0.6577160032019997400, 0.01953124999999991700, 0.2257294194642665600 ) ) ;
#684 = ORIENTED_EDGE ( 'NONE', *, *, #1081, .F. ) ;
#685 = LINE ( 'NONE', #9231, #4057 ) ;
#687 = CARTESIAN_POINT ( 'NONE',  ( 0.6759043178180493800, 0.01953124999999987900, -0.5955315292531583300 ) ) ;
#686 = AXIS2_PLACEMENT_3D ( 'NONE', #3747, #4546, #504 ) ;
#688 = ORIENTED_EDGE ( 'NONE', *, *, #7482, .T. ) ;
#689 = CARTESIAN_POINT ( 'NONE',  ( 0.5407881862670297400, 0.0000000000000000000, 0.7196583756158310100 ) ) ;
#690 = ADVANCED_FACE ( 'NONE', ( #8509 ), #550, .T. ) ;
#691 = CARTESIAN_POINT ( 'NONE',  ( 0.8978970478685227600, 0.0000000000000000000, -0.07527821952757565700 ) ) ;
#692 = EDGE_CURVE ( 'NONE', #8746, #4253, #8379, .T. ) ;
#693 = DIRECTION ( 'NONE',  ( -0.9991889981715700300, 0.0000000000000000000, -0.04026594010940538100 ) ) ;
#694 = AXIS2_PLACEMENT_3D ( 'NONE', #8370, #3596, #5985 ) ;
#695 = CARTESIAN_POINT ( 'NONE',  ( 0.4811261366802424600, 0.0000000000000000000, -0.7608401150065270400 ) ) ;
#696 = DIRECTION ( 'NONE',  ( 0.1604112808577605700, 0.0000000000000000000, 0.9870502626379128500 ) ) ;
#697 = VERTEX_POINT ( 'NONE', #6552 ) ;
#698 = EDGE_CURVE ( 'NONE', #7762, #2619, #800, .T. ) ;
#699 = ORIENTED_EDGE ( 'NONE', *, *, #6047, .T. ) ;
#700 = CYLINDRICAL_SURFACE ( 'NONE', #10234, 0.03906250000000002100 ) ;
#701 = CARTESIAN_POINT ( 'NONE',  ( 0.6939867186800639000, 0.01953124999999988900, -0.02796670870299674400 ) ) ;
#702 = DIRECTION ( 'NONE',  ( 0.1205366802553327800, 0.0000000000000000000, 0.9927088740980527500 ) ) ;
#703 = CC_DESIGN_DATE_AND_TIME_ASSIGNMENT ( #1634, #8419, ( #10447 ) ) ;
#704 = CARTESIAN_POINT ( 'NONE',  ( 0.6972993866372522200, -0.01953125000000016700, -0.5693273271109621200 ) ) ;
#705 = VECTOR ( 'NONE', #4549, 39.37007874015748100 ) ;
#706 = EDGE_CURVE ( 'NONE', #6334, #8973, #6215, .T. ) ;
#707 = LINE ( 'NONE', #5639, #6239 ) ;
#708 = DIRECTION ( 'NONE',  ( -0.9350162426854181600, 0.0000000000000000000, -0.3546048870425268000 ) ) ;
#710 = CARTESIAN_POINT ( 'NONE',  ( -0.8741940413053248500, 4.783776559169354100E-018, -0.2183362018825879300 ) ) ;
#709 = FACE_OUTER_BOUND ( 'NONE', #1826, .T. ) ;
#711 = CYLINDRICAL_SURFACE ( 'NONE', #7573, 0.03906250000000004900 ) ;
#712 = LINE ( 'NONE', #8145, #3832 ) ;
#713 = DIRECTION ( 'NONE',  ( -0.1205366802553337900, 0.0000000000000000000, -0.9927088740980526400 ) ) ;
#714 = EDGE_LOOP ( 'NONE', ( #7568, #7673, #1294, #5447 ) ) ;
#715 = CARTESIAN_POINT ( 'NONE',  ( 0.7987837902757803900, -0.01953125000000016700, 0.4164719745341166100 ) ) ;
#716 = AXIS2_PLACEMENT_3D ( 'NONE', #7518, #8233, #9461 ) ;
#717 = EDGE_CURVE ( 'NONE', #3554, #9006, #8883, .T. ) ;
#718 = DIRECTION ( 'NONE',  ( -0.2000256937760471200, 0.0000000000000000000, -0.9797906520422671200 ) ) ;
#719 = CYLINDRICAL_SURFACE ( 'NONE', #165, 0.03906250000000012500 ) ;
#720 = VERTEX_POINT ( 'NONE', #5747 ) ;
#721 = VECTOR ( 'NONE', #1515, 39.37007874015748100 ) ;
#722 = AXIS2_PLACEMENT_3D ( 'NONE', #193, #7587, #1005 ) ;
#723 = ORIENTED_EDGE ( 'NONE', *, *, #6034, .T. ) ;
#724 = LINE ( 'NONE', #1396, #3972 ) ;
#725 = DIRECTION ( 'NONE',  ( 0.3166679938014731500, 0.0000000000000000000, 0.9485364419471452600 ) ) ;
#726 = DIRECTION ( 'NONE',  ( 0.8229838658936575700, 0.0000000000000000000, 0.5680647467311541500 ) ) ;
#727 = VERTEX_POINT ( 'NONE', #9105 ) ;
#728 = AXIS2_PLACEMENT_3D ( 'NONE', #1321, #3699, #9394 ) ;
#729 = EDGE_CURVE ( 'NONE', #7540, #4684, #1907, .T. ) ;
#730 = DIRECTION ( 'NONE',  ( 0.8451900855437904900, 0.0000000000000000000, -0.5344658261278078000 ) ) ;
#731 = LINE ( 'NONE', #2549, #9947 ) ;
#732 = ADVANCED_FACE ( 'NONE', ( #4049 ), #3464, .F. ) ;
#733 = ORIENTED_EDGE ( 'NONE', *, *, #10095, .T. ) ;
#734 = VERTEX_POINT ( 'NONE', #1080 ) ;
#735 = CIRCLE ( 'NONE', #5969, 0.03906249999999997200 ) ;
#736 = VERTEX_POINT ( 'NONE', #6622 ) ;
#737 = DIRECTION ( 'NONE',  ( -0.6631226582407912000, -0.0000000000000000000, 0.7485107481711046300 ) ) ;
#738 = CIRCLE ( 'NONE', #5089, 0.03906250000000005600 ) ;
#739 = DIRECTION ( 'NONE',  ( 0.8854560256532093600, 0.0000000000000000000, -0.4647231720437694500 ) ) ;
#740 = AXIS2_PLACEMENT_3D ( 'NONE', #8389, #1934, #2744 ) ;
#741 = DIRECTION ( 'NONE',  ( 0.9199794436588212300, 0.0000000000000000000, -0.3919666098600823000 ) ) ;
#742 = DIRECTION ( 'NONE',  ( 0.5680647467311540400, 0.0000000000000000000, -0.8229838658936575700 ) ) ;
#743 = EDGE_CURVE ( 'NONE', #8965, #7615, #5328, .T. ) ;
#744 = ORIENTED_EDGE ( 'NONE', *, *, #3030, .F. ) ;
#745 = ORIENTED_EDGE ( 'NONE', *, *, #6317, .T. ) ;
#746 = ORIENTED_EDGE ( 'NONE', *, *, #10308, .F. ) ;
#747 = AXIS2_PLACEMENT_3D ( 'NONE', #8766, #3923, #1463 ) ;
#748 = CYLINDRICAL_SURFACE ( 'NONE', #5336, 0.03906250000000002100 ) ;
#749 = DIRECTION ( 'NONE',  ( 0.6631226582407912000, 0.0000000000000000000, -0.7485107481711046300 ) ) ;
#751 = EDGE_LOOP ( 'NONE', ( #1637, #4688, #9960, #3526 ) ) ;
#750 = EDGE_CURVE ( 'NONE', #4641, #755, #3662, .T. ) ;
#752 = DIRECTION ( 'NONE',  ( -0.7746049618276598100, 0.0000000000000000000, -0.6324453755953708400 ) ) ;
#753 = VECTOR ( 'NONE', #5462, 39.37007874015748900 ) ;
#754 = ORIENTED_EDGE ( 'NONE', *, *, #6361, .F. ) ;
#755 = VERTEX_POINT ( 'NONE', #1884 ) ;
#756 = DIRECTION ( 'NONE',  ( -0.1604112808577474500, 0.0000000000000000000, 0.9870502626379148400 ) ) ;
#757 = ORIENTED_EDGE ( 'NONE', *, *, #546, .T. ) ;
#758 = DIRECTION ( 'NONE',  ( -0.6324453755953802800, 0.0000000000000000000, -0.7746049618276522600 ) ) ;
#759 = EDGE_CURVE ( 'NONE', #10397, #7697, #4288, .T. ) ;
#760 = ORIENTED_EDGE ( 'NONE', *, *, #1330, .T. ) ;
#761 = FACE_OUTER_BOUND ( 'NONE', #6724, .T. ) ;
#762 = ORIENTED_EDGE ( 'NONE', *, *, #2432, .T. ) ;
#763 = VERTEX_POINT ( 'NONE', #1046 ) ;
#764 = DIRECTION ( 'NONE',  ( 0.6927243535096075900, 0.0000000000000000000, 0.7212024473438067900 ) ) ;
#765 = ORIENTED_EDGE ( 'NONE', *, *, #3816, .F. ) ;
#766 = CARTESIAN_POINT ( 'NONE',  ( 0.8978970478685227600, 0.0000000000000000000, -0.07527821952757565700 ) ) ;
#767 = VERTEX_POINT ( 'NONE', #3359 ) ;
#768 = FACE_OUTER_BOUND ( 'NONE', #2587, .T. ) ;
#769 = AXIS2_PLACEMENT_3D ( 'NONE', #6211, #7026, #7106 ) ;
#770 = ORIENTED_EDGE ( 'NONE', *, *, #7618, .F. ) ;
#771 = VERTEX_POINT ( 'NONE', #6733 ) ;
#772 = ORIENTED_EDGE ( 'NONE', *, *, #7414, .T. ) ;
#773 = CARTESIAN_POINT ( 'NONE',  ( -0.2850645280200746500, 0.0000000000000000000, 0.8538725050408242400 ) ) ;
#774 = CARTESIAN_POINT ( 'NONE',  ( -0.1662166946309281700, 0.01953124999999988900, -0.6743676392932636000 ) ) ;
#775 = DIRECTION ( 'NONE',  ( 0.2000256937760482600, 0.0000000000000000000, 0.9797906520422667900 ) ) ;
#776 = AXIS2_PLACEMENT_3D ( 'NONE', #7407, #4037, #8136 ) ;
#777 = EDGE_CURVE ( 'NONE', #2665, #10238, #1527, .T. ) ;
#778 = LINE ( 'NONE', #5656, #8236 ) ;
#779 = EDGE_LOOP ( 'NONE', ( #2466, #86, #1975, #2671 ) ) ;
#780 = FACE_OUTER_BOUND ( 'NONE', #4743, .T. ) ;
#781 = ORIENTED_EDGE ( 'NONE', *, *, #10303, .T. ) ;
#782 = DIRECTION ( 'NONE',  ( -0.6324453755953717300, 0.0000000000000000000, 0.7746049618276591400 ) ) ;
#783 = VERTEX_POINT ( 'NONE', #1780 ) ;
#784 = CARTESIAN_POINT ( 'NONE',  ( 0.2199417550948133100, 0.0000000000000000000, 0.6588059857543902000 ) ) ;
#785 = ADVANCED_FACE ( 'NONE', ( #3170 ), #4308, .F. ) ;
#786 = DIRECTION ( 'NONE',  ( -0.9034504346103832100, -0.0000000000000000000, -0.4286925614030519500 ) ) ;
#787 = FACE_OUTER_BOUND ( 'NONE', #4019, .T. ) ;
#788 = DIRECTION ( 'NONE',  ( 0.7746049618276598100, -0.0000000000000000000, 0.6324453755953708400 ) ) ;
#789 = ORIENTED_EDGE ( 'NONE', *, *, #5168, .T. ) ;
#790 = DIRECTION ( 'NONE',  ( 0.9870502626379126200, 0.0000000000000000000, -0.1604112808577616000 ) ) ;
#791 = FACE_OUTER_BOUND ( 'NONE', #6035, .T. ) ;
#792 = ORIENTED_EDGE ( 'NONE', *, *, #5989, .T. ) ;
#793 = AXIS2_PLACEMENT_3D ( 'NONE', #66, #7410, #9039 ) ;
#794 = EDGE_CURVE ( 'NONE', #5137, #9618, #9761, .T. ) ;
#795 = VERTEX_POINT ( 'NONE', #166 ) ;
#796 = CARTESIAN_POINT ( 'NONE',  ( -0.08960747523392644000, 0.01953124999999997600, -0.6895756753699257000 ) ) ;
#797 = CARTESIAN_POINT ( 'NONE',  ( -0.5407881862670197400, 0.0000000000000000000, 0.7196583756158385600 ) ) ;
#798 = CARTESIAN_POINT ( 'NONE',  ( 0.7965106271544147900, -0.01953125000000015600, -0.4208031250000039400 ) ) ;
#799 = AXIS2_PLACEMENT_3D ( 'NONE', #7472, #154, #8923 ) ;
#800 = CIRCLE ( 'NONE', #5576, 0.03906250000000005600 ) ;
#801 = EDGE_LOOP ( 'NONE', ( #2413, #8161, #675, #4702 ) ) ;
#802 = LINE ( 'NONE', #7199, #553 ) ;
#803 = ORIENTED_EDGE ( 'NONE', *, *, #1460, .F. ) ;
#804 = EDGE_CURVE ( 'NONE', #10139, #3243, #1029, .T. ) ;
#805 = CARTESIAN_POINT ( 'NONE',  ( -0.2154319609916658400, 0.0000000000000000000, -0.8740418240469306500 ) ) ;
#806 = AXIS2_PLACEMENT_3D ( 'NONE', #5754, #920, #845 ) ;
#807 = ORIENTED_EDGE ( 'NONE', *, *, #574, .F. ) ;
#808 = DIRECTION ( 'NONE',  ( -0.6007422642379689500, 0.0000000000000000000, 0.7994427634035086200 ) ) ;
#809 = ORIENTED_EDGE ( 'NONE', *, *, #9738, .T. ) ;
#810 = CARTESIAN_POINT ( 'NONE',  ( -0.1333705899634440000, 0.01953124999999988900, -0.6824634769806300300 ) ) ;
#811 = ORIENTED_EDGE ( 'NONE', *, *, #1857, .F. ) ;
#812 = VECTOR ( 'NONE', #9856, 39.37007874015748100 ) ;
#813 = CARTESIAN_POINT ( 'NONE',  ( 0.8936365284630687400, 0.0000000000000000000, 0.1085071195658390300 ) ) ;
#814 = DIRECTION ( 'NONE',  ( -0.08046656871673291100, 0.0000000000000000000, -0.9967573081342093700 ) ) ;
#815 = DIRECTION ( 'NONE',  ( -0.04026594010940537400, 0.0000000000000000000, 0.9991889981715699200 ) ) ;
#816 = EDGE_CURVE ( 'NONE', #10414, #8890, #5446, .T. ) ;
#817 = VECTOR ( 'NONE', #5750, 39.37007874015748900 ) ;
#818 = CIRCLE ( 'NONE', #2541, 0.03906249999999996500 ) ;
#819 = CARTESIAN_POINT ( 'NONE',  ( 0.8755262737747985200, 0.0000000000000000000, 0.2129311222819877700 ) ) ;
#820 = CARTESIAN_POINT ( 'NONE',  ( 0.8977141779626370800, -0.01953125000000015600, 0.07492465458415306600 ) ) ;
#821 = LINE ( 'NONE', #3085, #6492 ) ;
#822 = FACE_OUTER_BOUND ( 'NONE', #1824, .T. ) ;
#823 = VECTOR ( 'NONE', #2078, 39.37007874015748100 ) ;
#824 = CARTESIAN_POINT ( 'NONE',  ( -0.5097181712547709200, 0.01953124999999987900, -0.7427596078627188800 ) ) ;
#825 = ORIENTED_EDGE ( 'NONE', *, *, #10071, .T. ) ;
#826 = ADVANCED_FACE ( 'NONE', ( #2653 ), #5176, .T. ) ;
#827 = EDGE_CURVE ( 'NONE', #4103, #2798, #9515, .T. ) ;
#828 = FACE_OUTER_BOUND ( 'NONE', #8837, .T. ) ;
#829 = CARTESIAN_POINT ( 'NONE',  ( 0.3381980018205066300, 0.0000000000000000000, -0.6079043452475620900 ) ) ;
#830 = CYLINDRICAL_SURFACE ( 'NONE', #7699, 0.03906250000000000700 ) ;
#831 = CIRCLE ( 'NONE', #6962, 0.03906250000000002100 ) ;
#832 = EDGE_LOOP ( 'NONE', ( #8839, #1162, #7725, #3038 ) ) ;
#833 = DIRECTION ( 'NONE',  ( 0.8854560256532151300, 0.0000000000000000000, 0.4647231720437583500 ) ) ;
#834 = CYLINDRICAL_SURFACE ( 'NONE', #6323, 0.03906250000000008300 ) ;
#835 = DIRECTION ( 'NONE',  ( -0.0000000000000000000, -0.0000000000000000000, 1.000000000000000000 ) ) ;
#836 = CIRCLE ( 'NONE', #9320, 0.03906250000000004200 ) ;
#837 = AXIS2_PLACEMENT_3D ( 'NONE', #9978, #6003, #5970 ) ;
#838 = EDGE_CURVE ( 'NONE', #560, #138, #4043, .T. ) ;
#839 = ORIENTED_EDGE ( 'NONE', *, *, #9303, .F. ) ;
#840 = DIRECTION ( 'NONE',  ( -0.7994427634035002900, 0.0000000000000000000, 0.6007422642379800500 ) ) ;
#841 = CYLINDRICAL_SURFACE ( 'NONE', #216, 0.03906250000000004200 ) ;
#842 = AXIS2_PLACEMENT_3D ( 'NONE', #7542, #10024, #5148 ) ;
#843 = ORIENTED_EDGE ( 'NONE', *, *, #95, .T. ) ;
#844 = CIRCLE ( 'NONE', #1261, 0.03906249999999998600 ) ;
#845 = DIRECTION ( 'NONE',  ( 0.2782174639164631800, 0.0000000000000000000, 0.9605181116313692400 ) ) ;
#846 = ADVANCED_FACE ( 'NONE', ( #2164 ), #5950, .T. ) ;
#847 = ORIENTED_EDGE ( 'NONE', *, *, #7651, .F. ) ;
#848 = EDGE_LOOP ( 'NONE', ( #4226, #3279, #8380, #4110 ) ) ;
#849 = ORIENTED_EDGE ( 'NONE', *, *, #1025, .F. ) ;
#850 = DIRECTION ( 'NONE',  ( -0.9199794436588211200, 0.0000000000000000000, 0.3919666098600822500 ) ) ;
#851 = DIRECTION ( 'NONE',  ( -0.7485107481710957500, 0.0000000000000000000, 0.6631226582408013000 ) ) ;
#852 = AXIS2_PLACEMENT_3D ( 'NONE', #937, #6579, #5773 ) ;
#853 = EDGE_CURVE ( 'NONE', #2766, #3684, #7614, .T. ) ;
#854 = LINE ( 'NONE', #9533, #6792 ) ;
#855 = EDGE_LOOP ( 'NONE', ( #5248, #3377, #6270, #3975 ) ) ;
#856 = CIRCLE ( 'NONE', #10142, 0.03906250000000005600 ) ;
#857 = VERTEX_POINT ( 'NONE', #1018 ) ;
#858 = ORIENTED_EDGE ( 'NONE', *, *, #8188, .T. ) ;
#859 = ORIENTED_EDGE ( 'NONE', *, *, #7709, .T. ) ;
#860 = FACE_OUTER_BOUND ( 'NONE', #289, .T. ) ;
#861 = AXIS2_PLACEMENT_3D ( 'NONE', #10228, #1310, #6178 ) ;
#862 = ORIENTED_EDGE ( 'NONE', *, *, #5695, .F. ) ;
#863 = DIRECTION ( 'NONE',  ( -0.9199794436588264500, 0.0000000000000000000, -0.3919666098600698100 ) ) ;
#864 = CYLINDRICAL_SURFACE ( 'NONE', #1911, 0.03906249999999995800 ) ;
#865 = EDGE_CURVE ( 'NONE', #720, #1581, #3285, .T. ) ;
#866 = VERTEX_POINT ( 'NONE', #4139 ) ;
#867 = AXIS2_PLACEMENT_3D ( 'NONE', #7593, #1357, #381 ) ;
#868 = ORIENTED_EDGE ( 'NONE', *, *, #8099, .F. ) ;
#869 = PLANE ( 'NONE',  #1843 ) ;
#870 = ORIENTED_EDGE ( 'NONE', *, *, #8155, .F. ) ;
#871 = DIRECTION ( 'NONE',  ( -0.9967573081342106000, 0.0000000000000000000, -0.08046656871671943600 ) ) ;
#872 = EDGE_CURVE ( 'NONE', #4885, #9854, #7477, .T. ) ;
#873 = ADVANCED_FACE ( 'NONE', ( #2037 ), #9387, .F. ) ;
#874 = DIRECTION ( 'NONE',  ( -0.4999999999999923400, 0.0000000000000000000, 0.8660254037844431500 ) ) ;
#875 = ORIENTED_EDGE ( 'NONE', *, *, #38, .T. ) ;
#876 = VECTOR ( 'NONE', #112, 39.37007874015748900 ) ;
#877 = ORIENTED_EDGE ( 'NONE', *, *, #6644, .T. ) ;
#878 = CARTESIAN_POINT ( 'NONE',  ( -0.6972993866372594300, 0.0000000000000000000, -0.5693273271109529100 ) ) ;
#879 = DIRECTION ( 'NONE',  ( 0.9797906520422667900, 0.0000000000000000000, -0.2000256937760482600 ) ) ;
#880 = VERTEX_POINT ( 'NONE', #4277 ) ;
#881 = CC_DESIGN_APPROVAL ( #4243, ( #5951 ) ) ;
#882 = ORIENTED_EDGE ( 'NONE', *, *, #6064, .T. ) ;
#883 = EDGE_CURVE ( 'NONE', #9881, #3731, #17, .T. ) ;
#884 = DIRECTION ( 'NONE',  ( -0.6631226582408013000, 0.0000000000000000000, -0.7485107481710957500 ) ) ;
#885 = VERTEX_POINT ( 'NONE', #9897 ) ;
#886 = CARTESIAN_POINT ( 'NONE',  ( 0.8936365284630687400, 0.0000000000000000000, 0.1085071195658390300 ) ) ;
#887 = LINE ( 'NONE', #8048, #125 ) ;
#888 = VERTEX_POINT ( 'NONE', #5093 ) ;
#889 = ORIENTED_EDGE ( 'NONE', *, *, #269, .F. ) ;
#890 = CARTESIAN_POINT ( 'NONE',  ( 0.7186600469082850000, 4.783776559169353300E-018, 0.5435196922688559900 ) ) ;
#891 = AXIS2_PLACEMENT_3D ( 'NONE', #8861, #8060, #10354 ) ;
#892 = CARTESIAN_POINT ( 'NONE',  ( -0.3528483421960461600, 0.0000000000000000000, -0.8281654951816711500 ) ) ;
#893 = EDGE_LOOP ( 'NONE', ( #7430, #3388, #4771, #3510, #6807 ) ) ;
#894 = FACE_BOUND ( 'NONE', #7918, .T. ) ;
#895 = VERTEX_POINT ( 'NONE', #9007 ) ;
#896 = ORIENTED_EDGE ( 'NONE', *, *, #10464, .F. ) ;
#897 = DIRECTION ( 'NONE',  ( -0.5000000000000036600, 0.0000000000000000000, -0.8660254037844364900 ) ) ;
#898 = ADVANCED_FACE ( 'NONE', ( #7348 ), #1775, .F. ) ;
#899 = AXIS2_PLACEMENT_3D ( 'NONE', #1810, #7481, #7551 ) ;
#900 = EDGE_CURVE ( 'NONE', #5427, #9742, #1152, .T. ) ;
#901 = CIRCLE ( 'NONE', #2, 0.03906250000000002100 ) ;
#902 = CARTESIAN_POINT ( 'NONE',  ( 0.1114136551197576500, 0.0000000000000000000, 0.6855557599151624900 ) ) ;
#903 = DIRECTION ( 'NONE',  ( -0.9709418174260502400, 0.0000000000000000000, 0.2393156642875649600 ) ) ;
#904 = ORIENTED_EDGE ( 'NONE', *, *, #743, .F. ) ;
#905 = LINE ( 'NONE', #3648, #9254 ) ;
#906 = CARTESIAN_POINT ( 'NONE',  ( -0.8417016216654136200, 0.01953124999999987900, -0.3192153193156827000 ) ) ;
#907 = ORIENTED_EDGE ( 'NONE', *, *, #5577, .T. ) ;
#908 = DIRECTION ( 'NONE',  ( 0.6631226582408013000, 0.0000000000000000000, 0.7485107481710957500 ) ) ;
#909 = AXIS2_PLACEMENT_3D ( 'NONE', #7627, #8543, #1251 ) ;
#910 = LINE ( 'NONE', #6501, #1412 ) ;
#911 = ORIENTED_EDGE ( 'NONE', *, *, #9229, .F. ) ;
#912 = CARTESIAN_POINT ( 'NONE',  ( 0.8300318844160739000, 0.0000000000000000000, 0.3506180111730593500 ) ) ;
#913 = PLANE ( 'NONE',  #6944 ) ;
#914 = DIRECTION ( 'NONE',  ( -0.04026594010940542900, 0.0000000000000000000, 0.9991889981715699200 ) ) ;
#915 = ORIENTED_EDGE ( 'NONE', *, *, #2495, .F. ) ;
#916 = AXIS2_PLACEMENT_3D ( 'NONE', #4242, #9929, #5163 ) ;
#917 = EDGE_CURVE ( 'NONE', #10275, #9429, #9890, .T. ) ;
#918 = CIRCLE ( 'NONE', #5632, 0.03906249999999995800 ) ;
#919 = EDGE_LOOP ( 'NONE', ( #3507, #340, #7860, #5996 ) ) ;
#920 = DIRECTION ( 'NONE',  ( -0.9605181116313692400, 0.0000000000000000000, 0.2782174639164631800 ) ) ;
#921 = FACE_OUTER_BOUND ( 'NONE', #7463, .T. ) ;
#922 = DIRECTION ( 'NONE',  ( -0.9967573081342106000, 0.0000000000000000000, -0.08046656871671943600 ) ) ;
#924 = ORIENTED_EDGE ( 'NONE', *, *, #1405, .F. ) ;
#923 = CARTESIAN_POINT ( 'NONE',  ( 0.07802261596911166900, 0.01953124999999988900, 0.6909823319572102600 ) ) ;
#925 = ORIENTED_EDGE ( 'NONE', *, *, #574, .T. ) ;
#926 = VECTOR ( 'NONE', #251, 39.37007874015748100 ) ;
#927 = EDGE_CURVE ( 'NONE', #7701, #4136, #7748, .T. ) ;
#928 = PLANE ( 'NONE',  #4919 ) ;
#929 = AXIS2_PLACEMENT_3D ( 'NONE', #5571, #3062, #8734 ) ;
#930 = DIRECTION ( 'NONE',  ( 0.5680647467311655800, 0.0000000000000000000, 0.8229838658936496900 ) ) ;
#931 = DIRECTION ( 'NONE',  ( 0.4286925614030645000, 0.0000000000000000000, 0.9034504346103774400 ) ) ;
#932 = EDGE_CURVE ( 'NONE', #3386, #8028, #1899, .T. ) ;
#933 = CARTESIAN_POINT ( 'NONE',  ( 0.7626815098190848900, -0.01953125000000015600, -0.4793968750000035500 ) ) ;
#934 = CIRCLE ( 'NONE', #7782, 0.03906249999999993800 ) ;
#935 = ADVANCED_FACE ( 'NONE', ( #5699 ), #8252, .T. ) ;
#936 = VECTOR ( 'NONE', #10503, 39.37007874015748100 ) ;
#937 = CARTESIAN_POINT ( 'NONE',  ( 0.3712132395370612000, 0.0000000000000000000, -0.5870267739144450200 ) ) ;
#938 = CARTESIAN_POINT ( 'NONE',  ( -0.8936365284630674000, 0.0000000000000000000, 0.1085071195658515200 ) ) ;
#940 = DIRECTION ( 'NONE',  ( -0.9199794436588256700, 0.0000000000000000000, -0.3919666098600713100 ) ) ;
#939 = AXIS2_PLACEMENT_3D ( 'NONE', #6250, #4521, #9489 ) ;
#941 = DIRECTION ( 'NONE',  ( -0.04026594010941936900, 0.0000000000000000000, -0.9991889981715693600 ) ) ;
#942 = EDGE_CURVE ( 'NONE', #1648, #2040, #9123, .T. ) ;
#943 = LINE ( 'NONE', #7449, #7530 ) ;
#944 = DIRECTION ( 'NONE',  ( 0.6631226582407912000, 0.0000000000000000000, -0.7485107481711046300 ) ) ;
#946 = DIRECTION ( 'NONE',  ( -0.9709418174260535700, 0.0000000000000000000, -0.2393156642875516300 ) ) ;
#945 = FACE_OUTER_BOUND ( 'NONE', #7595, .T. ) ;
#947 = DIRECTION ( 'NONE',  ( 0.1205366802553189100, 0.0000000000000000000, -0.9927088740980544200 ) ) ;
#948 = CIRCLE ( 'NONE', #9056, 0.03906250000000005600 ) ;
#949 = CARTESIAN_POINT ( 'NONE',  ( 0.2520299056862793100, -0.01953125000000015600, 0.6480933870357367100 ) ) ;
#950 = ADVANCED_FACE ( 'NONE', ( #539 ), #10002, .F. ) ;
#951 = EDGE_LOOP ( 'NONE', ( #3034, #3186, #8820, #7550 ) ) ;
#952 = LINE ( 'NONE', #3869, #6905 ) ;
#954 = CARTESIAN_POINT ( 'NONE',  ( -0.6562599847493307800, 0.0000000000000000000, 0.2307561782987799200 ) ) ;
#953 = DIRECTION ( 'NONE',  ( 0.4286925614030519500, 0.0000000000000000000, -0.9034504346103832100 ) ) ;
#955 = VECTOR ( 'NONE', #453, 39.37007874015748100 ) ;
#956 = DIRECTION ( 'NONE',  ( 0.8854560256532159100, 0.0000000000000000000, 0.4647231720437570200 ) ) ;
#957 = ORIENTED_EDGE ( 'NONE', *, *, #2343, .F. ) ;
#958 = EDGE_CURVE ( 'NONE', #6049, #2229, #4166, .T. ) ;
#959 = DIRECTION ( 'NONE',  ( 0.9991889981715701400, -0.0000000000000000000, 0.04026594010940538800 ) ) ;
#960 = VECTOR ( 'NONE', #1735, 39.37007874015748900 ) ;
#961 = VERTEX_POINT ( 'NONE', #4345 ) ;
#962 = LINE ( 'NONE', #8333, #4994 ) ;
#963 = VERTEX_POINT ( 'NONE', #2069 ) ;
#964 = DIRECTION ( 'NONE',  ( 0.2782174639164617400, 0.0000000000000000000, 0.9605181116313696900 ) ) ;
#965 = EDGE_LOOP ( 'NONE', ( #5709, #3914 ) ) ;
#966 = ORIENTED_EDGE ( 'NONE', *, *, #3347, .F. ) ;
#967 = DIRECTION ( 'NONE',  ( 0.1604112808577605700, 0.0000000000000000000, 0.9870502626379128500 ) ) ;
#968 = CARTESIAN_POINT ( 'NONE',  ( 0.1114136551197576500, 0.01953124999999988900, 0.6855557599151624900 ) ) ;
#969 = CYLINDRICAL_SURFACE ( 'NONE', #3245, 0.03906249999999997200 ) ;
#970 = DIRECTION ( 'NONE',  ( 0.9350162426854133900, 0.0000000000000000000, -0.3546048870425394000 ) ) ;
#971 = CARTESIAN_POINT ( 'NONE',  ( 0.4529319254758798500, 0.0000000000000000000, 0.7789342653850595000 ) ) ;
#972 = ORIENTED_EDGE ( 'NONE', *, *, #9942, .T. ) ;
#973 = DIRECTION ( 'NONE',  ( 0.9485364419471493700, 0.0000000000000000000, 0.3166679938014612100 ) ) ;
#974 = AXIS2_PLACEMENT_3D ( 'NONE', #6557, #4003, #4099 ) ;
#975 = EDGE_CURVE ( 'NONE', #2615, #1401, #10407, .T. ) ;
#976 = LINE ( 'NONE', #968, #4372 ) ;
#977 = VERTEX_POINT ( 'NONE', #1957 ) ;
#978 = VERTEX_POINT ( 'NONE', #8408 ) ;
#979 = ORIENTED_EDGE ( 'NONE', *, *, #4188, .F. ) ;
#980 = CARTESIAN_POINT ( 'NONE',  ( 0.0000000000000000000, 0.0000000000000000000, 0.9002000000000001100 ) ) ;
#981 = AXIS2_PLACEMENT_3D ( 'NONE', #2508, #4058, #1697 ) ;
#982 = CYLINDRICAL_SURFACE ( 'NONE', #5871, 0.03906250000000002800 ) ;
#983 = CARTESIAN_POINT ( 'NONE',  ( -0.7795960684867560000, 0.0000000000000000000, -0.4500999999999928400 ) ) ;
#984 = ORIENTED_EDGE ( 'NONE', *, *, #9630, .T. ) ;
#985 = LINE ( 'NONE', #9112, #6040 ) ;
#986 = ORIENTED_EDGE ( 'NONE', *, *, #3990, .T. ) ;
#987 = ADVANCED_FACE ( 'NONE', ( #1647 ), #3537, .F. ) ;
#988 = EDGE_CURVE ( 'NONE', #6286, #7815, #6980, .T. ) ;
#989 = VERTEX_POINT ( 'NONE', #9250 ) ;
#990 = DIRECTION ( 'NONE',  ( -0.8854560256532157900, 0.0000000000000000000, -0.4647231720437573500 ) ) ;
#991 = CLOSED_SHELL ( 'NONE', ( #846, #3630, #3810, #5482 ) ) ;
#992 = AXIS2_PLACEMENT_3D ( 'NONE', #10032, #1805, #2097 ) ;
#993 = EDGE_CURVE ( 'NONE', #1272, #644, #6457, .T. ) ;
#994 = ORIENTED_EDGE ( 'NONE', *, *, #8469, .F. ) ;
#995 = VECTOR ( 'NONE', #6745, 39.37007874015748100 ) ;
#996 = ORIENTED_EDGE ( 'NONE', *, *, #1602, .T. ) ;
#997 = DIRECTION ( 'NONE',  ( -0.8451900855437978200, 0.0000000000000000000, -0.5344658261277963600 ) ) ;
#998 = DIRECTION ( 'NONE',  ( -0.04026594010941936900, 0.0000000000000000000, -0.9991889981715693600 ) ) ;
#999 = VERTEX_POINT ( 'NONE', #2729 ) ;
#1000 = ORIENTED_EDGE ( 'NONE', *, *, #8502, .T. ) ;
#1001 = CARTESIAN_POINT ( 'NONE',  ( 0.05588805530219750200, 0.0000000000000000000, -0.6922977883646160800 ) ) ;
#1002 = DIRECTION ( 'NONE',  ( 0.7994427634035089500, 0.0000000000000000000, 0.6007422642379686200 ) ) ;
#1003 = AXIS2_PLACEMENT_3D ( 'NONE', #1817, #1087, #6708 ) ;
#1004 = ADVANCED_FACE ( 'NONE', ( #791 ), #7872, .F. ) ;
#1005 = DIRECTION ( 'NONE',  ( 0.6927243535095986000, 0.0000000000000000000, -0.7212024473438151100 ) ) ;
#1006 = EDGE_CURVE ( 'NONE', #4254, #6090, #5828, .T. ) ;
#1007 = ORIENTED_EDGE ( 'NONE', *, *, #5150, .T. ) ;
#1008 = AXIS2_PLACEMENT_3D ( 'NONE', #4574, #10251, #7666 ) ;
#1009 = VECTOR ( 'NONE', #2366, 39.37007874015748100 ) ;
#1010 = EDGE_LOOP ( 'NONE', ( #9058, #3593, #3874, #4792 ) ) ;
#1011 = CARTESIAN_POINT ( 'NONE',  ( -0.2154319609916658400, 0.0000000000000000000, -0.8740418240469306500 ) ) ;
#1012 = DIRECTION ( 'NONE',  ( -0.1604112808577605700, 0.0000000000000000000, -0.9870502626379128500 ) ) ;
#1013 = ORIENTED_EDGE ( 'NONE', *, *, #8293, .F. ) ;
#1014 = DIRECTION ( 'NONE',  ( -0.9991889981715700300, 0.0000000000000000000, -0.04026594010940538100 ) ) ;
#1015 = EDGE_LOOP ( 'NONE', ( #9243, #7686, #2186, #7483 ) ) ;
#1016 = CARTESIAN_POINT ( 'NONE',  ( 0.4525341021057240900, -0.01953125000000016700, -0.7789206221503280900 ) ) ;
#1017 = CARTESIAN_POINT ( 'NONE',  ( -0.8277883721967491700, -0.01953125000000015600, 0.3553461130159495400 ) ) ;
#1018 = CARTESIAN_POINT ( 'NONE',  ( -0.5716215590217341700, -0.01953125000000015600, -0.6962422297169642600 ) ) ;
#1019 = VERTEX_POINT ( 'NONE', #6851 ) ;
#1020 = PLANE ( 'NONE',  #1450 ) ;
#1021 = CIRCLE ( 'NONE', #4125, 0.03906250000000000700 ) ;
#1022 = VERTEX_POINT ( 'NONE', #5234 ) ;
#1023 = VERTEX_POINT ( 'NONE', #388 ) ;
#1024 = CARTESIAN_POINT ( 'NONE',  ( 0.2928192833559030200, 0.01953124999999988900, 0.6307146573329521800 ) ) ;
#1025 = EDGE_CURVE ( 'NONE', #3486, #8328, #5318, .T. ) ;
#1026 = FACE_OUTER_BOUND ( 'NONE', #9693, .T. ) ;
#1027 = DIRECTION ( 'NONE',  ( 0.1205366802553327300, 0.0000000000000000000, 0.9927088740980527500 ) ) ;
#1028 = ORIENTED_EDGE ( 'NONE', *, *, #3861, .F. ) ;
#1029 = LINE ( 'NONE', #3434, #2916 ) ;
#1030 = VERTEX_POINT ( 'NONE', #9315 ) ;
#1031 = DIRECTION ( 'NONE',  ( -0.2000256937760349400, 0.0000000000000000000, 0.9797906520422695600 ) ) ;
#1032 = ORIENTED_EDGE ( 'NONE', *, *, #2726, .F. ) ;
#1033 = LINE ( 'NONE', #7276, #146 ) ;
#1034 = CARTESIAN_POINT ( 'NONE',  ( 0.6442373025384486900, 0.0000000000000000000, 0.2624573859205217600 ) ) ;
#1035 = ORIENTED_EDGE ( 'NONE', *, *, #3080, .T. ) ;
#1036 = CYLINDRICAL_SURFACE ( 'NONE', #8875, 0.03906250000000000000 ) ;
#1037 = AXIS2_PLACEMENT_3D ( 'NONE', #4202, #6740, #1783 ) ;
#1038 = EDGE_CURVE ( 'NONE', #7256, #2423, #5055, .T. ) ;
#1039 = DIRECTION ( 'NONE',  ( -0.7212024473438157800, 0.0000000000000000000, -0.6927243535095981600 ) ) ;
#1040 = EDGE_LOOP ( 'NONE', ( #4906, #3767, #5515, #3888 ) ) ;
#1041 = ADVANCED_FACE ( 'NONE', ( #3915 ), #5272, .T. ) ;
#1042 = DIRECTION ( 'NONE',  ( -0.3919666098600698100, -0.0000000000000000000, 0.9199794436588264500 ) ) ;
#1043 = CARTESIAN_POINT ( 'NONE',  ( -0.6221668980399259800, 0.0000000000000000000, 0.6517624336287163300 ) ) ;
#1044 = DIRECTION ( 'NONE',  ( -0.3546048870425387300, 0.0000000000000000000, -0.9350162426854137200 ) ) ;
#1045 = ORIENTED_EDGE ( 'NONE', *, *, #5041, .T. ) ;
#1046 = CARTESIAN_POINT ( 'NONE',  ( 0.6726606965348195200, -0.01953125000000015600, 0.5991928208156195300 ) ) ;
#1047 = ORIENTED_EDGE ( 'NONE', *, *, #1330, .F. ) ;
#1048 = EDGE_LOOP ( 'NONE', ( #5625, #7471, #7604, #4659 ) ) ;
#1049 = CIRCLE ( 'NONE', #8397, 0.03906250000000005600 ) ;
#1050 = DIRECTION ( 'NONE',  ( 0.5680647467311643600, 0.0000000000000000000, 0.8229838658936504700 ) ) ;
#1051 = DIRECTION ( 'NONE',  ( 0.2000256937760349400, 0.0000000000000000000, -0.9797906520422695600 ) ) ;
#1052 = DIRECTION ( 'NONE',  ( -0.8451900855437977100, 0.0000000000000000000, -0.5344658261277963600 ) ) ;
#1053 = AXIS2_PLACEMENT_3D ( 'NONE', #3081, #4672, #590 ) ;
#1054 = EDGE_CURVE ( 'NONE', #7479, #4246, #10151, .T. ) ;
#1055 = DIRECTION ( 'NONE',  ( 0.9709418174260503500, 0.0000000000000000000, -0.2393156642875647600 ) ) ;
#1056 = ADVANCED_FACE ( 'NONE', ( #6715 ), #3677, .F. ) ;
#1057 = FACE_OUTER_BOUND ( 'NONE', #7565, .T. ) ;
#1058 = FACE_OUTER_BOUND ( 'NONE', #8082, .T. ) ;
#1060 = PLANE ( 'NONE',  #4841 ) ;
#1059 = DIRECTION ( 'NONE',  ( 0.6927243535095981600, 0.0000000000000000000, -0.7212024473438157800 ) ) ;
#1061 = CARTESIAN_POINT ( 'NONE',  ( 0.8983449925355421200, 0.0000000000000000000, 0.06972942917138373600 ) ) ;
#1062 = AXIS2_PLACEMENT_3D ( 'NONE', #7460, #1794, #3410 ) ;
#1063 = LINE ( 'NONE', #9097, #2953 ) ;
#1064 = EDGE_CURVE ( 'NONE', #2631, #2360, #8630, .T. ) ;
#1065 = DIRECTION ( 'NONE',  ( 0.3919666098600698100, 0.0000000000000000000, -0.9199794436588264500 ) ) ;
#1066 = CIRCLE ( 'NONE', #322, 0.03906250000000004200 ) ;
#1067 = AXIS2_PLACEMENT_3D ( 'NONE', #7672, #9256, #4315 ) ;
#1068 = VECTOR ( 'NONE', #2876, 39.37007874015748100 ) ;
#1069 = DIRECTION ( 'NONE',  ( -0.7746049618276598100, 0.0000000000000000000, -0.6324453755953708400 ) ) ;
#1070 = EDGE_LOOP ( 'NONE', ( #6937, #10110, #2362, #6340 ) ) ;
#1071 = EDGE_CURVE ( 'NONE', #7701, #149, #272, .T. ) ;
#1072 = VECTOR ( 'NONE', #5512, 39.37007874015748100 ) ;
#1073 = CARTESIAN_POINT ( 'NONE',  ( -0.6941944125772769900, 4.783776559169354800E-018, 0.04494106087688691500 ) ) ;
#1074 = CYLINDRICAL_SURFACE ( 'NONE', #4206, 0.03906250000000004200 ) ;
#1075 = FACE_OUTER_BOUND ( 'NONE', #5949, .T. ) ;
#1077 = CARTESIAN_POINT ( 'NONE',  ( 0.03382911733532958200, -0.01953125000000015600, 0.6945500000000002200 ) ) ;
#1076 = AXIS2_PLACEMENT_3D ( 'NONE', #2100, #10283, #3808 ) ;
#1078 = DIRECTION ( 'NONE',  ( -0.5344658261278078000, 0.0000000000000000000, -0.8451900855437904900 ) ) ;
#1079 = ADVANCED_FACE ( 'NONE', ( #10277 ), #2246, .T. ) ;
#1080 = CARTESIAN_POINT ( 'NONE',  ( -0.02216863537048742800, -0.01953125000000006900, -0.6950199013593051400 ) ) ;
#1081 = EDGE_CURVE ( 'NONE', #3264, #977, #8119, .T. ) ;
#1082 = ORIENTED_EDGE ( 'NONE', *, *, #5315, .T. ) ;
#1083 = DIRECTION ( 'NONE',  ( 0.9605181116313731300, 0.0000000000000000000, 0.2782174639164499700 ) ) ;
#1084 = DIRECTION ( 'NONE',  ( -0.9797906520422696700, 0.0000000000000000000, -0.2000256937760349900 ) ) ;
#1085 = VECTOR ( 'NONE', #1181, 39.37007874015748100 ) ;
#1086 = LINE ( 'NONE', #5016, #3222 ) ;
#1087 = DIRECTION ( 'NONE',  ( -0.9991889981715700300, 0.0000000000000000000, -0.04026594010940538100 ) ) ;
#1088 = ORIENTED_EDGE ( 'NONE', *, *, #4342, .T. ) ;
#1089 = ADVANCED_FACE ( 'NONE', ( #8620 ), #1300, .T. ) ;
#1091 = DIRECTION ( 'NONE',  ( 0.6927243535096075900, 0.0000000000000000000, 0.7212024473438066700 ) ) ;
#1090 = CARTESIAN_POINT ( 'NONE',  ( -0.4183437994737904700, 0.0000000000000000000, 0.7970875142930249300 ) ) ;
#1092 = AXIS2_PLACEMENT_3D ( 'NONE', #2034, #5274, #309 ) ;
#1093 = LINE ( 'NONE', #71, #8937 ) ;
#1094 = DIRECTION ( 'NONE',  ( -0.9605181116313730200, -0.0000000000000000000, -0.2782174639164499100 ) ) ;
#1095 = EDGE_LOOP ( 'NONE', ( #2021, #8726, #7546, #9092 ) ) ;
#1096 = FACE_OUTER_BOUND ( 'NONE', #7728, .T. ) ;
#1097 = AXIS2_PLACEMENT_3D ( 'NONE', #10456, #680, #7202 ) ;
#1098 = EDGE_CURVE ( 'NONE', #9963, #1689, #3401, .T. ) ;
#1099 = CLOSED_SHELL ( 'NONE', ( #6274, #1149, #6173, #3190 ) ) ;
#1100 = ORIENTED_EDGE ( 'NONE', *, *, #3015, .T. ) ;
#1101 = EDGE_LOOP ( 'NONE', ( #1542, #10007, #10317, #5527 ) ) ;
#1102 = ORIENTED_EDGE ( 'NONE', *, *, #6034, .F. ) ;
#1103 = CIRCLE ( 'NONE', #8070, 0.03906249999999997900 ) ;
#1104 = CARTESIAN_POINT ( 'NONE',  ( 0.0000000000000000000, 0.0000000000000000000, 0.9002000000000001100 ) ) ;
#1105 = ADVANCED_FACE ( 'NONE', ( #5569 ), #3043, .F. ) ;
#1106 = ORIENTED_EDGE ( 'NONE', *, *, #8849, .F. ) ;
#1107 = DIRECTION ( 'NONE',  ( 0.7746049618276514800, 0.0000000000000000000, -0.6324453755953809400 ) ) ;
#1108 = CYLINDRICAL_SURFACE ( 'NONE', #2333, 0.03906249999999996500 ) ;
#1109 = EDGE_LOOP ( 'NONE', ( #2478, #108 ) ) ;
#1110 = ORIENTED_EDGE ( 'NONE', *, *, #3679, .F. ) ;
#1111 = DIRECTION ( 'NONE',  ( 0.9605181116313731300, 0.0000000000000000000, 0.2782174639164499700 ) ) ;
#1112 = EDGE_LOOP ( 'NONE', ( #33, #7704, #3057, #2915 ) ) ;
#1113 = CARTESIAN_POINT ( 'NONE',  ( 0.0000000000000000000, 0.0000000000000000000, 0.9002000000000001100 ) ) ;
#1114 = CARTESIAN_POINT ( 'NONE',  ( -0.2199417550948043800, 0.0000000000000000000, 0.6588059857543928600 ) ) ;
#1115 = AXIS2_PLACEMENT_3D ( 'NONE', #5273, #6026, #9283 ) ;
#1116 = EDGE_CURVE ( 'NONE', #7632, #5133, #4551, .T. ) ;
#1117 = LINE ( 'NONE', #4973, #8716 ) ;
#1118 = VERTEX_POINT ( 'NONE', #7847 ) ;
#1119 = VECTOR ( 'NONE', #788, 39.37007874015748100 ) ;
#1120 = DIRECTION ( 'NONE',  ( 0.1205366802553337900, 0.0000000000000000000, 0.9927088740980526400 ) ) ;
#1121 = ORIENTED_EDGE ( 'NONE', *, *, #3495, .F. ) ;
#1122 = DIRECTION ( 'NONE',  ( -0.2000256937760349400, 0.0000000000000000000, 0.9797906520422695600 ) ) ;
#1123 = DIRECTION ( 'NONE',  ( 0.2782174639164620200, 0.0000000000000000000, 0.9605181116313695800 ) ) ;
#1124 = ORIENTED_EDGE ( 'NONE', *, *, #1874, .T. ) ;
#1125 = ORIENTED_EDGE ( 'NONE', *, *, #1661, .T. ) ;
#1126 = DIRECTION ( 'NONE',  ( 0.9927088740980543100, 0.0000000000000000000, 0.1205366802553199100 ) ) ;
#1127 = EDGE_LOOP ( 'NONE', ( #907, #8089 ) ) ;
#1128 = DIRECTION ( 'NONE',  ( 0.7994427634035082800, 0.0000000000000000000, 0.6007422642379695000 ) ) ;
#1129 = LINE ( 'NONE', #3824, #5153 ) ;
#1130 = EDGE_CURVE ( 'NONE', #9997, #989, #5820, .T. ) ;
#1131 = DIRECTION ( 'NONE',  ( -0.9034504346103775500, 0.0000000000000000000, 0.4286925614030642200 ) ) ;
#1132 = ORIENTED_EDGE ( 'NONE', *, *, #1828, .T. ) ;
#1133 = AXIS2_PLACEMENT_3D ( 'NONE', #8503, #8605, #7763 ) ;
#1134 = VERTEX_POINT ( 'NONE', #2944 ) ;
#1135 = CARTESIAN_POINT ( 'NONE',  ( -0.2480123232565141200, 0.0000000000000000000, 0.8662423485486938600 ) ) ;
#1136 = VERTEX_POINT ( 'NONE', #9508 ) ;
#1137 = ADVANCED_FACE ( 'NONE', ( #3652, #9242, #4281, #528, #1518, #7737, #2154, #9880, #402, #6446, #8496, #4799, #9, #2029, #4685, #8359, #6845, #8866, #8993, #1275, #4928, #894, #6196, #7102, #2525, #9634, #8751, #6704, #2393, #261, #6573, #7469, #2288, #3159, #4417, #7998, #5306, #136, #6328, #4030, #4155 ), #10293, .F. ) ;
#1138 = PERSON_AND_ORGANIZATION ( #2878, #9238 ) ;
#1139 = CARTESIAN_POINT ( 'NONE',  ( 0.5166068074181928700, 0.01953124999999996200, -0.4654691377619683000 ) ) ;
#1140 = CARTESIAN_POINT ( 'NONE',  ( -0.1058455841438507000, 0.0000000000000000000, 0.8948087120851568900 ) ) ;
#1141 = VERTEX_POINT ( 'NONE', #2212 ) ;
#1142 = VECTOR ( 'NONE', #6541, 39.37007874015748100 ) ;
#1143 = ORIENTED_EDGE ( 'NONE', *, *, #9720, .T. ) ;
#1144 = DIRECTION ( 'NONE',  ( 0.8854560256532094700, 0.0000000000000000000, -0.4647231720437694500 ) ) ;
#1145 = ORIENTED_EDGE ( 'NONE', *, *, #6735, .F. ) ;
#1146 = AXIS2_PLACEMENT_3D ( 'NONE', #7292, #6439, #8991 ) ;
#1147 = CARTESIAN_POINT ( 'NONE',  ( 0.4481108989636878900, 0.0000000000000000000, -0.7817176863396440000 ) ) ;
#1148 = EDGE_CURVE ( 'NONE', #6349, #1221, #6076, .T. ) ;
#1149 = ADVANCED_FACE ( 'NONE', ( #7225 ), #4577, .F. ) ;
#1150 = CARTESIAN_POINT ( 'NONE',  ( -0.7795960684867560000, 0.0000000000000000000, -0.4500999999999928400 ) ) ;
#1151 = ORIENTED_EDGE ( 'NONE', *, *, #3253, .F. ) ;
#1152 = LINE ( 'NONE', #4173, #9643 ) ;
#1153 = CARTESIAN_POINT ( 'NONE',  ( 0.1113718375077834700, 4.783776559169353300E-018, -0.8941377034419195600 ) ) ;
#1154 = VERTEX_POINT ( 'NONE', #3017 ) ;
#1155 = DIRECTION ( 'NONE',  ( 0.04026594010940538800, 0.0000000000000000000, -0.9991889981715701400 ) ) ;
#1156 = EDGE_LOOP ( 'NONE', ( #7490, #1614, #8744, #4896, #9500 ) ) ;
#1157 = DIRECTION ( 'NONE',  ( 0.7746049618276515900, 0.0000000000000000000, -0.6324453755953810500 ) ) ;
#1158 = DIRECTION ( 'NONE',  ( -0.4647231720437573500, 0.0000000000000000000, 0.8854560256532157900 ) ) ;
#1159 = CARTESIAN_POINT ( 'NONE',  ( -0.5095599533215701100, 0.0000000000000000000, 0.7431248703126341900 ) ) ;
#1160 = ORIENTED_EDGE ( 'NONE', *, *, #2647, .F. ) ;
#1161 = CIRCLE ( 'NONE', #9648, 0.03906250000000012500 ) ;
#1162 = ORIENTED_EDGE ( 'NONE', *, *, #4076, .F. ) ;
#1163 = ADVANCED_FACE ( 'NONE', ( #10396 ), #1767, .T. ) ;
#1164 = FACE_OUTER_BOUND ( 'NONE', #3939, .T. ) ;
#1165 = VERTEX_POINT ( 'NONE', #4778 ) ;
#1166 = CARTESIAN_POINT ( 'NONE',  ( 0.8536975919968525800, 0.01953124999999986500, -0.2875845451314500400 ) ) ;
#1167 = DIRECTION ( 'NONE',  ( -0.7485107481711047500, 0.0000000000000000000, -0.6631226582407909700 ) ) ;
#1168 = AXIS2_PLACEMENT_3D ( 'NONE', #572, #6212, #6174 ) ;
#1169 = EDGE_CURVE ( 'NONE', #961, #4686, #1021, .T. ) ;
#1170 = ORIENTED_EDGE ( 'NONE', *, *, #62, .T. ) ;
#1171 = DIRECTION ( 'NONE',  ( -0.9927088740980526400, 0.0000000000000000000, 0.1205366802553337900 ) ) ;
#1172 = LINE ( 'NONE', #3580, #9011 ) ;
#1173 = ORIENTED_EDGE ( 'NONE', *, *, #7371, .F. ) ;
#1174 = CIRCLE ( 'NONE', #2958, 0.03906250000000003500 ) ;
#1175 = CARTESIAN_POINT ( 'NONE',  ( 0.5969430169483602700, 0.0000000000000000000, -0.6738093755036285200 ) ) ;
#1176 = DIRECTION ( 'NONE',  ( 0.6927243535095986000, 0.0000000000000000000, -0.7212024473438151100 ) ) ;
#1177 = PLANE ( 'NONE',  #1407 ) ;
#1178 = CARTESIAN_POINT ( 'NONE',  ( 0.7630401052466563300, 0.0000000000000000000, 0.4792240777459140200 ) ) ;
#1179 = VERTEX_POINT ( 'NONE', #8793 ) ;
#1180 = EDGE_CURVE ( 'NONE', #3413, #3243, #8241, .T. ) ;
#1181 = DIRECTION ( 'NONE',  ( -0.6324453755953708400, 0.0000000000000000000, 0.7746049618276598100 ) ) ;
#1182 = EDGE_LOOP ( 'NONE', ( #7022, #4343, #4048, #1979 ) ) ;
#1183 = CIRCLE ( 'NONE', #7366, 0.03906249999999995800 ) ;
#1184 = CIRCLE ( 'NONE', #4295, 0.03906250000000008300 ) ;
#1185 = DIRECTION ( 'NONE',  ( 0.7212024473438157800, 0.0000000000000000000, 0.6927243535095981600 ) ) ;
#1186 = CARTESIAN_POINT ( 'NONE',  ( 0.4605718422811416700, -0.01953125000000015600, -0.5198781401422409900 ) ) ;
#1187 = DIRECTION ( 'NONE',  ( -0.6631226582408013000, 0.0000000000000000000, -0.7485107481710957500 ) ) ;
#1189 = CARTESIAN_POINT ( 'NONE',  ( 0.6972993866372522200, 0.0000000000000000000, -0.5693273271109621200 ) ) ;
#1188 = VECTOR ( 'NONE', #7214, 39.37007874015747400 ) ;
#1190 = CARTESIAN_POINT ( 'NONE',  ( 0.5407881862670297400, 0.0000000000000000000, 0.7196583756158310100 ) ) ;
#1191 = FACE_BOUND ( 'NONE', #1048, .T. ) ;
#1192 = EDGE_CURVE ( 'NONE', #857, #10260, #9376, .T. ) ;
#1193 = AXIS2_PLACEMENT_3D ( 'NONE', #2970, #5263, #8651 ) ;
#1194 = EDGE_CURVE ( 'NONE', #6716, #2220, #10140, .T. ) ;
#1195 = CARTESIAN_POINT ( 'NONE',  ( -0.4605718422811487200, 0.0000000000000000000, -0.5198781401422347700 ) ) ;
#1196 = DIRECTION ( 'NONE',  ( -0.9797906520422696700, 0.0000000000000000000, -0.2000256937760349900 ) ) ;
#1197 = ADVANCED_FACE ( 'NONE', ( #780 ), #3117, .F. ) ;
#1198 = LINE ( 'NONE', #2768, #2700 ) ;
#1199 = APPLICATION_PROTOCOL_DEFINITION ( 'international standard', 'config_control_design', 1994, #2046 ) ;
#1200 = LINE ( 'NONE', #485, #5628 ) ;
#1201 = CIRCLE ( 'NONE', #2886, 0.03906250000000003500 ) ;
#1202 = DIRECTION ( 'NONE',  ( 0.6927243535095986000, 0.0000000000000000000, -0.7212024473438151100 ) ) ;
#1203 = CARTESIAN_POINT ( 'NONE',  ( -0.2154319609916658400, 0.01953124999999987900, -0.8740418240469306500 ) ) ;
#1204 = AXIS2_PLACEMENT_3D ( 'NONE', #2323, #3127, #4751 ) ;
#1205 = ORIENTED_EDGE ( 'NONE', *, *, #2760, .F. ) ;
#1206 = EDGE_CURVE ( 'NONE', #540, #2117, #9113, .T. ) ;
#1207 = PLANE ( 'NONE',  #7801 ) ;
#1208 = DIRECTION ( 'NONE',  ( 0.2393156642875516300, 0.0000000000000000000, -0.9709418174260535700 ) ) ;
#1209 = AXIS2_PLACEMENT_3D ( 'NONE', #1942, #3527, #7621 ) ;
#1210 = CIRCLE ( 'NONE', #374, 0.03906250000000004200 ) ;
#1211 = LINE ( 'NONE', #6193, #2578 ) ;
#1212 = ADVANCED_FACE ( 'NONE', ( #3907 ), #5164, .F. ) ;
#1213 = EDGE_CURVE ( 'NONE', #7590, #8515, #6564, .T. ) ;
#1214 = ORIENTED_EDGE ( 'NONE', *, *, #6910, .F. ) ;
#1215 = DIRECTION ( 'NONE',  ( 0.4647231720437573500, 0.0000000000000000000, -0.8854560256532157900 ) ) ;
#1216 = LINE ( 'NONE', #710, #8809 ) ;
#1217 = PLANE ( 'NONE',  #6272 ) ;
#1218 = ORIENTED_EDGE ( 'NONE', *, *, #2632, .F. ) ;
#1219 = CIRCLE ( 'NONE', #7014, 0.03906249999999993800 ) ;
#1220 = CARTESIAN_POINT ( 'NONE',  ( -0.7965402780564547800, 0.0000000000000000000, 0.4212000763770064000 ) ) ;
#1221 = VERTEX_POINT ( 'NONE', #7991 ) ;
#1222 = ORIENTED_EDGE ( 'NONE', *, *, #7995, .T. ) ;
#1223 = CARTESIAN_POINT ( 'NONE',  ( -0.2480123232565141200, 0.0000000000000000000, 0.8662423485486938600 ) ) ;
#1224 = EDGE_CURVE ( 'NONE', #2765, #9471, #3525, .T. ) ;
#1225 = DIRECTION ( 'NONE',  ( 0.8660254037844363800, 0.0000000000000000000, -0.5000000000000041100 ) ) ;
#1226 = FACE_OUTER_BOUND ( 'NONE', #1787, .T. ) ;
#1227 = PLANE ( 'NONE',  #1067 ) ;
#1228 = VERTEX_POINT ( 'NONE', #6407 ) ;
#1229 = CIRCLE ( 'NONE', #4889, 0.03906250000000003500 ) ;
#1230 = DIRECTION ( 'NONE',  ( -0.9350162426854181600, 0.0000000000000000000, -0.3546048870425268000 ) ) ;
#1231 = DIRECTION ( 'NONE',  ( 0.9991889981715695900, 0.0000000000000000000, -0.04026594010941867600 ) ) ;
#1232 = ORIENTED_EDGE ( 'NONE', *, *, #5745, .T. ) ;
#1233 = CARTESIAN_POINT ( 'NONE',  ( 0.4313331411807079200, 0.0000000000000000000, -0.5457813689797719200 ) ) ;
#1234 = VERTEX_POINT ( 'NONE', #4681 ) ;
#1235 = ORIENTED_EDGE ( 'NONE', *, *, #7544, .F. ) ;
#1236 = DIRECTION ( 'NONE',  ( -0.6007422642379800500, -0.0000000000000000000, -0.7994427634035002900 ) ) ;
#1237 = DIRECTION ( 'NONE',  ( -0.9350162426854181600, 0.0000000000000000000, -0.3546048870425268000 ) ) ;
#1238 = FACE_OUTER_BOUND ( 'NONE', #3275, .T. ) ;
#1239 = VERTEX_POINT ( 'NONE', #3187 ) ;
#1240 = AXIS2_PLACEMENT_3D ( 'NONE', #6768, #303, #201 ) ;
#1241 = EDGE_CURVE ( 'NONE', #2789, #4246, #5807, .T. ) ;
#1242 = CIRCLE ( 'NONE', #1317, 0.03906250000000004200 ) ;
#1243 = ORIENTED_EDGE ( 'NONE', *, *, #10095, .F. ) ;
#1244 = DIRECTION ( 'NONE',  ( -0.6324453755953813900, 0.0000000000000000000, -0.7746049618276511500 ) ) ;
#1245 = DIRECTION ( 'NONE',  ( 0.7212024473438157800, 0.0000000000000000000, 0.6927243535095981600 ) ) ;
#1246 = PLANE ( 'NONE',  #7887 ) ;
#1247 = ORIENTED_EDGE ( 'NONE', *, *, #324, .T. ) ;
#1248 = ORIENTED_EDGE ( 'NONE', *, *, #4979, .T. ) ;
#1249 = DIRECTION ( 'NONE',  ( -0.9605181116313692400, 0.0000000000000000000, 0.2782174639164631800 ) ) ;
#1250 = AXIS2_PLACEMENT_3D ( 'NONE', #4527, #9497, #6154 ) ;
#1251 = DIRECTION ( 'NONE',  ( 0.2782174639164511400, 0.0000000000000000000, -0.9605181116313726800 ) ) ;
#1252 = ORIENTED_EDGE ( 'NONE', *, *, #2025, .F. ) ;
#1253 = ADVANCED_FACE ( 'NONE', ( #8743 ), #8860, .T. ) ;
#1254 = LINE ( 'NONE', #1393, #2368 ) ;
#1255 = VERTEX_POINT ( 'NONE', #2375 ) ;
#1256 = DIRECTION ( 'NONE',  ( 0.8660254037844362700, 0.0000000000000000000, -0.5000000000000040000 ) ) ;
#1257 = CARTESIAN_POINT ( 'NONE',  ( 0.07243600515879085300, 0.0000000000000000000, -0.8972809287824163900 ) ) ;
#1258 = EDGE_LOOP ( 'NONE', ( #7049, #4501, #9744, #7536 ) ) ;
#1259 = DIRECTION ( 'NONE',  ( -0.2393156642875647600, 0.0000000000000000000, -0.9709418174260503500 ) ) ;
#1260 = ORIENTED_EDGE ( 'NONE', *, *, #1318, .T. ) ;
#1261 = AXIS2_PLACEMENT_3D ( 'NONE', #3037, #5501, #10307 ) ;
#1262 = EDGE_CURVE ( 'NONE', #6814, #5166, #10266, .T. ) ;
#1263 = CARTESIAN_POINT ( 'NONE',  ( 0.4858933002077773200, -0.01953125000000008300, -0.4974452859288974700 ) ) ;
#1264 = CARTESIAN_POINT ( 'NONE',  ( 0.7408500760774706700, 0.0000000000000000000, 0.5113718850073850600 ) ) ;
#1265 = ORIENTED_EDGE ( 'NONE', *, *, #10505, .T. ) ;
#1266 = DIRECTION ( 'NONE',  ( 0.2782174639164508600, 0.0000000000000000000, -0.9605181116313726800 ) ) ;
#1267 = LINE ( 'NONE', #2538, #9624 ) ;
#1268 = ORIENTED_EDGE ( 'NONE', *, *, #9133, .F. ) ;
#1269 = ORIENTED_EDGE ( 'NONE', *, *, #2977, .F. ) ;
#1270 = CARTESIAN_POINT ( 'NONE',  ( 0.7408500760774706700, 0.01953124999999987900, 0.5113718850073850600 ) ) ;
#1271 = ADVANCED_FACE ( 'NONE', ( #7216 ), #6835, .F. ) ;
#1272 = VERTEX_POINT ( 'NONE', #4086 ) ;
#1273 = EDGE_CURVE ( 'NONE', #7582, #69, #1508, .T. ) ;
#1274 = EDGE_LOOP ( 'NONE', ( #2341, #10101, #7324, #3234 ) ) ;
#1275 = FACE_BOUND ( 'NONE', #533, .T. ) ;
#1276 = ORIENTED_EDGE ( 'NONE', *, *, #8307, .F. ) ;
#1277 = CARTESIAN_POINT ( 'NONE',  ( 0.5678326293130869800, 0.01953124999999987900, 0.6993357950706328200 ) ) ;
#1278 = DIRECTION ( 'NONE',  ( -0.2782174639164631800, 0.0000000000000000000, -0.9605181116313692400 ) ) ;
#1279 = VERTEX_POINT ( 'NONE', #8187 ) ;
#1280 = EDGE_CURVE ( 'NONE', #9603, #7081, #9233, .T. ) ;
#1281 = CARTESIAN_POINT ( 'NONE',  ( -0.8820075449684513500, 0.0000000000000000000, -0.1800631295371867300 ) ) ;
#1282 = DIRECTION ( 'NONE',  ( -0.4286925614030641700, 0.0000000000000000000, -0.9034504346103774400 ) ) ;
#1283 = VECTOR ( 'NONE', #9270, 39.37007874015748900 ) ;
#1284 = VERTEX_POINT ( 'NONE', #7298 ) ;
#1285 = CARTESIAN_POINT ( 'NONE',  ( -0.4183437994737904700, 0.0000000000000000000, 0.7970875142930249300 ) ) ;
#1286 = VECTOR ( 'NONE', #4274, 39.37007874015748100 ) ;
#1287 = DIRECTION ( 'NONE',  ( 0.1205366802553199100, 0.0000000000000000000, -0.9927088740980543100 ) ) ;
#1288 = AXIS2_PLACEMENT_3D ( 'NONE', #3418, #4294, #7429 ) ;
#1289 = ORIENTED_EDGE ( 'NONE', *, *, #4428, .T. ) ;
#1290 = EDGE_CURVE ( 'NONE', #6209, #2106, #7986, .T. ) ;
#1291 = ORIENTED_EDGE ( 'NONE', *, *, #3101, .F. ) ;
#1292 = DIRECTION ( 'NONE',  ( -0.3919666098600698100, -0.0000000000000000000, 0.9199794436588264500 ) ) ;
#1293 = DIRECTION ( 'NONE',  ( -0.8660254037844432600, 0.0000000000000000000, -0.4999999999999919500 ) ) ;
#1294 = ORIENTED_EDGE ( 'NONE', *, *, #6509, .F. ) ;
#1295 = CYLINDRICAL_SURFACE ( 'NONE', #3843, 0.03906250000000002100 ) ;
#1296 = EDGE_LOOP ( 'NONE', ( #849, #1268, #8361, #4863 ) ) ;
#1297 = CIRCLE ( 'NONE', #4167, 0.03906250000000005600 ) ;
#1298 = ORIENTED_EDGE ( 'NONE', *, *, #2647, .T. ) ;
#1299 = DIRECTION ( 'NONE',  ( -0.6324453755953813900, 0.0000000000000000000, -0.7746049618276511500 ) ) ;
#1300 = PLANE ( 'NONE',  #5434 ) ;
#1301 = AXIS2_PLACEMENT_3D ( 'NONE', #7020, #2873, #3814 ) ;
#1302 = ORIENTED_EDGE ( 'NONE', *, *, #8134, .F. ) ;
#1303 = VERTEX_POINT ( 'NONE', #4027 ) ;
#1304 = VERTEX_POINT ( 'NONE', #5670 ) ;
#1305 = DIRECTION ( 'NONE',  ( -0.3546048870425387300, 0.0000000000000000000, -0.9350162426854137200 ) ) ;
#1306 = ADVANCED_FACE ( 'NONE', ( #652 ), #9780, .F. ) ;
#1307 = CARTESIAN_POINT ( 'NONE',  ( 0.2722404088783115800, 0.0000000000000000000, -0.6389717225932380900 ) ) ;
#1308 = EDGE_CURVE ( 'NONE', #5183, #888, #5689, .T. ) ;
#1310 = DIRECTION ( 'NONE',  ( 0.5344658261277964700, 0.0000000000000000000, -0.8451900855437978200 ) ) ;
#1309 = CARTESIAN_POINT ( 'NONE',  ( 0.6014979441984805700, 0.0000000000000000000, -0.3472750000000030000 ) ) ;
#1311 = PLANE ( 'NONE',  #3735 ) ;
#1312 = DIRECTION ( 'NONE',  ( 0.7212024473438065600, 0.0000000000000000000, -0.6927243535096077000 ) ) ;
#1313 = VECTOR ( 'NONE', #1052, 39.37007874015748100 ) ;
#1314 = CIRCLE ( 'NONE', #8323, 0.03906250000000002800 ) ;
#1315 = DIRECTION ( 'NONE',  ( 0.3166679938014603800, 0.0000000000000000000, -0.9485364419471495900 ) ) ;
#1316 = CARTESIAN_POINT ( 'NONE',  ( 0.8898210486315757400, 4.783776559169353300E-018, -0.1417900571917975700 ) ) ;
#1317 = AXIS2_PLACEMENT_3D ( 'NONE', #1958, #8550, #1328 ) ;
#1318 = EDGE_CURVE ( 'NONE', #8864, #2619, #7336, .T. ) ;
#1319 = LINE ( 'NONE', #7777, #8665 ) ;
#1320 = CARTESIAN_POINT ( 'NONE',  ( 0.5720164192124790300, 0.0000000000000000000, 0.6961918809190349400 ) ) ;
#1321 = CARTESIAN_POINT ( 'NONE',  ( 0.8132860812362671100, 0.0000000000000000000, 0.3859090437750274900 ) ) ;
#1322 = CYLINDRICAL_SURFACE ( 'NONE', #543, 0.03906250000000004200 ) ;
#1323 = VECTOR ( 'NONE', #9368, 39.37007874015748900 ) ;
#1324 = AXIS2_PLACEMENT_3D ( 'NONE', #9845, #2469, #3384 ) ;
#1325 = EDGE_LOOP ( 'NONE', ( #10265, #5808, #7196, #3514, #1482 ) ) ;
#1326 = CARTESIAN_POINT ( 'NONE',  ( -0.7216329471062309400, 0.01953124999999986500, 0.5392127027717943400 ) ) ;
#1327 = DIRECTION ( 'NONE',  ( -0.0000000000000000000, -1.000000000000000000, -6.123233995736766000E-017 ) ) ;
#1328 = DIRECTION ( 'NONE',  ( -0.04026594010940537400, 0.0000000000000000000, 0.9991889981715699200 ) ) ;
#1329 = LINE ( 'NONE', #6883, #3209 ) ;
#1330 = EDGE_CURVE ( 'NONE', #7853, #4946, #4405, .T. ) ;
#1331 = LINE ( 'NONE', #7041, #5491 ) ;
#1332 = AXIS2_PLACEMENT_3D ( 'NONE', #2454, #3199, #8042 ) ;
#1333 = VECTOR ( 'NONE', #2204, 39.37007874015748900 ) ;
#1334 = CARTESIAN_POINT ( 'NONE',  ( -0.6894859485048029400, 0.0000000000000000000, 0.08371875127134212300 ) ) ;
#1335 = EDGE_LOOP ( 'NONE', ( #7115, #6964, #7198, #1727, #3841 ) ) ;
#1336 = CARTESIAN_POINT ( 'NONE',  ( -0.2154319609916658400, 0.0000000000000000000, -0.8740418240469306500 ) ) ;
#1337 = CYLINDRICAL_SURFACE ( 'NONE', #9023, 0.03906250000000001400 ) ;
#1338 = CARTESIAN_POINT ( 'NONE',  ( 0.4183437994738012900, 0.0000000000000000000, 0.7970875142930192700 ) ) ;
#1339 = ORIENTED_EDGE ( 'NONE', *, *, #1054, .F. ) ;
#1340 = CARTESIAN_POINT ( 'NONE',  ( 0.1333705899634347300, 0.01953124999999997600, -0.6824634769806314800 ) ) ;
#1341 = FACE_OUTER_BOUND ( 'NONE', #6403, .T. ) ;
#1342 = AXIS2_PLACEMENT_3D ( 'NONE', #10064, #8516, #5087 ) ;
#1343 = EDGE_CURVE ( 'NONE', #10082, #5526, #5032, .T. ) ;
#1344 = DIRECTION ( 'NONE',  ( -0.9991889981715700300, 0.0000000000000000000, -0.04026594010940538100 ) ) ;
#1345 = ORIENTED_EDGE ( 'NONE', *, *, #8834, .T. ) ;
#1346 = CIRCLE ( 'NONE', #7612, 0.03906250000000002100 ) ;
#1347 = DIRECTION ( 'NONE',  ( 0.0000000000000000000, 6.136839043275350600E-017, -1.000000000000000000 ) ) ;
#1348 = EDGE_LOOP ( 'NONE', ( #7976, #486, #8750, #843 ) ) ;
#1349 = VECTOR ( 'NONE', #5614, 39.37007874015748100 ) ;
#1350 = ADVANCED_FACE ( 'NONE', ( #8983 ), #2509, .F. ) ;
#1351 = EDGE_LOOP ( 'NONE', ( #8463, #1442, #1997, #9214 ) ) ;
#1352 = DIRECTION ( 'NONE',  ( -0.9199794436588256700, 0.0000000000000000000, -0.3919666098600713100 ) ) ;
#1353 = VERTEX_POINT ( 'NONE', #3251 ) ;
#1354 = ORIENTED_EDGE ( 'NONE', *, *, #1707, .T. ) ;
#1355 = CYLINDRICAL_SURFACE ( 'NONE', #4864, 0.03906250000000003500 ) ;
#1356 = ORIENTED_EDGE ( 'NONE', *, *, #4428, .F. ) ;
#1357 = DIRECTION ( 'NONE',  ( 0.7212024473438157800, 0.0000000000000000000, 0.6927243535095981600 ) ) ;
#1358 = VECTOR ( 'NONE', #4306, 39.37007874015748900 ) ;
#1359 = PLANE ( 'NONE',  #9170 ) ;
#1360 = ORIENTED_EDGE ( 'NONE', *, *, #6389, .T. ) ;
#1361 = DIRECTION ( 'NONE',  ( -0.9605181116313692400, 0.0000000000000000000, 0.2782174639164631800 ) ) ;
#1362 = EDGE_CURVE ( 'NONE', #5137, #8202, #7727, .T. ) ;
#1363 = ORIENTED_EDGE ( 'NONE', *, *, #5745, .F. ) ;
#1364 = ORIENTED_EDGE ( 'NONE', *, *, #2351, .F. ) ;
#1365 = CARTESIAN_POINT ( 'NONE',  ( -0.6492264430988948800, -0.01953125000000016700, 0.6235904630293489500 ) ) ;
#1366 = LINE ( 'NONE', #118, #2253 ) ;
#1367 = EDGE_LOOP ( 'NONE', ( #8450, #542, #3131, #3521 ) ) ;
#1368 = LINE ( 'NONE', #4822, #9479 ) ;
#1369 = DIRECTION ( 'NONE',  ( 0.5344658261278078000, 0.0000000000000000000, 0.8451900855437904900 ) ) ;
#1370 = VERTEX_POINT ( 'NONE', #766 ) ;
#1371 = ORIENTED_EDGE ( 'NONE', *, *, #2313, .T. ) ;
#1372 = DIRECTION ( 'NONE',  ( -0.9199794436588270000, 0.0000000000000000000, -0.3919666098600683700 ) ) ;
#1373 = VERTEX_POINT ( 'NONE', #8924 ) ;
#1374 = AXIS2_PLACEMENT_3D ( 'NONE', #1970, #9185, #5212 ) ;
#1375 = EDGE_CURVE ( 'NONE', #1239, #3683, #9501, .T. ) ;
#1376 = DIRECTION ( 'NONE',  ( -0.7485107481710956400, 0.0000000000000000000, 0.6631226582408011900 ) ) ;
#1377 = ORIENTED_EDGE ( 'NONE', *, *, #9511, .T. ) ;
#1378 = LINE ( 'NONE', #5931, #4266 ) ;
#1379 = VERTEX_POINT ( 'NONE', #6366 ) ;
#1380 = EDGE_LOOP ( 'NONE', ( #3370, #5687, #2500, #9130 ) ) ;
#1381 = CARTESIAN_POINT ( 'NONE',  ( 0.7795960684867498900, 0.0000000000000000000, -0.4501000000000037700 ) ) ;
#1382 = AXIS2_PLACEMENT_3D ( 'NONE', #10455, #6475, #7297 ) ;
#1383 = VERTEX_POINT ( 'NONE', #8850 ) ;
#1384 = CARTESIAN_POINT ( 'NONE',  ( 0.4172455396264891900, 0.0000000000000000000, 0.5552529713219013200 ) ) ;
#1385 = CARTESIAN_POINT ( 'NONE',  ( -0.5677043158479360100, 4.783776559169353300E-018, -0.6997126043411517900 ) ) ;
#1386 = ORIENTED_EDGE ( 'NONE', *, *, #4453, .T. ) ;
#1387 = CYLINDRICAL_SURFACE ( 'NONE', #9161, 0.03906249999999999300 ) ;
#1388 = EDGE_CURVE ( 'NONE', #2899, #1589, #1636, .T. ) ;
#1389 = EDGE_LOOP ( 'NONE', ( #6278, #4029 ) ) ;
#1390 = AXIS2_PLACEMENT_3D ( 'NONE', #8011, #3936, #5582 ) ;
#1391 = EDGE_CURVE ( 'NONE', #8776, #1228, #5558, .T. ) ;
#1392 = ORIENTED_EDGE ( 'NONE', *, *, #2483, .T. ) ;
#1393 = CARTESIAN_POINT ( 'NONE',  ( 0.5716215590217246200, 0.01953124999999987900, -0.6962422297169720300 ) ) ;
#1394 = DIRECTION ( 'NONE',  ( -0.9967573081342106000, 0.0000000000000000000, -0.08046656871671943600 ) ) ;
#1395 = DIRECTION ( 'NONE',  ( -0.0000000000000000000, -0.0000000000000000000, 1.000000000000000000 ) ) ;
#1396 = CARTESIAN_POINT ( 'NONE',  ( -0.8297056513339706700, 0.01953124999999987900, -0.3508460934999268500 ) ) ;
#1397 = CIRCLE ( 'NONE', #2306, 0.03906250000000003500 ) ;
#1398 = ORIENTED_EDGE ( 'NONE', *, *, #7099, .F. ) ;
#1399 = VECTOR ( 'NONE', #6099, 39.37007874015748100 ) ;
#1400 = ORIENTED_EDGE ( 'NONE', *, *, #1497, .T. ) ;
#1401 = VERTEX_POINT ( 'NONE', #9667 ) ;
#1402 = AXIS2_PLACEMENT_3D ( 'NONE', #8667, #8597, #9480 ) ;
#1403 = CARTESIAN_POINT ( 'NONE',  ( 0.4811261366802424600, 0.0000000000000000000, -0.7608401150065270400 ) ) ;
#1404 = ADVANCED_FACE ( 'NONE', ( #7458 ), #4834, .F. ) ;
#1405 = EDGE_CURVE ( 'NONE', #5919, #4031, #10128, .T. ) ;
#1406 = CARTESIAN_POINT ( 'NONE',  ( -0.6562599847493307800, 0.0000000000000000000, 0.2307561782987799200 ) ) ;
#1407 = AXIS2_PLACEMENT_3D ( 'NONE', #5219, #5147, #10093 ) ;
#1408 = DIRECTION ( 'NONE',  ( 0.0000000000000000000, 5.454968038466978000E-017, -1.000000000000000000 ) ) ;
#1409 = CIRCLE ( 'NONE', #436, 0.03906250000000000700 ) ;
#1410 = ORIENTED_EDGE ( 'NONE', *, *, #8877, .F. ) ;
#1411 = EDGE_CURVE ( 'NONE', #989, #8481, #2894, .T. ) ;
#1412 = VECTOR ( 'NONE', #9807, 39.37007874015748100 ) ;
#1413 = ORIENTED_EDGE ( 'NONE', *, *, #9907, .T. ) ;
#1414 = DIRECTION ( 'NONE',  ( 0.5680647467311655800, 0.0000000000000000000, 0.8229838658936496900 ) ) ;
#1415 = CARTESIAN_POINT ( 'NONE',  ( 0.5097181712547608200, -0.01953125000000015600, -0.7427596078627259900 ) ) ;
#1416 = DIRECTION ( 'NONE',  ( -0.4647231720437573500, 0.0000000000000000000, 0.8854560256532157900 ) ) ;
#1417 = DIRECTION ( 'NONE',  ( 0.9967573081342092600, 0.0000000000000000000, -0.08046656871673289700 ) ) ;
#1418 = APPROVAL ( #6822, 'UNSPECIFIED' ) ;
#1419 = ORIENTED_EDGE ( 'NONE', *, *, #3153, .T. ) ;
#1420 = DIRECTION ( 'NONE',  ( -0.9967573081342106000, 0.0000000000000000000, -0.08046656871671795100 ) ) ;
#1421 = EDGE_CURVE ( 'NONE', #7373, #6143, #887, .T. ) ;
#1422 = LINE ( 'NONE', #5388, #3064 ) ;
#1423 = EDGE_LOOP ( 'NONE', ( #6125, #5268, #6681, #4241 ) ) ;
#1424 = CIRCLE ( 'NONE', #8798, 0.03906250000000007600 ) ;
#1425 = DIRECTION ( 'NONE',  ( 0.9870502626379149500, 0.0000000000000000000, 0.1604112808577475000 ) ) ;
#1426 = CARTESIAN_POINT ( 'NONE',  ( 0.1777932741788019200, -0.01953125000000016700, 0.8831160743846014900 ) ) ;
#1427 = DIRECTION ( 'NONE',  ( 0.1205366802553187500, 0.0000000000000000000, -0.9927088740980544200 ) ) ;
#1428 = CARTESIAN_POINT ( 'NONE',  ( 0.8417016216654091800, 0.01953124999999987900, -0.3192153193156940200 ) ) ;
#1429 = DIRECTION ( 'NONE',  ( 0.0000000000000000000, 6.168689017951560600E-017, -1.000000000000000000 ) ) ;
#1431 = CARTESIAN_POINT ( 'NONE',  ( -0.2482780656591498100, -0.01953125000000016700, -0.8659459863595644300 ) ) ;
#1430 = CYLINDRICAL_SURFACE ( 'NONE', #4976, 0.03906250000000002100 ) ;
#1432 = CARTESIAN_POINT ( 'NONE',  ( 0.5137437432209724900, 0.01953124999999987900, 0.7399809561610292100 ) ) ;
#1433 = FACE_OUTER_BOUND ( 'NONE', #1889, .T. ) ;
#1434 = AXIS2_PLACEMENT_3D ( 'NONE', #9578, #4689, #10361 ) ;
#1435 = CARTESIAN_POINT ( 'NONE',  ( 0.3528483421960348900, 0.0000000000000000000, -0.8281654951816757000 ) ) ;
#1436 = DIRECTION ( 'NONE',  ( -0.3166679938014603800, 0.0000000000000000000, 0.9485364419471495900 ) ) ;
#1437 = CARTESIAN_POINT ( 'NONE',  ( -0.8887742376332815600, -0.01953125000000015600, -0.1469176766051897600 ) ) ;
#1438 = EDGE_CURVE ( 'NONE', #767, #1373, #2515, .T. ) ;
#1439 = DIRECTION ( 'NONE',  ( 0.3166679938014732000, 0.0000000000000000000, 0.9485364419471453700 ) ) ;
#1440 = VECTOR ( 'NONE', #2524, 39.37007874015748900 ) ;
#1441 = CIRCLE ( 'NONE', #3618, 0.03906249999999994400 ) ;
#1442 = ORIENTED_EDGE ( 'NONE', *, *, #552, .F. ) ;
#1443 = AXIS2_PLACEMENT_3D ( 'NONE', #8224, #6577, #9028 ) ;
#1444 = CARTESIAN_POINT ( 'NONE',  ( -0.3712132395370690300, 0.0000000000000000000, -0.5870267739144399100 ) ) ;
#1445 = VECTOR ( 'NONE', #345, 39.37007874015748100 ) ;
#1446 = CIRCLE ( 'NONE', #8582, 0.03906250000000003500 ) ;
#1447 = CARTESIAN_POINT ( 'NONE',  ( 0.3227734791430002000, 0.0000000000000000000, 0.6149934826174369200 ) ) ;
#1448 = FACE_OUTER_BOUND ( 'NONE', #5744, .T. ) ;
#1449 = DIRECTION ( 'NONE',  ( 0.7746049618276514800, 0.0000000000000000000, -0.6324453755953809400 ) ) ;
#1450 = AXIS2_PLACEMENT_3D ( 'NONE', #9173, #6663, #7641 ) ;
#1451 = EDGE_CURVE ( 'NONE', #3309, #4684, #1888, .T. ) ;
#1452 = ORIENTED_EDGE ( 'NONE', *, *, #6852, .T. ) ;
#1453 = ADVANCED_FACE ( 'NONE', ( #10006 ), #1387, .F. ) ;
#1454 = LINE ( 'NONE', #4191, #8684 ) ;
#1455 = CARTESIAN_POINT ( 'NONE',  ( -0.2722404088783202900, 0.01953124999999988900, -0.6389717225932345400 ) ) ;
#1456 = LINE ( 'NONE', #9307, #8298 ) ;
#1457 = PLANE ( 'NONE',  #1739 ) ;
#1458 = CARTESIAN_POINT ( 'NONE',  ( 0.3860173066810399500, 4.783776559169353300E-018, 0.5787194660186973900 ) ) ;
#1459 = EDGE_LOOP ( 'NONE', ( #1525, #2863, #5477, #6190 ) ) ;
#1460 = EDGE_CURVE ( 'NONE', #6854, #1154, #9870, .T. ) ;
#1461 = AXIS2_PLACEMENT_3D ( 'NONE', #2039, #9323, #4467 ) ;
#1462 = LINE ( 'NONE', #8728, #2345 ) ;
#1463 = DIRECTION ( 'NONE',  ( 0.4286925614030635000, 0.0000000000000000000, 0.9034504346103779900 ) ) ;
#1464 = EDGE_LOOP ( 'NONE', ( #523, #651, #5661, #10242 ) ) ;
#1465 = VECTOR ( 'NONE', #9265, 39.37007874015748100 ) ;
#1466 = DIRECTION ( 'NONE',  ( -0.7746049618276514800, -0.0000000000000000000, 0.6324453755953809400 ) ) ;
#1467 = CARTESIAN_POINT ( 'NONE',  ( 0.8646584040905621600, 0.0000000000000000000, 0.2504513610175883000 ) ) ;
#1468 = EDGE_CURVE ( 'NONE', #1581, #720, #5439, .T. ) ;
#1469 = DIRECTION ( 'NONE',  ( 0.9991889981715695900, 0.0000000000000000000, -0.04026594010941867600 ) ) ;
#1470 = DIRECTION ( 'NONE',  ( -0.3546048870425280700, 0.0000000000000000000, 0.9350162426854177200 ) ) ;
#1471 = ORIENTED_EDGE ( 'NONE', *, *, #5921, .T. ) ;
#1472 = EDGE_LOOP ( 'NONE', ( #1987, #6198, #2742, #6087 ) ) ;
#1473 = DIRECTION ( 'NONE',  ( 0.5680647467311643600, 0.0000000000000000000, 0.8229838658936504700 ) ) ;
#1474 = FACE_OUTER_BOUND ( 'NONE', #113, .T. ) ;
#1475 = AXIS2_PLACEMENT_3D ( 'NONE', #4897, #9768, #9801 ) ;
#1476 = VERTEX_POINT ( 'NONE', #9699 ) ;
#1477 = CIRCLE ( 'NONE', #3403, 0.03906250000000004200 ) ;
#1478 = EDGE_CURVE ( 'NONE', #1255, #6688, #10384, .T. ) ;
#1479 = DIRECTION ( 'NONE',  ( 0.2393156642875516300, 0.0000000000000000000, -0.9709418174260535700 ) ) ;
#1480 = VERTEX_POINT ( 'NONE', #2463 ) ;
#1481 = ORIENTED_EDGE ( 'NONE', *, *, #222, .F. ) ;
#1482 = ORIENTED_EDGE ( 'NONE', *, *, #4694, .T. ) ;
#1483 = DIRECTION ( 'NONE',  ( 0.9485364419471457000, 0.0000000000000000000, -0.3166679938014719800 ) ) ;
#1484 = CARTESIAN_POINT ( 'NONE',  ( -0.6762859881578641200, 4.783776559169354100E-018, 0.5954184924299814600 ) ) ;
#1485 = CARTESIAN_POINT ( 'NONE',  ( -0.6671278544335677000, -0.01953125000000015600, 0.1932359395631795800 ) ) ;
#1486 = FACE_OUTER_BOUND ( 'NONE', #1325, .T. ) ;
#1487 = ORIENTED_EDGE ( 'NONE', *, *, #5435, .F. ) ;
#1488 = CIRCLE ( 'NONE', #5783, 0.03906250000000003500 ) ;
#1489 = ORIENTED_EDGE ( 'NONE', *, *, #2159, .T. ) ;
#1490 = EDGE_LOOP ( 'NONE', ( #9267, #2980 ) ) ;
#1491 = CARTESIAN_POINT ( 'NONE',  ( -0.2154319609916658400, 0.0000000000000000000, -0.8740418240469306500 ) ) ;
#1492 = ORIENTED_EDGE ( 'NONE', *, *, #9541, .T. ) ;
#1493 = CARTESIAN_POINT ( 'NONE',  ( 0.07285700423546413700, 4.783776559169353300E-018, 0.6918218255736688900 ) ) ;
#1494 = DIRECTION ( 'NONE',  ( -0.9967573081342096000, 0.0000000000000000000, 0.08046656871673192600 ) ) ;
#1495 = VERTEX_POINT ( 'NONE', #2430 ) ;
#1496 = AXIS2_PLACEMENT_3D ( 'NONE', #5575, #752, #648 ) ;
#1497 = EDGE_CURVE ( 'NONE', #8733, #7100, #9365, .T. ) ;
#1498 = CARTESIAN_POINT ( 'NONE',  ( -0.1061554250905223500, -0.01953125000000015600, -0.8945588157877256700 ) ) ;
#1499 = VECTOR ( 'NONE', #6731, 39.37007874015748100 ) ;
#1500 = ORIENTED_EDGE ( 'NONE', *, *, #5860, .T. ) ;
#1501 = EDGE_LOOP ( 'NONE', ( #7803, #8701, #4420, #7694, #5691 ) ) ;
#1502 = CARTESIAN_POINT ( 'NONE',  ( 7.666288962662432600E-017, -0.03906250000000004200, 0.6260000000000001100 ) ) ;
#1503 = VERTEX_POINT ( 'NONE', #10483 ) ;
#1504 = CARTESIAN_POINT ( 'NONE',  ( -0.1878536045033382400, -0.01953125000000015600, 0.6695185844730460200 ) ) ;
#1505 = ADVANCED_FACE ( 'NONE', ( #6063 ), #8486, .F. ) ;
#1506 = CARTESIAN_POINT ( 'NONE',  ( -0.5716215590217340600, 0.01953124999999987900, -0.6962422297169642600 ) ) ;
#1507 = ORIENTED_EDGE ( 'NONE', *, *, #5449, .F. ) ;
#1508 = LINE ( 'NONE', #9675, #4675 ) ;
#1509 = ORIENTED_EDGE ( 'NONE', *, *, #6587, .F. ) ;
#1510 = DIRECTION ( 'NONE',  ( 0.1205366802553327800, 0.0000000000000000000, 0.9927088740980527500 ) ) ;
#1511 = CARTESIAN_POINT ( 'NONE',  ( -0.8646584040905587200, 0.0000000000000000000, 0.2504513610176001800 ) ) ;
#1512 = ORIENTED_EDGE ( 'NONE', *, *, #10355, .T. ) ;
#1513 = AXIS2_PLACEMENT_3D ( 'NONE', #9709, #4842, #52 ) ;
#1514 = EDGE_CURVE ( 'NONE', #4769, #660, #1267, .T. ) ;
#1515 = DIRECTION ( 'NONE',  ( 0.9350162426854181600, -0.0000000000000000000, 0.3546048870425268000 ) ) ;
#1516 = VERTEX_POINT ( 'NONE', #179 ) ;
#1517 = CARTESIAN_POINT ( 'NONE',  ( -0.8646584040905587200, 0.01953124999999987900, 0.2504513610176001800 ) ) ;
#1518 = FACE_BOUND ( 'NONE', #5594, .T. ) ;
#1519 = CARTESIAN_POINT ( 'NONE',  ( 0.6577160032020030700, 0.01953124999999988900, 0.2257294194642574800 ) ) ;
#1520 = ORIENTED_EDGE ( 'NONE', *, *, #6680, .F. ) ;
#1521 = AXIS2_PLACEMENT_3D ( 'NONE', #190, #7395, #9778 ) ;
#1522 = ORIENTED_EDGE ( 'NONE', *, *, #6747, .T. ) ;
#1523 = CYLINDRICAL_SURFACE ( 'NONE', #3969, 0.03906250000000004200 ) ;
#1524 = EDGE_CURVE ( 'NONE', #7707, #1516, #7091, .T. ) ;
#1525 = ORIENTED_EDGE ( 'NONE', *, *, #8338, .F. ) ;
#1526 = EDGE_CURVE ( 'NONE', #10262, #5404, #391, .T. ) ;
#1527 = LINE ( 'NONE', #1016, #4807 ) ;
#1528 = ORIENTED_EDGE ( 'NONE', *, *, #5724, .F. ) ;
#1529 = DIRECTION ( 'NONE',  ( 0.9485364419471452600, 0.0000000000000000000, -0.3166679938014731500 ) ) ;
#1530 = ORIENTED_EDGE ( 'NONE', *, *, #7819, .T. ) ;
#1531 = CARTESIAN_POINT ( 'NONE',  ( 0.0000000000000000000, -0.01953125000000008700, -0.6260000000000001100 ) ) ;
#1532 = DIRECTION ( 'NONE',  ( -0.3546048870425253000, 0.0000000000000000000, 0.9350162426854188300 ) ) ;
#1533 = CARTESIAN_POINT ( 'NONE',  ( 0.8297056513339657900, -0.01953125000000016700, -0.3508460934999378400 ) ) ;
#1534 = ORIENTED_EDGE ( 'NONE', *, *, #5679, .T. ) ;
#1535 = FACE_OUTER_BOUND ( 'NONE', #7335, .T. ) ;
#1536 = CARTESIAN_POINT ( 'NONE',  ( -0.6274914993586380200, 0.01953124999999988900, 0.2977484185224983900 ) ) ;
#1537 = ORIENTED_EDGE ( 'NONE', *, *, #9247, .F. ) ;
#1538 = VECTOR ( 'NONE', #9395, 39.37007874015748100 ) ;
#1539 = DIRECTION ( 'NONE',  ( -0.5344658261278078000, 0.0000000000000000000, -0.8451900855437904900 ) ) ;
#1540 = EDGE_CURVE ( 'NONE', #9264, #355, #4915, .T. ) ;
#1541 = DIRECTION ( 'NONE',  ( 0.9485364419471457000, 0.0000000000000000000, -0.3166679938014719800 ) ) ;
#1542 = ORIENTED_EDGE ( 'NONE', *, *, #5215, .F. ) ;
#1543 = CARTESIAN_POINT ( 'NONE',  ( -0.1444022350281443100, 0.0000000000000000000, 0.8885426464266511500 ) ) ;
#1544 = CARTESIAN_POINT ( 'NONE',  ( -0.5678326293130771000, -0.01953125000000016700, 0.6993357950706407000 ) ) ;
#1545 = VERTEX_POINT ( 'NONE', #5830 ) ;
#1546 = EDGE_LOOP ( 'NONE', ( #7176, #4452, #8466, #9732 ) ) ;
#1547 = ORIENTED_EDGE ( 'NONE', *, *, #1273, .F. ) ;
#1548 = CARTESIAN_POINT ( 'NONE',  ( 0.3528483421960348900, 0.0000000000000000000, -0.8281654951816757000 ) ) ;
#1549 = CIRCLE ( 'NONE', #6216, 0.03906249999999997900 ) ;
#1550 = CARTESIAN_POINT ( 'NONE',  ( -0.07243600515880298200, 0.0000000000000000000, -0.8972809287824155000 ) ) ;
#1551 = PLANE ( 'NONE',  #5386 ) ;
#1552 = AXIS2_PLACEMENT_3D ( 'NONE', #5138, #2081, #10117 ) ;
#1553 = ADVANCED_FACE ( 'NONE', ( #4148 ), #148, .T. ) ;
#1554 = CIRCLE ( 'NONE', #2395, 0.03906249999999997900 ) ;
#1555 = EDGE_CURVE ( 'NONE', #5411, #10215, #2018, .T. ) ;
#1556 = CIRCLE ( 'NONE', #2153, 0.03906250000000004900 ) ;
#1557 = DIRECTION ( 'NONE',  ( -0.9797906520422696700, 0.0000000000000000000, -0.2000256937760349900 ) ) ;
#1558 = CARTESIAN_POINT ( 'NONE',  ( 0.8132860812362671100, 0.0000000000000000000, 0.3859090437750274900 ) ) ;
#1559 = CARTESIAN_POINT ( 'NONE',  ( 0.2850645280200862500, 0.0000000000000000000, 0.8538725050408205700 ) ) ;
#1561 = DIRECTION ( 'NONE',  ( 0.04026594010940538800, 0.0000000000000000000, -0.9991889981715701400 ) ) ;
#1560 = CYLINDRICAL_SURFACE ( 'NONE', #1710, 0.03906250000000004900 ) ;
#1562 = LINE ( 'NONE', #3519, #7789 ) ;
#1563 = FACE_OUTER_BOUND ( 'NONE', #7071, .T. ) ;
#1564 = DIRECTION ( 'NONE',  ( 0.4647231720437694500, 0.0000000000000000000, 0.8854560256532094700 ) ) ;
#1565 = DIRECTION ( 'NONE',  ( 0.7994427634035007300, 0.0000000000000000000, -0.6007422642379795000 ) ) ;
#1566 = CARTESIAN_POINT ( 'NONE',  ( 0.8132860812362671100, 0.0000000000000000000, 0.3859090437750274900 ) ) ;
#1567 = EDGE_LOOP ( 'NONE', ( #7756, #7605, #3256, #3343 ) ) ;
#1568 = AXIS2_PLACEMENT_3D ( 'NONE', #7668, #6771, #6810 ) ;
#1569 = EDGE_CURVE ( 'NONE', #755, #3602, #9752, .T. ) ;
#1570 = LINE ( 'NONE', #5851, #9433 ) ;
#1571 = DIRECTION ( 'NONE',  ( 0.9927088740980544200, 0.0000000000000000000, 0.1205366802553199300 ) ) ;
#1573 = DIRECTION ( 'NONE',  ( 0.7212024473438157800, 0.0000000000000000000, 0.6927243535095981600 ) ) ;
#1572 = LINE ( 'NONE', #10203, #1950 ) ;
#1574 = VECTOR ( 'NONE', #5292, 39.37007874015748100 ) ;
#1575 = AXIS2_PLACEMENT_3D ( 'NONE', #6011, #451, #4454 ) ;
#1576 = ORIENTED_EDGE ( 'NONE', *, *, #6599, .T. ) ;
#1577 = LINE ( 'NONE', #4161, #7679 ) ;
#1578 = DIRECTION ( 'NONE',  ( 0.1205366802553188300, 0.0000000000000000000, -0.9927088740980544200 ) ) ;
#1580 = CARTESIAN_POINT ( 'NONE',  ( -0.2850645280200746500, 0.0000000000000000000, 0.8538725050408242400 ) ) ;
#1579 = DIRECTION ( 'NONE',  ( 0.2393156642875516300, 0.0000000000000000000, -0.9709418174260535700 ) ) ;
#1581 = VERTEX_POINT ( 'NONE', #5863 ) ;
#1582 = AXIS2_PLACEMENT_3D ( 'NONE', #4728, #1611, #7144 ) ;
#1583 = EDGE_CURVE ( 'NONE', #353, #7328, #2771, .T. ) ;
#1584 = CYLINDRICAL_SURFACE ( 'NONE', #8390, 0.03906250000000004900 ) ;
#1585 = ORIENTED_EDGE ( 'NONE', *, *, #10073, .F. ) ;
#1586 = ORIENTED_EDGE ( 'NONE', *, *, #6569, .T. ) ;
#1587 = CARTESIAN_POINT ( 'NONE',  ( 0.8741940413053219700, 0.0000000000000000000, -0.2183362018825997500 ) ) ;
#1588 = CIRCLE ( 'NONE', #9435, 0.03906249999999999300 ) ;
#1589 = VERTEX_POINT ( 'NONE', #890 ) ;
#1590 = DIRECTION ( 'NONE',  ( -0.04026594010941936900, 0.0000000000000000000, -0.9991889981715693600 ) ) ;
#1591 = CIRCLE ( 'NONE', #4494, 0.03906250000000002100 ) ;
#1592 = AXIS2_PLACEMENT_3D ( 'NONE', #7141, #10331, #4754 ) ;
#1593 = EDGE_LOOP ( 'NONE', ( #2028, #6105, #6719, #234 ) ) ;
#1594 = EDGE_CURVE ( 'NONE', #963, #7328, #641, .T. ) ;
#1595 = VERTEX_POINT ( 'NONE', #923 ) ;
#1596 = ORIENTED_EDGE ( 'NONE', *, *, #9530, .T. ) ;
#1597 = ORIENTED_EDGE ( 'NONE', *, *, #9948, .F. ) ;
#1598 = DIRECTION ( 'NONE',  ( 0.9870502626379128500, 0.0000000000000000000, -0.1604112808577605700 ) ) ;
#1599 = FACE_OUTER_BOUND ( 'NONE', #6428, .T. ) ;
#1600 = CARTESIAN_POINT ( 'NONE',  ( 0.1828895503312529300, 4.783776559169354800E-018, 0.6711758292622602700 ) ) ;
#1601 = DIRECTION ( 'NONE',  ( -0.7485107481711046300, 0.0000000000000000000, -0.6631226582407912000 ) ) ;
#1603 = ORIENTED_EDGE ( 'NONE', *, *, #3876, .T. ) ;
#1602 = EDGE_CURVE ( 'NONE', #6054, #2596, #10258, .T. ) ;
#1604 = ADVANCED_FACE ( 'NONE', ( #6437 ), #5761, .F. ) ;
#1605 = DIRECTION ( 'NONE',  ( -0.9991889981715701400, 0.0000000000000000000, -0.04026594010940538800 ) ) ;
#1606 = FACE_OUTER_BOUND ( 'NONE', #4059, .T. ) ;
#1607 = ORIENTED_EDGE ( 'NONE', *, *, #2475, .T. ) ;
#1608 = ORIENTED_EDGE ( 'NONE', *, *, #4789, .F. ) ;
#1609 = DIRECTION ( 'NONE',  ( 0.1205366802553199100, 0.0000000000000000000, -0.9927088740980543100 ) ) ;
#1610 = ORIENTED_EDGE ( 'NONE', *, *, #10157, .T. ) ;
#1611 = DIRECTION ( 'NONE',  ( 0.2393156642875516300, 0.0000000000000000000, -0.9709418174260535700 ) ) ;
#1612 = AXIS2_PLACEMENT_3D ( 'NONE', #8111, #9017, #851 ) ;
#1613 = EDGE_CURVE ( 'NONE', #10347, #9603, #2502, .T. ) ;
#1614 = ORIENTED_EDGE ( 'NONE', *, *, #7036, .F. ) ;
#1615 = VECTOR ( 'NONE', #7311, 39.37007874015748900 ) ;
#1616 = ORIENTED_EDGE ( 'NONE', *, *, #9553, .F. ) ;
#1617 = CARTESIAN_POINT ( 'NONE',  ( 0.8132860812362671100, 0.0000000000000000000, 0.3859090437750274900 ) ) ;
#1618 = VERTEX_POINT ( 'NONE', #9051 ) ;
#1620 = CARTESIAN_POINT ( 'NONE',  ( 0.6759043178180494900, -0.01953125000000016700, -0.5955315292531582200 ) ) ;
#1619 = DIRECTION ( 'NONE',  ( -0.6631226582408013000, 0.0000000000000000000, -0.7485107481710957500 ) ) ;
#1621 = ORIENTED_EDGE ( 'NONE', *, *, #8531, .T. ) ;
#1622 = CARTESIAN_POINT ( 'NONE',  ( -0.8889280643905934600, 0.0000000000000000000, 0.1472848099603067400 ) ) ;
#1623 = ORIENTED_EDGE ( 'NONE', *, *, #1116, .F. ) ;
#1624 = FACE_OUTER_BOUND ( 'NONE', #18, .T. ) ;
#1625 = VERTEX_POINT ( 'NONE', #2567 ) ;
#1626 = CARTESIAN_POINT ( 'NONE',  ( 0.8820075449684489100, 0.0000000000000000000, -0.1800631295371986900 ) ) ;
#1627 = ORIENTED_EDGE ( 'NONE', *, *, #3270, .F. ) ;
#1628 = EDGE_LOOP ( 'NONE', ( #1243, #8253, #9053, #5038 ) ) ;
#1629 = PLANE ( 'NONE',  #2823 ) ;
#1630 = CARTESIAN_POINT ( 'NONE',  ( 0.6894859485048038300, 0.0000000000000000000, 0.08371875127133247800 ) ) ;
#1631 = CARTESIAN_POINT ( 'NONE',  ( 0.03906250000000003500, 0.0000000000000000000, 0.9002000000000001100 ) ) ;
#1632 = AXIS2_PLACEMENT_3D ( 'NONE', #6660, #944, #7521 ) ;
#1633 = EDGE_CURVE ( 'NONE', #3635, #4934, #8608, .T. ) ;
#1634 = DATE_AND_TIME ( #6700, #4402 ) ;
#1635 = ORIENTED_EDGE ( 'NONE', *, *, #587, .F. ) ;
#1636 = CIRCLE ( 'NONE', #294, 0.03906250000000000000 ) ;
#1637 = ORIENTED_EDGE ( 'NONE', *, *, #9858, .F. ) ;
#1638 = CARTESIAN_POINT ( 'NONE',  ( -0.8536975919968564600, 0.01953124999999986500, -0.2875845451314385500 ) ) ;
#1639 = ORIENTED_EDGE ( 'NONE', *, *, #5090, .F. ) ;
#1640 = DIRECTION ( 'NONE',  ( 0.1604112808577605700, 0.0000000000000000000, 0.9870502626379128500 ) ) ;
#1641 = CARTESIAN_POINT ( 'NONE',  ( -0.5380018762374012600, 0.0000000000000000000, -0.4392649356197649800 ) ) ;
#1642 = CARTESIAN_POINT ( 'NONE',  ( 0.7216329471062381500, -0.01953125000000015600, 0.5392127027717846800 ) ) ;
#1643 = CIRCLE ( 'NONE', #9762, 0.03906249999999997900 ) ;
#1644 = CARTESIAN_POINT ( 'NONE',  ( 0.6671278544335704800, -0.01953125000000015600, 0.1932359395631703900 ) ) ;
#1645 = EDGE_LOOP ( 'NONE', ( #9076, #3738, #3785, #9875 ) ) ;
#1646 = CARTESIAN_POINT ( 'NONE',  ( -0.1828895503312437900, 0.0000000000000000000, 0.6711758292622624900 ) ) ;
#1647 = FACE_OUTER_BOUND ( 'NONE', #10227, .T. ) ;
#1648 = VERTEX_POINT ( 'NONE', #5140 ) ;
#1649 = AXIS2_PLACEMENT_3D ( 'NONE', #301, #8367, #8403 ) ;
#1650 = EDGE_CURVE ( 'NONE', #10397, #2631, #2762, .T. ) ;
#1651 = ORIENTED_EDGE ( 'NONE', *, *, #4373, .T. ) ;
#1652 = CARTESIAN_POINT ( 'NONE',  ( -0.07285700423545499200, 0.0000000000000000000, 0.6918218255736697800 ) ) ;
#1654 = DIRECTION ( 'NONE',  ( -0.7212024473438066700, 0.0000000000000000000, 0.6927243535096077000 ) ) ;
#1653 = CARTESIAN_POINT ( 'NONE',  ( -0.5716034440564348200, 0.0000000000000000000, 0.3945493698421307900 ) ) ;
#1655 = ORIENTED_EDGE ( 'NONE', *, *, #6012, .F. ) ;
#1656 = VECTOR ( 'NONE', #5497, 39.37007874015748900 ) ;
#1657 = ORIENTED_EDGE ( 'NONE', *, *, #2977, .T. ) ;
#1658 = VECTOR ( 'NONE', #2504, 39.37007874015748900 ) ;
#1659 = ADVANCED_FACE ( 'NONE', ( #8348 ), #2007, .F. ) ;
#1660 = CLOSED_SHELL ( 'NONE', ( #4939, #9116, #7194, #9149 ) ) ;
#1661 = EDGE_CURVE ( 'NONE', #6988, #1476, #8101, .T. ) ;
#1662 = AXIS2_PLACEMENT_3D ( 'NONE', #2998, #3102, #10309 ) ;
#1663 = ORIENTED_EDGE ( 'NONE', *, *, #78, .T. ) ;
#1664 = PLANE ( 'NONE',  #2298 ) ;
#1665 = CYLINDRICAL_SURFACE ( 'NONE', #221, 0.03906250000000000700 ) ;
#1666 = ORIENTED_EDGE ( 'NONE', *, *, #95, .F. ) ;
#1667 = CARTESIAN_POINT ( 'NONE',  ( 0.8277883721967539400, -0.01953125000000016700, 0.3553461130159383300 ) ) ;
#1668 = FACE_OUTER_BOUND ( 'NONE', #8601, .T. ) ;
#1669 = DIRECTION ( 'NONE',  ( 1.000000000000000000, 0.0000000000000000000, 0.0000000000000000000 ) ) ;
#1670 = CARTESIAN_POINT ( 'NONE',  ( -0.7220042841214536800, 0.0000000000000000000, -0.5390693207895599400 ) ) ;
#1671 = DIRECTION ( 'NONE',  ( 0.9927088740980527500, 0.0000000000000000000, -0.1205366802553338000 ) ) ;
#1673 = CARTESIAN_POINT ( 'NONE',  ( 0.4811261366802424600, 0.0000000000000000000, -0.7608401150065270400 ) ) ;
#1672 = AXIS2_PLACEMENT_3D ( 'NONE', #7265, #8955, #49 ) ;
#1674 = CARTESIAN_POINT ( 'NONE',  ( 0.07243600515879085300, 0.0000000000000000000, -0.8972809287824163900 ) ) ;
#1675 = DIRECTION ( 'NONE',  ( 0.9967573081342106000, 0.0000000000000000000, 0.08046656871671943600 ) ) ;
#1676 = EDGE_CURVE ( 'NONE', #6526, #508, #1378, .T. ) ;
#1677 = CIRCLE ( 'NONE', #10085, 0.03906250000000002100 ) ;
#1678 = CIRCLE ( 'NONE', #7372, 0.03906250000000002100 ) ;
#1679 = CARTESIAN_POINT ( 'NONE',  ( 0.4811261366802424600, 0.0000000000000000000, -0.7608401150065270400 ) ) ;
#1680 = CARTESIAN_POINT ( 'NONE',  ( 0.4484737725719384900, 0.0000000000000000000, 0.5317864766251051400 ) ) ;
#1681 = CARTESIAN_POINT ( 'NONE',  ( 0.3217262496504093000, -0.01953125000000015600, -0.8414253796181632200 ) ) ;
#1682 = ADVANCED_FACE ( 'NONE', ( #9741 ), #1748, .F. ) ;
#1683 = VECTOR ( 'NONE', #2954, 39.37007874015748100 ) ;
#1684 = DIRECTION ( 'NONE',  ( 0.9927088740980544200, 0.0000000000000000000, 0.1205366802553199300 ) ) ;
#1685 = FACE_BOUND ( 'NONE', #5151, .T. ) ;
#1687 = CARTESIAN_POINT ( 'NONE',  ( 0.8741940413053219700, 0.0000000000000000000, -0.2183362018825997800 ) ) ;
#1686 = CARTESIAN_POINT ( 'NONE',  ( -0.8977141779626362000, -0.01953125000000015600, 0.07492465458416562600 ) ) ;
#1688 = DIRECTION ( 'NONE',  ( 0.3166679938014732000, 0.0000000000000000000, 0.9485364419471453700 ) ) ;
#1689 = VERTEX_POINT ( 'NONE', #8391 ) ;
#1690 = DIRECTION ( 'NONE',  ( -0.7485107481711047500, 0.0000000000000000000, -0.6631226582407909700 ) ) ;
#1691 = EDGE_CURVE ( 'NONE', #8258, #1545, #2384, .T. ) ;
#1692 = CIRCLE ( 'NONE', #7008, 0.03906250000000006200 ) ;
#1693 = DIRECTION ( 'NONE',  ( 0.9797906520422669000, 0.0000000000000000000, -0.2000256937760482600 ) ) ;
#1694 = CIRCLE ( 'NONE', #5158, 0.03906250000000000000 ) ;
#1695 = CYLINDRICAL_SURFACE ( 'NONE', #5799, 0.03906250000000004200 ) ;
#1696 = DIRECTION ( 'NONE',  ( -0.3166679938014603800, 0.0000000000000000000, 0.9485364419471495900 ) ) ;
#1697 = DIRECTION ( 'NONE',  ( 0.2000256937760349400, 0.0000000000000000000, -0.9797906520422695600 ) ) ;
#1698 = CARTESIAN_POINT ( 'NONE',  ( -0.6492264430988948800, 0.0000000000000000000, 0.6235904630293489500 ) ) ;
#1699 = VERTEX_POINT ( 'NONE', #9263 ) ;
#1700 = DIRECTION ( 'NONE',  ( 0.5680647467311541500, 0.0000000000000000000, -0.8229838658936574600 ) ) ;
#1701 = CIRCLE ( 'NONE', #1575, 0.03906249999999996500 ) ;
#1702 = DIRECTION ( 'NONE',  ( -0.9199794436588212300, 0.0000000000000000000, 0.3919666098600821400 ) ) ;
#1703 = CIRCLE ( 'NONE', #2217, 0.03906249999999996500 ) ;
#1704 = DIRECTION ( 'NONE',  ( -0.9199794436588212300, 0.0000000000000000000, 0.3919666098600821400 ) ) ;
#1705 = CARTESIAN_POINT ( 'NONE',  ( -0.5969430169483694900, 0.0000000000000000000, -0.6738093755036204100 ) ) ;
#1706 = AXIS2_PLACEMENT_3D ( 'NONE', #8138, #1571, #1609 ) ;
#1707 = EDGE_CURVE ( 'NONE', #3557, #6135, #1877, .T. ) ;
#1708 = ORIENTED_EDGE ( 'NONE', *, *, #8462, .T. ) ;
#1709 = LINE ( 'NONE', #9677, #8436 ) ;
#1710 = AXIS2_PLACEMENT_3D ( 'NONE', #8996, #6540, #1002 ) ;
#1711 = EDGE_LOOP ( 'NONE', ( #7637, #6769, #4880, #9191 ) ) ;
#1712 = LINE ( 'NONE', #1203, #2112 ) ;
#1713 = DIRECTION ( 'NONE',  ( 0.9485364419471457000, 0.0000000000000000000, -0.3166679938014719800 ) ) ;
#1714 = ORIENTED_EDGE ( 'NONE', *, *, #6553, .F. ) ;
#1715 = VERTEX_POINT ( 'NONE', #3553 ) ;
#1716 = ADVANCED_FACE ( 'NONE', ( #6821 ), #3518, .T. ) ;
#1717 = EDGE_CURVE ( 'NONE', #1724, #2874, #8974, .T. ) ;
#1719 = CARTESIAN_POINT ( 'NONE',  ( 0.07243600515879085300, 0.01953124999999987900, -0.8972809287824163900 ) ) ;
#1718 = DIRECTION ( 'NONE',  ( 0.2782174639164617400, 0.0000000000000000000, 0.9605181116313696900 ) ) ;
#1720 = AXIS2_PLACEMENT_3D ( 'NONE', #1741, #9714, #2442 ) ;
#1721 = EDGE_CURVE ( 'NONE', #2229, #2387, #10376, .T. ) ;
#1722 = FACE_OUTER_BOUND ( 'NONE', #2655, .T. ) ;
#1723 = CARTESIAN_POINT ( 'NONE',  ( -0.3227734791429917600, 0.0000000000000000000, 0.6149934826174412400 ) ) ;
#1724 = VERTEX_POINT ( 'NONE', #9225 ) ;
#1725 = LINE ( 'NONE', #7842, #8822 ) ;
#1726 = MANIFOLD_SOLID_BREP ( 'CirPattern1[34]', #2424 ) ;
#1727 = ORIENTED_EDGE ( 'NONE', *, *, #7308, .F. ) ;
#1728 = DIRECTION ( 'NONE',  ( 0.5680647467311540400, 0.0000000000000000000, -0.8229838658936575700 ) ) ;
#1729 = ORIENTED_EDGE ( 'NONE', *, *, #750, .F. ) ;
#1730 = LINE ( 'NONE', #8891, #5667 ) ;
#1731 = CARTESIAN_POINT ( 'NONE',  ( 0.3712132395370612000, 0.0000000000000000000, -0.5870267739144450200 ) ) ;
#1732 = CARTESIAN_POINT ( 'NONE',  ( -0.6274914993586380200, 0.0000000000000000000, 0.2977484185224983900 ) ) ;
#1733 = AXIS2_PLACEMENT_3D ( 'NONE', #1334, #7783, #2079 ) ;
#1734 = ORIENTED_EDGE ( 'NONE', *, *, #3149, .F. ) ;
#1735 = DIRECTION ( 'NONE',  ( 0.8660254037844431500, -0.0000000000000000000, 0.4999999999999919000 ) ) ;
#1736 = CIRCLE ( 'NONE', #10204, 0.03906250000000003500 ) ;
#1737 = EDGE_CURVE ( 'NONE', #895, #4806, #10508, .T. ) ;
#1738 = ORIENTED_EDGE ( 'NONE', *, *, #853, .T. ) ;
#1739 = AXIS2_PLACEMENT_3D ( 'NONE', #9607, #2973, #7883 ) ;
#1740 = ORIENTED_EDGE ( 'NONE', *, *, #7511, .F. ) ;
#1741 = CARTESIAN_POINT ( 'NONE',  ( -0.8994699361540474700, 0.0000000000000000000, -0.03624739928648673000 ) ) ;
#1742 = ORIENTED_EDGE ( 'NONE', *, *, #8015, .F. ) ;
#1743 = MANIFOLD_SOLID_BREP ( 'CirPattern1[33]', #6982 ) ;
#1744 = CARTESIAN_POINT ( 'NONE',  ( 0.3712132395370612000, 0.0000000000000000000, -0.5870267739144450200 ) ) ;
#1745 = EDGE_CURVE ( 'NONE', #10278, #7347, #4663, .T. ) ;
#1746 = DIRECTION ( 'NONE',  ( 0.9350162426854133900, 0.0000000000000000000, -0.3546048870425394000 ) ) ;
#1747 = EDGE_LOOP ( 'NONE', ( #2801, #7418 ) ) ;
#1748 = CYLINDRICAL_SURFACE ( 'NONE', #3860, 0.03906250000000004200 ) ;
#1749 = ORIENTED_EDGE ( 'NONE', *, *, #241, .T. ) ;
#1750 = CARTESIAN_POINT ( 'NONE',  ( -0.2850645280200746500, 0.0000000000000000000, 0.8538725050408242400 ) ) ;
#1751 = DIRECTION ( 'NONE',  ( 0.3546048870425268000, 0.0000000000000000000, -0.9350162426854181600 ) ) ;
#1752 = VERTEX_POINT ( 'NONE', #7649 ) ;
#1753 = ORIENTED_EDGE ( 'NONE', *, *, #6780, .F. ) ;
#1754 = PERSON_AND_ORGANIZATION ( #2878, #9238 ) ;
#1755 = ORIENTED_EDGE ( 'NONE', *, *, #4912, .F. ) ;
#1756 = EDGE_CURVE ( 'NONE', #885, #7367, #7327, .T. ) ;
#1757 = VECTOR ( 'NONE', #5555, 39.37007874015748100 ) ;
#1758 = DIRECTION ( 'NONE',  ( 0.6927243535096075900, 0.0000000000000000000, 0.7212024473438064500 ) ) ;
#1759 = ORIENTED_EDGE ( 'NONE', *, *, #9757, .F. ) ;
#1760 = ORIENTED_EDGE ( 'NONE', *, *, #1954, .F. ) ;
#1761 = CARTESIAN_POINT ( 'NONE',  ( 0.6671278544335704800, 0.0000000000000000000, 0.1932359395631703900 ) ) ;
#1762 = ADVANCED_FACE ( 'NONE', ( #254 ), #7680, .F. ) ;
#1763 = CIRCLE ( 'NONE', #1612, 0.03906249999999999300 ) ;
#1764 = CARTESIAN_POINT ( 'NONE',  ( 0.2411183163326858500, 0.01953124999999997200, -0.6522316070297259300 ) ) ;
#1765 = EDGE_LOOP ( 'NONE', ( #2752, #1586 ) ) ;
#1766 = EDGE_CURVE ( 'NONE', #9712, #9366, #2141, .T. ) ;
#1767 = CYLINDRICAL_SURFACE ( 'NONE', #8833, 0.03906250000000000700 ) ;
#1768 = ORIENTED_EDGE ( 'NONE', *, *, #8502, .F. ) ;
#1769 = VERTEX_POINT ( 'NONE', #6181 ) ;
#1770 = DIRECTION ( 'NONE',  ( -0.7746049618276598100, 0.0000000000000000000, -0.6324453755953708400 ) ) ;
#1771 = EDGE_CURVE ( 'NONE', #6865, #10215, #9990, .T. ) ;
#1772 = ADVANCED_FACE ( 'NONE', ( #7080 ), #2990, .T. ) ;
#1773 = VECTOR ( 'NONE', #4113, 39.37007874015748100 ) ;
#1774 = ORIENTED_EDGE ( 'NONE', *, *, #8730, .F. ) ;
#1775 = CYLINDRICAL_SURFACE ( 'NONE', #5769, 0.03906249999999995800 ) ;
#1776 = PLANE ( 'NONE',  #7242 ) ;
#1777 = ORIENTED_EDGE ( 'NONE', *, *, #4963, .F. ) ;
#1778 = DIRECTION ( 'NONE',  ( 0.2782174639164508600, 0.0000000000000000000, -0.9605181116313726800 ) ) ;
#1779 = AXIS2_PLACEMENT_3D ( 'NONE', #8784, #10380, #9599 ) ;
#1780 = CARTESIAN_POINT ( 'NONE',  ( -0.2482780656591497800, -0.01953125000000015600, -0.8659459863595644300 ) ) ;
#1781 = ORIENTED_EDGE ( 'NONE', *, *, #1745, .F. ) ;
#1782 = CARTESIAN_POINT ( 'NONE',  ( -0.4481108989636983200, 4.783776559169353300E-018, -0.7817176863396379000 ) ) ;
#1783 = DIRECTION ( 'NONE',  ( 1.000000000000000000, 0.0000000000000000000, 0.0000000000000000000 ) ) ;
#1784 = ORIENTED_EDGE ( 'NONE', *, *, #5187, .F. ) ;
#1785 = AXIS2_PLACEMENT_3D ( 'NONE', #1511, #3135, #6359 ) ;
#1786 = EDGE_CURVE ( 'NONE', #3252, #2394, #3762, .T. ) ;
#1787 = EDGE_LOOP ( 'NONE', ( #10368, #5789 ) ) ;
#1788 = ORIENTED_EDGE ( 'NONE', *, *, #3880, .T. ) ;
#1789 = DIRECTION ( 'NONE',  ( -0.2000256937760469500, 0.0000000000000000000, -0.9797906520422671200 ) ) ;
#1790 = ADVANCED_FACE ( 'NONE', ( #768 ), #6972, .T. ) ;
#1791 = CIRCLE ( 'NONE', #10171, 0.03906250000000004200 ) ;
#1792 = ORIENTED_EDGE ( 'NONE', *, *, #9090, .T. ) ;
#1794 = DIRECTION ( 'NONE',  ( 0.8660254037844362700, 0.0000000000000000000, -0.5000000000000040000 ) ) ;
#1793 = DIRECTION ( 'NONE',  ( 0.9991889981715694800, 0.0000000000000000000, -0.04026594010941866900 ) ) ;
#1795 = ORIENTED_EDGE ( 'NONE', *, *, #10109, .F. ) ;
#1796 = EDGE_LOOP ( 'NONE', ( #424, #5600, #6918, #6684 ) ) ;
#1797 = FACE_OUTER_BOUND ( 'NONE', #554, .T. ) ;
#1798 = EDGE_CURVE ( 'NONE', #4184, #4209, #5681, .T. ) ;
#1799 = CARTESIAN_POINT ( 'NONE',  ( -0.8977141779626362000, -0.01953125000000016700, 0.07492465458416559800 ) ) ;
#1800 = AXIS2_PLACEMENT_3D ( 'NONE', #7491, #280, #5922 ) ;
#1801 = DIRECTION ( 'NONE',  ( 0.9350162426854181600, -0.0000000000000000000, 0.3546048870425268000 ) ) ;
#1802 = EDGE_CURVE ( 'NONE', #9514, #6988, #8729, .T. ) ;
#1803 = VECTOR ( 'NONE', #650, 39.37007874015748900 ) ;
#1804 = LINE ( 'NONE', #3997, #567 ) ;
#1805 = DIRECTION ( 'NONE',  ( 0.0000000000000000000, 0.0000000000000000000, -1.000000000000000000 ) ) ;
#1806 = CARTESIAN_POINT ( 'NONE',  ( 0.6762859881578718900, 0.0000000000000000000, 0.5954184924299724700 ) ) ;
#1808 = CARTESIAN_POINT ( 'NONE',  ( -0.6726606965348119700, 0.01953124999999986500, 0.5991928208156283000 ) ) ;
#1807 = AXIS2_PLACEMENT_3D ( 'NONE', #8257, #1867, #9055 ) ;
#1809 = DIRECTION ( 'NONE',  ( 0.8229838658936574600, 0.0000000000000000000, 0.5680647467311541500 ) ) ;
#1810 = CARTESIAN_POINT ( 'NONE',  ( 0.8417016216654091800, 0.0000000000000000000, -0.3192153193156940200 ) ) ;
#1811 = EDGE_CURVE ( 'NONE', #7749, #8876, #9491, .T. ) ;
#1812 = CIRCLE ( 'NONE', #5911, 0.03906250000000004200 ) ;
#1813 = CARTESIAN_POINT ( 'NONE',  ( 0.1777932741788018600, -0.01953125000000015600, 0.8831160743846014900 ) ) ;
#1814 = VECTOR ( 'NONE', #6600, 39.37007874015748100 ) ;
#1815 = FACE_OUTER_BOUND ( 'NONE', #4956, .T. ) ;
#1816 = EDGE_LOOP ( 'NONE', ( #8222, #9045 ) ) ;
#1817 = CARTESIAN_POINT ( 'NONE',  ( -0.8994699361540474700, 0.0000000000000000000, -0.03624739928648673000 ) ) ;
#1818 = ADVANCED_FACE ( 'NONE', ( #5424 ), #6959, .F. ) ;
#1819 = LINE ( 'NONE', #9109, #10321 ) ;
#1821 = CARTESIAN_POINT ( 'NONE',  ( 0.4352503843545060300, -0.01953125000000015600, -0.5423109943555843900 ) ) ;
#1820 = CARTESIAN_POINT ( 'NONE',  ( -0.6939867186800641200, -0.01953125000000015600, -0.02796670870298751500 ) ) ;
#1822 = AXIS2_PLACEMENT_3D ( 'NONE', #5430, #4584, #7892 ) ;
#1823 = FACE_OUTER_BOUND ( 'NONE', #9401, .T. ) ;
#1824 = EDGE_LOOP ( 'NONE', ( #10055, #1734 ) ) ;
#1825 = LINE ( 'NONE', #4270, #10325 ) ;
#1826 = EDGE_LOOP ( 'NONE', ( #8183, #8753, #20, #5075 ) ) ;
#1827 = AXIS2_PLACEMENT_3D ( 'NONE', #61, #5711, #874 ) ;
#1828 = EDGE_CURVE ( 'NONE', #7200, #8892, #4396, .T. ) ;
#1829 = DIRECTION ( 'NONE',  ( -0.9605181116313692400, 0.0000000000000000000, 0.2782174639164631800 ) ) ;
#1830 = LINE ( 'NONE', #9364, #6392 ) ;
#1831 = ORIENTED_EDGE ( 'NONE', *, *, #7888, .T. ) ;
#1832 = DIRECTION ( 'NONE',  ( 0.4647231720437694500, 0.0000000000000000000, 0.8854560256532094700 ) ) ;
#1833 = CYLINDRICAL_SURFACE ( 'NONE', #4966, 0.03906250000000000700 ) ;
#1834 = ADVANCED_FACE ( 'NONE', ( #6307 ), #8473, .T. ) ;
#1835 = ORIENTED_EDGE ( 'NONE', *, *, #8180, .F. ) ;
#1836 = DIRECTION ( 'NONE',  ( -0.6927243535095981600, 0.0000000000000000000, 0.7212024473438157800 ) ) ;
#1837 = ORIENTED_EDGE ( 'NONE', *, *, #6484, .F. ) ;
#1838 = DIRECTION ( 'NONE',  ( 0.6631226582407912000, 0.0000000000000000000, -0.7485107481711046300 ) ) ;
#1839 = FACE_OUTER_BOUND ( 'NONE', #8174, .T. ) ;
#1840 = CARTESIAN_POINT ( 'NONE',  ( 0.8820075449684489100, 0.0000000000000000000, -0.1800631295371986900 ) ) ;
#1841 = DIRECTION ( 'NONE',  ( 0.7485107481710956400, 0.0000000000000000000, -0.6631226582408011900 ) ) ;
#1842 = VERTEX_POINT ( 'NONE', #5288 ) ;
#1843 = AXIS2_PLACEMENT_3D ( 'NONE', #8230, #4093, #9888 ) ;
#1844 = EDGE_CURVE ( 'NONE', #8761, #9211, #517, .T. ) ;
#1845 = LINE ( 'NONE', #3197, #10345 ) ;
#1846 = VERTEX_POINT ( 'NONE', #5395 ) ;
#1847 = CARTESIAN_POINT ( 'NONE',  ( -0.8820075449684513500, -0.01953125000000016700, -0.1800631295371867300 ) ) ;
#1848 = ORIENTED_EDGE ( 'NONE', *, *, #9798, .T. ) ;
#1849 = VERTEX_POINT ( 'NONE', #6078 ) ;
#1850 = AXIS2_PLACEMENT_3D ( 'NONE', #1732, #9747, #931 ) ;
#1851 = CYLINDRICAL_SURFACE ( 'NONE', #8494, 0.03906250000000002100 ) ;
#1852 = CARTESIAN_POINT ( 'NONE',  ( 0.03906250000000000700, 0.0000000000000000000, 0.9002000000000001100 ) ) ;
#1853 = ORIENTED_EDGE ( 'NONE', *, *, #7108, .F. ) ;
#1854 = FACE_OUTER_BOUND ( 'NONE', #8228, .T. ) ;
#1855 = ORIENTED_EDGE ( 'NONE', *, *, #9932, .F. ) ;
#1856 = MANIFOLD_SOLID_BREP ( 'CirPattern1[8]', #3664 ) ;
#1857 = EDGE_CURVE ( 'NONE', #4562, #5899, #3263, .T. ) ;
#1858 = EDGE_LOOP ( 'NONE', ( #1110, #9895, #8198, #664 ) ) ;
#1859 = DIRECTION ( 'NONE',  ( -0.3919666098600822500, 0.0000000000000000000, -0.9199794436588211200 ) ) ;
#1860 = ORIENTED_EDGE ( 'NONE', *, *, #927, .F. ) ;
#1861 = AXIS2_PLACEMENT_3D ( 'NONE', #902, #967, #1598 ) ;
#1862 = DIRECTION ( 'NONE',  ( 0.8660254037844433700, 0.0000000000000000000, 0.4999999999999920100 ) ) ;
#1863 = ADVANCED_FACE ( 'NONE', ( #1624 ), #4791, .F. ) ;
#1864 = ORIENTED_EDGE ( 'NONE', *, *, #7254, .T. ) ;
#1865 = VECTOR ( 'NONE', #840, 39.37007874015748100 ) ;
#1866 = ORIENTED_EDGE ( 'NONE', *, *, #8988, .F. ) ;
#1867 = DIRECTION ( 'NONE',  ( -0.1604112808577474700, 0.0000000000000000000, 0.9870502626379149500 ) ) ;
#1868 = ORIENTED_EDGE ( 'NONE', *, *, #2676, .F. ) ;
#1869 = VERTEX_POINT ( 'NONE', #2848 ) ;
#1870 = CARTESIAN_POINT ( 'NONE',  ( 0.4172455396264891900, 0.0000000000000000000, 0.5552529713219013200 ) ) ;
#1871 = DIRECTION ( 'NONE',  ( -0.9034504346103775500, 0.0000000000000000000, 0.4286925614030642200 ) ) ;
#1872 = AXIS2_PLACEMENT_3D ( 'NONE', #1467, #7859, #3892 ) ;
#1873 = DIRECTION ( 'NONE',  ( -0.9199794436588211200, 0.0000000000000000000, 0.3919666098600822500 ) ) ;
#1874 = EDGE_CURVE ( 'NONE', #1279, #9199, #1129, .T. ) ;
#1875 = ORIENTED_EDGE ( 'NONE', *, *, #1148, .T. ) ;
#1876 = ADVANCED_FACE ( 'NONE', ( #2267 ), #3021, .F. ) ;
#1877 = CIRCLE ( 'NONE', #1374, 0.03906250000000004200 ) ;
#1878 = EDGE_LOOP ( 'NONE', ( #3704, #5534 ) ) ;
#1879 = CARTESIAN_POINT ( 'NONE',  ( -0.4442899826725390500, 0.01953124999999988900, 0.5349303907767092300 ) ) ;
#1880 = ORIENTED_EDGE ( 'NONE', *, *, #1594, .F. ) ;
#1881 = PLANE ( 'NONE',  #9135 ) ;
#1882 = CARTESIAN_POINT ( 'NONE',  ( 0.07243600515879085300, 0.0000000000000000000, -0.8972809287824163900 ) ) ;
#1883 = ORIENTED_EDGE ( 'NONE', *, *, #5165, .F. ) ;
#1884 = CARTESIAN_POINT ( 'NONE',  ( -0.4858933002077842100, 0.01953124999999996200, -0.4974452859288910300 ) ) ;
#1885 = CARTESIAN_POINT ( 'NONE',  ( 0.0000000000000000000, -0.03906250000000000700, 1.224154358366980800E-018 ) ) ;
#1886 = ORIENTED_EDGE ( 'NONE', *, *, #6418, .T. ) ;
#1887 = DIRECTION ( 'NONE',  ( -0.1604112808577474700, 0.0000000000000000000, 0.9870502626379149500 ) ) ;
#1888 = LINE ( 'NONE', #10419, #3033 ) ;
#1889 = EDGE_LOOP ( 'NONE', ( #1603, #9629, #8856, #1880, #9345 ) ) ;
#1890 = ORIENTED_EDGE ( 'NONE', *, *, #6602, .F. ) ;
#1891 = DIRECTION ( 'NONE',  ( 0.5344658261277964700, 0.0000000000000000000, -0.8451900855437978200 ) ) ;
#1892 = ADVANCED_FACE ( 'NONE', ( #4901 ), #10306, .F. ) ;
#1893 = DIRECTION ( 'NONE',  ( -0.3546048870425284000, 0.0000000000000000000, 0.9350162426854176100 ) ) ;
#1894 = EDGE_CURVE ( 'NONE', #10466, #106, #8852, .T. ) ;
#1895 = LINE ( 'NONE', #5622, #2913 ) ;
#1897 = DIRECTION ( 'NONE',  ( 0.9927088740980544200, 0.0000000000000000000, 0.1205366802553199300 ) ) ;
#1896 = CARTESIAN_POINT ( 'NONE',  ( -0.1448046942703946100, 0.01953124999999988900, 0.6801291878731167100 ) ) ;
#1898 = ORIENTED_EDGE ( 'NONE', *, *, #2592, .F. ) ;
#1899 = CIRCLE ( 'NONE', #3068, 0.03906250000000005600 ) ;
#1900 = ORIENTED_EDGE ( 'NONE', *, *, #2296, .F. ) ;
#1901 = DIRECTION ( 'NONE',  ( -0.9967573081342096000, 0.0000000000000000000, 0.08046656871673196800 ) ) ;
#1902 = VERTEX_POINT ( 'NONE', #10370 ) ;
#1903 = DIRECTION ( 'NONE',  ( -0.9199794436588212300, 0.0000000000000000000, 0.3919666098600821400 ) ) ;
#1904 = DIRECTION ( 'NONE',  ( -0.3166679938014603800, 0.0000000000000000000, 0.9485364419471495900 ) ) ;
#1905 = ORIENTED_EDGE ( 'NONE', *, *, #3894, .F. ) ;
#1906 = CARTESIAN_POINT ( 'NONE',  ( 0.8752408523036182600, -0.01953125000000015600, -0.2132085824691955500 ) ) ;
#1907 = CIRCLE ( 'NONE', #1240, 0.03906250000000004900 ) ;
#1908 = CARTESIAN_POINT ( 'NONE',  ( -0.8278498682653148100, 4.783776559169353300E-018, -0.3557393912955819100 ) ) ;
#1909 = EDGE_LOOP ( 'NONE', ( #8980, #7972, #2464, #6163 ) ) ;
#1910 = CIRCLE ( 'NONE', #6908, 0.03906250000000007600 ) ;
#1911 = AXIS2_PLACEMENT_3D ( 'NONE', #695, #10333, #5441 ) ;
#1912 = EDGE_CURVE ( 'NONE', #5540, #2867, #6689, .T. ) ;
#1913 = DIRECTION ( 'NONE',  ( -0.2000256937760482600, 0.0000000000000000000, -0.9797906520422667900 ) ) ;
#1914 = VERTEX_POINT ( 'NONE', #6358 ) ;
#1915 = DIRECTION ( 'NONE',  ( -0.5344658261278078000, 0.0000000000000000000, -0.8451900855437904900 ) ) ;
#1916 = ORIENTED_EDGE ( 'NONE', *, *, #284, .F. ) ;
#1917 = ADVANCED_FACE ( 'NONE', ( #114 ), #8091, .F. ) ;
#1918 = DIRECTION ( 'NONE',  ( 0.4286925614030521700, 0.0000000000000000000, -0.9034504346103833200 ) ) ;
#1919 = FACE_OUTER_BOUND ( 'NONE', #9305, .T. ) ;
#1920 = VERTEX_POINT ( 'NONE', #9626 ) ;
#1921 = FACE_OUTER_BOUND ( 'NONE', #6787, .T. ) ;
#1922 = DIRECTION ( 'NONE',  ( -0.2393156642875647600, 0.0000000000000000000, -0.9709418174260503500 ) ) ;
#1923 = DIRECTION ( 'NONE',  ( -0.9350162426854132800, -0.0000000000000000000, 0.3546048870425393400 ) ) ;
#1924 = DIRECTION ( 'NONE',  ( 0.9870502626379149500, 0.0000000000000000000, 0.1604112808577475300 ) ) ;
#1925 = CARTESIAN_POINT ( 'NONE',  ( 0.4183437994738012900, 0.0000000000000000000, 0.7970875142930192700 ) ) ;
#1926 = EDGE_CURVE ( 'NONE', #5404, #10262, #6050, .T. ) ;
#1927 = EDGE_CURVE ( 'NONE', #3437, #8331, #4020, .T. ) ;
#1928 = CARTESIAN_POINT ( 'NONE',  ( 0.3839704347416605400, -0.01953125000000015600, -0.8149056107451880800 ) ) ;
#1929 = CIRCLE ( 'NONE', #2877, 0.03906250000000004200 ) ;
#1930 = ADVANCED_FACE ( 'NONE', ( #4540 ), #864, .F. ) ;
#1931 = DIRECTION ( 'NONE',  ( -0.6631226582408013000, 0.0000000000000000000, -0.7485107481710957500 ) ) ;
#1932 = FACE_OUTER_BOUND ( 'NONE', #7312, .T. ) ;
#1934 = DIRECTION ( 'NONE',  ( -0.2393156642875647600, 0.0000000000000000000, -0.9709418174260503500 ) ) ;
#1933 = CARTESIAN_POINT ( 'NONE',  ( -0.6894859485048029400, 0.0000000000000000000, 0.08371875127134212300 ) ) ;
#1935 = CARTESIAN_POINT ( 'NONE',  ( 0.01695222295320486900, 0.0000000000000000000, -0.6954410137051130200 ) ) ;
#1936 = AXIS2_PLACEMENT_3D ( 'NONE', #9622, #693, #4100 ) ;
#1937 = EDGE_CURVE ( 'NONE', #2054, #2380, #5914, .T. ) ;
#1938 = DIRECTION ( 'NONE',  ( 0.9485364419471457000, 0.0000000000000000000, -0.3166679938014719800 ) ) ;
#1939 = LINE ( 'NONE', #10479, #9038 ) ;
#1940 = AXIS2_PLACEMENT_3D ( 'NONE', #6837, #9194, #6793 ) ;
#1941 = FACE_BOUND ( 'NONE', #2310, .T. ) ;
#1942 = CARTESIAN_POINT ( 'NONE',  ( 0.5009111598026474400, 0.0000000000000000000, 0.4811316997300915700 ) ) ;
#1943 = CARTESIAN_POINT ( 'NONE',  ( 0.5097181712547609300, 0.01953124999999986500, -0.7427596078627259900 ) ) ;
#1944 = ADVANCED_FACE ( 'NONE', ( #10496 ), #10245, .F. ) ;
#1945 = CLOSED_SHELL ( 'NONE', ( #627, #5641, #7417, #1892 ) ) ;
#1946 = EDGE_CURVE ( 'NONE', #7749, #10466, #9091, .T. ) ;
#1947 = CYLINDRICAL_SURFACE ( 'NONE', #9790, 0.03906250000000002800 ) ;
#1948 = DIRECTION ( 'NONE',  ( -0.6324453755953708400, 0.0000000000000000000, 0.7746049618276598100 ) ) ;
#1949 = DIRECTION ( 'NONE',  ( 0.6007422642379689500, 0.0000000000000000000, -0.7994427634035086200 ) ) ;
#1950 = VECTOR ( 'NONE', #1287, 39.37007874015748900 ) ;
#1951 = FACE_OUTER_BOUND ( 'NONE', #1546, .T. ) ;
#1952 = DIRECTION ( 'NONE',  ( 0.9870502626379149500, 0.0000000000000000000, 0.1604112808577476400 ) ) ;
#1953 = DIRECTION ( 'NONE',  ( 1.000000000000000000, 0.0000000000000000000, 0.0000000000000000000 ) ) ;
#1954 = EDGE_CURVE ( 'NONE', #7632, #6676, #9731, .T. ) ;
#1955 = VERTEX_POINT ( 'NONE', #7936 ) ;
#1956 = CARTESIAN_POINT ( 'NONE',  ( 0.5407881862670297400, 0.0000000000000000000, 0.7196583756158310100 ) ) ;
#1957 = CARTESIAN_POINT ( 'NONE',  ( 0.5716215590217246200, 0.01953124999999986500, -0.6962422297169720300 ) ) ;
#1958 = CARTESIAN_POINT ( 'NONE',  ( -0.6939867186800641200, 0.0000000000000000000, -0.02796670870298751500 ) ) ;
#1960 = CARTESIAN_POINT ( 'NONE',  ( 0.7626815098190848900, -0.01953125000000016700, -0.4793968750000036600 ) ) ;
#1959 = FACE_OUTER_BOUND ( 'NONE', #1389, .T. ) ;
#1961 = CIRCLE ( 'NONE', #7854, 0.03906250000000008300 ) ;
#1962 = CARTESIAN_POINT ( 'NONE',  ( -0.03382911733532971400, 0.01953124999999987900, 0.9002000000000001100 ) ) ;
#1963 = CARTESIAN_POINT ( 'NONE',  ( -0.07285700423545495000, 0.0000000000000000000, 0.6918218255736697800 ) ) ;
#1964 = ORIENTED_EDGE ( 'NONE', *, *, #2883, .T. ) ;
#1965 = CARTESIAN_POINT ( 'NONE',  ( 0.6221668980399344100, 4.783776559169353300E-018, 0.6517624336287081200 ) ) ;
#1967 = CARTESIAN_POINT ( 'NONE',  ( -0.8646584040905587200, 0.0000000000000000000, 0.2504513610176001800 ) ) ;
#1966 = PERSON_AND_ORGANIZATION_ROLE ( 'classification_officer' ) ;
#1968 = AXIS2_PLACEMENT_3D ( 'NONE', #886, #1684, #1578 ) ;
#1969 = CIRCLE ( 'NONE', #8350, 0.03906250000000006200 ) ;
#1970 = CARTESIAN_POINT ( 'NONE',  ( 0.6894859485048038300, 0.0000000000000000000, 0.08371875127133247800 ) ) ;
#1971 = ORIENTED_EDGE ( 'NONE', *, *, #3690, .F. ) ;
#1972 = CIRCLE ( 'NONE', #2460, 0.03906250000000004200 ) ;
#1973 = AXIS2_PLACEMENT_3D ( 'NONE', #1885, #245, #205 ) ;
#1974 = EDGE_CURVE ( 'NONE', #3176, #3283, #7714, .T. ) ;
#1975 = ORIENTED_EDGE ( 'NONE', *, *, #1375, .T. ) ;
#1976 = DIRECTION ( 'NONE',  ( -0.4647231720437573500, 0.0000000000000000000, 0.8854560256532157900 ) ) ;
#1977 = CARTESIAN_POINT ( 'NONE',  ( 0.4529319254758798500, 0.0000000000000000000, 0.7789342653850595000 ) ) ;
#1978 = ORIENTED_EDGE ( 'NONE', *, *, #5557, .T. ) ;
#1979 = ORIENTED_EDGE ( 'NONE', *, *, #4096, .T. ) ;
#1980 = VECTOR ( 'NONE', #5364, 39.37007874015748100 ) ;
#1981 = DIRECTION ( 'NONE',  ( 0.08046656871671943600, 0.0000000000000000000, -0.9967573081342106000 ) ) ;
#1982 = AXIS2_PLACEMENT_3D ( 'NONE', #6739, #275, #7598 ) ;
#1983 = VERTEX_POINT ( 'NONE', #9586 ) ;
#1984 = CARTESIAN_POINT ( 'NONE',  ( -0.6894859485048029400, 0.01953124999999988900, 0.08371875127134212300 ) ) ;
#1985 = CIRCLE ( 'NONE', #531, 0.03906249999999997900 ) ;
#1986 = ADVANCED_FACE ( 'NONE', ( #243 ), #7448, .T. ) ;
#1987 = ORIENTED_EDGE ( 'NONE', *, *, #6219, .F. ) ;
#1988 = CARTESIAN_POINT ( 'NONE',  ( 0.8820075449684489100, 0.0000000000000000000, -0.1800631295371986900 ) ) ;
#1989 = ORIENTED_EDGE ( 'NONE', *, *, #3193, .T. ) ;
#1990 = DIRECTION ( 'NONE',  ( -0.9199794436588212300, 0.0000000000000000000, 0.3919666098600818000 ) ) ;
#1991 = AXIS2_PLACEMENT_3D ( 'NONE', #276, #4313, #4387 ) ;
#1992 = EDGE_CURVE ( 'NONE', #6728, #6690, #9209, .T. ) ;
#1993 = FACE_OUTER_BOUND ( 'NONE', #104, .T. ) ;
#1994 = ORIENTED_EDGE ( 'NONE', *, *, #9783, .F. ) ;
#1995 = FACE_OUTER_BOUND ( 'NONE', #8332, .T. ) ;
#1996 = CARTESIAN_POINT ( 'NONE',  ( -0.5937934732256209300, 4.783776559169353300E-018, 0.3624015625806601400 ) ) ;
#1997 = ORIENTED_EDGE ( 'NONE', *, *, #6285, .T. ) ;
#1998 = DIRECTION ( 'NONE',  ( -0.9927088740980526400, 0.0000000000000000000, 0.1205366802553337900 ) ) ;
#1999 = DIRECTION ( 'NONE',  ( 0.6007422642379800500, 0.0000000000000000000, 0.7994427634035002900 ) ) ;
#2000 = ORIENTED_EDGE ( 'NONE', *, *, #343, .F. ) ;
#2001 = ORIENTED_EDGE ( 'NONE', *, *, #5921, .F. ) ;
#2002 = CARTESIAN_POINT ( 'NONE',  ( -0.8132860812362620000, 0.0000000000000000000, 0.3859090437750384800 ) ) ;
#2003 = ADVANCED_FACE ( 'NONE', ( #3750 ), #2521, .T. ) ;
#2004 = CARTESIAN_POINT ( 'NONE',  ( -0.8936365284630674000, 0.0000000000000000000, 0.1085071195658515200 ) ) ;
#2005 = ORIENTED_EDGE ( 'NONE', *, *, #9649, .T. ) ;
#2006 = DIRECTION ( 'NONE',  ( 0.6631226582407912000, 0.0000000000000000000, -0.7485107481711046300 ) ) ;
#2007 = CYLINDRICAL_SURFACE ( 'NONE', #5149, 0.03906250000000002100 ) ;
#2008 = EDGE_CURVE ( 'NONE', #9142, #2492, #4781, .T. ) ;
#2009 = CARTESIAN_POINT ( 'NONE',  ( -0.2411183163326946500, 0.01953124999999988900, -0.6522316070297227200 ) ) ;
#2010 = VERTEX_POINT ( 'NONE', #9759 ) ;
#2011 = AXIS2_PLACEMENT_3D ( 'NONE', #784, #8065, #8828 ) ;
#2012 = ORIENTED_EDGE ( 'NONE', *, *, #1926, .F. ) ;
#2013 = EDGE_LOOP ( 'NONE', ( #6398, #155, #9863, #6426 ) ) ;
#2014 = CARTESIAN_POINT ( 'NONE',  ( -0.08960747523392628700, -0.01953125000000015600, -0.6895756753699257000 ) ) ;
#2015 = EDGE_CURVE ( 'NONE', #10250, #4375, #7069, .T. ) ;
#2016 = DIRECTION ( 'NONE',  ( 0.4286925614030521700, 0.0000000000000000000, -0.9034504346103833200 ) ) ;
#2017 = VERTEX_POINT ( 'NONE', #2419 ) ;
#2018 = LINE ( 'NONE', #8178, #3148 ) ;
#2019 = ORIENTED_EDGE ( 'NONE', *, *, #9958, .F. ) ;
#2020 = CARTESIAN_POINT ( 'NONE',  ( -0.2928192833558944700, 0.01953124999999989200, 0.6307146573329560600 ) ) ;
#2021 = ORIENTED_EDGE ( 'NONE', *, *, #3632, .F. ) ;
#2022 = CARTESIAN_POINT ( 'NONE',  ( 0.0000000000000000000, 0.01953124999999991700, 4.811986777743987900E-018 ) ) ;
#2023 = AXIS2_PLACEMENT_3D ( 'NONE', #7869, #3760, #2196 ) ;
#2024 = DIRECTION ( 'NONE',  ( -0.9709418174260503500, 0.0000000000000000000, 0.2393156642875647600 ) ) ;
#2025 = EDGE_CURVE ( 'NONE', #1625, #4303, #5143, .T. ) ;
#2026 = VECTOR ( 'NONE', #1859, 39.37007874015748100 ) ;
#2027 = DIRECTION ( 'NONE',  ( -0.3919666098600823000, 0.0000000000000000000, -0.9199794436588212300 ) ) ;
#2028 = ORIENTED_EDGE ( 'NONE', *, *, #2511, .T. ) ;
#2029 = FACE_BOUND ( 'NONE', #2930, .T. ) ;
#2030 = ORIENTED_EDGE ( 'NONE', *, *, #9133, .T. ) ;
#2031 = ORIENTED_EDGE ( 'NONE', *, *, #7345, .F. ) ;
#2032 = DIRECTION ( 'NONE',  ( -0.3546048870425392900, 0.0000000000000000000, -0.9350162426854135000 ) ) ;
#2033 = CARTESIAN_POINT ( 'NONE',  ( 0.5407881862670297400, 0.0000000000000000000, 0.7196583756158310100 ) ) ;
#2034 = CARTESIAN_POINT ( 'NONE',  ( -0.8417016216654136200, 0.0000000000000000000, -0.3192153193156827000 ) ) ;
#2035 = LINE ( 'NONE', #9943, #6204 ) ;
#2036 = ORIENTED_EDGE ( 'NONE', *, *, #1974, .F. ) ;
#2037 = FACE_OUTER_BOUND ( 'NONE', #10327, .T. ) ;
#2038 = ORIENTED_EDGE ( 'NONE', *, *, #1691, .F. ) ;
#2039 = CARTESIAN_POINT ( 'NONE',  ( -0.6492264430988948800, 0.0000000000000000000, 0.6235904630293489500 ) ) ;
#2040 = VERTEX_POINT ( 'NONE', #34 ) ;
#2041 = CARTESIAN_POINT ( 'NONE',  ( 0.7408500760774706700, 0.0000000000000000000, 0.5113718850073850600 ) ) ;
#2042 = ADVANCED_FACE ( 'NONE', ( #6947 ), #8103, .F. ) ;
#2043 = CARTESIAN_POINT ( 'NONE',  ( -0.5407881862670197400, 0.0000000000000000000, 0.7196583756158385600 ) ) ;
#2044 = AXIS2_PLACEMENT_3D ( 'NONE', #9298, #1904, #4328 ) ;
#2045 = EDGE_CURVE ( 'NONE', #3217, #4885, #1368, .T. ) ;
#2047 = CARTESIAN_POINT ( 'NONE',  ( 0.1662166946309190400, 0.0000000000000000000, -0.6743676392932657100 ) ) ;
#2046 = APPLICATION_CONTEXT ( 'configuration controlled 3d designs of mechanical parts and assemblies' ) ;
#2049 = EDGE_LOOP ( 'NONE', ( #5885, #8226, #2605, #2455, #7309 ) ) ;
#2048 = DIRECTION ( 'NONE',  ( -0.7212024473438157800, 0.0000000000000000000, -0.6927243535095981600 ) ) ;
#2050 = DIRECTION ( 'NONE',  ( 0.7994427634035089500, 0.0000000000000000000, 0.6007422642379686200 ) ) ;
#2051 = FACE_OUTER_BOUND ( 'NONE', #2770, .T. ) ;
#2052 = VERTEX_POINT ( 'NONE', #9688 ) ;
#2053 = VECTOR ( 'NONE', #7050, 39.37007874015748900 ) ;
#2054 = VERTEX_POINT ( 'NONE', #3329 ) ;
#2055 = CARTESIAN_POINT ( 'NONE',  ( -0.6614115016886004100, -0.01953125000000015600, -0.2146600501111430300 ) ) ;
#2056 = DIRECTION ( 'NONE',  ( 0.9797906520422669000, 0.0000000000000000000, -0.2000256937760482900 ) ) ;
#2057 = CARTESIAN_POINT ( 'NONE',  ( 0.6805135973759567400, 0.01953124999999988900, -0.1389278456121543800 ) ) ;
#2058 = ADVANCED_FACE ( 'NONE', ( #6177 ), #9795, .F. ) ;
#2059 = EDGE_LOOP ( 'NONE', ( #7361, #1994, #6445, #7358 ) ) ;
#2060 = AXIS2_PLACEMENT_3D ( 'NONE', #4899, #4183, #5729 ) ;
#2061 = EDGE_CURVE ( 'NONE', #3041, #1284, #3007, .T. ) ;
#2062 = CARTESIAN_POINT ( 'NONE',  ( 0.07243600515879085300, 0.0000000000000000000, -0.8972809287824163900 ) ) ;
#2063 = VERTEX_POINT ( 'NONE', #8976 ) ;
#2064 = LINE ( 'NONE', #5856, #926 ) ;
#2065 = MANIFOLD_SOLID_BREP ( 'CirPattern1[31]', #2628 ) ;
#2066 = DIRECTION ( 'NONE',  ( -0.8660254037844363800, -0.0000000000000000000, 0.5000000000000041100 ) ) ;
#2067 = AXIS2_PLACEMENT_3D ( 'NONE', #8029, #7267, #6343 ) ;
#2068 = DIRECTION ( 'NONE',  ( 0.3919666098600698100, 0.0000000000000000000, -0.9199794436588264500 ) ) ;
#2069 = CARTESIAN_POINT ( 'NONE',  ( -0.7186600469082776700, 0.0000000000000000000, 0.5435196922688655400 ) ) ;
#2071 = DIRECTION ( 'NONE',  ( -0.9605181116313692400, 0.0000000000000000000, 0.2782174639164631800 ) ) ;
#2070 = FACE_OUTER_BOUND ( 'NONE', #5930, .T. ) ;
#2072 = CARTESIAN_POINT ( 'NONE',  ( 0.8895588789635003900, -0.01953125000000015600, 0.1420895845475249900 ) ) ;
#2073 = VECTOR ( 'NONE', #2579, 39.37007874015748100 ) ;
#2074 = EDGE_CURVE ( 'NONE', #3380, #7235, #9613, .T. ) ;
#2075 = AXIS2_PLACEMENT_3D ( 'NONE', #3569, #7773, #5342 ) ;
#2076 = EDGE_CURVE ( 'NONE', #697, #2766, #4255, .T. ) ;
#2077 = MANIFOLD_SOLID_BREP ( 'CirPattern1[11]', #5067 ) ;
#2078 = DIRECTION ( 'NONE',  ( 0.7994427634035002900, 0.0000000000000000000, -0.6007422642379800500 ) ) ;
#2079 = DIRECTION ( 'NONE',  ( 0.1205366802553337900, 0.0000000000000000000, 0.9927088740980526400 ) ) ;
#2080 = LINE ( 'NONE', #6504, #3200 ) ;
#2082 = CARTESIAN_POINT ( 'NONE',  ( -0.4811261366802526700, 0.0000000000000000000, -0.7608401150065203800 ) ) ;
#2081 = DIRECTION ( 'NONE',  ( 0.1604112808577474700, 0.0000000000000000000, -0.9870502626379149500 ) ) ;
#2083 = CIRCLE ( 'NONE', #8662, 0.03906250000000003500 ) ;
#2084 = FACE_BOUND ( 'NONE', #6257, .T. ) ;
#2085 = DIRECTION ( 'NONE',  ( -0.6927243535095981600, 0.0000000000000000000, 0.7212024473438157800 ) ) ;
#2086 = AXIS2_PLACEMENT_3D ( 'NONE', #7107, #3851, #5469 ) ;
#2087 = ORIENTED_EDGE ( 'NONE', *, *, #4833, .F. ) ;
#2088 = EDGE_CURVE ( 'NONE', #6068, #6969, #8340, .T. ) ;
#2089 = DIRECTION ( 'NONE',  ( -0.3546048870425284000, 0.0000000000000000000, 0.9350162426854176100 ) ) ;
#2090 = DIRECTION ( 'NONE',  ( 0.9927088740980544200, 0.0000000000000000000, 0.1205366802553199300 ) ) ;
#2091 = AXIS2_PLACEMENT_3D ( 'NONE', #5045, #4261, #930 ) ;
#2092 = VECTOR ( 'NONE', #1913, 39.37007874015748100 ) ;
#2093 = CIRCLE ( 'NONE', #5854, 0.03906250000000002800 ) ;
#2094 = VECTOR ( 'NONE', #7037, 39.37007874015748900 ) ;
#2095 = VERTEX_POINT ( 'NONE', #6488 ) ;
#2096 = ADVANCED_FACE ( 'NONE', ( #761 ), #5715, .F. ) ;
#2097 = DIRECTION ( 'NONE',  ( -1.000000000000000000, 0.0000000000000000000, -0.0000000000000000000 ) ) ;
#2098 = DIRECTION ( 'NONE',  ( -0.9199794436588256700, 0.0000000000000000000, -0.3919666098600713100 ) ) ;
#2099 = CYLINDRICAL_SURFACE ( 'NONE', #1301, 0.03906250000000002100 ) ;
#2100 = CARTESIAN_POINT ( 'NONE',  ( -0.5969430169483694900, 0.0000000000000000000, -0.6738093755036204100 ) ) ;
#2101 = VERTEX_POINT ( 'NONE', #8936 ) ;
#2102 = CYLINDRICAL_SURFACE ( 'NONE', #5727, 0.03906250000000000700 ) ;
#2103 = ORIENTED_EDGE ( 'NONE', *, *, #2461, .T. ) ;
#2104 = DIRECTION ( 'NONE',  ( -0.3546048870425392900, 0.0000000000000000000, -0.9350162426854135000 ) ) ;
#2105 = DIRECTION ( 'NONE',  ( 0.8229838658936575700, 0.0000000000000000000, 0.5680647467311541500 ) ) ;
#2106 = VERTEX_POINT ( 'NONE', #912 ) ;
#2107 = DIRECTION ( 'NONE',  ( 0.2782174639164617400, 0.0000000000000000000, 0.9605181116313696900 ) ) ;
#2108 = EDGE_CURVE ( 'NONE', #8216, #5811, #3138, .T. ) ;
#2109 = CARTESIAN_POINT ( 'NONE',  ( -0.8936365284630674000, 0.0000000000000000000, 0.1085071195658515200 ) ) ;
#2110 = VECTOR ( 'NONE', #8, 39.37007874015748100 ) ;
#2111 = ORIENTED_EDGE ( 'NONE', *, *, #1280, .F. ) ;
#2112 = VECTOR ( 'NONE', #441, 39.37007874015748100 ) ;
#2113 = CARTESIAN_POINT ( 'NONE',  ( 0.6494155313571540200, 0.0000000000000000000, -0.2462908242953958400 ) ) ;
#2114 = DIRECTION ( 'NONE',  ( -0.6324453755953717300, 0.0000000000000000000, 0.7746049618276591400 ) ) ;
#2115 = ORIENTED_EDGE ( 'NONE', *, *, #6991, .T. ) ;
#2116 = PERSON_AND_ORGANIZATION_ROLE ( 'creator' ) ;
#2117 = VERTEX_POINT ( 'NONE', #4204 ) ;
#2118 = VERTEX_POINT ( 'NONE', #3301 ) ;
#2119 = CARTESIAN_POINT ( 'NONE',  ( -0.2199417550948043800, 0.0000000000000000000, 0.6588059857543928600 ) ) ;
#2120 = VECTOR ( 'NONE', #4046, 39.37007874015748100 ) ;
#2121 = ORIENTED_EDGE ( 'NONE', *, *, #1362, .F. ) ;
#2122 = EDGE_CURVE ( 'NONE', #655, #4641, #5548, .T. ) ;
#2123 = VECTOR ( 'NONE', #4604, 39.37007874015748100 ) ;
#2124 = EDGE_LOOP ( 'NONE', ( #10421, #6423, #8688, #410 ) ) ;
#2125 = CARTESIAN_POINT ( 'NONE',  ( -0.4605718422811487200, -0.01953125000000015600, -0.5198781401422347700 ) ) ;
#2126 = ORIENTED_EDGE ( 'NONE', *, *, #6219, .T. ) ;
#2127 = ORIENTED_EDGE ( 'NONE', *, *, #7995, .F. ) ;
#2128 = DIRECTION ( 'NONE',  ( -0.9485364419471495900, 0.0000000000000000000, -0.3166679938014603800 ) ) ;
#2129 = AXIS2_PLACEMENT_3D ( 'NONE', #10135, #6874, #3565 ) ;
#2130 = ORIENTED_EDGE ( 'NONE', *, *, #7427, .T. ) ;
#2131 = LINE ( 'NONE', #6591, #5412 ) ;
#2132 = ORIENTED_EDGE ( 'NONE', *, *, #8640, .F. ) ;
#2133 = CARTESIAN_POINT ( 'NONE',  ( -0.1444022350281443100, 0.0000000000000000000, 0.8885426464266511500 ) ) ;
#2134 = CARTESIAN_POINT ( 'NONE',  ( -0.3221167327836352300, 4.783776559169353300E-018, 0.8415026615329546100 ) ) ;
#2135 = ORIENTED_EDGE ( 'NONE', *, *, #9363, .F. ) ;
#2136 = ORIENTED_EDGE ( 'NONE', *, *, #9196, .T. ) ;
#2137 = EDGE_CURVE ( 'NONE', #8754, #2789, #9860, .T. ) ;
#2138 = DIRECTION ( 'NONE',  ( 0.5680647467311540400, 0.0000000000000000000, -0.8229838658936575700 ) ) ;
#2139 = ORIENTED_EDGE ( 'NONE', *, *, #8113, .F. ) ;
#2140 = DIRECTION ( 'NONE',  ( 0.1205366802553327300, 0.0000000000000000000, 0.9927088740980527500 ) ) ;
#2141 = LINE ( 'NONE', #3654, #7851 ) ;
#2142 = EDGE_LOOP ( 'NONE', ( #1398, #6576, #3063, #274 ) ) ;
#2143 = VERTEX_POINT ( 'NONE', #171 ) ;
#2144 = CARTESIAN_POINT ( 'NONE',  ( -0.7795960684867560000, 0.0000000000000000000, -0.4500999999999928400 ) ) ;
#2145 = EDGE_LOOP ( 'NONE', ( #3139, #3924, #9331, #5766 ) ) ;
#2146 = AXIS2_PLACEMENT_3D ( 'NONE', #10402, #7070, #4655 ) ;
#2147 = PLANE ( 'NONE',  #9336 ) ;
#2148 = ADVANCED_FACE ( 'NONE', ( #3379 ), #913, .F. ) ;
#2149 = DIRECTION ( 'NONE',  ( -0.6631226582408013000, 0.0000000000000000000, -0.7485107481710957500 ) ) ;
#2150 = LOCAL_TIME ( 9, 36, 49.00000000000000000, #9498 ) ;
#2151 = EDGE_CURVE ( 'NONE', #9352, #5540, #7205, .T. ) ;
#2152 = ORIENTED_EDGE ( 'NONE', *, *, #5478, .T. ) ;
#2153 = AXIS2_PLACEMENT_3D ( 'NONE', #4722, #3189, #8826 ) ;
#2154 = FACE_BOUND ( 'NONE', #7659, .T. ) ;
#2155 = VERTEX_POINT ( 'NONE', #2523 ) ;
#2156 = DIRECTION ( 'NONE',  ( 0.3919666098600698100, 0.0000000000000000000, -0.9199794436588264500 ) ) ;
#2157 = CARTESIAN_POINT ( 'NONE',  ( -0.8555533750655123200, 0.0000000000000000000, -0.2826912473357834900 ) ) ;
#2158 = ORIENTED_EDGE ( 'NONE', *, *, #9487, .T. ) ;
#2159 = EDGE_CURVE ( 'NONE', #226, #4635, #2378, .T. ) ;
#2160 = CARTESIAN_POINT ( 'NONE',  ( 0.8978970478685227600, 0.0000000000000000000, -0.07527821952757562900 ) ) ;
#2161 = LINE ( 'NONE', #150, #8872 ) ;
#2162 = VERTEX_POINT ( 'NONE', #1680 ) ;
#2163 = CARTESIAN_POINT ( 'NONE',  ( -0.3227734791429917600, -0.01953125000000015600, 0.6149934826174412400 ) ) ;
#2164 = FACE_OUTER_BOUND ( 'NONE', #9590, .T. ) ;
#2165 = CARTESIAN_POINT ( 'NONE',  ( 0.5845833855308154600, 0.01953124999999995500, -0.3765718750000029400 ) ) ;
#2166 = CC_DESIGN_APPROVAL ( #1418, ( #3702 ) ) ;
#2167 = EDGE_LOOP ( 'NONE', ( #2968, #4398, #1232, #6458, #8779 ) ) ;
#2168 = DIRECTION ( 'NONE',  ( -0.8854560256532157900, 0.0000000000000000000, -0.4647231720437573500 ) ) ;
#2169 = EDGE_CURVE ( 'NONE', #1476, #9745, #7317, .T. ) ;
#2170 = ORIENTED_EDGE ( 'NONE', *, *, #450, .F. ) ;
#2171 = DIRECTION ( 'NONE',  ( -0.0000000000000000000, -0.0000000000000000000, 1.000000000000000000 ) ) ;
#2172 = DIRECTION ( 'NONE',  ( -0.4999999999999915600, 0.0000000000000000000, 0.8660254037844434800 ) ) ;
#2173 = DIRECTION ( 'NONE',  ( 0.2782174639164513600, 0.0000000000000000000, -0.9605181116313726800 ) ) ;
#2174 = ORIENTED_EDGE ( 'NONE', *, *, #2326, .F. ) ;
#2175 = VECTOR ( 'NONE', #8902, 39.37007874015747400 ) ;
#2176 = ORIENTED_EDGE ( 'NONE', *, *, #900, .T. ) ;
#2177 = VECTOR ( 'NONE', #5373, 39.37007874015748100 ) ;
#2178 = CARTESIAN_POINT ( 'NONE',  ( 0.2199417550948133100, 0.01953124999999988900, 0.6588059857543902000 ) ) ;
#2179 = ORIENTED_EDGE ( 'NONE', *, *, #729, .T. ) ;
#2180 = DIRECTION ( 'NONE',  ( -0.4999999999999927800, 0.0000000000000000000, 0.8660254037844427000 ) ) ;
#2181 = CARTESIAN_POINT ( 'NONE',  ( 0.7408500760774706700, 0.0000000000000000000, 0.5113718850073850600 ) ) ;
#2182 = DIRECTION ( 'NONE',  ( 0.3919666098600822500, -0.0000000000000000000, 0.9199794436588211200 ) ) ;
#2183 = CARTESIAN_POINT ( 'NONE',  ( 0.8983449925355421200, 0.0000000000000000000, 0.06972942917138376400 ) ) ;
#2184 = AXIS2_PLACEMENT_3D ( 'NONE', #4088, #8926, #6479 ) ;
#2185 = DIRECTION ( 'NONE',  ( 0.6631226582407912000, 0.0000000000000000000, -0.7485107481711046300 ) ) ;
#2186 = ORIENTED_EDGE ( 'NONE', *, *, #107, .T. ) ;
#2187 = CIRCLE ( 'NONE', #9980, 0.03906250000000003500 ) ;
#2188 = ORIENTED_EDGE ( 'NONE', *, *, #5976, .T. ) ;
#2189 = DIRECTION ( 'NONE',  ( -0.6007422642379689500, 0.0000000000000000000, 0.7994427634035086200 ) ) ;
#2190 = VECTOR ( 'NONE', #871, 39.37007874015748100 ) ;
#2191 = DIRECTION ( 'NONE',  ( 0.7994427634035007300, 0.0000000000000000000, -0.6007422642379795000 ) ) ;
#2192 = AXIS2_PLACEMENT_3D ( 'NONE', #5736, #4869, #2437 ) ;
#2193 = EDGE_CURVE ( 'NONE', #6286, #3380, #7575, .T. ) ;
#2194 = CARTESIAN_POINT ( 'NONE',  ( -0.4183437994737904700, 0.01953124999999987900, 0.7970875142930249300 ) ) ;
#2195 = CARTESIAN_POINT ( 'NONE',  ( -0.8994699361540474700, 0.0000000000000000000, -0.03624739928648673000 ) ) ;
#2196 = DIRECTION ( 'NONE',  ( 0.9485364419471457000, 0.0000000000000000000, -0.3166679938014719800 ) ) ;
#2197 = LINE ( 'NONE', #6695, #7005 ) ;
#2198 = DIRECTION ( 'NONE',  ( 0.8854560256532151300, 0.0000000000000000000, 0.4647231720437583500 ) ) ;
#2199 = DIRECTION ( 'NONE',  ( 0.9870502626379149500, 0.0000000000000000000, 0.1604112808577476400 ) ) ;
#2200 = EDGE_CURVE ( 'NONE', #560, #6865, #2882, .T. ) ;
#2201 = DIRECTION ( 'NONE',  ( 0.7994427634035007300, 0.0000000000000000000, -0.6007422642379795000 ) ) ;
#2202 = ADVANCED_FACE ( 'NONE', ( #5672 ), #5024, .T. ) ;
#2203 = CYLINDRICAL_SURFACE ( 'NONE', #7152, 0.03906249999999993100 ) ;
#2204 = DIRECTION ( 'NONE',  ( -0.1205366802553199100, 0.0000000000000000000, 0.9927088740980543100 ) ) ;
#2205 = CARTESIAN_POINT ( 'NONE',  ( 0.7795960684867498900, 0.0000000000000000000, -0.4501000000000037700 ) ) ;
#2206 = CIRCLE ( 'NONE', #181, 0.03906250000000003500 ) ;
#2207 = FACE_BOUND ( 'NONE', #6523, .T. ) ;
#2208 = CARTESIAN_POINT ( 'NONE',  ( 0.8536975919968525800, 0.01953124999999987900, -0.2875845451314500400 ) ) ;
#2209 = ORIENTED_EDGE ( 'NONE', *, *, #3844, .T. ) ;
#2210 = CARTESIAN_POINT ( 'NONE',  ( 0.2482780656591382400, 0.01953124999999986500, -0.8659459863595676500 ) ) ;
#2211 = DIRECTION ( 'NONE',  ( -0.8660254037844432600, 0.0000000000000000000, -0.4999999999999919500 ) ) ;
#2212 = CARTESIAN_POINT ( 'NONE',  ( -0.5627067737215955000, 0.0000000000000000000, -0.4090069292983719600 ) ) ;
#2213 = CARTESIAN_POINT ( 'NONE',  ( -0.4183437994737904700, 0.0000000000000000000, 0.7970875142930249300 ) ) ;
#2214 = VECTOR ( 'NONE', #4460, 39.37007874015747400 ) ;
#2215 = EDGE_CURVE ( 'NONE', #8515, #4988, #4894, .T. ) ;
#2216 = LINE ( 'NONE', #265, #3090 ) ;
#2217 = AXIS2_PLACEMENT_3D ( 'NONE', #7119, #7184, #9488 ) ;
#2218 = CIRCLE ( 'NONE', #9262, 0.03906250000000003500 ) ;
#2219 = DIRECTION ( 'NONE',  ( 0.5344658261277963600, 0.0000000000000000000, -0.8451900855437977100 ) ) ;
#2220 = VERTEX_POINT ( 'NONE', #6517 ) ;
#2221 = DIRECTION ( 'NONE',  ( 0.3919666098600698100, 0.0000000000000000000, -0.9199794436588264500 ) ) ;
#2222 = FACE_OUTER_BOUND ( 'NONE', #3651, .T. ) ;
#2223 = CARTESIAN_POINT ( 'NONE',  ( 0.6935635980043719500, 0.01953124999999992700, 0.05013628628964610800 ) ) ;
#2224 = CIRCLE ( 'NONE', #3680, 0.03906250000000004200 ) ;
#2225 = AXIS2_PLACEMENT_3D ( 'NONE', #6571, #5764, #1728 ) ;
#2226 = EDGE_CURVE ( 'NONE', #8488, #961, #3255, .T. ) ;
#2227 = DIRECTION ( 'NONE',  ( -0.9709418174260536800, 0.0000000000000000000, -0.2393156642875511300 ) ) ;
#2228 = DIRECTION ( 'NONE',  ( 0.9605181116313731300, 0.0000000000000000000, 0.2782174639164499700 ) ) ;
#2229 = VERTEX_POINT ( 'NONE', #1646 ) ;
#2230 = LINE ( 'NONE', #4873, #6016 ) ;
#2231 = CARTESIAN_POINT ( 'NONE',  ( 0.5716034440564400400, 0.0000000000000000000, 0.3945493698421233000 ) ) ;
#2232 = DIRECTION ( 'NONE',  ( 0.1604112808577605700, 0.0000000000000000000, 0.9870502626379128500 ) ) ;
#2233 = ORIENTED_EDGE ( 'NONE', *, *, #2045, .F. ) ;
#2234 = CARTESIAN_POINT ( 'NONE',  ( -0.8297056513339706700, 0.01953124999999986500, -0.3508460934999267900 ) ) ;
#2235 = LINE ( 'NONE', #8499, #3231 ) ;
#2236 = ORIENTED_EDGE ( 'NONE', *, *, #9303, .T. ) ;
#2237 = ORIENTED_EDGE ( 'NONE', *, *, #1468, .F. ) ;
#2238 = DIRECTION ( 'NONE',  ( -0.9967573081342096000, 0.0000000000000000000, 0.08046656871673192600 ) ) ;
#2239 = ORIENTED_EDGE ( 'NONE', *, *, #9544, .T. ) ;
#2240 = EDGE_LOOP ( 'NONE', ( #4151, #1597, #7253, #1663 ) ) ;
#2241 = DIRECTION ( 'NONE',  ( 0.7746049618276514800, 0.0000000000000000000, -0.6324453755953809400 ) ) ;
#2242 = ADVANCED_FACE ( 'NONE', ( #4010 ), #7313, .T. ) ;
#2243 = FACE_OUTER_BOUND ( 'NONE', #1258, .T. ) ;
#2244 = ORIENTED_EDGE ( 'NONE', *, *, #7802, .T. ) ;
#2245 = FACE_OUTER_BOUND ( 'NONE', #9457, .T. ) ;
#2246 = PLANE ( 'NONE',  #7397 ) ;
#2247 = AXIS2_PLACEMENT_3D ( 'NONE', #4380, #7713, #10078 ) ;
#2248 = EDGE_CURVE ( 'NONE', #8892, #2545, #2131, .T. ) ;
#2249 = CARTESIAN_POINT ( 'NONE',  ( 0.5716034440564400400, 0.0000000000000000000, 0.3945493698421233000 ) ) ;
#2250 = VERTEX_POINT ( 'NONE', #8239 ) ;
#2251 = ORIENTED_EDGE ( 'NONE', *, *, #417, .F. ) ;
#2252 = DIRECTION ( 'NONE',  ( 0.0000000000000000000, -6.123233995736766000E-017, 1.000000000000000000 ) ) ;
#2253 = VECTOR ( 'NONE', #9059, 39.37007874015748100 ) ;
#2254 = ORIENTED_EDGE ( 'NONE', *, *, #9319, .T. ) ;
#2255 = ADVANCED_FACE ( 'NONE', ( #8843 ), #10116, .T. ) ;
#2256 = PLANE ( 'NONE',  #9289 ) ;
#2257 = VECTOR ( 'NONE', #8727, 39.37007874015748100 ) ;
#2258 = CARTESIAN_POINT ( 'NONE',  ( 0.6614115016885975300, -0.01953125000000010100, -0.2146600501111520200 ) ) ;
#2259 = ORIENTED_EDGE ( 'NONE', *, *, #5616, .T. ) ;
#2260 = ORIENTED_EDGE ( 'NONE', *, *, #10123, .F. ) ;
#2261 = CARTESIAN_POINT ( 'NONE',  ( 0.1444022350281561100, 0.0000000000000000000, 0.8885426464266492600 ) ) ;
#2262 = ORIENTED_EDGE ( 'NONE', *, *, #9838, .T. ) ;
#2263 = DIRECTION ( 'NONE',  ( 0.8854560256532151300, 0.0000000000000000000, 0.4647231720437583500 ) ) ;
#2264 = EDGE_CURVE ( 'NONE', #2250, #3225, #2751, .T. ) ;
#2265 = CARTESIAN_POINT ( 'NONE',  ( -0.8646584040905587200, -0.01953125000000016700, 0.2504513610176001800 ) ) ;
#2266 = ORIENTED_EDGE ( 'NONE', *, *, #1946, .F. ) ;
#2267 = FACE_OUTER_BOUND ( 'NONE', #1423, .T. ) ;
#2268 = ORIENTED_EDGE ( 'NONE', *, *, #3517, .F. ) ;
#2269 = CARTESIAN_POINT ( 'NONE',  ( 0.07243600515879085300, 0.0000000000000000000, -0.8972809287824163900 ) ) ;
#2270 = ORIENTED_EDGE ( 'NONE', *, *, #10237, .T. ) ;
#2271 = CARTESIAN_POINT ( 'NONE',  ( 0.8936365284630687400, 0.0000000000000000000, 0.1085071195658390300 ) ) ;
#2272 = AXIS2_PLACEMENT_3D ( 'NONE', #3919, #3213, #4840 ) ;
#2273 = ORIENTED_EDGE ( 'NONE', *, *, #2582, .T. ) ;
#2274 = CARTESIAN_POINT ( 'NONE',  ( -0.7220042841214536800, 0.0000000000000000000, -0.5390693207895599400 ) ) ;
#2275 = ORIENTED_EDGE ( 'NONE', *, *, #9150, .F. ) ;
#2276 = VECTOR ( 'NONE', #8081, 39.37007874015748100 ) ;
#2277 = EDGE_CURVE ( 'NONE', #1370, #9385, #5795, .T. ) ;
#2278 = VERTEX_POINT ( 'NONE', #4346 ) ;
#2279 = DIRECTION ( 'NONE',  ( 0.1205366802553337900, 0.0000000000000000000, 0.9927088740980526400 ) ) ;
#2280 = AXIS2_PLACEMENT_3D ( 'NONE', #3723, #9415, #6184 ) ;
#2281 = AXIS2_PLACEMENT_3D ( 'NONE', #9024, #7506, #998 ) ;
#2282 = ORIENTED_EDGE ( 'NONE', *, *, #407, .F. ) ;
#2283 = DIRECTION ( 'NONE',  ( -0.3546048870425393400, 0.0000000000000000000, -0.9350162426854132800 ) ) ;
#2284 = DIRECTION ( 'NONE',  ( 0.9605181116313731300, 0.0000000000000000000, 0.2782174639164499700 ) ) ;
#2285 = CARTESIAN_POINT ( 'NONE',  ( 0.6494155313571540200, 0.0000000000000000000, -0.2462908242953958400 ) ) ;
#2286 = CIRCLE ( 'NONE', #8277, 0.03906250000000004900 ) ;
#2287 = ORIENTED_EDGE ( 'NONE', *, *, #1514, .F. ) ;
#2288 = FACE_BOUND ( 'NONE', #3208, .T. ) ;
#2289 = ORIENTED_EDGE ( 'NONE', *, *, #1613, .F. ) ;
#2290 = DIRECTION ( 'NONE',  ( 0.8854560256532093600, 0.0000000000000000000, -0.4647231720437694500 ) ) ;
#2291 = ORIENTED_EDGE ( 'NONE', *, *, #4211, .F. ) ;
#2293 = CARTESIAN_POINT ( 'NONE',  ( 0.8887742376332794500, 0.01953124999999986500, -0.1469176766052016400 ) ) ;
#2292 = AXIS2_PLACEMENT_3D ( 'NONE', #3819, #2189, #10362 ) ;
#2294 = CARTESIAN_POINT ( 'NONE',  ( -0.8936365284630674000, 0.0000000000000000000, 0.1085071195658515200 ) ) ;
#2295 = CARTESIAN_POINT ( 'NONE',  ( 0.3883896036867043300, -0.01953125000000015600, 0.8128086890085344200 ) ) ;
#2296 = EDGE_CURVE ( 'NONE', #2380, #4333, #7977, .T. ) ;
#2297 = CARTESIAN_POINT ( 'NONE',  ( 0.8820075449684489100, 0.0000000000000000000, -0.1800631295371986900 ) ) ;
#2298 = AXIS2_PLACEMENT_3D ( 'NONE', #8821, #808, #8121 ) ;
#2299 = CYLINDRICAL_SURFACE ( 'NONE', #3100, 0.03906250000000002800 ) ;
#2300 = EDGE_LOOP ( 'NONE', ( #8122, #8978, #7206, #994 ) ) ;
#2301 = DIRECTION ( 'NONE',  ( 0.7746049618276515900, 0.0000000000000000000, -0.6324453755953809400 ) ) ;
#2302 = FACE_OUTER_BOUND ( 'NONE', #363, .T. ) ;
#2303 = ORIENTED_EDGE ( 'NONE', *, *, #9806, .T. ) ;
#2304 = EDGE_CURVE ( 'NONE', #9452, #5811, #6679, .T. ) ;
#2305 = ORIENTED_EDGE ( 'NONE', *, *, #1524, .T. ) ;
#2306 = AXIS2_PLACEMENT_3D ( 'NONE', #6781, #1793, #8283 ) ;
#2307 = ORIENTED_EDGE ( 'NONE', *, *, #3945, .F. ) ;
#2308 = DIRECTION ( 'NONE',  ( 0.7746049618276514800, 0.0000000000000000000, -0.6324453755953809400 ) ) ;
#2309 = FACE_OUTER_BOUND ( 'NONE', #6416, .T. ) ;
#2310 = EDGE_LOOP ( 'NONE', ( #2019, #9215, #5599, #9788 ) ) ;
#2311 = VECTOR ( 'NONE', #5308, 39.37007874015748100 ) ;
#2312 = ADVANCED_FACE ( 'NONE', ( #3634 ), #1020, .F. ) ;
#2313 = EDGE_CURVE ( 'NONE', #2220, #6716, #3873, .T. ) ;
#2314 = CARTESIAN_POINT ( 'NONE',  ( -0.6939867186800641200, 0.0000000000000000000, -0.02796670870298751500 ) ) ;
#2315 = ORIENTED_EDGE ( 'NONE', *, *, #9177, .F. ) ;
#2316 = DIRECTION ( 'NONE',  ( 0.7994427634035082800, 0.0000000000000000000, 0.6007422642379695000 ) ) ;
#2317 = VERTEX_POINT ( 'NONE', #2660 ) ;
#2318 = CARTESIAN_POINT ( 'NONE',  ( 0.6442373025384486900, 0.0000000000000000000, 0.2624573859205217600 ) ) ;
#2320 = CARTESIAN_POINT ( 'NONE',  ( -0.4525341021057345300, -0.01953125000000016700, -0.7789206221503218700 ) ) ;
#2319 = CIRCLE ( 'NONE', #5039, 0.03906250000000003500 ) ;
#2321 = DIRECTION ( 'NONE',  ( -0.3919666098600822500, 0.0000000000000000000, -0.9199794436588211200 ) ) ;
#2322 = DIRECTION ( 'NONE',  ( 0.6631226582407912000, 0.0000000000000000000, -0.7485107481711046300 ) ) ;
#2323 = CARTESIAN_POINT ( 'NONE',  ( -0.5407881862670197400, 0.0000000000000000000, 0.7196583756158385600 ) ) ;
#2324 = DIRECTION ( 'NONE',  ( 0.4286925614030635000, 0.0000000000000000000, 0.9034504346103779900 ) ) ;
#2325 = AXIS2_PLACEMENT_3D ( 'NONE', #3778, #635, #6201 ) ;
#2326 = EDGE_CURVE ( 'NONE', #389, #10250, #985, .T. ) ;
#2327 = CIRCLE ( 'NONE', #8527, 0.03906250000000002100 ) ;
#2328 = FACE_OUTER_BOUND ( 'NONE', #2386, .T. ) ;
#2329 = CARTESIAN_POINT ( 'NONE',  ( -0.8936365284630674000, 0.0000000000000000000, 0.1085071195658515200 ) ) ;
#2330 = FACE_OUTER_BOUND ( 'NONE', #3905, .T. ) ;
#2331 = LINE ( 'NONE', #5072, #4329 ) ;
#2332 = LINE ( 'NONE', #6817, #188 ) ;
#2333 = AXIS2_PLACEMENT_3D ( 'NONE', #490, #5304, #7774 ) ;
#2334 = EDGE_CURVE ( 'NONE', #8876, #7749, #9848, .T. ) ;
#2335 = DIRECTION ( 'NONE',  ( 0.9485364419471457000, 0.0000000000000000000, -0.3166679938014719800 ) ) ;
#2336 = ORIENTED_EDGE ( 'NONE', *, *, #1206, .F. ) ;
#2337 = LINE ( 'NONE', #7836, #6384 ) ;
#2338 = VECTOR ( 'NONE', #618, 39.37007874015748100 ) ;
#2339 = DIRECTION ( 'NONE',  ( -0.4286925614030641700, 0.0000000000000000000, -0.9034504346103774400 ) ) ;
#2340 = AXIS2_PLACEMENT_3D ( 'NONE', #8276, #277, #914 ) ;
#2341 = ORIENTED_EDGE ( 'NONE', *, *, #6332, .F. ) ;
#2342 = DIRECTION ( 'NONE',  ( -0.04026594010940540100, 0.0000000000000000000, 0.9991889981715699200 ) ) ;
#2343 = EDGE_CURVE ( 'NONE', #10278, #1023, #8330, .T. ) ;
#2344 = AXIS2_PLACEMENT_3D ( 'NONE', #3926, #5573, #9681 ) ;
#2345 = VECTOR ( 'NONE', #682, 39.37007874015748900 ) ;
#2346 = CARTESIAN_POINT ( 'NONE',  ( 0.4482979952608983100, -0.01953125000000016700, 0.7813663395775040100 ) ) ;
#2347 = VERTEX_POINT ( 'NONE', #4279 ) ;
#2348 = VECTOR ( 'NONE', #1948, 39.37007874015748100 ) ;
#2349 = PLANE ( 'NONE',  #7101 ) ;
#2350 = DIRECTION ( 'NONE',  ( -0.7746049618276598100, 0.0000000000000000000, -0.6324453755953708400 ) ) ;
#2351 = EDGE_CURVE ( 'NONE', #597, #7821, #4000, .T. ) ;
#2352 = ADVANCED_FACE ( 'NONE', ( #8585 ), #7195, .T. ) ;
#2353 = VERTEX_POINT ( 'NONE', #7601 ) ;
#2354 = ORIENTED_EDGE ( 'NONE', *, *, #478, .T. ) ;
#2355 = DIRECTION ( 'NONE',  ( -0.9605181116313692400, 0.0000000000000000000, 0.2782174639164631800 ) ) ;
#2356 = VECTOR ( 'NONE', #2322, 39.37007874015748100 ) ;
#2357 = ORIENTED_EDGE ( 'NONE', *, *, #5201, .F. ) ;
#2358 = CIRCLE ( 'NONE', #6664, 0.03906250000000012500 ) ;
#2359 = EDGE_CURVE ( 'NONE', #8384, #9949, #1242, .T. ) ;
#2360 = VERTEX_POINT ( 'NONE', #349 ) ;
#2361 = ORIENTED_EDGE ( 'NONE', *, *, #331, .T. ) ;
#2362 = ORIENTED_EDGE ( 'NONE', *, *, #5679, .F. ) ;
#2363 = PLANE ( 'NONE',  #2811 ) ;
#2364 = DIRECTION ( 'NONE',  ( 0.6927243535096075900, 0.0000000000000000000, 0.7212024473438067900 ) ) ;
#2365 = VECTOR ( 'NONE', #6429, 39.37007874015748100 ) ;
#2366 = DIRECTION ( 'NONE',  ( -0.9927088740980526400, 0.0000000000000000000, 0.1205366802553337900 ) ) ;
#2367 = ORIENTED_EDGE ( 'NONE', *, *, #5633, .T. ) ;
#2368 = VECTOR ( 'NONE', #737, 39.37007874015748100 ) ;
#2369 = ORIENTED_EDGE ( 'NONE', *, *, #3690, .T. ) ;
#2370 = ORIENTED_EDGE ( 'NONE', *, *, #1213, .T. ) ;
#2371 = AXIS2_PLACEMENT_3D ( 'NONE', #7923, #3955, #7204 ) ;
#2372 = ORIENTED_EDGE ( 'NONE', *, *, #6747, .F. ) ;
#2373 = CARTESIAN_POINT ( 'NONE',  ( -0.2482780656591499500, 0.01953124999999986500, -0.8659459863595642100 ) ) ;
#2374 = CARTESIAN_POINT ( 'NONE',  ( 0.7408500760774706700, 0.0000000000000000000, 0.5113718850073850600 ) ) ;
#2375 = CARTESIAN_POINT ( 'NONE',  ( 0.2480123232565258400, 4.783776559169354800E-018, 0.8662423485486905300 ) ) ;
#2376 = ORIENTED_EDGE ( 'NONE', *, *, #2025, .T. ) ;
#2377 = EDGE_CURVE ( 'NONE', #433, #2667, #5013, .T. ) ;
#2378 = LINE ( 'NONE', #7379, #7839 ) ;
#2379 = ORIENTED_EDGE ( 'NONE', *, *, #1405, .T. ) ;
#2380 = VERTEX_POINT ( 'NONE', #6772 ) ;
#2381 = EDGE_LOOP ( 'NONE', ( #212, #6827, #10357, #4555 ) ) ;
#2382 = CARTESIAN_POINT ( 'NONE',  ( -0.4183437994737904700, 0.0000000000000000000, 0.7970875142930249300 ) ) ;
#2383 = ORIENTED_EDGE ( 'NONE', *, *, #750, .T. ) ;
#2384 = CIRCLE ( 'NONE', #5900, 0.03906250000000002100 ) ;
#2385 = EDGE_LOOP ( 'NONE', ( #5584, #4697 ) ) ;
#2386 = EDGE_LOOP ( 'NONE', ( #5964, #473 ) ) ;
#2387 = VERTEX_POINT ( 'NONE', #1223 ) ;
#2388 = AXIS2_PLACEMENT_3D ( 'NONE', #1189, #3678, #4422 ) ;
#2389 = EDGE_CURVE ( 'NONE', #4291, #540, #4127, .T. ) ;
#2390 = DIRECTION ( 'NONE',  ( -0.5000000000000032200, 0.0000000000000000000, -0.8660254037844368200 ) ) ;
#2391 = VERTEX_POINT ( 'NONE', #9432 ) ;
#2392 = DIRECTION ( 'NONE',  ( 0.2393156642875516300, 0.0000000000000000000, -0.9709418174260535700 ) ) ;
#2393 = FACE_BOUND ( 'NONE', #2652, .T. ) ;
#2394 = VERTEX_POINT ( 'NONE', #3743 ) ;
#2395 = AXIS2_PLACEMENT_3D ( 'NONE', #9797, #10367, #3096 ) ;
#2396 = ORIENTED_EDGE ( 'NONE', *, *, #600, .T. ) ;
#2397 = CARTESIAN_POINT ( 'NONE',  ( -0.8895588789634986100, -0.01953125000000016700, 0.1420895845475374500 ) ) ;
#2398 = ADVANCED_FACE ( 'NONE', ( #1606 ), #6545, .T. ) ;
#2399 = VECTOR ( 'NONE', #6185, 39.37007874015748900 ) ;
#2400 = EDGE_CURVE ( 'NONE', #1239, #10275, #8963, .T. ) ;
#2401 = CARTESIAN_POINT ( 'NONE',  ( -0.3426212049625509400, -0.01953125000000007600, -0.6051072810582413000 ) ) ;
#2402 = ORIENTED_EDGE ( 'NONE', *, *, #3650, .F. ) ;
#2403 = AXIS2_PLACEMENT_3D ( 'NONE', #6976, #4593, #7868 ) ;
#2404 = VECTOR ( 'NONE', #6701, 39.37007874015748100 ) ;
#2405 = EDGE_LOOP ( 'NONE', ( #8566, #4790, #9977, #9531 ) ) ;
#2406 = CARTESIAN_POINT ( 'NONE',  ( 0.5380018762373957000, 0.0000000000000000000, -0.4392649356197720900 ) ) ;
#2407 = VERTEX_POINT ( 'NONE', #8523 ) ;
#2408 = DIRECTION ( 'NONE',  ( 0.2782174639164617400, 0.0000000000000000000, 0.9605181116313696900 ) ) ;
#2409 = CARTESIAN_POINT ( 'NONE',  ( -0.6805135973759587300, -0.01953125000000015600, -0.1389278456121451600 ) ) ;
#2410 = CARTESIAN_POINT ( 'NONE',  ( -0.1110111958774982900, 0.01953124999999986500, 0.8939692184686984800 ) ) ;
#2411 = FACE_OUTER_BOUND ( 'NONE', #7999, .T. ) ;
#2412 = DIRECTION ( 'NONE',  ( -0.04026594010941936900, 0.0000000000000000000, -0.9991889981715693600 ) ) ;
#2413 = ORIENTED_EDGE ( 'NONE', *, *, #9054, .F. ) ;
#2414 = CARTESIAN_POINT ( 'NONE',  ( 0.2722404088783115800, 0.0000000000000000000, -0.6389717225932380900 ) ) ;
#2415 = VECTOR ( 'NONE', #4340, 39.37007874015748900 ) ;
#2416 = CARTESIAN_POINT ( 'NONE',  ( -0.8994699361540474700, 0.0000000000000000000, -0.03624739928648673000 ) ) ;
#2417 = EDGE_CURVE ( 'NONE', #3775, #4184, #6808, .T. ) ;
#2418 = ORIENTED_EDGE ( 'NONE', *, *, #6249, .F. ) ;
#2419 = CARTESIAN_POINT ( 'NONE',  ( -0.4525341021057345300, -0.01953125000000015600, -0.7789206221503218700 ) ) ;
#2420 = CARTESIAN_POINT ( 'NONE',  ( -0.3227734791429917600, 0.01953124999999988900, 0.6149934826174412400 ) ) ;
#2421 = EDGE_LOOP ( 'NONE', ( #9835, #636 ) ) ;
#2422 = CARTESIAN_POINT ( 'NONE',  ( -0.3528483421960461600, 0.0000000000000000000, -0.8281654951816711500 ) ) ;
#2423 = VERTEX_POINT ( 'NONE', #428 ) ;
#2424 = CLOSED_SHELL ( 'NONE', ( #4432, #1350, #6820, #4530 ) ) ;
#2425 = CARTESIAN_POINT ( 'NONE',  ( 0.5678326293130869800, 0.01953124999999986500, 0.6993357950706328200 ) ) ;
#2426 = ADVANCED_FACE ( 'NONE', ( #4653 ), #6936, .F. ) ;
#2427 = LINE ( 'NONE', #3597, #8896 ) ;
#2429 = CARTESIAN_POINT ( 'NONE',  ( 0.2881853531409216400, 4.783776559169353300E-018, 0.6331467315253965800 ) ) ;
#2428 = CARTESIAN_POINT ( 'NONE',  ( 0.4525341021057241500, -0.01953125000000015600, -0.7789206221503280900 ) ) ;
#2430 = CARTESIAN_POINT ( 'NONE',  ( 0.5243454132385641000, 0.01953124999999990600, 0.4567340575163705800 ) ) ;
#2431 = CIRCLE ( 'NONE', #6081, 0.03906250000000004200 ) ;
#2432 = EDGE_CURVE ( 'NONE', #1303, #4430, #10366, .T. ) ;
#2433 = CIRCLE ( 'NONE', #6682, 0.03906250000000004200 ) ;
#2434 = CARTESIAN_POINT ( 'NONE',  ( 0.7600648184867497800, 0.0000000000000000000, -0.4839291173353333400 ) ) ;
#2435 = CARTESIAN_POINT ( 'NONE',  ( 0.2199417550948133100, 0.0000000000000000000, 0.6588059857543902000 ) ) ;
#2436 = DIRECTION ( 'NONE',  ( 0.4999999999999919000, 0.0000000000000000000, -0.8660254037844431500 ) ) ;
#2437 = DIRECTION ( 'NONE',  ( 0.9870502626379149500, 0.0000000000000000000, 0.1604112808577477800 ) ) ;
#2439 = CARTESIAN_POINT ( 'NONE',  ( -0.3712132395370690300, 0.0000000000000000000, -0.5870267739144399100 ) ) ;
#2438 = FACE_OUTER_BOUND ( 'NONE', #4109, .T. ) ;
#2440 = VECTOR ( 'NONE', #922, 39.37007874015748100 ) ;
#2441 = FACE_BOUND ( 'NONE', #1095, .T. ) ;
#2442 = DIRECTION ( 'NONE',  ( -0.04026594010940540100, 0.0000000000000000000, 0.9991889981715699200 ) ) ;
#2443 = DIRECTION ( 'NONE',  ( -0.4647231720437573500, 0.0000000000000000000, 0.8854560256532157900 ) ) ;
#2444 = DIRECTION ( 'NONE',  ( 0.3166679938014731500, 0.0000000000000000000, 0.9485364419471452600 ) ) ;
#2445 = ORIENTED_EDGE ( 'NONE', *, *, #4579, .T. ) ;
#2446 = ADVANCED_FACE ( 'NONE', ( #5903 ), #8461, .F. ) ;
#2447 = CARTESIAN_POINT ( 'NONE',  ( -0.6737469047111284100, -0.01953125000000010100, -0.1720732985441423300 ) ) ;
#2448 = AXIS2_PLACEMENT_3D ( 'NONE', #8285, #1688, #9019 ) ;
#2449 = EDGE_CURVE ( 'NONE', #7373, #9902, #6296, .T. ) ;
#2450 = VECTOR ( 'NONE', #3640, 39.37007874015748900 ) ;
#2451 = DIRECTION ( 'NONE',  ( -0.6324453755953802800, 0.0000000000000000000, -0.7746049618276522600 ) ) ;
#2452 = FACE_OUTER_BOUND ( 'NONE', #10346, .T. ) ;
#2453 = LINE ( 'NONE', #5855, #4474 ) ;
#2454 = CARTESIAN_POINT ( 'NONE',  ( -0.6494155313571574600, 0.0000000000000000000, -0.2462908242953870700 ) ) ;
#2455 = ORIENTED_EDGE ( 'NONE', *, *, #9423, .T. ) ;
#2456 = VECTOR ( 'NONE', #8574, 39.37007874015748100 ) ;
#2457 = EDGE_CURVE ( 'NONE', #7843, #7103, #6670, .T. ) ;
#2459 = CARTESIAN_POINT ( 'NONE',  ( 0.1825858563241697700, 0.01953124999999987900, -0.8821376617342994200 ) ) ;
#2458 = CARTESIAN_POINT ( 'NONE',  ( -0.8646584040905587200, 0.0000000000000000000, 0.2504513610176001800 ) ) ;
#2460 = AXIS2_PLACEMENT_3D ( 'NONE', #9726, #1573, #3098 ) ;
#2461 = EDGE_CURVE ( 'NONE', #4918, #7837, #1736, .T. ) ;
#2462 = LINE ( 'NONE', #4092, #9313 ) ;
#2463 = CARTESIAN_POINT ( 'NONE',  ( 0.8278498682653100400, 0.0000000000000000000, -0.3557393912955930100 ) ) ;
#2464 = ORIENTED_EDGE ( 'NONE', *, *, #3478, .F. ) ;
#2465 = DIRECTION ( 'NONE',  ( 0.3919666098600823000, 0.0000000000000000000, 0.9199794436588212300 ) ) ;
#2466 = ORIENTED_EDGE ( 'NONE', *, *, #917, .F. ) ;
#2467 = DIRECTION ( 'NONE',  ( -0.5344658261278078000, 0.0000000000000000000, -0.8451900855437904900 ) ) ;
#2468 = LINE ( 'NONE', #4823, #4104 ) ;
#2469 = DIRECTION ( 'NONE',  ( -0.9797906520422696700, 0.0000000000000000000, -0.2000256937760349900 ) ) ;
#2470 = AXIS2_PLACEMENT_3D ( 'NONE', #7524, #2560, #135 ) ;
#2471 = ADVANCED_FACE ( 'NONE', ( #3739 ), #9969, .F. ) ;
#2472 = CARTESIAN_POINT ( 'NONE',  ( -0.3171526786115407800, -0.01953125000000016700, 0.8431599063221713000 ) ) ;
#2473 = VERTEX_POINT ( 'NONE', #6886 ) ;
#2474 = DIRECTION ( 'NONE',  ( -0.6631226582407912000, 0.0000000000000000000, 0.7485107481711046300 ) ) ;
#2475 = EDGE_CURVE ( 'NONE', #4128, #4416, #10106, .T. ) ;
#2476 = ORIENTED_EDGE ( 'NONE', *, *, #5753, .T. ) ;
#2477 = EDGE_LOOP ( 'NONE', ( #4511, #6574, #4365, #9408 ) ) ;
#2478 = ORIENTED_EDGE ( 'NONE', *, *, #1194, .F. ) ;
#2479 = AXIS2_PLACEMENT_3D ( 'NONE', #5521, #677, #2316 ) ;
#2480 = LINE ( 'NONE', #8109, #2120 ) ;
#2481 = CARTESIAN_POINT ( 'NONE',  ( -0.7626815098190914400, -0.01953125000000016700, -0.4793968749999928900 ) ) ;
#2482 = CARTESIAN_POINT ( 'NONE',  ( -0.3839704347416716400, -0.01953125000000016700, -0.8149056107451832000 ) ) ;
#2484 = ORIENTED_EDGE ( 'NONE', *, *, #883, .T. ) ;
#2483 = EDGE_CURVE ( 'NONE', #3757, #527, #9602, .T. ) ;
#2485 = VECTOR ( 'NONE', #630, 39.37007874015748100 ) ;
#2486 = ORIENTED_EDGE ( 'NONE', *, *, #1992, .T. ) ;
#2487 = VERTEX_POINT ( 'NONE', #6202 ) ;
#2488 = EDGE_LOOP ( 'NONE', ( #60, #9189, #4572, #1345 ) ) ;
#2489 = DIRECTION ( 'NONE',  ( 0.2393156642875647600, 0.0000000000000000000, 0.9709418174260503500 ) ) ;
#2490 = LINE ( 'NONE', #4741, #4381 ) ;
#2491 = EDGE_CURVE ( 'NONE', #5326, #5133, #8083, .T. ) ;
#2492 = VERTEX_POINT ( 'NONE', #5381 ) ;
#2493 = VECTOR ( 'NONE', #7811, 39.37007874015748100 ) ;
#2494 = ORIENTED_EDGE ( 'NONE', *, *, #1771, .F. ) ;
#2495 = EDGE_CURVE ( 'NONE', #242, #9618, #5787, .T. ) ;
#2496 = ORIENTED_EDGE ( 'NONE', *, *, #4478, .F. ) ;
#2497 = CARTESIAN_POINT ( 'NONE',  ( -0.8887742376332815600, 0.01953124999999986500, -0.1469176766051895900 ) ) ;
#2498 = ORIENTED_EDGE ( 'NONE', *, *, #6205, .T. ) ;
#2499 = CARTESIAN_POINT ( 'NONE',  ( 0.1061554250905102900, -0.01953125000000016700, -0.8945588157877272200 ) ) ;
#2500 = ORIENTED_EDGE ( 'NONE', *, *, #2215, .T. ) ;
#2501 = MANIFOLD_SOLID_BREP ( 'Revolve2', #991 ) ;
#2502 = LINE ( 'NONE', #5792, #4137 ) ;
#2503 = ORIENTED_EDGE ( 'NONE', *, *, #3417, .F. ) ;
#2504 = DIRECTION ( 'NONE',  ( -0.9870502626379148400, 0.0000000000000000000, -0.1604112808577474500 ) ) ;
#2505 = VERTEX_POINT ( 'NONE', #7992 ) ;
#2506 = EDGE_LOOP ( 'NONE', ( #1088, #781, #6172, #8986 ) ) ;
#2507 = CARTESIAN_POINT ( 'NONE',  ( 7.666288962662432600E-017, -0.01953125000000016300, 0.6260000000000001100 ) ) ;
#2508 = CARTESIAN_POINT ( 'NONE',  ( -0.8820075449684513500, 0.0000000000000000000, -0.1800631295371867300 ) ) ;
#2509 = PLANE ( 'NONE',  #8098 ) ;
#2510 = AXIS2_PLACEMENT_3D ( 'NONE', #3542, #3508, #7640 ) ;
#2511 = EDGE_CURVE ( 'NONE', #7081, #10172, #7970, .T. ) ;
#2512 = CARTESIAN_POINT ( 'NONE',  ( 0.5969430169483602700, 0.0000000000000000000, -0.6738093755036285200 ) ) ;
#2513 = COORDINATED_UNIVERSAL_TIME_OFFSET ( 6, 0, .BEHIND. ) ;
#2514 = ORIENTED_EDGE ( 'NONE', *, *, #8998, .F. ) ;
#2515 = CIRCLE ( 'NONE', #8777, 0.03906250000000008300 ) ;
#2516 = ORIENTED_EDGE ( 'NONE', *, *, #7353, .T. ) ;
#2517 = DIRECTION ( 'NONE',  ( 0.8660254037844433700, 0.0000000000000000000, 0.4999999999999920100 ) ) ;
#2518 = ORIENTED_EDGE ( 'NONE', *, *, #8235, .T. ) ;
#2519 = DIRECTION ( 'NONE',  ( 0.7746049618276514800, 0.0000000000000000000, -0.6324453755953809400 ) ) ;
#2520 = AXIS2_PLACEMENT_3D ( 'NONE', #524, #8678, #5368 ) ;
#2521 = PLANE ( 'NONE',  #1706 ) ;
#2522 = ORIENTED_EDGE ( 'NONE', *, *, #9090, .F. ) ;
#2523 = CARTESIAN_POINT ( 'NONE',  ( -0.6632672847572562700, 0.0000000000000000000, -0.2097667523154878900 ) ) ;
#2524 = DIRECTION ( 'NONE',  ( -0.9350162426854132800, -0.0000000000000000000, 0.3546048870425393400 ) ) ;
#2525 = FACE_BOUND ( 'NONE', #9909, .T. ) ;
#2526 = EDGE_LOOP ( 'NONE', ( #7502, #1354, #5179, #5023, #5561 ) ) ;
#2527 = AXIS2_PLACEMENT_3D ( 'NONE', #9362, #1998, #2140 ) ;
#2528 = EDGE_CURVE ( 'NONE', #4267, #10395, #1488, .T. ) ;
#2529 = ORIENTED_EDGE ( 'NONE', *, *, #3119, .F. ) ;
#2530 = DIRECTION ( 'NONE',  ( 0.9797906520422669000, 0.0000000000000000000, -0.2000256937760482600 ) ) ;
#2531 = ADVANCED_FACE ( 'NONE', ( #3371 ), #4383, .T. ) ;
#2532 = FACE_OUTER_BOUND ( 'NONE', #5581, .T. ) ;
#2534 = DIRECTION ( 'NONE',  ( 0.0000000000000000000, 6.136839043275350600E-017, -1.000000000000000000 ) ) ;
#2533 = CARTESIAN_POINT ( 'NONE',  ( -0.8300318844160691200, 4.783776559169353300E-018, 0.3506180111730705700 ) ) ;
#2535 = EDGE_LOOP ( 'NONE', ( #10457, #6534, #4523, #6956 ) ) ;
#2536 = FACE_OUTER_BOUND ( 'NONE', #4240, .T. ) ;
#2537 = ORIENTED_EDGE ( 'NONE', *, *, #3751, .F. ) ;
#2538 = CARTESIAN_POINT ( 'NONE',  ( -0.03906250000000003500, 4.783776559169353300E-018, 0.9002000000000001100 ) ) ;
#2539 = ORIENTED_EDGE ( 'NONE', *, *, #8531, .F. ) ;
#2540 = EDGE_CURVE ( 'NONE', #2423, #7628, #4519, .T. ) ;
#2541 = AXIS2_PLACEMENT_3D ( 'NONE', #1840, #8969, #9032 ) ;
#2542 = VERTEX_POINT ( 'NONE', #8763 ) ;
#2543 = CARTESIAN_POINT ( 'NONE',  ( -0.5407881862670197400, 0.0000000000000000000, 0.7196583756158385600 ) ) ;
#2544 = FACE_OUTER_BOUND ( 'NONE', #6075, .T. ) ;
#2545 = VERTEX_POINT ( 'NONE', #4717 ) ;
#2546 = EDGE_CURVE ( 'NONE', #2220, #8258, #7437, .T. ) ;
#2547 = FACE_OUTER_BOUND ( 'NONE', #5556, .T. ) ;
#2548 = DIRECTION ( 'NONE',  ( -0.4647231720437573500, 0.0000000000000000000, 0.8854560256532157900 ) ) ;
#2549 = CARTESIAN_POINT ( 'NONE',  ( 0.1829588859124496000, 0.0000000000000000000, 0.8822765807681429700 ) ) ;
#2550 = DIRECTION ( 'NONE',  ( 0.9991889981715701400, -0.0000000000000000000, 0.04026594010940538800 ) ) ;
#2552 = CARTESIAN_POINT ( 'NONE',  ( 0.8741940413053219700, 0.0000000000000000000, -0.2183362018825997800 ) ) ;
#2551 = AXIS2_PLACEMENT_3D ( 'NONE', #1175, #7764, #3588 ) ;
#2553 = VERTEX_POINT ( 'NONE', #3059 ) ;
#2554 = DIRECTION ( 'NONE',  ( -0.3166679938014603800, 0.0000000000000000000, 0.9485364419471495900 ) ) ;
#2555 = EDGE_CURVE ( 'NONE', #7200, #880, #232, .T. ) ;
#2556 = ORIENTED_EDGE ( 'NONE', *, *, #4730, .F. ) ;
#2557 = FACE_OUTER_BOUND ( 'NONE', #4648, .T. ) ;
#2558 = CARTESIAN_POINT ( 'NONE',  ( -0.5407881862670197400, -0.01953125000000016700, 0.7196583756158385600 ) ) ;
#2559 = CARTESIAN_POINT ( 'NONE',  ( 0.0000000000000000000, 0.0000000000000000000, 0.9002000000000001100 ) ) ;
#2560 = DIRECTION ( 'NONE',  ( -0.8229838658936500200, 0.0000000000000000000, 0.5680647467311650300 ) ) ;
#2561 = DIRECTION ( 'NONE',  ( -0.0000000000000000000, -1.000000000000000000, -6.123233995736766000E-017 ) ) ;
#2562 = CYLINDRICAL_SURFACE ( 'NONE', #6344, 0.03906250000000002100 ) ;
#2563 = ADVANCED_FACE ( 'NONE', ( #497 ), #6417, .F. ) ;
#2564 = FACE_BOUND ( 'NONE', #2059, .T. ) ;
#2566 = DIRECTION ( 'NONE',  ( -0.8660254037844433700, 0.0000000000000000000, -0.4999999999999920100 ) ) ;
#2565 = CARTESIAN_POINT ( 'NONE',  ( 0.3839704347416606500, 0.01953124999999986500, -0.8149056107451879700 ) ) ;
#2567 = CARTESIAN_POINT ( 'NONE',  ( -0.6759043178180570400, -0.01953125000000015600, -0.5955315292531492300 ) ) ;
#2568 = EDGE_CURVE ( 'NONE', #7318, #6197, #8208, .T. ) ;
#2569 = LINE ( 'NONE', #9707, #7147 ) ;
#2570 = FACE_OUTER_BOUND ( 'NONE', #7643, .T. ) ;
#2571 = CIRCLE ( 'NONE', #2679, 0.03906250000000004200 ) ;
#2572 = DIRECTION ( 'NONE',  ( -0.9967573081342106000, 0.0000000000000000000, -0.08046656871671795100 ) ) ;
#2573 = ADVANCED_FACE ( 'NONE', ( #1995 ), #8718, .F. ) ;
#2574 = ORIENTED_EDGE ( 'NONE', *, *, #8142, .F. ) ;
#2575 = FACE_OUTER_BOUND ( 'NONE', #9255, .T. ) ;
#2576 = DIRECTION ( 'NONE',  ( 0.6927243535095986000, 0.0000000000000000000, -0.7212024473438151100 ) ) ;
#2577 = DIRECTION ( 'NONE',  ( -0.8451900855437904900, 0.0000000000000000000, 0.5344658261278078000 ) ) ;
#2578 = VECTOR ( 'NONE', #7841, 39.37007874015748900 ) ;
#2579 = DIRECTION ( 'NONE',  ( -0.3546048870425268000, 0.0000000000000000000, 0.9350162426854181600 ) ) ;
#2580 = DIRECTION ( 'NONE',  ( 0.9485364419471491400, 0.0000000000000000000, 0.3166679938014617100 ) ) ;
#2581 = AXIS2_PLACEMENT_3D ( 'NONE', #1761, #9125, #75 ) ;
#2582 = EDGE_CURVE ( 'NONE', #9584, #783, #5269, .T. ) ;
#2583 = ORIENTED_EDGE ( 'NONE', *, *, #8984, .F. ) ;
#2585 = VECTOR ( 'NONE', #54, 39.37007874015748900 ) ;
#2584 = DIRECTION ( 'NONE',  ( 0.1604112808577605700, 0.0000000000000000000, 0.9870502626379128500 ) ) ;
#2586 = AXIS2_PLACEMENT_3D ( 'NONE', #8290, #3563, #2715 ) ;
#2587 = EDGE_LOOP ( 'NONE', ( #4585, #4713, #1035, #3763, #3333 ) ) ;
#2588 = CYLINDRICAL_SURFACE ( 'NONE', #7156, 0.03906250000000000700 ) ;
#2589 = DIRECTION ( 'NONE',  ( -0.8660254037844432600, 0.0000000000000000000, -0.4999999999999919500 ) ) ;
#2590 = ORIENTED_EDGE ( 'NONE', *, *, #8041, .F. ) ;
#2591 = VERTEX_POINT ( 'NONE', #7849 ) ;
#2592 = EDGE_CURVE ( 'NONE', #2017, #9851, #3129, .T. ) ;
#2593 = AXIS2_PLACEMENT_3D ( 'NONE', #2133, #3732, #1425 ) ;
#2594 = EDGE_CURVE ( 'NONE', #8354, #8216, #2607, .T. ) ;
#2595 = LINE ( 'NONE', #7858, #2356 ) ;
#2596 = VERTEX_POINT ( 'NONE', #10255 ) ;
#2597 = CYLINDRICAL_SURFACE ( 'NONE', #384, 0.03906250000000002100 ) ;
#2598 = EDGE_LOOP ( 'NONE', ( #9496, #904 ) ) ;
#2599 = ORIENTED_EDGE ( 'NONE', *, *, #6101, .T. ) ;
#2600 = ORIENTED_EDGE ( 'NONE', *, *, #1798, .T. ) ;
#2601 = CIRCLE ( 'NONE', #124, 0.03906250000000003500 ) ;
#2602 = DIRECTION ( 'NONE',  ( -0.8451900855437980400, 0.0000000000000000000, -0.5344658261277960300 ) ) ;
#2603 = CARTESIAN_POINT ( 'NONE',  ( 0.03382911733532952700, -0.01953125000000015600, 0.9002000000000001100 ) ) ;
#2604 = AXIS2_PLACEMENT_3D ( 'NONE', #4134, #1014, #6621 ) ;
#2605 = ORIENTED_EDGE ( 'NONE', *, *, #9559, .T. ) ;
#2606 = DIRECTION ( 'NONE',  ( -0.6631226582408013000, 0.0000000000000000000, -0.7485107481710957500 ) ) ;
#2607 = CIRCLE ( 'NONE', #9042, 0.03906250000000000700 ) ;
#2608 = EDGE_CURVE ( 'NONE', #1141, #6004, #4247, .T. ) ;
#2609 = ORIENTED_EDGE ( 'NONE', *, *, #8918, .F. ) ;
#2610 = ADVANCED_FACE ( 'NONE', ( #3624 ), #105, .F. ) ;
#2611 = AXIS2_PLACEMENT_3D ( 'NONE', #9386, #9419, #7766 ) ;
#2612 = ORIENTED_EDGE ( 'NONE', *, *, #673, .F. ) ;
#2613 = DIRECTION ( 'NONE',  ( -0.2000256937760469500, 0.0000000000000000000, -0.9797906520422671200 ) ) ;
#2614 = DIRECTION ( 'NONE',  ( -0.8451900855437899400, 0.0000000000000000000, 0.5344658261278086900 ) ) ;
#2615 = VERTEX_POINT ( 'NONE', #5774 ) ;
#2616 = DIRECTION ( 'NONE',  ( -0.9991889981715695900, 0.0000000000000000000, 0.04026594010941867600 ) ) ;
#2617 = CARTESIAN_POINT ( 'NONE',  ( 0.7600648184867497800, 0.0000000000000000000, -0.4839291173353333400 ) ) ;
#2618 = MANIFOLD_SOLID_BREP ( 'CirPattern1[18]', #4542 ) ;
#2619 = VERTEX_POINT ( 'NONE', #6650 ) ;
#2620 = VECTOR ( 'NONE', #4140, 39.37007874015748100 ) ;
#2621 = PLANE ( 'NONE',  #1982 ) ;
#2622 = ORIENTED_EDGE ( 'NONE', *, *, #9207, .F. ) ;
#2623 = CARTESIAN_POINT ( 'NONE',  ( 0.6274914993586419000, 0.0000000000000000000, 0.2977484185224898400 ) ) ;
#2624 = CARTESIAN_POINT ( 'NONE',  ( 0.4183437994738012900, -0.01953125000000016700, 0.7970875142930192700 ) ) ;
#2625 = CARTESIAN_POINT ( 'NONE',  ( 0.2041441093741242800, 4.783776559169353300E-018, -0.6650193711570332500 ) ) ;
#2626 = ORIENTED_EDGE ( 'NONE', *, *, #3600, .T. ) ;
#2627 = AXIS2_PLACEMENT_3D ( 'NONE', #43, #1619, #5758 ) ;
#2628 = CLOSED_SHELL ( 'NONE', ( #1986, #3146, #1163, #4147 ) ) ;
#2629 = CARTESIAN_POINT ( 'NONE',  ( -0.6726606965348117500, -0.01953125000000015600, 0.5991928208156284100 ) ) ;
#2630 = ADVANCED_FACE ( 'NONE', ( #1854 ), #4983, .F. ) ;
#2631 = VERTEX_POINT ( 'NONE', #4196 ) ;
#2632 = EDGE_CURVE ( 'NONE', #7337, #6791, #9836, .T. ) ;
#2633 = VECTOR ( 'NONE', #2339, 39.37007874015748900 ) ;
#2635 = PLANE ( 'NONE',  #10298 ) ;
#2634 = CARTESIAN_POINT ( 'NONE',  ( -0.4898105433815822000, 0.0000000000000000000, -0.4939749113047033300 ) ) ;
#2636 = ORIENTED_EDGE ( 'NONE', *, *, #5605, .F. ) ;
#2637 = ORIENTED_EDGE ( 'NONE', *, *, #7983, .T. ) ;
#2638 = DIRECTION ( 'NONE',  ( 0.7485107481710956400, 0.0000000000000000000, -0.6631226582408011900 ) ) ;
#2639 = ORIENTED_EDGE ( 'NONE', *, *, #1071, .T. ) ;
#2640 = APPROVAL_PERSON_ORGANIZATION ( #1138, #6291, #2817 ) ;
#2641 = ORIENTED_EDGE ( 'NONE', *, *, #4200, .T. ) ;
#2642 = VECTOR ( 'NONE', #8588, 39.37007874015748100 ) ;
#2643 = EDGE_LOOP ( 'NONE', ( #9407, #9328, #3608, #4764 ) ) ;
#2644 = DIRECTION ( 'NONE',  ( -0.0000000000000000000, -1.000000000000000000, -6.123233995736766000E-017 ) ) ;
#2645 = ORIENTED_EDGE ( 'NONE', *, *, #7646, .T. ) ;
#2646 = CARTESIAN_POINT ( 'NONE',  ( -0.2480123232565140900, 0.0000000000000000000, 0.8662423485486938600 ) ) ;
#2647 = EDGE_CURVE ( 'NONE', #9745, #1595, #976, .T. ) ;
#2648 = CARTESIAN_POINT ( 'NONE',  ( 0.6972993866372522200, 0.0000000000000000000, -0.5693273271109621200 ) ) ;
#2649 = CIRCLE ( 'NONE', #939, 0.03906250000000002100 ) ;
#2650 = DIRECTION ( 'NONE',  ( 0.9870502626379126200, 0.0000000000000000000, -0.1604112808577614600 ) ) ;
#2651 = CARTESIAN_POINT ( 'NONE',  ( 0.6671278544335704800, 0.0000000000000000000, 0.1932359395631703900 ) ) ;
#2652 = EDGE_LOOP ( 'NONE', ( #9171, #7829, #1102, #7831 ) ) ;
#2653 = FACE_OUTER_BOUND ( 'NONE', #8069, .T. ) ;
#2654 = DIRECTION ( 'NONE',  ( -0.6631226582408011900, 0.0000000000000000000, -0.7485107481710956400 ) ) ;
#2655 = EDGE_LOOP ( 'NONE', ( #5337, #9770, #9481, #868 ) ) ;
#2656 = AXIS2_PLACEMENT_3D ( 'NONE', #4384, #10067, #2104 ) ;
#2657 = ADVANCED_FACE ( 'NONE', ( #9198 ), #869, .F. ) ;
#2658 = ORIENTED_EDGE ( 'NONE', *, *, #9685, .T. ) ;
#2659 = CARTESIAN_POINT ( 'NONE',  ( 0.5137437432209726000, -0.01953125000000016700, 0.7399809561610292100 ) ) ;
#2660 = CARTESIAN_POINT ( 'NONE',  ( -0.03382911733532969300, 0.01953124999999986500, 0.9002000000000001100 ) ) ;
#2661 = CARTESIAN_POINT ( 'NONE',  ( -0.3528483421960461600, 0.0000000000000000000, -0.8281654951816711500 ) ) ;
#2662 = AXIS2_PLACEMENT_3D ( 'NONE', #4490, #1293, #2172 ) ;
#2663 = EDGE_CURVE ( 'NONE', #6213, #9905, #2737, .T. ) ;
#2664 = VECTOR ( 'NONE', #1675, 39.37007874015748100 ) ;
#2665 = VERTEX_POINT ( 'NONE', #7475 ) ;
#2666 = CYLINDRICAL_SURFACE ( 'NONE', #5812, 0.03906250000000001400 ) ;
#2667 = VERTEX_POINT ( 'NONE', #3390 ) ;
#2668 = DIRECTION ( 'NONE',  ( 0.8854560256532093600, 0.0000000000000000000, -0.4647231720437694500 ) ) ;
#2669 = ADVANCED_FACE ( 'NONE', ( #2245 ), #8268, .T. ) ;
#2671 = ORIENTED_EDGE ( 'NONE', *, *, #4144, .T. ) ;
#2670 = DIRECTION ( 'NONE',  ( 0.4999999999999919000, 0.0000000000000000000, -0.8660254037844431500 ) ) ;
#2672 = EDGE_LOOP ( 'NONE', ( #2115, #5827, #858, #5451, #3603 ) ) ;
#2673 = AXIS2_PLACEMENT_3D ( 'NONE', #1580, #3204, #4831 ) ;
#2674 = VERTEX_POINT ( 'NONE', #1806 ) ;
#2675 = LINE ( 'NONE', #164, #8146 ) ;
#2676 = EDGE_CURVE ( 'NONE', #2772, #2017, #7958, .T. ) ;
#2677 = CARTESIAN_POINT ( 'NONE',  ( 0.3712132395370612000, 0.0000000000000000000, -0.5870267739144450200 ) ) ;
#2678 = DIRECTION ( 'NONE',  ( -0.9797906520422696700, 0.0000000000000000000, -0.2000256937760349600 ) ) ;
#2679 = AXIS2_PLACEMENT_3D ( 'NONE', #2002, #6029, #2812 ) ;
#2680 = DIRECTION ( 'NONE',  ( 0.6007422642379800500, 0.0000000000000000000, 0.7994427634035002900 ) ) ;
#2681 = CARTESIAN_POINT ( 'NONE',  ( 0.6129892083981550700, 0.01953124999999988900, 0.3283113492815791200 ) ) ;
#2682 = ADVANCED_FACE ( 'NONE', ( #8451 ), #10430, .F. ) ;
#2683 = EDGE_CURVE ( 'NONE', #2772, #9991, #615, .T. ) ;
#2684 = CARTESIAN_POINT ( 'NONE',  ( 0.1444022350281561100, 0.0000000000000000000, 0.8885426464266492600 ) ) ;
#2685 = CYLINDRICAL_SURFACE ( 'NONE', #1003, 0.03906250000000004200 ) ;
#2686 = LINE ( 'NONE', #1502, #4595 ) ;
#2687 = DIRECTION ( 'NONE',  ( 0.9034504346103833200, 0.0000000000000000000, 0.4286925614030520100 ) ) ;
#2688 = DIRECTION ( 'NONE',  ( 0.8854560256532094700, 0.0000000000000000000, -0.4647231720437694500 ) ) ;
#2690 = CARTESIAN_POINT ( 'NONE',  ( -0.7408500760774637800, 0.0000000000000000000, 0.5113718850073948300 ) ) ;
#2689 = CC_DESIGN_PERSON_AND_ORGANIZATION_ASSIGNMENT ( #5934, #2743, ( #5951 ) ) ;
#2691 = DIRECTION ( 'NONE',  ( 0.2782174639164499100, 0.0000000000000000000, -0.9605181116313730200 ) ) ;
#2692 = EDGE_CURVE ( 'NONE', #1118, #10254, #6799, .T. ) ;
#2693 = DIRECTION ( 'NONE',  ( 0.9967573081342106000, 0.0000000000000000000, 0.08046656871671943600 ) ) ;
#2695 = DIRECTION ( 'NONE',  ( 0.3166679938014603800, -0.0000000000000000000, -0.9485364419471495900 ) ) ;
#2694 = LINE ( 'NONE', #2459, #7272 ) ;
#2696 = CARTESIAN_POINT ( 'NONE',  ( -0.8417016216654136200, 0.0000000000000000000, -0.3192153193156827000 ) ) ;
#2697 = LINE ( 'NONE', #5277, #6755 ) ;
#2698 = ORIENTED_EDGE ( 'NONE', *, *, #6191, .F. ) ;
#2699 = CARTESIAN_POINT ( 'NONE',  ( 0.8820075449684489100, 0.0000000000000000000, -0.1800631295371986900 ) ) ;
#2700 = VECTOR ( 'NONE', #5161, 39.37007874015748900 ) ;
#2702 = DIRECTION ( 'NONE',  ( 0.4647231720437694500, 0.0000000000000000000, 0.8854560256532094700 ) ) ;
#2701 = CARTESIAN_POINT ( 'NONE',  ( 0.03382911733532971400, 0.01953124999999987900, 0.9002000000000001100 ) ) ;
#2703 = AXIS2_PLACEMENT_3D ( 'NONE', #5550, #725, #1483 ) ;
#2704 = VECTOR ( 'NONE', #7688, 39.37007874015748100 ) ;
#2705 = CIRCLE ( 'NONE', #5245, 0.03906250000000002800 ) ;
#2706 = DIRECTION ( 'NONE',  ( -0.2393156642875647600, 0.0000000000000000000, -0.9709418174260503500 ) ) ;
#2707 = ORIENTED_EDGE ( 'NONE', *, *, #656, .F. ) ;
#2708 = AXIS2_PLACEMENT_3D ( 'NONE', #9571, #10391, #10428 ) ;
#2709 = EDGE_CURVE ( 'NONE', #5511, #4154, #3494, .T. ) ;
#2710 = CARTESIAN_POINT ( 'NONE',  ( -0.7965402780564547800, 0.0000000000000000000, 0.4212000763770063500 ) ) ;
#2711 = CARTESIAN_POINT ( 'NONE',  ( -0.2722404088783202900, 0.0000000000000000000, -0.6389717225932345400 ) ) ;
#2712 = FACE_OUTER_BOUND ( 'NONE', #2405, .T. ) ;
#2713 = DIRECTION ( 'NONE',  ( 1.000000000000000000, 0.0000000000000000000, 0.0000000000000000000 ) ) ;
#2714 = LINE ( 'NONE', #9353, #955 ) ;
#2715 = DIRECTION ( 'NONE',  ( -0.3546048870425280700, 0.0000000000000000000, 0.9350162426854177200 ) ) ;
#2716 = CARTESIAN_POINT ( 'NONE',  ( 0.5380018762373957000, 0.0000000000000000000, -0.4392649356197720900 ) ) ;
#2717 = ORIENTED_EDGE ( 'NONE', *, *, #8870, .F. ) ;
#2718 = ADVANCED_FACE ( 'NONE', ( #5522 ), #2597, .F. ) ;
#2719 = CARTESIAN_POINT ( 'NONE',  ( 0.7186944554564548300, -0.01953125000000015600, -0.5431231249687660200 ) ) ;
#2720 = CARTESIAN_POINT ( 'NONE',  ( 0.5716215590217247300, -0.01953125000000016700, -0.6962422297169719200 ) ) ;
#2721 = FACE_OUTER_BOUND ( 'NONE', #1109, .T. ) ;
#2722 = DIRECTION ( 'NONE',  ( 0.8229838658936575700, 0.0000000000000000000, 0.5680647467311542600 ) ) ;
#2723 = ORIENTED_EDGE ( 'NONE', *, *, #2676, .T. ) ;
#2724 = CARTESIAN_POINT ( 'NONE',  ( -0.8994699361540474700, 0.0000000000000000000, -0.03624739928648673000 ) ) ;
#2725 = AXIS2_PLACEMENT_3D ( 'NONE', #134, #3399, #7451 ) ;
#2726 = EDGE_CURVE ( 'NONE', #5960, #2867, #4117, .T. ) ;
#2727 = CYLINDRICAL_SURFACE ( 'NONE', #3545, 0.03906250000000002800 ) ;
#2728 = EDGE_LOOP ( 'NONE', ( #8322, #5788 ) ) ;
#2729 = CARTESIAN_POINT ( 'NONE',  ( -0.3860173066810319600, 0.0000000000000000000, 0.5787194660187028300 ) ) ;
#2730 = ORIENTED_EDGE ( 'NONE', *, *, #4066, .F. ) ;
#2731 = ORIENTED_EDGE ( 'NONE', *, *, #993, .F. ) ;
#2732 = DIRECTION ( 'NONE',  ( 0.8854560256532093600, 0.0000000000000000000, -0.4647231720437694500 ) ) ;
#2733 = CIRCLE ( 'NONE', #5182, 0.03906250000000000000 ) ;
#2734 = CARTESIAN_POINT ( 'NONE',  ( 0.07243600515879085300, 0.0000000000000000000, -0.8972809287824163900 ) ) ;
#2735 = ADVANCED_FACE ( 'NONE', ( #4643 ), #3498, .T. ) ;
#2736 = EDGE_LOOP ( 'NONE', ( #1252, #559, #5913, #2372 ) ) ;
#2737 = CIRCLE ( 'NONE', #8170, 0.03906250000000004900 ) ;
#2738 = ORIENTED_EDGE ( 'NONE', *, *, #6587, .T. ) ;
#2739 = DIRECTION ( 'NONE',  ( -0.7746049618276598100, 0.0000000000000000000, -0.6324453755953708400 ) ) ;
#2740 = DIRECTION ( 'NONE',  ( 0.3166679938014732000, 0.0000000000000000000, 0.9485364419471453700 ) ) ;
#2741 = EDGE_CURVE ( 'NONE', #9141, #7815, #3862, .T. ) ;
#2742 = ORIENTED_EDGE ( 'NONE', *, *, #4845, .T. ) ;
#2744 = DIRECTION ( 'NONE',  ( -0.9709418174260502400, 0.0000000000000000000, 0.2393156642875651800 ) ) ;
#2743 = PERSON_AND_ORGANIZATION_ROLE ( 'design_supplier' ) ;
#2745 = ORIENTED_EDGE ( 'NONE', *, *, #6520, .F. ) ;
#2746 = AXIS2_PLACEMENT_3D ( 'NONE', #8106, #6491, #7382 ) ;
#2747 = CARTESIAN_POINT ( 'NONE',  ( 0.6492264430989030900, 0.0000000000000000000, 0.6235904630293402900 ) ) ;
#2748 = DIRECTION ( 'NONE',  ( -0.3546048870425280700, 0.0000000000000000000, 0.9350162426854177200 ) ) ;
#2749 = FACE_OUTER_BOUND ( 'NONE', #8631, .T. ) ;
#2750 = ORIENTED_EDGE ( 'NONE', *, *, #1927, .T. ) ;
#2751 = LINE ( 'NONE', #5095, #628 ) ;
#2752 = ORIENTED_EDGE ( 'NONE', *, *, #2960, .T. ) ;
#2753 = CARTESIAN_POINT ( 'NONE',  ( -0.6222644748750048000, -0.01953125000000015600, -0.6513765212902766800 ) ) ;
#2754 = ORIENTED_EDGE ( 'NONE', *, *, #6816, .F. ) ;
#2755 = EDGE_LOOP ( 'NONE', ( #7438, #4146, #620, #2707, #1481 ) ) ;
#2756 = DIRECTION ( 'NONE',  ( 0.9967573081342092600, 0.0000000000000000000, -0.08046656871673289700 ) ) ;
#2757 = CARTESIAN_POINT ( 'NONE',  ( 1.186376586673998700E-016, 0.01953124999999988200, 0.9687500000000001100 ) ) ;
#2758 = AXIS2_PLACEMENT_3D ( 'NONE', #5454, #2241, #7915 ) ;
#2759 = CARTESIAN_POINT ( 'NONE',  ( -0.09482388765119943700, 0.0000000000000000000, -0.6891545630241180400 ) ) ;
#2760 = EDGE_CURVE ( 'NONE', #6932, #6381, #7828, .T. ) ;
#2761 = VERTEX_POINT ( 'NONE', #9953 ) ;
#2762 = LINE ( 'NONE', #8254, #6187 ) ;
#2763 = ORIENTED_EDGE ( 'NONE', *, *, #2215, .F. ) ;
#2764 = CARTESIAN_POINT ( 'NONE',  ( 0.5009111598026474400, 0.0000000000000000000, 0.4811316997300915700 ) ) ;
#2765 = VERTEX_POINT ( 'NONE', #1073 ) ;
#2766 = VERTEX_POINT ( 'NONE', #6015 ) ;
#2767 = COORDINATED_UNIVERSAL_TIME_OFFSET ( 6, 0, .BEHIND. ) ;
#2768 = CARTESIAN_POINT ( 'NONE',  ( 0.8278498682653100400, 0.0000000000000000000, -0.3557393912955930100 ) ) ;
#2769 = DIRECTION ( 'NONE',  ( 0.9350162426854133900, 0.0000000000000000000, -0.3546048870425394000 ) ) ;
#2770 = EDGE_LOOP ( 'NONE', ( #5895, #3477, #6449, #9576 ) ) ;
#2771 = LINE ( 'NONE', #4937, #876 ) ;
#2772 = VERTEX_POINT ( 'NONE', #6843 ) ;
#2773 = ORIENTED_EDGE ( 'NONE', *, *, #5860, .F. ) ;
#2774 = CARTESIAN_POINT ( 'NONE',  ( -0.1114136551197485600, 0.01953124999999988900, 0.6855557599151640400 ) ) ;
#2775 = CARTESIAN_POINT ( 'NONE',  ( 0.3227734791430002000, 0.0000000000000000000, 0.6149934826174369200 ) ) ;
#2776 = ADVANCED_FACE ( 'NONE', ( #7564 ), #7693, .T. ) ;
#2777 = EDGE_CURVE ( 'NONE', #8571, #10144, #738, .T. ) ;
#2778 = APPROVAL_PERSON_ORGANIZATION ( #6842, #1418, #7715 ) ;
#2779 = DIRECTION ( 'NONE',  ( 0.4286925614030635000, 0.0000000000000000000, 0.9034504346103779900 ) ) ;
#2780 = ORIENTED_EDGE ( 'NONE', *, *, #9907, .F. ) ;
#2781 = VECTOR ( 'NONE', #5461, 39.37007874015748100 ) ;
#2782 = ORIENTED_EDGE ( 'NONE', *, *, #8559, .T. ) ;
#2783 = DIRECTION ( 'NONE',  ( -0.08046656871673291100, 0.0000000000000000000, -0.9967573081342093700 ) ) ;
#2784 = DIRECTION ( 'NONE',  ( -0.9709418174260535700, 0.0000000000000000000, -0.2393156642875513600 ) ) ;
#2785 = ORIENTED_EDGE ( 'NONE', *, *, #4746, .F. ) ;
#2786 = DIRECTION ( 'NONE',  ( 0.8854560256532157900, 0.0000000000000000000, 0.4647231720437573500 ) ) ;
#2787 = CARTESIAN_POINT ( 'NONE',  ( 0.7600672050487030700, -0.01953125000000016700, 0.4835310672429853400 ) ) ;
#2788 = VECTOR ( 'NONE', #4557, 39.37007874015748900 ) ;
#2789 = VERTEX_POINT ( 'NONE', #9136 ) ;
#2790 = DIRECTION ( 'NONE',  ( -0.8660254037844431500, 0.0000000000000000000, -0.4999999999999919000 ) ) ;
#2791 = VECTOR ( 'NONE', #1605, 39.37007874015747400 ) ;
#2792 = CARTESIAN_POINT ( 'NONE',  ( -0.05588805530220686300, 0.0000000000000000000, -0.6922977883646154200 ) ) ;
#2793 = EDGE_LOOP ( 'NONE', ( #6394, #8100, #3499, #8721 ) ) ;
#2794 = ADVANCED_FACE ( 'NONE', ( #487 ), #10061, .T. ) ;
#2795 = FACE_OUTER_BOUND ( 'NONE', #4433, .T. ) ;
#2796 = AXIS2_PLACEMENT_3D ( 'NONE', #8165, #6422, #3226 ) ;
#2797 = EDGE_CURVE ( 'NONE', #8203, #6286, #3609, .T. ) ;
#2798 = VERTEX_POINT ( 'NONE', #5085 ) ;
#2799 = CARTESIAN_POINT ( 'NONE',  ( -0.3528483421960461600, 0.0000000000000000000, -0.8281654951816711500 ) ) ;
#2800 = CARTESIAN_POINT ( 'NONE',  ( -0.7216329471062309400, -0.01953125000000016700, 0.5392127027717942300 ) ) ;
#2801 = ORIENTED_EDGE ( 'NONE', *, *, #9981, .T. ) ;
#2802 = AXIS2_PLACEMENT_3D ( 'NONE', #6723, #4222, #8431 ) ;
#2803 = ORIENTED_EDGE ( 'NONE', *, *, #4760, .T. ) ;
#2804 = ORIENTED_EDGE ( 'NONE', *, *, #1318, .F. ) ;
#2805 = VECTOR ( 'NONE', #1078, 39.37007874015748100 ) ;
#2806 = CARTESIAN_POINT ( 'NONE',  ( 0.4605718422811416700, 0.0000000000000000000, -0.5198781401422409900 ) ) ;
#2807 = DIRECTION ( 'NONE',  ( -0.4647231720437573500, 0.0000000000000000000, 0.8854560256532157900 ) ) ;
#2808 = CARTESIAN_POINT ( 'NONE',  ( -0.6014979441984852300, -0.01953125000000015600, -0.3472749999999945000 ) ) ;
#2809 = EDGE_CURVE ( 'NONE', #9456, #5762, #5400, .T. ) ;
#2810 = AXIS2_PLACEMENT_3D ( 'NONE', #555, #4556, #4446 ) ;
#2811 = AXIS2_PLACEMENT_3D ( 'NONE', #4704, #5620, #10477 ) ;
#2812 = DIRECTION ( 'NONE',  ( 0.4286925614030627200, 0.0000000000000000000, 0.9034504346103781100 ) ) ;
#2813 = ORIENTED_EDGE ( 'NONE', *, *, #6237, .F. ) ;
#2814 = ORIENTED_EDGE ( 'NONE', *, *, #6599, .F. ) ;
#2815 = FACE_OUTER_BOUND ( 'NONE', #2385, .T. ) ;
#2816 = DIRECTION ( 'NONE',  ( -0.04026594010941867600, 0.0000000000000000000, -0.9991889981715695900 ) ) ;
#2818 = DIRECTION ( 'NONE',  ( -0.9034504346103833200, 0.0000000000000000000, -0.4286925614030520100 ) ) ;
#2817 = APPROVAL_ROLE ( '' ) ;
#2819 = CARTESIAN_POINT ( 'NONE',  ( -0.5716034440564348200, 0.01953124999999988900, 0.3945493698421307900 ) ) ;
#2820 = CARTESIAN_POINT ( 'NONE',  ( -0.7626815098190914400, 0.01953124999999986500, -0.4793968749999930600 ) ) ;
#2821 = EDGE_CURVE ( 'NONE', #9911, #5411, #9465, .T. ) ;
#2822 = LINE ( 'NONE', #2194, #4192 ) ;
#2823 = AXIS2_PLACEMENT_3D ( 'NONE', #2406, #6575, #228 ) ;
#2824 = LINE ( 'NONE', #6620, #8787 ) ;
#2825 = CARTESIAN_POINT ( 'NONE',  ( -0.07243600515880298200, -0.01953125000000016700, -0.8972809287824155000 ) ) ;
#2826 = EDGE_CURVE ( 'NONE', #7235, #8203, #3360, .T. ) ;
#2827 = PLANE ( 'NONE',  #4825 ) ;
#2828 = ADVANCED_FACE ( 'NONE', ( #5778 ), #7307, .F. ) ;
#2829 = VECTOR ( 'NONE', #2436, 39.37007874015748900 ) ;
#2830 = DIRECTION ( 'NONE',  ( -0.5000000000000032200, 0.0000000000000000000, -0.8660254037844368200 ) ) ;
#2831 = DIRECTION ( 'NONE',  ( -0.7746049618276598100, 0.0000000000000000000, -0.6324453755953708400 ) ) ;
#2832 = FACE_OUTER_BOUND ( 'NONE', #4108, .T. ) ;
#2833 = LINE ( 'NONE', #8940, #5107 ) ;
#2834 = CARTESIAN_POINT ( 'NONE',  ( -0.5141413743968069600, 0.0000000000000000000, -0.7399625436734028600 ) ) ;
#2835 = ORIENTED_EDGE ( 'NONE', *, *, #5804, .T. ) ;
#2836 = CARTESIAN_POINT ( 'NONE',  ( -0.3528483421960461600, 0.0000000000000000000, -0.8281654951816711500 ) ) ;
#2837 = CARTESIAN_POINT ( 'NONE',  ( -0.6492264430988948800, 0.0000000000000000000, 0.6235904630293489500 ) ) ;
#2838 = EDGE_CURVE ( 'NONE', #1179, #9625, #9591, .T. ) ;
#2840 = CARTESIAN_POINT ( 'NONE',  ( -0.05588805530220686300, 0.0000000000000000000, -0.6922977883646154200 ) ) ;
#2839 = CYLINDRICAL_SURFACE ( 'NONE', #6459, 0.03906250000000006900 ) ;
#2841 = LINE ( 'NONE', #3075, #6009 ) ;
#2842 = DIRECTION ( 'NONE',  ( -0.0000000000000000000, -0.0000000000000000000, 1.000000000000000000 ) ) ;
#2843 = ADVANCED_FACE ( 'NONE', ( #5660 ), #6692, .T. ) ;
#2844 = DIRECTION ( 'NONE',  ( -0.3546048870425268000, 0.0000000000000000000, 0.9350162426854181600 ) ) ;
#2845 = ORIENTED_EDGE ( 'NONE', *, *, #4089, .T. ) ;
#2846 = CARTESIAN_POINT ( 'NONE',  ( -0.03871658522708360000, -0.01953125000000015600, -0.9000030417771052200 ) ) ;
#2847 = LINE ( 'NONE', #1432, #8304 ) ;
#2848 = CARTESIAN_POINT ( 'NONE',  ( 0.5908205730276726600, 0.01953124999999991000, 0.3667085520777234600 ) ) ;
#2849 = ORIENTED_EDGE ( 'NONE', *, *, #6310, .F. ) ;
#2850 = CIRCLE ( 'NONE', #464, 0.03906250000000004900 ) ;
#2851 = EDGE_CURVE ( 'NONE', #3522, #3023, #1229, .T. ) ;
#2852 = CARTESIAN_POINT ( 'NONE',  ( -0.3527276749300890500, -0.01953125000000014900, 0.5992723079019264300 ) ) ;
#2853 = EDGE_LOOP ( 'NONE', ( #8982, #8214, #3722, #2636 ) ) ;
#2854 = ORIENTED_EDGE ( 'NONE', *, *, #6665, .T. ) ;
#2855 = FACE_OUTER_BOUND ( 'NONE', #6318, .T. ) ;
#2856 = DIRECTION ( 'NONE',  ( -0.9967573081342092600, 0.0000000000000000000, 0.08046656871673289700 ) ) ;
#2857 = AXIS2_PLACEMENT_3D ( 'NONE', #9422, #665, #6225 ) ;
#2858 = ORIENTED_EDGE ( 'NONE', *, *, #8863, .F. ) ;
#2859 = CARTESIAN_POINT ( 'NONE',  ( -0.5969430169483694900, 0.0000000000000000000, -0.6738093755036204100 ) ) ;
#2860 = VECTOR ( 'NONE', #9993, 39.37007874015748100 ) ;
#2861 = ORIENTED_EDGE ( 'NONE', *, *, #706, .T. ) ;
#2862 = ORIENTED_EDGE ( 'NONE', *, *, #5756, .T. ) ;
#2863 = ORIENTED_EDGE ( 'NONE', *, *, #8327, .T. ) ;
#2864 = AXIS2_PLACEMENT_3D ( 'NONE', #5327, #8564, #2784 ) ;
#2865 = EDGE_CURVE ( 'NONE', #97, #4801, #6923, .T. ) ;
#2866 = CIRCLE ( 'NONE', #9751, 0.03906250000000002100 ) ;
#2867 = VERTEX_POINT ( 'NONE', #6802 ) ;
#2868 = VECTOR ( 'NONE', #5993, 39.37007874015748100 ) ;
#2869 = CARTESIAN_POINT ( 'NONE',  ( 0.4605718422811416700, 0.0000000000000000000, -0.5198781401422409900 ) ) ;
#2870 = ORIENTED_EDGE ( 'NONE', *, *, #5935, .F. ) ;
#2871 = CARTESIAN_POINT ( 'NONE',  ( 0.8417016216654091800, 0.0000000000000000000, -0.3192153193156940200 ) ) ;
#2872 = DIRECTION ( 'NONE',  ( 0.4286925614030521700, 0.0000000000000000000, -0.9034504346103833200 ) ) ;
#2873 = DIRECTION ( 'NONE',  ( 0.6007422642379800500, 0.0000000000000000000, 0.7994427634035002900 ) ) ;
#2874 = VERTEX_POINT ( 'NONE', #7010 ) ;
#2875 = EDGE_LOOP ( 'NONE', ( #223, #9879, #6180, #219 ) ) ;
#2876 = DIRECTION ( 'NONE',  ( -0.2393156642875647600, 0.0000000000000000000, -0.9709418174260503500 ) ) ;
#2877 = AXIS2_PLACEMENT_3D ( 'NONE', #8343, #172, #7452 ) ;
#2878 = PERSON ( 'UNSPECIFIED', 'UNSPECIFIED', 'UNSPECIFIED', ('UNSPECIFIED'), ('UNSPECIFIED'), ('UNSPECIFIED') ) ;
#2879 = ORIENTED_EDGE ( 'NONE', *, *, #7529, .F. ) ;
#2880 = ADVANCED_FACE ( 'NONE', ( #4761 ), #9308, .T. ) ;
#2881 = PLANE ( 'NONE',  #6033 ) ;
#2882 = CIRCLE ( 'NONE', #793, 0.03906250000000000000 ) ;
#2883 = EDGE_CURVE ( 'NONE', #4684, #7540, #6287, .T. ) ;
#2884 =( NAMED_UNIT ( * ) PLANE_ANGLE_UNIT ( ) SI_UNIT ( $, .RADIAN. ) );
#2885 = VERTEX_POINT ( 'NONE', #4415 ) ;
#2886 = AXIS2_PLACEMENT_3D ( 'NONE', #5068, #9829, #4959 ) ;
#2887 = EDGE_LOOP ( 'NONE', ( #557, #10230, #6166, #4520 ) ) ;
#2888 = DIRECTION ( 'NONE',  ( 0.8660254037844362700, 0.0000000000000000000, -0.5000000000000040000 ) ) ;
#2889 = ORIENTED_EDGE ( 'NONE', *, *, #1828, .F. ) ;
#2890 = EDGE_CURVE ( 'NONE', #7615, #8965, #1477, .T. ) ;
#2891 = CARTESIAN_POINT ( 'NONE',  ( 0.6972993866372522200, 0.0000000000000000000, -0.5693273271109621200 ) ) ;
#2892 = DIRECTION ( 'NONE',  ( 0.9991889981715694800, 0.0000000000000000000, -0.04026594010941866900 ) ) ;
#2893 = ORIENTED_EDGE ( 'NONE', *, *, #4507, .T. ) ;
#2894 = LINE ( 'NONE', #5693, #7861 ) ;
#2895 = VERTEX_POINT ( 'NONE', #9354 ) ;
#2896 = EDGE_LOOP ( 'NONE', ( #1898, #1616, #7290, #3797 ) ) ;
#2897 = CARTESIAN_POINT ( 'NONE',  ( 0.5819666941984803500, 0.0000000000000000000, -0.3811041173353325600 ) ) ;
#2898 = AXIS2_PLACEMENT_3D ( 'NONE', #5893, #1065, #8396 ) ;
#2899 = VERTEX_POINT ( 'NONE', #8618 ) ;
#2900 = EDGE_CURVE ( 'NONE', #7952, #9861, #856, .T. ) ;
#2901 = SHAPE_DEFINITION_REPRESENTATION ( #7244, #5020 ) ;
#2902 = CARTESIAN_POINT ( 'NONE',  ( 0.7795960684867498900, 0.0000000000000000000, -0.4501000000000037700 ) ) ;
#2903 = PLANE ( 'NONE',  #4638 ) ;
#2904 = ORIENTED_EDGE ( 'NONE', *, *, #6124, .T. ) ;
#2905 = VECTOR ( 'NONE', #7159, 39.37007874015748900 ) ;
#2906 = EDGE_LOOP ( 'NONE', ( #7980, #10162, #7275, #7173 ) ) ;
#2907 = DIRECTION ( 'NONE',  ( 0.9350162426854132800, 0.0000000000000000000, -0.3546048870425393400 ) ) ;
#2908 = ORIENTED_EDGE ( 'NONE', *, *, #10163, .T. ) ;
#2909 = DIRECTION ( 'NONE',  ( -0.9199794436588212300, 0.0000000000000000000, 0.3919666098600821400 ) ) ;
#2910 = DIRECTION ( 'NONE',  ( -0.08046656871673291100, 0.0000000000000000000, -0.9967573081342093700 ) ) ;
#2911 = DIRECTION ( 'NONE',  ( -0.3919666098600823000, 0.0000000000000000000, -0.9199794436588212300 ) ) ;
#2912 = DIRECTION ( 'NONE',  ( 0.6927243535095981600, 0.0000000000000000000, -0.7212024473438157800 ) ) ;
#2913 = VECTOR ( 'NONE', #7795, 39.37007874015748100 ) ;
#2914 = AXIS2_PLACEMENT_3D ( 'NONE', #4948, #7334, #8125 ) ;
#2915 = ORIENTED_EDGE ( 'NONE', *, *, #122, .T. ) ;
#2916 = VECTOR ( 'NONE', #9140, 39.37007874015748100 ) ;
#2917 = ORIENTED_EDGE ( 'NONE', *, *, #4411, .F. ) ;
#2918 = CARTESIAN_POINT ( 'NONE',  ( 0.5141413743967970800, 4.783776559169354800E-018, -0.7399625436734099700 ) ) ;
#2919 = ORIENTED_EDGE ( 'NONE', *, *, #1194, .T. ) ;
#2920 = DIRECTION ( 'NONE',  ( -0.9927088740980526400, 0.0000000000000000000, 0.1205366802553337900 ) ) ;
#2921 = CARTESIAN_POINT ( 'NONE',  ( -0.4172455396264814800, 0.0000000000000000000, 0.5552529713219071000 ) ) ;
#2922 = AXIS2_PLACEMENT_3D ( 'NONE', #5352, #7030, #2191 ) ;
#2923 = EDGE_CURVE ( 'NONE', #1030, #1902, #1985, .T. ) ;
#2924 = PLANE ( 'NONE',  #9748 ) ;
#2925 = DIRECTION ( 'NONE',  ( -0.1604112808577474700, 0.0000000000000000000, 0.9870502626379149500 ) ) ;
#2926 = DIRECTION ( 'NONE',  ( -0.3166679938014731500, -0.0000000000000000000, -0.9485364419471452600 ) ) ;
#2927 = FACE_OUTER_BOUND ( 'NONE', #6507, .T. ) ;
#2928 = EDGE_LOOP ( 'NONE', ( #8507, #3 ) ) ;
#2929 = FACE_OUTER_BOUND ( 'NONE', #5941, .T. ) ;
#2930 = EDGE_LOOP ( 'NONE', ( #4311, #3834, #6224, #2917 ) ) ;
#2931 = CARTESIAN_POINT ( 'NONE',  ( 0.2154319609916540100, 0.0000000000000000000, -0.8740418240469335400 ) ) ;
#2932 = DIRECTION ( 'NONE',  ( -0.9350162426854181600, 0.0000000000000000000, -0.3546048870425268000 ) ) ;
#2933 = CARTESIAN_POINT ( 'NONE',  ( 0.6492264430989030900, 0.0000000000000000000, 0.6235904630293402900 ) ) ;
#2934 = EDGE_LOOP ( 'NONE', ( #8010, #3128, #5590, #6338 ) ) ;
#2935 = EDGE_CURVE ( 'NONE', #1618, #7893, #1725, .T. ) ;
#2936 = CARTESIAN_POINT ( 'NONE',  ( 0.7408500760774706700, 0.0000000000000000000, 0.5113718850073850600 ) ) ;
#2937 = ORIENTED_EDGE ( 'NONE', *, *, #9107, .T. ) ;
#2938 = ORIENTED_EDGE ( 'NONE', *, *, #7953, .T. ) ;
#2939 = VECTOR ( 'NONE', #9475, 39.37007874015748100 ) ;
#2940 = ADVANCED_FACE ( 'NONE', ( #5132 ), #1108, .F. ) ;
#2941 = DIRECTION ( 'NONE',  ( 0.9034504346103833200, 0.0000000000000000000, 0.4286925614030520100 ) ) ;
#2942 = CARTESIAN_POINT ( 'NONE',  ( -0.3839704347416716400, -0.01953125000000015600, -0.8149056107451832000 ) ) ;
#2943 = CARTESIAN_POINT ( 'NONE',  ( 0.1662166946309190400, 0.0000000000000000000, -0.6743676392932657100 ) ) ;
#2944 = CARTESIAN_POINT ( 'NONE',  ( -0.1333705899634441400, -0.01953125000000006900, -0.6824634769806298100 ) ) ;
#2945 = DIRECTION ( 'NONE',  ( 0.7212024473438064500, -0.0000000000000000000, -0.6927243535096075900 ) ) ;
#2946 = CARTESIAN_POINT ( 'NONE',  ( -0.2850645280200746500, 0.01953124999999987900, 0.8538725050408242400 ) ) ;
#2947 = FACE_OUTER_BOUND ( 'NONE', #4150, .T. ) ;
#2948 = EDGE_CURVE ( 'NONE', #1846, #7952, #3242, .T. ) ;
#2949 = AXIS2_PLACEMENT_3D ( 'NONE', #8841, #9662, #6425 ) ;
#2950 = PLANE ( 'NONE',  #3754 ) ;
#2951 = CARTESIAN_POINT ( 'NONE',  ( 0.7408500760774706700, 0.0000000000000000000, 0.5113718850073850600 ) ) ;
#2952 = DIRECTION ( 'NONE',  ( -0.6007422642379689500, 0.0000000000000000000, 0.7994427634035086200 ) ) ;
#2953 = VECTOR ( 'NONE', #3423, 39.37007874015748900 ) ;
#2954 = DIRECTION ( 'NONE',  ( 0.7212024473438157800, 0.0000000000000000000, 0.6927243535095981600 ) ) ;
#2955 = VECTOR ( 'NONE', #4182, 39.37007874015748100 ) ;
#2956 = CYLINDRICAL_SURFACE ( 'NONE', #10159, 0.03906249999999997900 ) ;
#2957 = DIRECTION ( 'NONE',  ( -0.8660254037844432600, 0.0000000000000000000, -0.4999999999999919500 ) ) ;
#2958 = AXIS2_PLACEMENT_3D ( 'NONE', #8829, #9655, #7247 ) ;
#2959 = EDGE_LOOP ( 'NONE', ( #1522, #6465, #9492, #2005, #1792 ) ) ;
#2960 = EDGE_CURVE ( 'NONE', #5892, #4377, #6533, .T. ) ;
#2961 = DIRECTION ( 'NONE',  ( -0.9797906520422696700, 0.0000000000000000000, -0.2000256937760349900 ) ) ;
#2962 = CARTESIAN_POINT ( 'NONE',  ( 0.3169116451781119900, 0.0000000000000000000, -0.8434766908793347500 ) ) ;
#2963 = FACE_OUTER_BOUND ( 'NONE', #5001, .T. ) ;
#2964 = LINE ( 'NONE', #229, #6502 ) ;
#2965 = DIRECTION ( 'NONE',  ( 0.9870502626379148400, 0.0000000000000000000, 0.1604112808577474500 ) ) ;
#2966 = CIRCLE ( 'NONE', #7997, 0.03906250000000005600 ) ;
#2967 = DIRECTION ( 'NONE',  ( 0.8660254037844362700, 0.0000000000000000000, -0.5000000000000040000 ) ) ;
#2968 = ORIENTED_EDGE ( 'NONE', *, *, #3816, .T. ) ;
#2969 = DIRECTION ( 'NONE',  ( -0.7212024473438064500, 0.0000000000000000000, 0.6927243535096075900 ) ) ;
#2970 = CARTESIAN_POINT ( 'NONE',  ( 0.8646584040905621600, 0.0000000000000000000, 0.2504513610175883000 ) ) ;
#2971 = VECTOR ( 'NONE', #4565, 39.37007874015748100 ) ;
#2972 = LINE ( 'NONE', #9393, #9691 ) ;
#2973 = DIRECTION ( 'NONE',  ( 0.9991889981715695900, 0.0000000000000000000, -0.04026594010941867600 ) ) ;
#2974 = DIRECTION ( 'NONE',  ( -0.3546048870425387300, 0.0000000000000000000, -0.9350162426854137200 ) ) ;
#2975 = DIRECTION ( 'NONE',  ( 0.6324453755953809400, 0.0000000000000000000, 0.7746049618276514800 ) ) ;
#2976 = ORIENTED_EDGE ( 'NONE', *, *, #1388, .F. ) ;
#2977 = EDGE_CURVE ( 'NONE', #149, #8345, #10352, .T. ) ;
#2978 = CYLINDRICAL_SURFACE ( 'NONE', #1822, 0.03906250000000004200 ) ;
#2979 = DIRECTION ( 'NONE',  ( -0.7212024473438065600, 0.0000000000000000000, 0.6927243535096077000 ) ) ;
#2980 = ORIENTED_EDGE ( 'NONE', *, *, #1038, .F. ) ;
#2981 = CIRCLE ( 'NONE', #4832, 0.03906249999999995800 ) ;
#2982 = CARTESIAN_POINT ( 'NONE',  ( 0.1110111958775101400, 0.01953124999999987900, 0.8939692184686969200 ) ) ;
#2983 = DIRECTION ( 'NONE',  ( -0.3919666098600823000, 0.0000000000000000000, -0.9199794436588212300 ) ) ;
#2984 = ADVANCED_FACE ( 'NONE', ( #5258 ), #2903, .F. ) ;
#2985 = DIRECTION ( 'NONE',  ( -0.7212024473438066700, 0.0000000000000000000, 0.6927243535096077000 ) ) ;
#2986 = ORIENTED_EDGE ( 'NONE', *, *, #8817, .T. ) ;
#2987 = DIRECTION ( 'NONE',  ( 0.8451900855437904900, 0.0000000000000000000, -0.5344658261278078000 ) ) ;
#2988 = ORIENTED_EDGE ( 'NONE', *, *, #4660, .F. ) ;
#2989 = ORIENTED_EDGE ( 'NONE', *, *, #4654, .T. ) ;
#2990 = PLANE ( 'NONE',  #4199 ) ;
#2991 = CARTESIAN_POINT ( 'NONE',  ( -0.6492264430988948800, 0.0000000000000000000, 0.6235904630293489500 ) ) ;
#2992 = LINE ( 'NONE', #584, #90 ) ;
#2993 = ORIENTED_EDGE ( 'NONE', *, *, #8972, .F. ) ;
#2994 = AXIS2_PLACEMENT_3D ( 'NONE', #4018, #3177, #6433 ) ;
#2995 = EDGE_CURVE ( 'NONE', #2278, #1699, #8950, .T. ) ;
#2996 = VECTOR ( 'NONE', #5873, 39.37007874015748100 ) ;
#2997 = ORIENTED_EDGE ( 'NONE', *, *, #9443, .F. ) ;
#2998 = CARTESIAN_POINT ( 'NONE',  ( -0.5716034440564348200, 0.0000000000000000000, 0.3945493698421307900 ) ) ;
#2999 = DIRECTION ( 'NONE',  ( 0.8229838658936499100, -0.0000000000000000000, -0.5680647467311649200 ) ) ;
#3000 = ORIENTED_EDGE ( 'NONE', *, *, #4820, .T. ) ;
#3001 = ORIENTED_EDGE ( 'NONE', *, *, #4967, .F. ) ;
#3002 = DIRECTION ( 'NONE',  ( 0.2000256937760482600, 0.0000000000000000000, 0.9797906520422667900 ) ) ;
#3003 = AXIS2_PLACEMENT_3D ( 'NONE', #5837, #9884, #8958 ) ;
#3004 = CARTESIAN_POINT ( 'NONE',  ( -0.7186600469082776700, 0.0000000000000000000, 0.5435196922688655400 ) ) ;
#3005 = LINE ( 'NONE', #5835, #7572 ) ;
#3006 = ORIENTED_EDGE ( 'NONE', *, *, #7969, .T. ) ;
#3007 = CIRCLE ( 'NONE', #3326, 0.03906250000000003500 ) ;
#3008 = EDGE_LOOP ( 'NONE', ( #1121, #1413, #9208, #2750 ) ) ;
#3009 = CARTESIAN_POINT ( 'NONE',  ( 0.1113718375077834700, 4.783776559169353300E-018, -0.8941377034419195600 ) ) ;
#3010 = EDGE_CURVE ( 'NONE', #2423, #7256, #8707, .T. ) ;
#3011 = ORIENTED_EDGE ( 'NONE', *, *, #8433, .T. ) ;
#3012 = CARTESIAN_POINT ( 'NONE',  ( 0.6725944891530575300, 0.0000000000000000000, -0.5995853334323547600 ) ) ;
#3013 = EDGE_LOOP ( 'NONE', ( #9192, #1160, #421, #1623 ) ) ;
#3014 = AXIS2_PLACEMENT_3D ( 'NONE', #511, #7650, #1278 ) ;
#3015 = EDGE_CURVE ( 'NONE', #6988, #6994, #354, .T. ) ;
#3016 = CARTESIAN_POINT ( 'NONE',  ( -0.2154319609916658400, 0.0000000000000000000, -0.8740418240469306500 ) ) ;
#3017 = CARTESIAN_POINT ( 'NONE',  ( -0.5593969450566037600, 0.01953124999999995800, -0.4130607334775685000 ) ) ;
#3018 = VERTEX_POINT ( 'NONE', #3835 ) ;
#3019 = DIRECTION ( 'NONE',  ( -0.6324453755953813900, 0.0000000000000000000, -0.7746049618276511500 ) ) ;
#3020 = CARTESIAN_POINT ( 'NONE',  ( -0.05588805530220686300, 0.0000000000000000000, -0.6922977883646154200 ) ) ;
#3021 = CYLINDRICAL_SURFACE ( 'NONE', #449, 0.6260000000000001100 ) ;
#3022 = EDGE_LOOP ( 'NONE', ( #6673, #9124, #3155, #7620, #7083 ) ) ;
#3023 = VERTEX_POINT ( 'NONE', #7047 ) ;
#3024 = DIRECTION ( 'NONE',  ( -0.04026594010940538800, 0.0000000000000000000, 0.9991889981715701400 ) ) ;
#3025 = ORIENTED_EDGE ( 'NONE', *, *, #2663, .F. ) ;
#3027 = CARTESIAN_POINT ( 'NONE',  ( -0.5716034440564348200, 0.0000000000000000000, 0.3945493698421307900 ) ) ;
#3026 = AXIS2_PLACEMENT_3D ( 'NONE', #6703, #2584, #5782 ) ;
#3028 = DIRECTION ( 'NONE',  ( 0.9927088740980527500, 0.0000000000000000000, -0.1205366802553338000 ) ) ;
#3029 = PERSON_AND_ORGANIZATION ( #2878, #9238 ) ;
#3030 = EDGE_CURVE ( 'NONE', #1141, #3023, #10097, .T. ) ;
#3031 = ORIENTED_EDGE ( 'NONE', *, *, #241, .F. ) ;
#3032 = AXIS2_PLACEMENT_3D ( 'NONE', #9235, #10022, #4367 ) ;
#3033 = VECTOR ( 'NONE', #3946, 39.37007874015748900 ) ;
#3034 = ORIENTED_EDGE ( 'NONE', *, *, #2568, .T. ) ;
#3035 = CARTESIAN_POINT ( 'NONE',  ( -0.2199417550948043800, 0.0000000000000000000, 0.6588059857543928600 ) ) ;
#3036 = ADVANCED_FACE ( 'NONE', ( #4505 ), #7911, .F. ) ;
#3037 = CARTESIAN_POINT ( 'NONE',  ( 0.8994699361540469100, 0.0000000000000000000, -0.03624739928649869200 ) ) ;
#3038 = ORIENTED_EDGE ( 'NONE', *, *, #6927, .F. ) ;
#3039 = EDGE_CURVE ( 'NONE', #1379, #2885, #2358, .T. ) ;
#3040 = DIRECTION ( 'NONE',  ( -0.9991889981715701400, 0.0000000000000000000, -0.04026594010940538800 ) ) ;
#3041 = VERTEX_POINT ( 'NONE', #4633 ) ;
#3042 = CARTESIAN_POINT ( 'NONE',  ( 0.8132860812362671100, -0.01953125000000016700, 0.3859090437750274900 ) ) ;
#3043 = CYLINDRICAL_SURFACE ( 'NONE', #22, 0.03906250000000000000 ) ;
#3044 = DIRECTION ( 'NONE',  ( 0.9797906520422667900, 0.0000000000000000000, -0.2000256937760482600 ) ) ;
#3045 = EDGE_LOOP ( 'NONE', ( #6809, #1125, #3879, #1298, #6631 ) ) ;
#3046 = CARTESIAN_POINT ( 'NONE',  ( -0.7186944554564618200, 0.01953124999999986500, -0.5431231249687563700 ) ) ;
#3047 = EDGE_CURVE ( 'NONE', #3111, #8942, #4236, .T. ) ;
#3048 = VERTEX_POINT ( 'NONE', #2134 ) ;
#3049 = ADVANCED_FACE ( 'NONE', ( #8185 ), #5891, .F. ) ;
#3050 = DIRECTION ( 'NONE',  ( 0.7746049618276515900, 0.0000000000000000000, -0.6324453755953810500 ) ) ;
#3051 = EDGE_CURVE ( 'NONE', #3111, #6349, #5122, .T. ) ;
#3052 = DIRECTION ( 'NONE',  ( -0.2000256937760363200, 0.0000000000000000000, 0.9797906520422693400 ) ) ;
#3053 = ORIENTED_EDGE ( 'NONE', *, *, #8484, .F. ) ;
#3054 = VECTOR ( 'NONE', #9822, 39.37007874015747400 ) ;
#3055 = VERTEX_POINT ( 'NONE', #1385 ) ;
#3056 = FACE_OUTER_BOUND ( 'NONE', #2793, .T. ) ;
#3057 = ORIENTED_EDGE ( 'NONE', *, *, #8714, .T. ) ;
#3058 = CARTESIAN_POINT ( 'NONE',  ( -0.2881853531409129800, 0.0000000000000000000, 0.6331467315254004600 ) ) ;
#3059 = CARTESIAN_POINT ( 'NONE',  ( -0.4042284772536233800, 0.0000000000000000000, -0.5661492025813225100 ) ) ;
#3060 = DIRECTION ( 'NONE',  ( 0.8229838658936575700, 0.0000000000000000000, 0.5680647467311541500 ) ) ;
#3061 = AXIS2_PLACEMENT_3D ( 'NONE', #4719, #640, #3120 ) ;
#3062 = DIRECTION ( 'NONE',  ( -0.9350162426854181600, 0.0000000000000000000, -0.3546048870425268000 ) ) ;
#3063 = ORIENTED_EDGE ( 'NONE', *, *, #2226, .T. ) ;
#3064 = VECTOR ( 'NONE', #506, 39.37007874015748100 ) ;
#3065 = CARTESIAN_POINT ( 'NONE',  ( -0.3227734791429917600, 0.0000000000000000000, 0.6149934826174412400 ) ) ;
#3066 = EDGE_LOOP ( 'NONE', ( #8221, #7875, #1452, #762 ) ) ;
#3067 = FACE_OUTER_BOUND ( 'NONE', #5264, .T. ) ;
#3068 = AXIS2_PLACEMENT_3D ( 'NONE', #4239, #1084, #9927 ) ;
#3069 = EDGE_CURVE ( 'NONE', #2765, #8776, #7816, .T. ) ;
#3070 = DIRECTION ( 'NONE',  ( -0.8660254037844432600, 0.0000000000000000000, -0.4999999999999919500 ) ) ;
#3071 = CARTESIAN_POINT ( 'NONE',  ( 0.03350017280979822300, 0.0000000000000000000, -0.9004241541229132100 ) ) ;
#3072 = CLOSED_SHELL ( 'NONE', ( #314, #6776, #8312, #156 ) ) ;
#3073 = AXIS2_PLACEMENT_3D ( 'NONE', #2936, #8615, #3833 ) ;
#3074 = ORIENTED_EDGE ( 'NONE', *, *, #4112, .T. ) ;
#3075 = CARTESIAN_POINT ( 'NONE',  ( 0.8552465528589947600, -0.01953125000000016700, 0.2829448409186751700 ) ) ;
#3076 = LINE ( 'NONE', #9179, #4594 ) ;
#3077 = DIRECTION ( 'NONE',  ( 0.4647231720437694500, 0.0000000000000000000, 0.8854560256532094700 ) ) ;
#3078 = DIRECTION ( 'NONE',  ( 0.5680647467311540400, 0.0000000000000000000, -0.8229838658936575700 ) ) ;
#3079 = AXIS2_PLACEMENT_3D ( 'NONE', #2033, #9404, #10181 ) ;
#3080 = EDGE_CURVE ( 'NONE', #2229, #7821, #3986, .T. ) ;
#3081 = CARTESIAN_POINT ( 'NONE',  ( -0.2199417550948043800, 0.0000000000000000000, 0.6588059857543928600 ) ) ;
#3082 = LINE ( 'NONE', #7716, #3444 ) ;
#3083 = FACE_BOUND ( 'NONE', #3488, .T. ) ;
#3084 = PLANE ( 'NONE',  #3897 ) ;
#3085 = CARTESIAN_POINT ( 'NONE',  ( -0.6257921896629781200, -0.01953125000000016700, 0.6479881052430694900 ) ) ;
#3086 = CARTESIAN_POINT ( 'NONE',  ( 0.6972993866372522200, 0.0000000000000000000, -0.5693273271109621200 ) ) ;
#3088 = CIRCLE ( 'NONE', #7406, 0.03906250000000007600 ) ;
#3087 = CARTESIAN_POINT ( 'NONE',  ( 0.2154319609916540100, 0.0000000000000000000, -0.8740418240469335400 ) ) ;
#3089 = EDGE_CURVE ( 'NONE', #2347, #4826, #3730, .T. ) ;
#3090 = VECTOR ( 'NONE', #6757, 39.37007874015748100 ) ;
#3091 = FACE_OUTER_BOUND ( 'NONE', #4269, .T. ) ;
#3092 = CARTESIAN_POINT ( 'NONE',  ( 0.3227734791430002000, 0.0000000000000000000, 0.6149934826174369200 ) ) ;
#3093 = ORIENTED_EDGE ( 'NONE', *, *, #9620, .F. ) ;
#3094 = EDGE_CURVE ( 'NONE', #7848, #5190, #1712, .T. ) ;
#3095 = ADVANCED_FACE ( 'NONE', ( #1096 ), #7296, .T. ) ;
#3096 = DIRECTION ( 'NONE',  ( -0.9967573081342106000, 0.0000000000000000000, -0.08046656871671806200 ) ) ;
#3097 = FACE_OUTER_BOUND ( 'NONE', #230, .T. ) ;
#3098 = DIRECTION ( 'NONE',  ( 0.6927243535095986000, 0.0000000000000000000, -0.7212024473438151100 ) ) ;
#3099 = CYLINDRICAL_SURFACE ( 'NONE', #4905, 0.03906250000000004900 ) ;
#3100 = AXIS2_PLACEMENT_3D ( 'NONE', #10478, #2228, #6221 ) ;
#3101 = EDGE_CURVE ( 'NONE', #4246, #4644, #10472, .T. ) ;
#3102 = DIRECTION ( 'NONE',  ( -0.8229838658936500200, 0.0000000000000000000, 0.5680647467311650300 ) ) ;
#3103 = EDGE_LOOP ( 'NONE', ( #6435, #6210, #5562, #6537 ) ) ;
#3104 = CIRCLE ( 'NONE', #3061, 0.03906249999999999300 ) ;
#3105 = DIRECTION ( 'NONE',  ( 0.7994427634035007300, 0.0000000000000000000, -0.6007422642379795000 ) ) ;
#3106 = ORIENTED_EDGE ( 'NONE', *, *, #8264, .F. ) ;
#3107 = DIRECTION ( 'NONE',  ( 0.6324453755953809400, 0.0000000000000000000, 0.7746049618276514800 ) ) ;
#3108 = LINE ( 'NONE', #9817, #3345 ) ;
#3109 = CLOSED_SHELL ( 'NONE', ( #4691, #1404, #5806, #6091 ) ) ;
#3110 = ORIENTED_EDGE ( 'NONE', *, *, #2540, .T. ) ;
#3111 = VERTEX_POINT ( 'NONE', #2014 ) ;
#3112 = CARTESIAN_POINT ( 'NONE',  ( -0.7987837902757746200, 0.01953124999999987900, 0.4164719745341275400 ) ) ;
#3113 = CYLINDRICAL_SURFACE ( 'NONE', #9222, 0.03906250000000002100 ) ;
#3114 = VERTEX_POINT ( 'NONE', #4475 ) ;
#3115 = DIRECTION ( 'NONE',  ( 0.1205366802553187500, 0.0000000000000000000, -0.9927088740980544200 ) ) ;
#3116 = VECTOR ( 'NONE', #5810, 39.37007874015748100 ) ;
#3117 = PLANE ( 'NONE',  #8501 ) ;
#3118 = AXIS2_PLACEMENT_3D ( 'NONE', #4724, #5472, #8800 ) ;
#3119 = EDGE_CURVE ( 'NONE', #4644, #8465, #342, .T. ) ;
#3120 = DIRECTION ( 'NONE',  ( 0.2782174639164513600, 0.0000000000000000000, -0.9605181116313726800 ) ) ;
#3121 = ORIENTED_EDGE ( 'NONE', *, *, #4258, .T. ) ;
#3122 = ORIENTED_EDGE ( 'NONE', *, *, #5518, .T. ) ;
#3123 = VERTEX_POINT ( 'NONE', #2820 ) ;
#3124 = CARTESIAN_POINT ( 'NONE',  ( -0.6222644748750049100, 0.01953124999999986500, -0.6513765212902766800 ) ) ;
#3125 = FACE_OUTER_BOUND ( 'NONE', #5193, .T. ) ;
#3126 = DIRECTION ( 'NONE',  ( 0.9199794436588264500, 0.0000000000000000000, 0.3919666098600698100 ) ) ;
#3127 = DIRECTION ( 'NONE',  ( -0.6007422642379689500, 0.0000000000000000000, 0.7994427634035086200 ) ) ;
#3128 = ORIENTED_EDGE ( 'NONE', *, *, #7254, .F. ) ;
#3129 = LINE ( 'NONE', #2320, #2123 ) ;
#3130 = CARTESIAN_POINT ( 'NONE',  ( 0.2850645280200862500, 0.0000000000000000000, 0.8538725050408205700 ) ) ;
#3131 = ORIENTED_EDGE ( 'NONE', *, *, #3206, .F. ) ;
#3132 = ORIENTED_EDGE ( 'NONE', *, *, #7137, .T. ) ;
#3133 = CARTESIAN_POINT ( 'NONE',  ( 0.8820075449684489100, -0.01953125000000016700, -0.1800631295371986900 ) ) ;
#3134 = ORIENTED_EDGE ( 'NONE', *, *, #5848, .T. ) ;
#3135 = DIRECTION ( 'NONE',  ( 0.9605181116313692400, 0.0000000000000000000, -0.2782174639164631800 ) ) ;
#3136 = EDGE_CURVE ( 'NONE', #8965, #6209, #2235, .T. ) ;
#3137 = ORIENTED_EDGE ( 'NONE', *, *, #5410, .T. ) ;
#3138 = LINE ( 'NONE', #98, #995 ) ;
#3139 = ORIENTED_EDGE ( 'NONE', *, *, #2449, .F. ) ;
#3140 = DIRECTION ( 'NONE',  ( 0.08046656871671943600, 0.0000000000000000000, -0.9967573081342104800 ) ) ;
#3141 = ORIENTED_EDGE ( 'NONE', *, *, #2821, .T. ) ;
#3142 = DIRECTION ( 'NONE',  ( -0.08046656871673289700, 0.0000000000000000000, -0.9967573081342092600 ) ) ;
#3143 = AXIS2_PLACEMENT_3D ( 'NONE', #2933, #3663, #7730 ) ;
#3144 = ORIENTED_EDGE ( 'NONE', *, *, #1098, .T. ) ;
#3145 = DIRECTION ( 'NONE',  ( -0.3919666098600822500, 0.0000000000000000000, -0.9199794436588211200 ) ) ;
#3146 = ADVANCED_FACE ( 'NONE', ( #220 ), #4515, .F. ) ;
#3147 = EDGE_LOOP ( 'NONE', ( #360, #3411, #8680, #1363 ) ) ;
#3148 = VECTOR ( 'NONE', #1031, 39.37007874015748900 ) ;
#3149 = EDGE_CURVE ( 'NONE', #7974, #9566, #1591, .T. ) ;
#3150 = ORIENTED_EDGE ( 'NONE', *, *, #5592, .T. ) ;
#3151 = DIRECTION ( 'NONE',  ( -0.9709418174260502400, 0.0000000000000000000, 0.2393156642875651800 ) ) ;
#3152 = AXIS2_PLACEMENT_3D ( 'NONE', #10247, #2171, #589 ) ;
#3153 = EDGE_CURVE ( 'NONE', #242, #10207, #8939, .T. ) ;
#3154 = EDGE_LOOP ( 'NONE', ( #2135, #3304, #9441, #2354 ) ) ;
#3155 = ORIENTED_EDGE ( 'NONE', *, *, #8251, .T. ) ;
#3156 = DIRECTION ( 'NONE',  ( 0.5680647467311540400, 0.0000000000000000000, -0.8229838658936575700 ) ) ;
#3157 = DIRECTION ( 'NONE',  ( 0.5344658261277963600, 0.0000000000000000000, -0.8451900855437977100 ) ) ;
#3158 = ORIENTED_EDGE ( 'NONE', *, *, #6490, .F. ) ;
#3159 = FACE_BOUND ( 'NONE', #9773, .T. ) ;
#3160 = ORIENTED_EDGE ( 'NONE', *, *, #8590, .T. ) ;
#3161 = DIRECTION ( 'NONE',  ( -0.9927088740980543100, -0.0000000000000000000, -0.1205366802553199100 ) ) ;
#3162 = ORIENTED_EDGE ( 'NONE', *, *, #284, .T. ) ;
#3164 = DIRECTION ( 'NONE',  ( -0.7746049618276515900, 0.0000000000000000000, 0.6324453755953809400 ) ) ;
#3163 = AXIS2_PLACEMENT_3D ( 'NONE', #1403, #2219, #10400 ) ;
#3165 = DIRECTION ( 'NONE',  ( -0.04026594010940537400, 0.0000000000000000000, 0.9991889981715699200 ) ) ;
#3166 = EDGE_CURVE ( 'NONE', #7667, #4550, #8575, .T. ) ;
#3167 = FACE_OUTER_BOUND ( 'NONE', #9296, .T. ) ;
#3168 = ORIENTED_EDGE ( 'NONE', *, *, #9382, .T. ) ;
#3169 = DIRECTION ( 'NONE',  ( -0.9797906520422667900, -0.0000000000000000000, 0.2000256937760482600 ) ) ;
#3170 = FACE_OUTER_BOUND ( 'NONE', #7227, .T. ) ;
#3171 = ORIENTED_EDGE ( 'NONE', *, *, #1857, .T. ) ;
#3172 = EDGE_LOOP ( 'NONE', ( #7592, #4289, #10229, #6737 ) ) ;
#3173 = CARTESIAN_POINT ( 'NONE',  ( -0.03871658522708341200, 0.01953124999999987900, -0.9000030417771052200 ) ) ;
#3174 = ORIENTED_EDGE ( 'NONE', *, *, #7940, .T. ) ;
#3175 = CYLINDRICAL_SURFACE ( 'NONE', #4693, 0.03906250000000005600 ) ;
#3176 = VERTEX_POINT ( 'NONE', #1935 ) ;
#3177 = DIRECTION ( 'NONE',  ( 0.4647231720437694500, 0.0000000000000000000, 0.8854560256532094700 ) ) ;
#3178 = VECTOR ( 'NONE', #7988, 39.37007874015748100 ) ;
#3179 = ORIENTED_EDGE ( 'NONE', *, *, #2692, .F. ) ;
#3180 = EDGE_CURVE ( 'NONE', #999, #1383, #9828, .T. ) ;
#3181 = CARTESIAN_POINT ( 'NONE',  ( 0.7630401052466563300, 0.0000000000000000000, 0.4792240777459140200 ) ) ;
#3182 = EDGE_LOOP ( 'NONE', ( #8708, #4929 ) ) ;
#3183 = DIRECTION ( 'NONE',  ( 0.6927243535096075900, 0.0000000000000000000, 0.7212024473438064500 ) ) ;
#3184 = ORIENTED_EDGE ( 'NONE', *, *, #513, .T. ) ;
#3185 = DIRECTION ( 'NONE',  ( 0.2393156642875516300, 0.0000000000000000000, -0.9709418174260535700 ) ) ;
#3186 = ORIENTED_EDGE ( 'NONE', *, *, #9942, .F. ) ;
#3187 = CARTESIAN_POINT ( 'NONE',  ( -0.6854082990052341500, -0.01953125000000015600, 0.1173012162530280800 ) ) ;
#3188 = CIRCLE ( 'NONE', #2604, 0.03906249999999998600 ) ;
#3189 = DIRECTION ( 'NONE',  ( -0.6007422642379689500, 0.0000000000000000000, 0.7994427634035086200 ) ) ;
#3190 = ADVANCED_FACE ( 'NONE', ( #9957 ), #5213, .F. ) ;
#3191 = CARTESIAN_POINT ( 'NONE',  ( 0.8277883721967540500, 0.01953124999999986500, 0.3553461130159382100 ) ) ;
#3192 = AXIS2_PLACEMENT_3D ( 'NONE', #9333, #2156, #1372 ) ;
#3193 = EDGE_CURVE ( 'NONE', #10, #9625, #4360, .T. ) ;
#3194 = LINE ( 'NONE', #4725, #1313 ) ;
#3195 = VECTOR ( 'NONE', #4034, 39.37007874015748900 ) ;
#3196 = CARTESIAN_POINT ( 'NONE',  ( 0.5407881862670297400, -0.01953125000000016700, 0.7196583756158310100 ) ) ;
#3197 = CARTESIAN_POINT ( 'NONE',  ( -0.9008320973666258400, -0.01953125000000016700, -0.002445717427170303500 ) ) ;
#3198 = AXIS2_PLACEMENT_3D ( 'NONE', #2512, #2474, #8156 ) ;
#3199 = DIRECTION ( 'NONE',  ( -0.9350162426854181600, 0.0000000000000000000, -0.3546048870425268000 ) ) ;
#3200 = VECTOR ( 'NONE', #5008, 39.37007874015748900 ) ;
#3201 = FACE_OUTER_BOUND ( 'NONE', #9776, .T. ) ;
#3202 = FACE_BOUND ( 'NONE', #3623, .T. ) ;
#3204 = DIRECTION ( 'NONE',  ( -0.3166679938014603800, 0.0000000000000000000, 0.9485364419471495900 ) ) ;
#3203 = CARTESIAN_POINT ( 'NONE',  ( 0.3887850392139578500, 4.783776559169353300E-018, -0.8128542994840166600 ) ) ;
#3205 = AXIS2_PLACEMENT_3D ( 'NONE', #10406, #2301, #5645 ) ;
#3206 = EDGE_CURVE ( 'NONE', #1983, #9073, #10084, .T. ) ;
#3207 = CARTESIAN_POINT ( 'NONE',  ( 0.2850645280200862500, 0.0000000000000000000, 0.8538725050408205700 ) ) ;
#3208 = EDGE_LOOP ( 'NONE', ( #9197, #7624, #7439, #2773 ) ) ;
#3209 = VECTOR ( 'NONE', #6126, 39.37007874015748100 ) ;
#3210 = FACE_OUTER_BOUND ( 'NONE', #488, .T. ) ;
#3211 = VECTOR ( 'NONE', #6921, 39.37007874015748900 ) ;
#3212 = DIRECTION ( 'NONE',  ( 0.5680647467311649200, 0.0000000000000000000, 0.8229838658936499100 ) ) ;
#3213 = DIRECTION ( 'NONE',  ( -0.7746049618276598100, 0.0000000000000000000, -0.6324453755953708400 ) ) ;
#3214 = AXIS2_PLACEMENT_3D ( 'NONE', #1967, #7647, #6823 ) ;
#3215 = ADVANCED_FACE ( 'NONE', ( #3849 ), #3825, .T. ) ;
#3216 = CARTESIAN_POINT ( 'NONE',  ( 0.5097181712547608200, -0.01953125000000016700, -0.7427596078627259900 ) ) ;
#3217 = VERTEX_POINT ( 'NONE', #5475 ) ;
#3218 = CARTESIAN_POINT ( 'NONE',  ( 0.2722404088783115800, 0.0000000000000000000, -0.6389717225932380900 ) ) ;
#3219 = EDGE_CURVE ( 'NONE', #9617, #3437, #82, .T. ) ;
#3220 = AXIS2_PLACEMENT_3D ( 'NONE', #1673, #7478, #4951 ) ;
#3221 = CYLINDRICAL_SURFACE ( 'NONE', #891, 0.03906250000000002100 ) ;
#3222 = VECTOR ( 'NONE', #5155, 39.37007874015748100 ) ;
#3223 = EDGE_CURVE ( 'NONE', #4827, #5293, #844, .T. ) ;
#3224 = CARTESIAN_POINT ( 'NONE',  ( 0.7795960684867498900, -0.01953125000000016700, -0.4501000000000037700 ) ) ;
#3225 = VERTEX_POINT ( 'NONE', #2223 ) ;
#3226 = DIRECTION ( 'NONE',  ( 0.5680647467311541500, 0.0000000000000000000, -0.8229838658936574600 ) ) ;
#3227 = DIRECTION ( 'NONE',  ( -0.3546048870425280700, 0.0000000000000000000, 0.9350162426854177200 ) ) ;
#3228 = CIRCLE ( 'NONE', #3448, 0.03906250000000004200 ) ;
#3229 = AXIS2_PLACEMENT_3D ( 'NONE', #2458, #8913, #1718 ) ;
#3230 = ORIENTED_EDGE ( 'NONE', *, *, #4922, .T. ) ;
#3231 = VECTOR ( 'NONE', #5290, 39.37007874015748900 ) ;
#3232 = EDGE_CURVE ( 'NONE', #6410, #2766, #6271, .T. ) ;
#3233 = CLOSED_SHELL ( 'NONE', ( #6598, #6761, #8432, #10328 ) ) ;
#3234 = ORIENTED_EDGE ( 'NONE', *, *, #3532, .F. ) ;
#3235 = ORIENTED_EDGE ( 'NONE', *, *, #6452, .F. ) ;
#3237 = DIRECTION ( 'NONE',  ( -0.9927088740980526400, 0.0000000000000000000, 0.1205366802553337900 ) ) ;
#3236 = DIRECTION ( 'NONE',  ( 0.5344658261278078000, -0.0000000000000000000, 0.8451900855437904900 ) ) ;
#3238 = LINE ( 'NONE', #701, #6412 ) ;
#3239 = CARTESIAN_POINT ( 'NONE',  ( -0.07243600515880298200, 0.0000000000000000000, -0.8972809287824155000 ) ) ;
#3240 = ORIENTED_EDGE ( 'NONE', *, *, #7157, .T. ) ;
#3241 = ADVANCED_FACE ( 'NONE', ( #5650 ), #1311, .T. ) ;
#3242 = CIRCLE ( 'NONE', #9597, 0.03906250000000005600 ) ;
#3243 = VERTEX_POINT ( 'NONE', #2157 ) ;
#3244 = ORIENTED_EDGE ( 'NONE', *, *, #9858, .T. ) ;
#3245 = AXIS2_PLACEMENT_3D ( 'NONE', #4798, #7907, #7319 ) ;
#3246 = DIRECTION ( 'NONE',  ( 0.0000000000000000000, 0.0000000000000000000, -1.000000000000000000 ) ) ;
#3247 = ORIENTED_EDGE ( 'NONE', *, *, #8399, .T. ) ;
#3248 = CYLINDRICAL_SURFACE ( 'NONE', #7934, 0.03906250000000003500 ) ;
#3249 = CARTESIAN_POINT ( 'NONE',  ( -0.2850645280200746500, 0.0000000000000000000, 0.8538725050408242400 ) ) ;
#3250 = DIRECTION ( 'NONE',  ( -0.9605181116313731300, 0.0000000000000000000, -0.2782174639164499700 ) ) ;
#3251 = CARTESIAN_POINT ( 'NONE',  ( 0.7991273184867501200, 4.783776559169354800E-018, -0.4162708826646741600 ) ) ;
#3252 = VERTEX_POINT ( 'NONE', #10232 ) ;
#3253 = EDGE_CURVE ( 'NONE', #6090, #1304, #2981, .T. ) ;
#3254 = CARTESIAN_POINT ( 'NONE',  ( -0.9008320973666258400, -0.01953125000000015600, -0.002445717427170324800 ) ) ;
#3255 = LINE ( 'NONE', #3365, #507 ) ;
#3256 = ORIENTED_EDGE ( 'NONE', *, *, #5516, .F. ) ;
#3257 = ORIENTED_EDGE ( 'NONE', *, *, #4789, .T. ) ;
#3258 = CARTESIAN_POINT ( 'NONE',  ( -0.05588805530220686300, -0.01953125000000015600, -0.6922977883646154200 ) ) ;
#3259 = EDGE_LOOP ( 'NONE', ( #1768, #9389, #1512, #8368 ) ) ;
#3260 = CARTESIAN_POINT ( 'NONE',  ( -0.6759043178180570400, 0.01953124999999986500, -0.5955315292531493400 ) ) ;
#3261 = CARTESIAN_POINT ( 'NONE',  ( -0.6261817180488029600, 0.0000000000000000000, -0.6479061466660891400 ) ) ;
#3262 = ORIENTED_EDGE ( 'NONE', *, *, #1497, .F. ) ;
#3263 = CIRCLE ( 'NONE', #5359, 0.03906250000000003500 ) ;
#3264 = VERTEX_POINT ( 'NONE', #8704 ) ;
#3265 = CARTESIAN_POINT ( 'NONE',  ( 0.6939867186800639000, 0.0000000000000000000, -0.02796670870299674400 ) ) ;
#3266 = DIRECTION ( 'NONE',  ( -0.0000000000000000000, -0.0000000000000000000, 1.000000000000000000 ) ) ;
#3267 = VERTEX_POINT ( 'NONE', #1340 ) ;
#3268 = ORIENTED_EDGE ( 'NONE', *, *, #9382, .F. ) ;
#3269 = AXIS2_PLACEMENT_3D ( 'NONE', #938, #1671, #9853 ) ;
#3270 = EDGE_CURVE ( 'NONE', #9902, #7701, #3484, .T. ) ;
#3271 = MANIFOLD_SOLID_BREP ( 'CirPattern1[2]', #7316 ) ;
#3272 = DIRECTION ( 'NONE',  ( -0.9927088740980527500, 0.0000000000000000000, 0.1205366802553338000 ) ) ;
#3273 = ADVANCED_FACE ( 'NONE', ( #7683 ), #9455, .T. ) ;
#3274 = COORDINATED_UNIVERSAL_TIME_OFFSET ( 6, 0, .BEHIND. ) ;
#3275 = EDGE_LOOP ( 'NONE', ( #10021, #8360 ) ) ;
#3276 = DIRECTION ( 'NONE',  ( -0.6324453755953802800, 0.0000000000000000000, -0.7746049618276519300 ) ) ;
#3277 = LINE ( 'NONE', #5419, #2633 ) ;
#3278 = CARTESIAN_POINT ( 'NONE',  ( -0.6883271010390851200, 0.0000000000000000000, -0.1006547732667439900 ) ) ;
#3279 = ORIENTED_EDGE ( 'NONE', *, *, #9119, .F. ) ;
#3280 = ORIENTED_EDGE ( 'NONE', *, *, #6830, .F. ) ;
#3281 = DIRECTION ( 'NONE',  ( 0.3166679938014731500, 0.0000000000000000000, 0.9485364419471452600 ) ) ;
#3282 = EDGE_CURVE ( 'NONE', #2360, #2631, #7044, .T. ) ;
#3283 = VERTEX_POINT ( 'NONE', #3071 ) ;
#3284 = AXIS2_PLACEMENT_3D ( 'NONE', #797, #10444, #661 ) ;
#3285 = CIRCLE ( 'NONE', #5214, 0.03906250000000002100 ) ;
#3286 = ORIENTED_EDGE ( 'NONE', *, *, #6830, .T. ) ;
#3287 = DIRECTION ( 'NONE',  ( -0.2393156642875647600, 0.0000000000000000000, -0.9709418174260503500 ) ) ;
#3288 = ORIENTED_EDGE ( 'NONE', *, *, #5605, .T. ) ;
#3289 = DIRECTION ( 'NONE',  ( -0.8660254037844432600, 0.0000000000000000000, -0.4999999999999919500 ) ) ;
#3290 = CLOSED_SHELL ( 'NONE', ( #6877, #7473, #4107, #950 ) ) ;
#3291 = VECTOR ( 'NONE', #6383, 39.37007874015748900 ) ;
#3293 = CARTESIAN_POINT ( 'NONE',  ( 0.3528483421960348900, 0.0000000000000000000, -0.8281654951816757000 ) ) ;
#3292 = AXIS2_PLACEMENT_3D ( 'NONE', #9702, #7329, #9775 ) ;
#3294 = CLOSED_SHELL ( 'NONE', ( #2776, #6925, #4036, #4262 ) ) ;
#3295 = CARTESIAN_POINT ( 'NONE',  ( 0.2850645280200862500, -0.01953125000000016700, 0.8538725050408205700 ) ) ;
#3296 = FACE_OUTER_BOUND ( 'NONE', #5673, .T. ) ;
#3297 = ADVANCED_FACE ( 'NONE', ( #3601 ), #6657, .F. ) ;
#3298 = EDGE_CURVE ( 'NONE', #5553, #2054, #7552, .T. ) ;
#3299 = ORIENTED_EDGE ( 'NONE', *, *, #3600, .F. ) ;
#3300 = DIRECTION ( 'NONE',  ( 0.8451900855437978200, 0.0000000000000000000, 0.5344658261277963600 ) ) ;
#3301 = CARTESIAN_POINT ( 'NONE',  ( 0.6883271010390835700, 4.783776559169353300E-018, -0.1006547732667532900 ) ) ;
#3302 = DIRECTION ( 'NONE',  ( 0.2393156642875516300, 0.0000000000000000000, -0.9709418174260535700 ) ) ;
#3303 = EDGE_LOOP ( 'NONE', ( #4124, #128, #6515, #5204 ) ) ;
#3304 = ORIENTED_EDGE ( 'NONE', *, *, #513, .F. ) ;
#3305 = ORIENTED_EDGE ( 'NONE', *, *, #1064, .T. ) ;
#3306 = DIRECTION ( 'NONE',  ( -0.4647231720437694500, -0.0000000000000000000, -0.8854560256532094700 ) ) ;
#3307 = VECTOR ( 'NONE', #3571, 39.37007874015748900 ) ;
#3309 = VERTEX_POINT ( 'NONE', #7938 ) ;
#3308 = DIRECTION ( 'NONE',  ( -0.0000000000000000000, -0.0000000000000000000, 1.000000000000000000 ) ) ;
#3310 = FACE_OUTER_BOUND ( 'NONE', #5468, .T. ) ;
#3311 = AXIS2_PLACEMENT_3D ( 'NONE', #6939, #2090, #3691 ) ;
#3312 = EDGE_CURVE ( 'NONE', #9380, #2391, #1972, .T. ) ;
#3313 = CIRCLE ( 'NONE', #694, 0.03906250000000004900 ) ;
#3314 = DIRECTION ( 'NONE',  ( -0.2000256937760471200, 0.0000000000000000000, -0.9797906520422671200 ) ) ;
#3315 = DIRECTION ( 'NONE',  ( 0.7212024473438064500, -0.0000000000000000000, -0.6927243535096075900 ) ) ;
#3316 = ADVANCED_FACE ( 'NONE', ( #6405 ), #10468, .T. ) ;
#3317 = DIRECTION ( 'NONE',  ( -0.6927243535096075900, 0.0000000000000000000, -0.7212024473438064500 ) ) ;
#3318 = DIRECTION ( 'NONE',  ( -0.5344658261278078000, 0.0000000000000000000, -0.8451900855437904900 ) ) ;
#3319 = VECTOR ( 'NONE', #3442, 39.37007874015748900 ) ;
#3320 = FACE_BOUND ( 'NONE', #6580, .T. ) ;
#3321 = CARTESIAN_POINT ( 'NONE',  ( -0.7408500760774637800, 0.0000000000000000000, 0.5113718850073948300 ) ) ;
#3322 = DIRECTION ( 'NONE',  ( -0.2393156642875647600, 0.0000000000000000000, -0.9709418174260503500 ) ) ;
#3323 = DIRECTION ( 'NONE',  ( -0.1604112808577474500, 0.0000000000000000000, 0.9870502626379148400 ) ) ;
#3324 = CARTESIAN_POINT ( 'NONE',  ( 0.6972993866372522200, 0.0000000000000000000, -0.5693273271109621200 ) ) ;
#3325 = DIRECTION ( 'NONE',  ( 0.04026594010940538800, 0.0000000000000000000, -0.9991889981715701400 ) ) ;
#3326 = AXIS2_PLACEMENT_3D ( 'NONE', #3265, #8071, #4886 ) ;
#3327 = EDGE_CURVE ( 'NONE', #9854, #6442, #6155, .T. ) ;
#3328 = VECTOR ( 'NONE', #10145, 39.37007874015748100 ) ;
#3329 = CARTESIAN_POINT ( 'NONE',  ( -0.3527276749300891100, 0.01953124999999988900, 0.5992723079019263200 ) ) ;
#3330 = CIRCLE ( 'NONE', #9864, 0.03906249999999993100 ) ;
#3331 = LINE ( 'NONE', #2774, #3211 ) ;
#3332 = DIRECTION ( 'NONE',  ( -0.3919666098600822500, 0.0000000000000000000, -0.9199794436588211200 ) ) ;
#3333 = ORIENTED_EDGE ( 'NONE', *, *, #698, .T. ) ;
#3334 = CIRCLE ( 'NONE', #4487, 0.03906250000000002100 ) ;
#3335 = EDGE_CURVE ( 'NONE', #9584, #6213, #7948, .T. ) ;
#3336 = DIRECTION ( 'NONE',  ( -0.7485107481711046300, 0.0000000000000000000, -0.6631226582407912000 ) ) ;
#3337 = AXIS2_PLACEMENT_3D ( 'NONE', #6363, #7078, #657 ) ;
#3338 = EDGE_CURVE ( 'NONE', #5655, #6526, #1845, .T. ) ;
#3339 = CIRCLE ( 'NONE', #6401, 0.03906250000000004200 ) ;
#3340 = ORIENTED_EDGE ( 'NONE', *, *, #1192, .F. ) ;
#3341 = CARTESIAN_POINT ( 'NONE',  ( 0.4605718422811416700, 0.0000000000000000000, -0.5198781401422409900 ) ) ;
#3342 = VECTOR ( 'NONE', #7164, 39.37007874015748100 ) ;
#3343 = ORIENTED_EDGE ( 'NONE', *, *, #6082, .F. ) ;
#3344 = DIRECTION ( 'NONE',  ( 0.5344658261277963600, 0.0000000000000000000, -0.8451900855437977100 ) ) ;
#3345 = VECTOR ( 'NONE', #8366, 39.37007874015747400 ) ;
#3346 = DIRECTION ( 'NONE',  ( 0.9605181116313730200, 0.0000000000000000000, 0.2782174639164499100 ) ) ;
#3347 = EDGE_CURVE ( 'NONE', #9949, #4260, #9706, .T. ) ;
#3348 = ORIENTED_EDGE ( 'NONE', *, *, #3587, .F. ) ;
#3349 = VERTEX_POINT ( 'NONE', #8775 ) ;
#3350 = ADVANCED_FACE ( 'NONE', ( #8075 ), #2727, .F. ) ;
#3351 = AXIS2_PLACEMENT_3D ( 'NONE', #7846, #9137, #4378 ) ;
#3352 = CARTESIAN_POINT ( 'NONE',  ( -0.6894859485048029400, 0.0000000000000000000, 0.08371875127134212300 ) ) ;
#3353 = CARTESIAN_POINT ( 'NONE',  ( -0.4811261366802526700, 0.0000000000000000000, -0.7608401150065203800 ) ) ;
#3354 = LINE ( 'NONE', #5532, #8819 ) ;
#3355 = CARTESIAN_POINT ( 'NONE',  ( 0.6494155313571540200, 0.0000000000000000000, -0.2462908242953958400 ) ) ;
#3356 = CARTESIAN_POINT ( 'NONE',  ( 0.7216329471062380400, 0.01953124999999987900, 0.5392127027717847900 ) ) ;
#3358 = EDGE_LOOP ( 'NONE', ( #825, #2270, #3524, #9682, #4930 ) ) ;
#3357 = EDGE_CURVE ( 'NONE', #5369, #2155, #9187, .T. ) ;
#3359 = CARTESIAN_POINT ( 'NONE',  ( -0.5845833855308206800, 0.01953124999999988900, -0.3765718749999947300 ) ) ;
#3360 = LINE ( 'NONE', #1186, #9071 ) ;
#3361 = EDGE_LOOP ( 'NONE', ( #1386, #6265, #366, #5834, #1106 ) ) ;
#3362 = DIRECTION ( 'NONE',  ( -0.8451900855437982600, 0.0000000000000000000, -0.5344658261277954700 ) ) ;
#3363 = ORIENTED_EDGE ( 'NONE', *, *, #6277, .F. ) ;
#3364 = ORIENTED_EDGE ( 'NONE', *, *, #3721, .T. ) ;
#3365 = CARTESIAN_POINT ( 'NONE',  ( -0.8537905344063219100, 0.0000000000000000000, 0.2879715997532005800 ) ) ;
#3366 = CARTESIAN_POINT ( 'NONE',  ( 0.8936365284630687400, 0.0000000000000000000, 0.1085071195658390300 ) ) ;
#3367 = CYLINDRICAL_SURFACE ( 'NONE', #10305, 0.03906250000000004900 ) ;
#3368 = DIRECTION ( 'NONE',  ( -0.8451900855437904900, 0.0000000000000000000, 0.5344658261278078000 ) ) ;
#3369 = ADVANCED_FACE ( 'NONE', ( #10223 ), #4630, .F. ) ;
#3370 = ORIENTED_EDGE ( 'NONE', *, *, #2528, .F. ) ;
#3371 = FACE_OUTER_BOUND ( 'NONE', #5674, .T. ) ;
#3372 = ORIENTED_EDGE ( 'NONE', *, *, #558, .T. ) ;
#3373 = EDGE_CURVE ( 'NONE', #2867, #5971, #2468, .T. ) ;
#3374 = ORIENTED_EDGE ( 'NONE', *, *, #5577, .F. ) ;
#3376 = CARTESIAN_POINT ( 'NONE',  ( -0.5009111598026411100, -0.01953125000000015600, 0.4811316997300981700 ) ) ;
#3375 = CARTESIAN_POINT ( 'NONE',  ( -0.5095599533215701100, 0.0000000000000000000, 0.7431248703126341900 ) ) ;
#3377 = ORIENTED_EDGE ( 'NONE', *, *, #4620, .F. ) ;
#3378 = ORIENTED_EDGE ( 'NONE', *, *, #6142, .F. ) ;
#3379 = FACE_OUTER_BOUND ( 'NONE', #965, .T. ) ;
#3380 = VERTEX_POINT ( 'NONE', #6424 ) ;
#3381 = ORIENTED_EDGE ( 'NONE', *, *, #532, .T. ) ;
#3382 = ORIENTED_EDGE ( 'NONE', *, *, #10056, .T. ) ;
#3383 = CARTESIAN_POINT ( 'NONE',  ( -0.6107456961788306800, 0.0000000000000000000, 0.3330394511244662600 ) ) ;
#3384 = DIRECTION ( 'NONE',  ( -0.2000256937760364900, 0.0000000000000000000, 0.9797906520422692300 ) ) ;
#3385 = EDGE_CURVE ( 'NONE', #10207, #8202, #5767, .T. ) ;
#3386 = VERTEX_POINT ( 'NONE', #4757 ) ;
#3387 = VECTOR ( 'NONE', #218, 39.37007874015748100 ) ;
#3388 = ORIENTED_EDGE ( 'NONE', *, *, #9614, .T. ) ;
#3389 = DIRECTION ( 'NONE',  ( 0.7994427634035089500, 0.0000000000000000000, 0.6007422642379686200 ) ) ;
#3390 = CARTESIAN_POINT ( 'NONE',  ( 0.6725944891530575300, 0.0000000000000000000, -0.5995853334323547600 ) ) ;
#3391 = EDGE_LOOP ( 'NONE', ( #3493, #7436, #3467, #5780 ) ) ;
#3392 = CARTESIAN_POINT ( 'NONE',  ( -0.03382911733532974200, 0.01953124999999988900, 0.6945500000000002200 ) ) ;
#3393 = DIRECTION ( 'NONE',  ( 0.7994427634035002900, 0.0000000000000000000, -0.6007422642379800500 ) ) ;
#3394 = ORIENTED_EDGE ( 'NONE', *, *, #8679, .T. ) ;
#3395 = ADVANCED_FACE ( 'NONE', ( #6141 ), #9690, .F. ) ;
#3396 = DIRECTION ( 'NONE',  ( 0.6631226582408011900, -0.0000000000000000000, 0.7485107481710956400 ) ) ;
#3397 = CIRCLE ( 'NONE', #6629, 0.03906250000000004200 ) ;
#3398 = ORIENTED_EDGE ( 'NONE', *, *, #5505, .T. ) ;
#3399 = DIRECTION ( 'NONE',  ( 0.9350162426854133900, 0.0000000000000000000, -0.3546048870425394000 ) ) ;
#3400 = DIRECTION ( 'NONE',  ( 0.8660254037844363800, 0.0000000000000000000, -0.5000000000000041100 ) ) ;
#3401 = LINE ( 'NONE', #596, #2781 ) ;
#3402 = ORIENTED_EDGE ( 'NONE', *, *, #4126, .F. ) ;
#3403 = AXIS2_PLACEMENT_3D ( 'NONE', #6878, #2941, #6158 ) ;
#3404 = EDGE_CURVE ( 'NONE', #1769, #6728, #1219, .T. ) ;
#3405 = VERTEX_POINT ( 'NONE', #820 ) ;
#3406 = CARTESIAN_POINT ( 'NONE',  ( 0.4482979952608983100, -0.01953125000000015600, 0.7813663395775040100 ) ) ;
#3407 = ADVANCED_FACE ( 'NONE', ( #593 ), #10213, .F. ) ;
#3408 = LINE ( 'NONE', #8504, #1283 ) ;
#3410 = DIRECTION ( 'NONE',  ( -0.5000000000000032200, 0.0000000000000000000, -0.8660254037844368200 ) ) ;
#3409 = CARTESIAN_POINT ( 'NONE',  ( -0.5716215590217340600, 0.01953124999999986500, -0.6962422297169642600 ) ) ;
#3411 = ORIENTED_EDGE ( 'NONE', *, *, #5242, .F. ) ;
#3412 = VECTOR ( 'NONE', #3396, 39.37007874015748900 ) ;
#3413 = VERTEX_POINT ( 'NONE', #4744 ) ;
#3414 = DIRECTION ( 'NONE',  ( -0.8229838658936500200, 0.0000000000000000000, 0.5680647467311650300 ) ) ;
#3415 = ORIENTED_EDGE ( 'NONE', *, *, #5449, .T. ) ;
#3416 = AXIS2_PLACEMENT_3D ( 'NONE', #2661, #3470, #4280 ) ;
#3417 = EDGE_CURVE ( 'NONE', #6848, #5137, #8064, .T. ) ;
#3418 = CARTESIAN_POINT ( 'NONE',  ( -0.1662166946309281700, 0.0000000000000000000, -0.6743676392932636000 ) ) ;
#3419 = AXIS2_PLACEMENT_3D ( 'NONE', #7710, #3647, #5203 ) ;
#3420 = ORIENTED_EDGE ( 'NONE', *, *, #8142, .T. ) ;
#3421 = DIRECTION ( 'NONE',  ( -0.9350162426854181600, 0.0000000000000000000, -0.3546048870425268000 ) ) ;
#3422 = LINE ( 'NONE', #5937, #423 ) ;
#3423 = DIRECTION ( 'NONE',  ( -0.08046656871673289700, 0.0000000000000000000, -0.9967573081342092600 ) ) ;
#3424 = ORIENTED_EDGE ( 'NONE', *, *, #3803, .T. ) ;
#3425 = ADVANCED_FACE ( 'NONE', ( #9577 ), #8720, .F. ) ;
#3426 = EDGE_CURVE ( 'NONE', #8776, #2765, #5638, .T. ) ;
#3427 = FACE_OUTER_BOUND ( 'NONE', #8144, .T. ) ;
#3428 = CARTESIAN_POINT ( 'NONE',  ( -0.4183437994737904700, 0.0000000000000000000, 0.7970875142930249300 ) ) ;
#3429 = ORIENTED_EDGE ( 'NONE', *, *, #777, .F. ) ;
#3430 = CARTESIAN_POINT ( 'NONE',  ( -0.5380018762374012600, 0.0000000000000000000, -0.4392649356197649800 ) ) ;
#3431 = AXIS2_PLACEMENT_3D ( 'NONE', #4480, #7652, #2016 ) ;
#3432 = ORIENTED_EDGE ( 'NONE', *, *, #2417, .F. ) ;
#3433 = PLANE ( 'NONE',  #5676 ) ;
#3434 = CARTESIAN_POINT ( 'NONE',  ( -0.8555533750655123200, 0.0000000000000000000, -0.2826912473357835500 ) ) ;
#3435 = EDGE_CURVE ( 'NONE', #9846, #4128, #8686, .T. ) ;
#3436 = ORIENTED_EDGE ( 'NONE', *, *, #6615, .T. ) ;
#3437 = VERTEX_POINT ( 'NONE', #2410 ) ;
#3438 = CIRCLE ( 'NONE', #1342, 0.03906250000000005600 ) ;
#3439 = CARTESIAN_POINT ( 'NONE',  ( -0.8936365284630674000, 0.01953124999999987900, 0.1085071195658515200 ) ) ;
#3440 = DIRECTION ( 'NONE',  ( 0.9034504346103833200, 0.0000000000000000000, 0.4286925614030520100 ) ) ;
#3441 = CARTESIAN_POINT ( 'NONE',  ( -0.1444022350281443100, 0.0000000000000000000, 0.8885426464266511500 ) ) ;
#3442 = DIRECTION ( 'NONE',  ( 0.4286925614030641700, 0.0000000000000000000, 0.9034504346103774400 ) ) ;
#3443 = DIRECTION ( 'NONE',  ( 0.3166679938014731500, 0.0000000000000000000, 0.9485364419471452600 ) ) ;
#3444 = VECTOR ( 'NONE', #6930, 39.37007874015748100 ) ;
#3445 = CYLINDRICAL_SURFACE ( 'NONE', #6138, 0.03906250000000002100 ) ;
#3447 = CARTESIAN_POINT ( 'NONE',  ( -0.7408500760774637800, 0.0000000000000000000, 0.5113718850073948300 ) ) ;
#3446 = CARTESIAN_POINT ( 'NONE',  ( -0.7186600469082776700, 0.0000000000000000000, 0.5435196922688655400 ) ) ;
#3448 = AXIS2_PLACEMENT_3D ( 'NONE', #3020, #4607, #6203 ) ;
#3449 = ADVANCED_FACE ( 'NONE', ( #6774 ), #4221, .F. ) ;
#3450 = AXIS2_PLACEMENT_3D ( 'NONE', #10115, #9972, #8453 ) ;
#3451 = EDGE_CURVE ( 'NONE', #734, #3111, #5250, .T. ) ;
#3452 = VECTOR ( 'NONE', #4123, 39.37007874015748900 ) ;
#3453 = PLANE ( 'NONE',  #8952 ) ;
#3454 = CIRCLE ( 'NONE', #5238, 0.03906250000000003500 ) ;
#3455 = FACE_OUTER_BOUND ( 'NONE', #4256, .T. ) ;
#3456 = DIRECTION ( 'NONE',  ( -0.9797906520422695600, 0.0000000000000000000, -0.2000256937760349400 ) ) ;
#3457 = ORIENTED_EDGE ( 'NONE', *, *, #3880, .F. ) ;
#3458 = DIRECTION ( 'NONE',  ( -0.6324453755953813900, 0.0000000000000000000, -0.7746049618276511500 ) ) ;
#3459 = ADVANCED_FACE ( 'NONE', ( #8929 ), #2102, .F. ) ;
#3460 = LINE ( 'NONE', #4629, #3966 ) ;
#3461 = PLANE ( 'NONE',  #8921 ) ;
#3462 = CIRCLE ( 'NONE', #7488, 0.03906250000000005600 ) ;
#3463 = FACE_OUTER_BOUND ( 'NONE', #2887, .T. ) ;
#3464 = PLANE ( 'NONE',  #899 ) ;
#3465 = AXIS2_PLACEMENT_3D ( 'NONE', #1988, #3570, #10033 ) ;
#3466 = EDGE_CURVE ( 'NONE', #4874, #5892, #731, .T. ) ;
#3467 = ORIENTED_EDGE ( 'NONE', *, *, #3564, .T. ) ;
#3468 = CARTESIAN_POINT ( 'NONE',  ( 0.3081771058962345400, 4.783776559169353300E-018, -0.6236605268955790500 ) ) ;
#3469 = DIRECTION ( 'NONE',  ( -0.7994427634035086200, 0.0000000000000000000, -0.6007422642379689500 ) ) ;
#3471 = VECTOR ( 'NONE', #8659, 39.37007874015748100 ) ;
#3470 = DIRECTION ( 'NONE',  ( -0.3919666098600822500, 0.0000000000000000000, -0.9199794436588211200 ) ) ;
#3472 = CLOSED_SHELL ( 'NONE', ( #9868, #732, #3095, #7368 ) ) ;
#3473 = LINE ( 'NONE', #6482, #4618 ) ;
#3474 = DIRECTION ( 'NONE',  ( 0.0000000000000000000, 6.168689017951560600E-017, -1.000000000000000000 ) ) ;
#3475 = ADVANCED_FACE ( 'NONE', ( #7807 ), #8229, .T. ) ;
#3476 = DIRECTION ( 'NONE',  ( 0.3919666098600698100, 0.0000000000000000000, -0.9199794436588264500 ) ) ;
#3477 = ORIENTED_EDGE ( 'NONE', *, *, #5935, .T. ) ;
#3478 = EDGE_CURVE ( 'NONE', #5190, #9905, #3473, .T. ) ;
#3480 = CARTESIAN_POINT ( 'NONE',  ( 0.8132860812362671100, 0.0000000000000000000, 0.3859090437750274900 ) ) ;
#3479 = DIRECTION ( 'NONE',  ( -0.9034504346103775500, 0.0000000000000000000, 0.4286925614030642200 ) ) ;
#3481 = AXIS2_PLACEMENT_3D ( 'NONE', #9532, #8780, #4661 ) ;
#3482 = CYLINDRICAL_SURFACE ( 'NONE', #5425, 0.03906250000000002100 ) ;
#3483 = VERTEX_POINT ( 'NONE', #1638 ) ;
#3484 = LINE ( 'NONE', #5357, #5385 ) ;
#3485 = ORIENTED_EDGE ( 'NONE', *, *, #6569, .F. ) ;
#3486 = VERTEX_POINT ( 'NONE', #8192 ) ;
#3487 = DIRECTION ( 'NONE',  ( 0.9991889981715695900, 0.0000000000000000000, -0.04026594010941867600 ) ) ;
#3488 = EDGE_LOOP ( 'NONE', ( #10244, #6447, #8599, #5145 ) ) ;
#3489 = ORIENTED_EDGE ( 'NONE', *, *, #3385, .F. ) ;
#3490 = LINE ( 'NONE', #6290, #2365 ) ;
#3491 = DIRECTION ( 'NONE',  ( 0.9870502626379148400, 0.0000000000000000000, 0.1604112808577474500 ) ) ;
#3492 = AXIS2_PLACEMENT_3D ( 'NONE', #3324, #5877, #4198 ) ;
#3493 = ORIENTED_EDGE ( 'NONE', *, *, #1241, .F. ) ;
#3494 = LINE ( 'NONE', #89, #7183 ) ;
#3495 = EDGE_CURVE ( 'NONE', #5899, #8331, #6512, .T. ) ;
#3496 = ORIENTED_EDGE ( 'NONE', *, *, #6535, .F. ) ;
#3497 = ORIENTED_EDGE ( 'NONE', *, *, #8535, .T. ) ;
#3498 = PLANE ( 'NONE',  #5648 ) ;
#3499 = ORIENTED_EDGE ( 'NONE', *, *, #7353, .F. ) ;
#3500 = CARTESIAN_POINT ( 'NONE',  ( 0.3227734791430002000, -0.01953125000000015600, 0.6149934826174369200 ) ) ;
#3501 = CARTESIAN_POINT ( 'NONE',  ( -0.8889280643905934600, 0.0000000000000000000, 0.1472848099603067400 ) ) ;
#3502 = ADVANCED_FACE ( 'NONE', ( #330 ), #57, .F. ) ;
#3503 = DIRECTION ( 'NONE',  ( -0.3919666098600822500, 0.0000000000000000000, -0.9199794436588211200 ) ) ;
#3504 = CYLINDRICAL_SURFACE ( 'NONE', #8607, 0.03906250000000002100 ) ;
#3505 = EDGE_LOOP ( 'NONE', ( #8992, #10096 ) ) ;
#3506 = LINE ( 'NONE', #2178, #1499 ) ;
#3507 = ORIENTED_EDGE ( 'NONE', *, *, #10189, .T. ) ;
#3508 = DIRECTION ( 'NONE',  ( 0.6631226582407912000, 0.0000000000000000000, -0.7485107481711046300 ) ) ;
#3509 = DIRECTION ( 'NONE',  ( -0.9350162426854181600, 0.0000000000000000000, -0.3546048870425268000 ) ) ;
#3510 = ORIENTED_EDGE ( 'NONE', *, *, #6298, .T. ) ;
#3511 = ORIENTED_EDGE ( 'NONE', *, *, #2528, .T. ) ;
#3512 = DIRECTION ( 'NONE',  ( -0.6631226582408013000, 0.0000000000000000000, -0.7485107481710957500 ) ) ;
#3513 = DIRECTION ( 'NONE',  ( -0.2000256937760469500, 0.0000000000000000000, -0.9797906520422671200 ) ) ;
#3514 = ORIENTED_EDGE ( 'NONE', *, *, #1130, .T. ) ;
#3515 = ADVANCED_FACE ( 'NONE', ( #5884 ), #2588, .F. ) ;
#3516 = CARTESIAN_POINT ( 'NONE',  ( -0.6779957241178046200, 4.783776559169353300E-018, 0.1557157008275791800 ) ) ;
#3517 = EDGE_CURVE ( 'NONE', #7697, #2360, #2462, .T. ) ;
#3518 = CYLINDRICAL_SURFACE ( 'NONE', #5712, 0.03906250000000000000 ) ;
#3519 = CARTESIAN_POINT ( 'NONE',  ( -0.8936365284630674000, -0.01953125000000016700, 0.1085071195658515200 ) ) ;
#3520 = VERTEX_POINT ( 'NONE', #1670 ) ;
#3521 = ORIENTED_EDGE ( 'NONE', *, *, #5180, .F. ) ;
#3522 = VERTEX_POINT ( 'NONE', #8094 ) ;
#3523 = DIRECTION ( 'NONE',  ( 0.2393156642875516300, 0.0000000000000000000, -0.9709418174260535700 ) ) ;
#3524 = ORIENTED_EDGE ( 'NONE', *, *, #417, .T. ) ;
#3525 = LINE ( 'NONE', #4715, #8110 ) ;
#3526 = ORIENTED_EDGE ( 'NONE', *, *, #8201, .T. ) ;
#3527 = DIRECTION ( 'NONE',  ( 0.7212024473438157800, 0.0000000000000000000, 0.6927243535095981600 ) ) ;
#3528 = EDGE_LOOP ( 'NONE', ( #6824, #8425, #5057, #8238 ) ) ;
#3529 = DIRECTION ( 'NONE',  ( 0.9605181116313731300, 0.0000000000000000000, 0.2782174639164499700 ) ) ;
#3530 = ADVANCED_FACE ( 'NONE', ( #8813 ), #1833, .T. ) ;
#3531 = AXIS2_PLACEMENT_3D ( 'NONE', #8423, #2706, #286 ) ;
#3532 = EDGE_CURVE ( 'NONE', #7741, #1503, #1086, .T. ) ;
#3533 = DIRECTION ( 'NONE',  ( 0.9870502626379126200, 0.0000000000000000000, -0.1604112808577614600 ) ) ;
#3534 = LINE ( 'NONE', #3446, #7994 ) ;
#3535 = CARTESIAN_POINT ( 'NONE',  ( 0.6274914993586419000, 0.0000000000000000000, 0.2977484185224898400 ) ) ;
#3536 = ORIENTED_EDGE ( 'NONE', *, *, #6262, .T. ) ;
#3537 = CYLINDRICAL_SURFACE ( 'NONE', #9581, 0.03906250000000000700 ) ;
#3538 = EDGE_LOOP ( 'NONE', ( #631, #4756, #10212, #1489 ) ) ;
#3539 = DIRECTION ( 'NONE',  ( -0.9991889981715695900, -0.0000000000000000000, 0.04026594010941867600 ) ) ;
#3540 = CARTESIAN_POINT ( 'NONE',  ( -0.6972993866372594300, -0.01953125000000016700, -0.5693273271109529100 ) ) ;
#3541 = VERTEX_POINT ( 'NONE', #1879 ) ;
#3542 = CARTESIAN_POINT ( 'NONE',  ( 0.5969430169483602700, 0.0000000000000000000, -0.6738093755036285200 ) ) ;
#3543 = DIRECTION ( 'NONE',  ( 0.3919666098600698100, 0.0000000000000000000, -0.9199794436588264500 ) ) ;
#3544 = EDGE_CURVE ( 'NONE', #347, #5971, #9178, .T. ) ;
#3545 = AXIS2_PLACEMENT_3D ( 'NONE', #35, #8072, #9587 ) ;
#3546 = EDGE_CURVE ( 'NONE', #2391, #9380, #10461, .T. ) ;
#3547 = CIRCLE ( 'NONE', #5282, 0.03906249999999999300 ) ;
#3548 = EDGE_LOOP ( 'NONE', ( #839, #10122 ) ) ;
#3549 = CARTESIAN_POINT ( 'NONE',  ( -0.5819666941984855700, 4.783776559169353300E-018, -0.3811041173353244000 ) ) ;
#3550 = FACE_OUTER_BOUND ( 'NONE', #7185, .T. ) ;
#3551 = ORIENTED_EDGE ( 'NONE', *, *, #9005, .T. ) ;
#3552 = SECURITY_CLASSIFICATION_LEVEL ( 'unclassified' ) ;
#3554 = VERTEX_POINT ( 'NONE', #7515 ) ;
#3553 = CARTESIAN_POINT ( 'NONE',  ( -0.7965402780564547800, 0.0000000000000000000, 0.4212000763770064000 ) ) ;
#3555 = CIRCLE ( 'NONE', #4187, 0.03906249999999998600 ) ;
#3556 = AXIS2_PLACEMENT_3D ( 'NONE', #3087, #8794, #3592 ) ;
#3557 = VERTEX_POINT ( 'NONE', #9785 ) ;
#3558 = VECTOR ( 'NONE', #9789, 39.37007874015748100 ) ;
#3559 = EDGE_CURVE ( 'NONE', #1920, #4575, #3108, .T. ) ;
#3560 = CARTESIAN_POINT ( 'NONE',  ( -0.4774769063667242400, -0.01953125000000015600, 0.5055293419438186000 ) ) ;
#3561 = DIRECTION ( 'NONE',  ( -0.8451900855437982600, 0.0000000000000000000, -0.5344658261277954700 ) ) ;
#3562 = AXIS2_PLACEMENT_3D ( 'NONE', #8540, #3661, #5406 ) ;
#3563 = DIRECTION ( 'NONE',  ( -0.9350162426854181600, 0.0000000000000000000, -0.3546048870425268000 ) ) ;
#3564 = EDGE_CURVE ( 'NONE', #6217, #7479, #7415, .T. ) ;
#3565 = DIRECTION ( 'NONE',  ( -0.6324453755953708400, 0.0000000000000000000, 0.7746049618276598100 ) ) ;
#3566 = VECTOR ( 'NONE', #3183, 39.37007874015748900 ) ;
#3567 = ADVANCED_FACE ( 'NONE', ( #7541 ), #3976, .F. ) ;
#3568 = VECTOR ( 'NONE', #9430, 39.37007874015748100 ) ;
#3569 = CARTESIAN_POINT ( 'NONE',  ( 0.07243600515879085300, 0.0000000000000000000, -0.8972809287824163900 ) ) ;
#3570 = DIRECTION ( 'NONE',  ( 0.9797906520422669000, 0.0000000000000000000, -0.2000256937760482600 ) ) ;
#3571 = DIRECTION ( 'NONE',  ( -0.4999999999999919000, 0.0000000000000000000, 0.8660254037844431500 ) ) ;
#3572 = EDGE_CURVE ( 'NONE', #8328, #4254, #962, .T. ) ;
#3573 = DIRECTION ( 'NONE',  ( -0.6324453755953717300, 0.0000000000000000000, 0.7746049618276591400 ) ) ;
#3574 = CARTESIAN_POINT ( 'NONE',  ( -0.2199417550948043800, 0.0000000000000000000, 0.6588059857543928600 ) ) ;
#3575 = CIRCLE ( 'NONE', #9940, 0.03906249999999995800 ) ;
#3576 = EDGE_CURVE ( 'NONE', #5183, #7373, #7035, .T. ) ;
#3577 = FACE_BOUND ( 'NONE', #6525, .T. ) ;
#3578 = ADVANCED_FACE ( 'NONE', ( #7168 ), #1584, .T. ) ;
#3579 = ORIENTED_EDGE ( 'NONE', *, *, #1343, .T. ) ;
#3580 = CARTESIAN_POINT ( 'NONE',  ( -0.5678326293130772100, 0.01953124999999987900, 0.6993357950706405900 ) ) ;
#3581 = LINE ( 'NONE', #3676, #7390 ) ;
#3582 = AXIS2_PLACEMENT_3D ( 'NONE', #8944, #8911, #7352 ) ;
#3583 = CYLINDRICAL_SURFACE ( 'NONE', #6805, 0.03906250000000002800 ) ;
#3584 = VECTOR ( 'NONE', #4350, 39.37007874015748100 ) ;
#3585 = ORIENTED_EDGE ( 'NONE', *, *, #5976, .F. ) ;
#3586 = AXIS2_PLACEMENT_3D ( 'NONE', #2871, #2769, #2032 ) ;
#3587 = EDGE_CURVE ( 'NONE', #8711, #77, #2850, .T. ) ;
#3588 = DIRECTION ( 'NONE',  ( 0.7485107481711046300, 0.0000000000000000000, 0.6631226582407912000 ) ) ;
#3589 = DIRECTION ( 'NONE',  ( 0.3919666098600822500, -0.0000000000000000000, 0.9199794436588211200 ) ) ;
#3590 = CYLINDRICAL_SURFACE ( 'NONE', #6654, 0.03906250000000008300 ) ;
#3591 = LINE ( 'NONE', #4703, #721 ) ;
#3592 = DIRECTION ( 'NONE',  ( -0.9709418174260536800, 0.0000000000000000000, -0.2393156642875511300 ) ) ;
#3593 = ORIENTED_EDGE ( 'NONE', *, *, #1756, .F. ) ;
#3594 = DIRECTION ( 'NONE',  ( 0.9605181116313730200, 0.0000000000000000000, 0.2782174639164499100 ) ) ;
#3595 = DIRECTION ( 'NONE',  ( -0.9870502626379128500, 0.0000000000000000000, 0.1604112808577605700 ) ) ;
#3596 = DIRECTION ( 'NONE',  ( 0.5344658261277963600, 0.0000000000000000000, -0.8451900855437977100 ) ) ;
#3597 = CARTESIAN_POINT ( 'NONE',  ( 0.8981077749414681000, 0.01953124999999987900, -0.07004908114581526200 ) ) ;
#3598 = ORIENTED_EDGE ( 'NONE', *, *, #5505, .F. ) ;
#3599 = AXIS2_PLACEMENT_3D ( 'NONE', #4958, #9008, #9825 ) ;
#3600 = EDGE_CURVE ( 'NONE', #3541, #6442, #9060, .T. ) ;
#3601 = FACE_OUTER_BOUND ( 'NONE', #538, .T. ) ;
#3602 = VERTEX_POINT ( 'NONE', #4195 ) ;
#3603 = ORIENTED_EDGE ( 'NONE', *, *, #9412, .F. ) ;
#3604 = DIRECTION ( 'NONE',  ( 0.8854560256532163500, 0.0000000000000000000, 0.4647231720437562900 ) ) ;
#3605 = VECTOR ( 'NONE', #4625, 39.37007874015748100 ) ;
#3606 = MANIFOLD_SOLID_BREP ( 'CirPattern1[38]', #7690 ) ;
#3607 = DIRECTION ( 'NONE',  ( -0.9199794436588256700, 0.0000000000000000000, -0.3919666098600713100 ) ) ;
#3608 = ORIENTED_EDGE ( 'NONE', *, *, #3933, .F. ) ;
#3609 = LINE ( 'NONE', #2720, #5002 ) ;
#3610 = PLANE ( 'NONE',  #1733 ) ;
#3611 = ADVANCED_FACE ( 'NONE', ( #1341 ), #3461, .T. ) ;
#3612 = DIRECTION ( 'NONE',  ( 0.5680647467311652500, 0.0000000000000000000, 0.8229838658936499100 ) ) ;
#3613 = EDGE_CURVE ( 'NONE', #6778, #3783, #3719, .T. ) ;
#3614 = ORIENTED_EDGE ( 'NONE', *, *, #4425, .F. ) ;
#3615 = CARTESIAN_POINT ( 'NONE',  ( -0.07802261596910248200, 0.01953124999999988900, 0.6909823319572112600 ) ) ;
#3616 = ORIENTED_EDGE ( 'NONE', *, *, #8544, .T. ) ;
#3617 = ORIENTED_EDGE ( 'NONE', *, *, #8573, .F. ) ;
#3618 = AXIS2_PLACEMENT_3D ( 'NONE', #3710, #9405, #7750 ) ;
#3619 = DIRECTION ( 'NONE',  ( 0.04026594010940538800, 0.0000000000000000000, -0.9991889981715701400 ) ) ;
#3620 = CARTESIAN_POINT ( 'NONE',  ( 0.4172455396264891900, 0.0000000000000000000, 0.5552529713219013200 ) ) ;
#3621 = LINE ( 'NONE', #8153, #362 ) ;
#3623 = EDGE_LOOP ( 'NONE', ( #2590, #8888, #7827, #9527 ) ) ;
#3622 = EDGE_CURVE ( 'NONE', #5139, #9861, #475, .T. ) ;
#3624 = FACE_OUTER_BOUND ( 'NONE', #3066, .T. ) ;
#3625 = ORIENTED_EDGE ( 'NONE', *, *, #3721, .F. ) ;
#3626 = DIRECTION ( 'NONE',  ( -0.04026594010940537400, 0.0000000000000000000, 0.9991889981715699200 ) ) ;
#3627 = DIRECTION ( 'NONE',  ( 0.6927243535095986000, 0.0000000000000000000, -0.7212024473438151100 ) ) ;
#3628 = EDGE_LOOP ( 'NONE', ( #5240, #882, #5405, #2036 ) ) ;
#3629 = VERTEX_POINT ( 'NONE', #2719 ) ;
#3630 = ADVANCED_FACE ( 'NONE', ( #8308 ), #6649, .F. ) ;
#3631 = DIRECTION ( 'NONE',  ( -0.9927088740980544200, 0.0000000000000000000, -0.1205366802553199300 ) ) ;
#3632 = EDGE_CURVE ( 'NONE', #4375, #4763, #6916, .T. ) ;
#3633 = EDGE_LOOP ( 'NONE', ( #2087, #9094 ) ) ;
#3634 = FACE_OUTER_BOUND ( 'NONE', #1747, .T. ) ;
#3635 = VERTEX_POINT ( 'NONE', #4489 ) ;
#3636 = DIRECTION ( 'NONE',  ( 0.1604112808577605700, 0.0000000000000000000, 0.9870502626379128500 ) ) ;
#3637 = ORIENTED_EDGE ( 'NONE', *, *, #1262, .T. ) ;
#3638 = CARTESIAN_POINT ( 'NONE',  ( 0.8646584040905621600, 0.01953124999999987900, 0.2504513610175883000 ) ) ;
#3639 = EDGE_LOOP ( 'NONE', ( #9610, #2001, #3141, #8671 ) ) ;
#3640 = DIRECTION ( 'NONE',  ( -0.9034504346103774400, 0.0000000000000000000, 0.4286925614030641700 ) ) ;
#3641 = DIRECTION ( 'NONE',  ( -0.9797906520422696700, 0.0000000000000000000, -0.2000256937760349600 ) ) ;
#3642 = ORIENTED_EDGE ( 'NONE', *, *, #6436, .F. ) ;
#3643 = DIRECTION ( 'NONE',  ( 0.4647231720437694500, 0.0000000000000000000, 0.8854560256532094700 ) ) ;
#3644 = VECTOR ( 'NONE', #8895, 39.37007874015748100 ) ;
#3645 = ORIENTED_EDGE ( 'NONE', *, *, #8747, .T. ) ;
#3646 = ORIENTED_EDGE ( 'NONE', *, *, #8085, .T. ) ;
#3647 = DIRECTION ( 'NONE',  ( -0.9927088740980544200, 0.0000000000000000000, -0.1205366802553199300 ) ) ;
#3648 = CARTESIAN_POINT ( 'NONE',  ( 0.0000000000000000000, 0.01953124999999987900, 0.9002000000000001100 ) ) ;
#3649 = AXIS2_PLACEMENT_3D ( 'NONE', #7608, #2740, #6779 ) ;
#3650 = EDGE_CURVE ( 'NONE', #4801, #6854, #4496, .T. ) ;
#3651 = EDGE_LOOP ( 'NONE', ( #10248, #8938, #8867, #5771 ) ) ;
#3652 = FACE_BOUND ( 'NONE', #7470, .T. ) ;
#3653 = ORIENTED_EDGE ( 'NONE', *, *, #2683, .T. ) ;
#3654 = CARTESIAN_POINT ( 'NONE',  ( -0.5097181712547708100, -0.01953125000000016700, -0.7427596078627188800 ) ) ;
#3655 = DIRECTION ( 'NONE',  ( 0.3546048870425393400, 0.0000000000000000000, 0.9350162426854132800 ) ) ;
#3656 = ORIENTED_EDGE ( 'NONE', *, *, #1038, .T. ) ;
#3657 = CARTESIAN_POINT ( 'NONE',  ( 0.3527276749300973200, 0.01953124999999989200, 0.5992723079019214300 ) ) ;
#3658 = DIRECTION ( 'NONE',  ( 0.9927088740980526400, -0.0000000000000000000, -0.1205366802553337900 ) ) ;
#3659 = FACE_OUTER_BOUND ( 'NONE', #2488, .T. ) ;
#3660 = ORIENTED_EDGE ( 'NONE', *, *, #9981, .F. ) ;
#3661 = DIRECTION ( 'NONE',  ( -0.6631226582408013000, 0.0000000000000000000, -0.7485107481710957500 ) ) ;
#3662 = LINE ( 'NONE', #7596, #3412 ) ;
#3663 = DIRECTION ( 'NONE',  ( 0.7212024473438157800, 0.0000000000000000000, 0.6927243535095981600 ) ) ;
#3664 = CLOSED_SHELL ( 'NONE', ( #7289, #7585, #9952, #785 ) ) ;
#3665 = EDGE_CURVE ( 'NONE', #4884, #7563, #4750, .T. ) ;
#3666 = DIRECTION ( 'NONE',  ( -0.2393156642875647600, 0.0000000000000000000, -0.9709418174260503500 ) ) ;
#3667 = ORIENTED_EDGE ( 'NONE', *, *, #10505, .F. ) ;
#3668 = ADVANCED_FACE ( 'NONE', ( #5376 ), #10137, .F. ) ;
#3669 = CARTESIAN_POINT ( 'NONE',  ( 0.6014979441984805700, 0.0000000000000000000, -0.3472750000000030000 ) ) ;
#3670 = ORIENTED_EDGE ( 'NONE', *, *, #5398, .T. ) ;
#3671 = CARTESIAN_POINT ( 'NONE',  ( -0.1777932741787903400, 0.01953124999999986500, 0.8831160743846038200 ) ) ;
#3672 = FACE_OUTER_BOUND ( 'NONE', #5399, .T. ) ;
#3673 = ORIENTED_EDGE ( 'NONE', *, *, #9339, .T. ) ;
#3674 = VECTOR ( 'NONE', #8622, 39.37007874015748100 ) ;
#3675 = ORIENTED_EDGE ( 'NONE', *, *, #7646, .F. ) ;
#3676 = CARTESIAN_POINT ( 'NONE',  ( 0.2482780656591381000, -0.01953125000000016700, -0.8659459863595676500 ) ) ;
#3677 = PLANE ( 'NONE',  #4870 ) ;
#3678 = DIRECTION ( 'NONE',  ( 0.7746049618276514800, 0.0000000000000000000, -0.6324453755953809400 ) ) ;
#3679 = EDGE_CURVE ( 'NONE', #7301, #9970, #8565, .T. ) ;
#3680 = AXIS2_PLACEMENT_3D ( 'NONE', #2195, #1344, #3626 ) ;
#3681 = EDGE_CURVE ( 'NONE', #1715, #10241, #836, .T. ) ;
#3682 = CARTESIAN_POINT ( 'NONE',  ( -0.5494134148872487100, 0.0000000000000000000, 0.4266971771036015000 ) ) ;
#3683 = VERTEX_POINT ( 'NONE', #10208 ) ;
#3684 = VERTEX_POINT ( 'NONE', #10099 ) ;
#3685 = EDGE_LOOP ( 'NONE', ( #5547, #4178, #84, #3637 ) ) ;
#3686 = CYLINDRICAL_SURFACE ( 'NONE', #7866, 0.03906250000000000000 ) ;
#3687 = CARTESIAN_POINT ( 'NONE',  ( 0.5819666941984804600, 0.0000000000000000000, -0.3811041173353325000 ) ) ;
#3688 = DIRECTION ( 'NONE',  ( -0.5000000000000036600, 0.0000000000000000000, -0.8660254037844364900 ) ) ;
#3689 = AXIS2_PLACEMENT_3D ( 'NONE', #5640, #5574, #4035 ) ;
#3690 = EDGE_CURVE ( 'NONE', #3805, #3283, #7287, .T. ) ;
#3691 = DIRECTION ( 'NONE',  ( 0.1205366802553199100, 0.0000000000000000000, -0.9927088740980543100 ) ) ;
#3692 = LINE ( 'NONE', #100, #1803 ) ;
#3693 = AXIS2_PLACEMENT_3D ( 'NONE', #3881, #7053, #3115 ) ;
#3694 = LINE ( 'NONE', #8062, #6368 ) ;
#3695 = DIRECTION ( 'NONE',  ( 0.7212024473438157800, 0.0000000000000000000, 0.6927243535095981600 ) ) ;
#3696 = CARTESIAN_POINT ( 'NONE',  ( 0.6759043178180493800, 0.01953124999999986500, -0.5955315292531583300 ) ) ;
#3697 = FACE_OUTER_BOUND ( 'NONE', #3639, .T. ) ;
#3698 = DIRECTION ( 'NONE',  ( 0.4647231720437694500, 0.0000000000000000000, 0.8854560256532094700 ) ) ;
#3699 = DIRECTION ( 'NONE',  ( 0.9034504346103833200, 0.0000000000000000000, 0.4286925614030520100 ) ) ;
#3700 = LINE ( 'NONE', #4437, #9426 ) ;
#3701 = LINE ( 'NONE', #9517, #1068 ) ;
#3702 = PRODUCT_DEFINITION ( 'UNKNOWN', '', #5951, #7583 ) ;
#3703 = CARTESIAN_POINT ( 'NONE',  ( 0.07802261596911180800, -0.01953125000000015600, 0.6909823319572102600 ) ) ;
#3704 = ORIENTED_EDGE ( 'NONE', *, *, #4188, .T. ) ;
#3705 = CARTESIAN_POINT ( 'NONE',  ( 0.5380018762373957000, 0.01953124999999988900, -0.4392649356197720900 ) ) ;
#3706 = EDGE_CURVE ( 'NONE', #880, #8067, #4862, .T. ) ;
#3707 = CIRCLE ( 'NONE', #4272, 0.03906249999999993800 ) ;
#3708 = VECTOR ( 'NONE', #9271, 39.37007874015748900 ) ;
#3709 = CIRCLE ( 'NONE', #2593, 0.03906250000000004200 ) ;
#3710 = CARTESIAN_POINT ( 'NONE',  ( -0.4183437994737904700, 0.0000000000000000000, 0.7970875142930249300 ) ) ;
#3711 = CARTESIAN_POINT ( 'NONE',  ( -0.3227734791429917600, 0.0000000000000000000, 0.6149934826174412400 ) ) ;
#3712 = ORIENTED_EDGE ( 'NONE', *, *, #2226, .F. ) ;
#3713 = ADVANCED_FACE ( 'NONE', ( #6642 ), #5629, .F. ) ;
#3714 = CARTESIAN_POINT ( 'NONE',  ( 0.8978970478685227600, 0.0000000000000000000, -0.07527821952757562900 ) ) ;
#3715 = FACE_OUTER_BOUND ( 'NONE', #6606, .T. ) ;
#3716 = DIRECTION ( 'NONE',  ( 0.9870502626379149500, 0.0000000000000000000, 0.1604112808577475300 ) ) ;
#3717 = ORIENTED_EDGE ( 'NONE', *, *, #4890, .T. ) ;
#3718 = DIRECTION ( 'NONE',  ( -0.1604112808577474700, 0.0000000000000000000, 0.9870502626379149500 ) ) ;
#3719 = LINE ( 'NONE', #6691, #9698 ) ;
#3720 = AXIS2_PLACEMENT_3D ( 'NONE', #5325, #8533, #10231 ) ;
#3721 = EDGE_CURVE ( 'NONE', #795, #1383, #2714, .T. ) ;
#3722 = ORIENTED_EDGE ( 'NONE', *, *, #6852, .F. ) ;
#3723 = CARTESIAN_POINT ( 'NONE',  ( 0.1114136551197576500, 0.0000000000000000000, 0.6855557599151624900 ) ) ;
#3724 = ORIENTED_EDGE ( 'NONE', *, *, #2076, .T. ) ;
#3725 = FACE_OUTER_BOUND ( 'NONE', #6671, .T. ) ;
#3726 = CARTESIAN_POINT ( 'NONE',  ( 0.7216329471062381500, -0.01953125000000016700, 0.5392127027717846800 ) ) ;
#3727 = AXIS2_PLACEMENT_3D ( 'NONE', #2859, #416, #5189 ) ;
#3728 = EDGE_LOOP ( 'NONE', ( #4508, #3889, #262, #10471 ) ) ;
#3729 = CARTESIAN_POINT ( 'NONE',  ( -0.3883896036866932300, -0.01953125000000016700, 0.8128086890085397500 ) ) ;
#3730 = LINE ( 'NONE', #10051, #1465 ) ;
#3731 = VERTEX_POINT ( 'NONE', #6093 ) ;
#3732 = DIRECTION ( 'NONE',  ( -0.1604112808577474700, 0.0000000000000000000, 0.9870502626379149500 ) ) ;
#3733 = ORIENTED_EDGE ( 'NONE', *, *, #7529, .T. ) ;
#3734 = VERTEX_POINT ( 'NONE', #6912 ) ;
#3735 = AXIS2_PLACEMENT_3D ( 'NONE', #5396, #4554, #9525 ) ;
#3736 = EDGE_CURVE ( 'NONE', #6169, #10019, #2972, .T. ) ;
#3737 = LINE ( 'NONE', #1517, #9715 ) ;
#3738 = ORIENTED_EDGE ( 'NONE', *, *, #1707, .F. ) ;
#3739 = FACE_OUTER_BOUND ( 'NONE', #1351, .T. ) ;
#3740 = DIRECTION ( 'NONE',  ( 0.9350162426854133900, 0.0000000000000000000, -0.3546048870425394000 ) ) ;
#3741 = ORIENTED_EDGE ( 'NONE', *, *, #1912, .F. ) ;
#3742 = CARTESIAN_POINT ( 'NONE',  ( -0.6939867186800641200, 0.0000000000000000000, -0.02796670870298751500 ) ) ;
#3743 = CARTESIAN_POINT ( 'NONE',  ( -0.6210291941984850100, 0.0000000000000000000, -0.3134458826646647200 ) ) ;
#3744 = ORIENTED_EDGE ( 'NONE', *, *, #222, .T. ) ;
#3745 = ORIENTED_EDGE ( 'NONE', *, *, #8293, .T. ) ;
#3746 = AXIS2_PLACEMENT_3D ( 'NONE', #2297, #3821, #718 ) ;
#3747 = CARTESIAN_POINT ( 'NONE',  ( 0.4605718422811416700, 0.0000000000000000000, -0.5198781401422409900 ) ) ;
#3748 = ORIENTED_EDGE ( 'NONE', *, *, #23, .F. ) ;
#3749 = DIRECTION ( 'NONE',  ( 0.1205366802553189100, 0.0000000000000000000, -0.9927088740980544200 ) ) ;
#3750 = FACE_OUTER_BOUND ( 'NONE', #2526, .T. ) ;
#3751 = EDGE_CURVE ( 'NONE', #4940, #7582, #3339, .T. ) ;
#3752 = CARTESIAN_POINT ( 'NONE',  ( 0.6492264430989030900, -0.01953125000000016700, 0.6235904630293402900 ) ) ;
#3753 = ORIENTED_EDGE ( 'NONE', *, *, #6374, .T. ) ;
#3754 = AXIS2_PLACEMENT_3D ( 'NONE', #503, #2979, #6132 ) ;
#3755 = EDGE_LOOP ( 'NONE', ( #203, #6940, #9979, #7340, #4709 ) ) ;
#3756 = DIRECTION ( 'NONE',  ( -0.5344658261278078000, 0.0000000000000000000, -0.8451900855437904900 ) ) ;
#3757 = VERTEX_POINT ( 'NONE', #5225 ) ;
#3758 = CARTESIAN_POINT ( 'NONE',  ( -0.4183437994737904700, 0.0000000000000000000, 0.7970875142930249300 ) ) ;
#3759 = EDGE_CURVE ( 'NONE', #7974, #720, #1456, .T. ) ;
#3760 = DIRECTION ( 'NONE',  ( 0.3166679938014732000, 0.0000000000000000000, 0.9485364419471453700 ) ) ;
#3761 = ORIENTED_EDGE ( 'NONE', *, *, #8251, .F. ) ;
#3762 = CIRCLE ( 'NONE', #6046, 0.03906250000000008300 ) ;
#3763 = ORIENTED_EDGE ( 'NONE', *, *, #6553, .T. ) ;
#3764 = DIRECTION ( 'NONE',  ( 0.6631226582407912000, 0.0000000000000000000, -0.7485107481711046300 ) ) ;
#3765 = EDGE_LOOP ( 'NONE', ( #9241, #2529, #2239, #7616 ) ) ;
#3766 = DIRECTION ( 'NONE',  ( -0.3546048870425280700, 0.0000000000000000000, 0.9350162426854177200 ) ) ;
#3767 = ORIENTED_EDGE ( 'NONE', *, *, #4105, .T. ) ;
#3768 = DIRECTION ( 'NONE',  ( -0.04026594010941867600, 0.0000000000000000000, -0.9991889981715695900 ) ) ;
#3769 = EDGE_CURVE ( 'NONE', #6969, #8394, #4349, .T. ) ;
#3770 = ADVANCED_FACE ( 'NONE', ( #3463 ), #3099, .T. ) ;
#3771 = DIRECTION ( 'NONE',  ( -0.5000000000000036600, 0.0000000000000000000, -0.8660254037844364900 ) ) ;
#3772 = ORIENTED_EDGE ( 'NONE', *, *, #9487, .F. ) ;
#3773 = VECTOR ( 'NONE', #8885, 39.37007874015748100 ) ;
#3774 = ORIENTED_EDGE ( 'NONE', *, *, #6101, .F. ) ;
#3775 = VERTEX_POINT ( 'NONE', #1320 ) ;
#3776 = DIRECTION ( 'NONE',  ( -0.9967573081342106000, 0.0000000000000000000, -0.08046656871671800700 ) ) ;
#3777 = DIRECTION ( 'NONE',  ( -0.2393156642875647600, 0.0000000000000000000, -0.9709418174260503500 ) ) ;
#3778 = CARTESIAN_POINT ( 'NONE',  ( 0.5407881862670297400, 0.0000000000000000000, 0.7196583756158310100 ) ) ;
#3779 = DIRECTION ( 'NONE',  ( 0.7746049618276515900, 0.0000000000000000000, -0.6324453755953810500 ) ) ;
#3780 = CARTESIAN_POINT ( 'NONE',  ( -0.07243600515880298200, 0.01953124999999987900, -0.8972809287824155000 ) ) ;
#3781 = VECTOR ( 'NONE', #7496, 39.37007874015747400 ) ;
#3782 = AXIS2_PLACEMENT_3D ( 'NONE', #1447, #3077, #7120 ) ;
#3783 = VERTEX_POINT ( 'NONE', #5452 ) ;
#3784 = VECTOR ( 'NONE', #3469, 39.37007874015748100 ) ;
#3785 = ORIENTED_EDGE ( 'NONE', *, *, #3791, .T. ) ;
#3786 = CARTESIAN_POINT ( 'NONE',  ( -0.8994699361540474700, 0.01953124999999987900, -0.03624739928648673000 ) ) ;
#3787 = EDGE_LOOP ( 'NONE', ( #10291, #1124, #8580, #6304 ) ) ;
#3788 = DIRECTION ( 'NONE',  ( 0.1604112808577605700, 0.0000000000000000000, 0.9870502626379128500 ) ) ;
#3789 = CARTESIAN_POINT ( 'NONE',  ( 0.1662166946309190400, 0.01953124999999988900, -0.6743676392932657100 ) ) ;
#3790 = AXIS2_PLACEMENT_3D ( 'NONE', #4882, #8163, #9792 ) ;
#3791 = EDGE_CURVE ( 'NONE', #3557, #3405, #1211, .T. ) ;
#3792 = DIRECTION ( 'NONE',  ( -0.5344658261278078000, 0.0000000000000000000, -0.8451900855437904900 ) ) ;
#3793 = DIRECTION ( 'NONE',  ( -0.3166679938014603800, 0.0000000000000000000, 0.9485364419471495900 ) ) ;
#3794 = ORIENTED_EDGE ( 'NONE', *, *, #4225, .T. ) ;
#3795 = CARTESIAN_POINT ( 'NONE',  ( 0.2850645280200862500, 0.0000000000000000000, 0.8538725050408205700 ) ) ;
#3796 = CIRCLE ( 'NONE', #9837, 0.03906250000000002100 ) ;
#3797 = ORIENTED_EDGE ( 'NONE', *, *, #9275, .F. ) ;
#3798 = LINE ( 'NONE', #10210, #3674 ) ;
#3799 = EDGE_LOOP ( 'NONE', ( #8211, #1214 ) ) ;
#3800 = CARTESIAN_POINT ( 'NONE',  ( -0.4529319254758692500, 4.783776559169353300E-018, 0.7789342653850656100 ) ) ;
#3801 = ORIENTED_EDGE ( 'NONE', *, *, #8972, .T. ) ;
#3802 = AXIS2_PLACEMENT_3D ( 'NONE', #3353, #7339, #2614 ) ;
#3803 = EDGE_CURVE ( 'NONE', #106, #10466, #3709, .T. ) ;
#3804 = CYLINDRICAL_SURFACE ( 'NONE', #8416, 0.03906249999999997900 ) ;
#3805 = VERTEX_POINT ( 'NONE', #3009 ) ;
#3806 = LINE ( 'NONE', #8096, #2190 ) ;
#3807 = DIRECTION ( 'NONE',  ( 0.8660254037844362700, 0.0000000000000000000, -0.5000000000000040000 ) ) ;
#3808 = DIRECTION ( 'NONE',  ( -0.7485107481710965300, 0.0000000000000000000, 0.6631226582408003000 ) ) ;
#3809 = CARTESIAN_POINT ( 'NONE',  ( 0.3221167327836466600, 0.0000000000000000000, 0.8415026615329505000 ) ) ;
#3810 = ADVANCED_FACE ( 'NONE', ( #9301 ), #5365, .T. ) ;
#3811 = CARTESIAN_POINT ( 'NONE',  ( -0.9010428244395711800, 0.0000000000000000000, 0.002783420954590233700 ) ) ;
#3812 = DIRECTION ( 'NONE',  ( -0.7485107481711046300, 0.0000000000000000000, -0.6631226582407912000 ) ) ;
#3813 = LINE ( 'NONE', #5071, #10176 ) ;
#3814 = DIRECTION ( 'NONE',  ( 0.7994427634035007300, 0.0000000000000000000, -0.6007422642379795000 ) ) ;
#3815 = CYLINDRICAL_SURFACE ( 'NONE', #1008, 0.03906250000000002100 ) ;
#3816 = EDGE_CURVE ( 'NONE', #3405, #6195, #8430, .T. ) ;
#3817 = AXIS2_PLACEMENT_3D ( 'NONE', #9992, #196, #4229 ) ;
#3818 = CARTESIAN_POINT ( 'NONE',  ( 0.6492264430989030900, 0.0000000000000000000, 0.6235904630293402900 ) ) ;
#3819 = CARTESIAN_POINT ( 'NONE',  ( -0.5407881862670197400, 0.0000000000000000000, 0.7196583756158385600 ) ) ;
#3820 = ADVANCED_FACE ( 'NONE', ( #4740 ), #7876, .T. ) ;
#3821 = DIRECTION ( 'NONE',  ( 0.9797906520422669000, 0.0000000000000000000, -0.2000256937760482600 ) ) ;
#3822 = CYLINDRICAL_SURFACE ( 'NONE', #10155, 0.03906250000000002100 ) ;
#3823 = LINE ( 'NONE', #8555, #5485 ) ;
#3824 = CARTESIAN_POINT ( 'NONE',  ( 0.4529319254758798500, 0.0000000000000000000, 0.7789342653850595000 ) ) ;
#3825 = PLANE ( 'NONE',  #5591 ) ;
#3826 = AXIS2_PLACEMENT_3D ( 'NONE', #3341, #9671, #5732 ) ;
#3827 = ORIENTED_EDGE ( 'NONE', *, *, #5489, .F. ) ;
#3828 = EDGE_CURVE ( 'NONE', #7563, #1379, #7158, .T. ) ;
#3829 = LINE ( 'NONE', #704, #63 ) ;
#3830 = CIRCLE ( 'NONE', #3868, 0.03906250000000006200 ) ;
#3831 = DIRECTION ( 'NONE',  ( -0.4286925614030519500, 0.0000000000000000000, 0.9034504346103832100 ) ) ;
#3832 = VECTOR ( 'NONE', #41, 39.37007874015748900 ) ;
#3833 = DIRECTION ( 'NONE',  ( 0.5680647467311540400, 0.0000000000000000000, -0.8229838658936575700 ) ) ;
#3834 = ORIENTED_EDGE ( 'NONE', *, *, #5713, .F. ) ;
#3835 = CARTESIAN_POINT ( 'NONE',  ( -0.3171526786115409500, 0.01953124999999986500, 0.8431599063221711900 ) ) ;
#3836 = FACE_OUTER_BOUND ( 'NONE', #9859, .T. ) ;
#3837 = CYLINDRICAL_SURFACE ( 'NONE', #8790, 0.03906250000000002100 ) ;
#3838 = PLANE ( 'NONE',  #4449 ) ;
#3839 = CARTESIAN_POINT ( 'NONE',  ( 0.6492264430989030900, 0.0000000000000000000, 0.6235904630293402900 ) ) ;
#3840 = CARTESIAN_POINT ( 'NONE',  ( 0.8820075449684489100, 0.0000000000000000000, -0.1800631295371986900 ) ) ;
#3841 = ORIENTED_EDGE ( 'NONE', *, *, #5012, .F. ) ;
#3842 = CARTESIAN_POINT ( 'NONE',  ( 0.2482780656591382600, 0.01953124999999987900, -0.8659459863595676500 ) ) ;
#3843 = AXIS2_PLACEMENT_3D ( 'NONE', #9343, #2892, #4481 ) ;
#3844 = EDGE_CURVE ( 'NONE', #2545, #8442, #466, .T. ) ;
#3845 = CARTESIAN_POINT ( 'NONE',  ( -0.6419937903191252900, -0.01953125000000012800, 0.2671854877634093900 ) ) ;
#3846 = VECTOR ( 'NONE', #1700, 39.37007874015748100 ) ;
#3847 = DIRECTION ( 'NONE',  ( -0.3546048870425393400, 0.0000000000000000000, -0.9350162426854132800 ) ) ;
#3848 = EDGE_LOOP ( 'NONE', ( #4753, #8847 ) ) ;
#3849 = FACE_OUTER_BOUND ( 'NONE', #5572, .T. ) ;
#3850 = CARTESIAN_POINT ( 'NONE',  ( -0.5132969787532070100, 4.783776559169353300E-018, -0.4695229419411579600 ) ) ;
#3851 = DIRECTION ( 'NONE',  ( -0.1604112808577474700, 0.0000000000000000000, 0.9870502626379149500 ) ) ;
#3852 = CARTESIAN_POINT ( 'NONE',  ( -0.1662166946309281700, 0.0000000000000000000, -0.6743676392932636000 ) ) ;
#3853 = CARTESIAN_POINT ( 'NONE',  ( 0.8994699361540469100, 0.0000000000000000000, -0.03624739928649869200 ) ) ;
#3854 = ORIENTED_EDGE ( 'NONE', *, *, #3253, .T. ) ;
#3855 = ORIENTED_EDGE ( 'NONE', *, *, #3622, .T. ) ;
#3856 = DIRECTION ( 'NONE',  ( 0.08046656871671943600, 0.0000000000000000000, -0.9967573081342106000 ) ) ;
#3857 = ADVANCED_FACE ( 'NONE', ( #9050 ), #9818, .T. ) ;
#3858 = LINE ( 'NONE', #8570, #9965 ) ;
#3859 = ORIENTED_EDGE ( 'NONE', *, *, #6480, .T. ) ;
#3860 = AXIS2_PLACEMENT_3D ( 'NONE', #2747, #6037, #1202 ) ;
#3861 = EDGE_CURVE ( 'NONE', #1849, #588, #74, .T. ) ;
#3862 = LINE ( 'NONE', #5192, #2860 ) ;
#3863 = DIRECTION ( 'NONE',  ( -0.9199794436588270000, 0.0000000000000000000, -0.3919666098600683700 ) ) ;
#3864 = EDGE_LOOP ( 'NONE', ( #4887, #911, #7233, #4545 ) ) ;
#3865 = ORIENTED_EDGE ( 'NONE', *, *, #7291, .F. ) ;
#3866 = DIRECTION ( 'NONE',  ( 0.8229838658936575700, 0.0000000000000000000, 0.5680647467311541500 ) ) ;
#3867 = CARTESIAN_POINT ( 'NONE',  ( 0.5716034440564400400, 0.0000000000000000000, 0.3945493698421233000 ) ) ;
#3868 = AXIS2_PLACEMENT_3D ( 'NONE', #7508, #3529, #4332 ) ;
#3869 = CARTESIAN_POINT ( 'NONE',  ( 0.8277883721967540500, 0.01953124999999987900, 0.3553461130159382100 ) ) ;
#3870 = LINE ( 'NONE', #8957, #6934 ) ;
#3871 = ORIENTED_EDGE ( 'NONE', *, *, #656, .T. ) ;
#3872 = ADVANCED_FACE ( 'NONE', ( #3968 ), #514, .T. ) ;
#3873 = CIRCLE ( 'NONE', #1991, 0.03906250000000004200 ) ;
#3874 = ORIENTED_EDGE ( 'NONE', *, *, #10143, .F. ) ;
#3875 = DIRECTION ( 'NONE',  ( -0.6324453755953813900, 0.0000000000000000000, -0.7746049618276511500 ) ) ;
#3876 = EDGE_CURVE ( 'NONE', #6849, #4666, #10453, .T. ) ;
#3877 = EDGE_LOOP ( 'NONE', ( #6759, #5438 ) ) ;
#3878 = CARTESIAN_POINT ( 'NONE',  ( -0.6221668980399259800, 0.0000000000000000000, 0.6517624336287163300 ) ) ;
#3879 = ORIENTED_EDGE ( 'NONE', *, *, #2169, .T. ) ;
#3880 = EDGE_CURVE ( 'NONE', #2667, #433, #1961, .T. ) ;
#3881 = CARTESIAN_POINT ( 'NONE',  ( 0.8936365284630687400, 0.0000000000000000000, 0.1085071195658390300 ) ) ;
#3882 = CARTESIAN_POINT ( 'NONE',  ( -0.5627067737215955000, 0.0000000000000000000, -0.4090069292983719600 ) ) ;
#3883 = DIRECTION ( 'NONE',  ( -0.3546048870425387300, 0.0000000000000000000, -0.9350162426854137200 ) ) ;
#3884 = ORIENTED_EDGE ( 'NONE', *, *, #174, .F. ) ;
#3885 = CARTESIAN_POINT ( 'NONE',  ( -0.2480123232565140900, 0.0000000000000000000, 0.8662423485486938600 ) ) ;
#3886 = CARTESIAN_POINT ( 'NONE',  ( 0.5969430169483602700, 0.0000000000000000000, -0.6738093755036285200 ) ) ;
#3887 = VECTOR ( 'NONE', #8703, 39.37007874015748100 ) ;
#3888 = ORIENTED_EDGE ( 'NONE', *, *, #7197, .F. ) ;
#3889 = ORIENTED_EDGE ( 'NONE', *, *, #7914, .T. ) ;
#3890 = EDGE_LOOP ( 'NONE', ( #9753, #2514 ) ) ;
#3891 = DIRECTION ( 'NONE',  ( -0.3919666098600698100, 0.0000000000000000000, 0.9199794436588264500 ) ) ;
#3892 = DIRECTION ( 'NONE',  ( 0.2782174639164511400, 0.0000000000000000000, -0.9605181116313726800 ) ) ;
#3893 = DATE_AND_TIME ( #8862, #5436 ) ;
#3894 = EDGE_CURVE ( 'NONE', #9963, #482, #9569, .T. ) ;
#3895 = CARTESIAN_POINT ( 'NONE',  ( 0.2199417550948133100, 0.0000000000000000000, 0.6588059857543902000 ) ) ;
#3896 = ORIENTED_EDGE ( 'NONE', *, *, #6816, .T. ) ;
#3897 = AXIS2_PLACEMENT_3D ( 'NONE', #9546, #10290, #7957 ) ;
#3898 = VECTOR ( 'NONE', #8088, 39.37007874015748100 ) ;
#3899 = ORIENTED_EDGE ( 'NONE', *, *, #4293, .T. ) ;
#3900 = CARTESIAN_POINT ( 'NONE',  ( -0.1829588859124378900, 4.783776559169353300E-018, 0.8822765807681454100 ) ) ;
#3901 = DIRECTION ( 'NONE',  ( -0.2393156642875647600, 0.0000000000000000000, -0.9709418174260503500 ) ) ;
#3902 = ORIENTED_EDGE ( 'NONE', *, *, #8318, .T. ) ;
#3903 = EDGE_CURVE ( 'NONE', #6994, #5326, #7403, .T. ) ;
#3904 = DIRECTION ( 'NONE',  ( -0.08046656871673291100, 0.0000000000000000000, -0.9967573081342093700 ) ) ;
#3905 = EDGE_LOOP ( 'NONE', ( #8471, #9959, #2904, #4782 ) ) ;
#3906 = DIRECTION ( 'NONE',  ( -0.9967573081342096000, 0.0000000000000000000, 0.08046656871673196800 ) ) ;
#3907 = FACE_OUTER_BOUND ( 'NONE', #1101, .T. ) ;
#3908 = DIRECTION ( 'NONE',  ( -0.9927088740980527500, 0.0000000000000000000, 0.1205366802553338000 ) ) ;
#3909 = AXIS2_PLACEMENT_3D ( 'NONE', #1090, #9182, #990 ) ;
#3910 = ORIENTED_EDGE ( 'NONE', *, *, #2851, .F. ) ;
#3911 = ORIENTED_EDGE ( 'NONE', *, *, #7787, .F. ) ;
#3912 = EDGE_CURVE ( 'NONE', #1902, #1019, #5502, .T. ) ;
#3913 = CYLINDRICAL_SURFACE ( 'NONE', #9565, 0.03906250000000002800 ) ;
#3914 = ORIENTED_EDGE ( 'NONE', *, *, #10013, .F. ) ;
#3915 = FACE_OUTER_BOUND ( 'NONE', #893, .T. ) ;
#3916 = ORIENTED_EDGE ( 'NONE', *, *, #10071, .F. ) ;
#3917 = DIRECTION ( 'NONE',  ( -0.4647231720437573500, 0.0000000000000000000, 0.8854560256532157900 ) ) ;
#3918 = ORIENTED_EDGE ( 'NONE', *, *, #9749, .F. ) ;
#3919 = CARTESIAN_POINT ( 'NONE',  ( -0.6972993866372594300, 0.0000000000000000000, -0.5693273271109529100 ) ) ;
#3920 = DIRECTION ( 'NONE',  ( -0.9605181116313692400, 0.0000000000000000000, 0.2782174639164631800 ) ) ;
#3921 = CARTESIAN_POINT ( 'NONE',  ( 0.2154319609916540100, -0.01953125000000016700, -0.8740418240469335400 ) ) ;
#3922 = DIRECTION ( 'NONE',  ( -0.9991889981715700300, 0.0000000000000000000, -0.04026594010940538100 ) ) ;
#3923 = DIRECTION ( 'NONE',  ( -0.9034504346103775500, 0.0000000000000000000, 0.4286925614030642200 ) ) ;
#3924 = ORIENTED_EDGE ( 'NONE', *, *, #1421, .T. ) ;
#3925 = CIRCLE ( 'NONE', #638, 0.03906250000000002100 ) ;
#3926 = CARTESIAN_POINT ( 'NONE',  ( -0.07243600515880298200, 0.0000000000000000000, -0.8972809287824155000 ) ) ;
#3927 = ORIENTED_EDGE ( 'NONE', *, *, #6142, .T. ) ;
#3928 = PLANE ( 'NONE',  #9885 ) ;
#3929 = CIRCLE ( 'NONE', #7114, 0.03906249999999997900 ) ;
#3930 = ADVANCED_FACE ( 'NONE', ( #6263 ), #9939, .F. ) ;
#3931 = CARTESIAN_POINT ( 'NONE',  ( -0.4811261366802526700, 0.0000000000000000000, -0.7608401150065203800 ) ) ;
#3932 = AXIS2_PLACEMENT_3D ( 'NONE', #9999, #5912, #5878 ) ;
#3933 = EDGE_CURVE ( 'NONE', #77, #8711, #10202, .T. ) ;
#3934 = VERTEX_POINT ( 'NONE', #3657 ) ;
#3935 = DIRECTION ( 'NONE',  ( -0.1604112808577474700, 0.0000000000000000000, 0.9870502626379149500 ) ) ;
#3936 = DIRECTION ( 'NONE',  ( -0.1604112808577474700, 0.0000000000000000000, 0.9870502626379149500 ) ) ;
#3937 = EDGE_LOOP ( 'NONE', ( #4390, #2291 ) ) ;
#3938 = AXIS2_PLACEMENT_3D ( 'NONE', #4989, #9926, #9896 ) ;
#3939 = EDGE_LOOP ( 'NONE', ( #7349, #6875, #8315, #2763, #6844 ) ) ;
#3940 = DIRECTION ( 'NONE',  ( -0.9797906520422696700, 0.0000000000000000000, -0.2000256937760349900 ) ) ;
#3941 = FACE_OUTER_BOUND ( 'NONE', #6948, .T. ) ;
#3942 = DIRECTION ( 'NONE',  ( 0.2782174639164631800, 0.0000000000000000000, 0.9605181116313692400 ) ) ;
#3943 = CARTESIAN_POINT ( 'NONE',  ( -0.8936365284630674000, 0.0000000000000000000, 0.1085071195658515200 ) ) ;
#3944 = AXIS2_PLACEMENT_3D ( 'NONE', #5453, #3050, #3875 ) ;
#3945 = EDGE_CURVE ( 'NONE', #4154, #3349, #7534, .T. ) ;
#3946 = DIRECTION ( 'NONE',  ( -0.8660254037844431500, 0.0000000000000000000, -0.4999999999999919000 ) ) ;
#3947 = CIRCLE ( 'NONE', #7426, 0.03906249999999998600 ) ;
#3948 = FACE_OUTER_BOUND ( 'NONE', #167, .T. ) ;
#3949 = DIRECTION ( 'NONE',  ( 0.9199794436588211200, 0.0000000000000000000, -0.3919666098600822500 ) ) ;
#3950 = DIRECTION ( 'NONE',  ( -0.1205366802553199100, 0.0000000000000000000, 0.9927088740980543100 ) ) ;
#3951 = DIRECTION ( 'NONE',  ( 0.5680647467311540400, 0.0000000000000000000, -0.8229838658936575700 ) ) ;
#3952 = AXIS2_PLACEMENT_3D ( 'NONE', #5206, #9117, #10076 ) ;
#3953 = DIRECTION ( 'NONE',  ( -0.3546048870425253000, 0.0000000000000000000, 0.9350162426854188300 ) ) ;
#3955 = DIRECTION ( 'NONE',  ( -0.5344658261278078000, 0.0000000000000000000, -0.8451900855437904900 ) ) ;
#3954 = CIRCLE ( 'NONE', #5309, 0.03906250000000000000 ) ;
#3956 = EDGE_CURVE ( 'NONE', #5339, #9869, #4984, .T. ) ;
#3957 = CIRCLE ( 'NONE', #8859, 0.03906249999999997200 ) ;
#3958 = AXIS2_PLACEMENT_3D ( 'NONE', #10398, #7208, #2252 ) ;
#3959 = FACE_BOUND ( 'NONE', #1464, .T. ) ;
#3960 = DIRECTION ( 'NONE',  ( -0.9967573081342096000, 0.0000000000000000000, 0.08046656871673196800 ) ) ;
#3961 = CARTESIAN_POINT ( 'NONE',  ( -0.03906250000000003500, 4.783776559169353300E-018, 0.6945500000000002200 ) ) ;
#3962 = CARTESIAN_POINT ( 'NONE',  ( 0.2850645280200862500, 0.0000000000000000000, 0.8538725050408205700 ) ) ;
#3963 = VERTEX_POINT ( 'NONE', #10273 ) ;
#3964 = EDGE_CURVE ( 'NONE', #1595, #9514, #7799, .T. ) ;
#3965 = CARTESIAN_POINT ( 'NONE',  ( -0.6671278544335677000, 0.0000000000000000000, 0.1932359395631795800 ) ) ;
#3966 = VECTOR ( 'NONE', #2168, 39.37007874015748100 ) ;
#3967 = VECTOR ( 'NONE', #6794, 39.37007874015748100 ) ;
#3968 = FACE_OUTER_BOUND ( 'NONE', #481, .T. ) ;
#3969 = AXIS2_PLACEMENT_3D ( 'NONE', #10167, #7724, #6869 ) ;
#3970 = EDGE_CURVE ( 'NONE', #4260, #392, #2224, .T. ) ;
#3971 = ORIENTED_EDGE ( 'NONE', *, *, #816, .T. ) ;
#3972 = VECTOR ( 'NONE', #536, 39.37007874015748100 ) ;
#3974 = DIRECTION ( 'NONE',  ( -0.9605181116313692400, 0.0000000000000000000, 0.2782174639164631800 ) ) ;
#3973 = CARTESIAN_POINT ( 'NONE',  ( 0.4042284772536158300, 4.783776559169354800E-018, -0.5661492025813279500 ) ) ;
#3975 = ORIENTED_EDGE ( 'NONE', *, *, #5332, .T. ) ;
#3976 = CYLINDRICAL_SURFACE ( 'NONE', #10423, 0.03906250000000002100 ) ;
#3977 = CARTESIAN_POINT ( 'NONE',  ( 0.7408500760774706700, 0.0000000000000000000, 0.5113718850073850600 ) ) ;
#3978 = ADVANCED_FACE ( 'NONE', ( #10335 ), #3837, .F. ) ;
#3979 = EDGE_LOOP ( 'NONE', ( #2516, #3899 ) ) ;
#3980 = ORIENTED_EDGE ( 'NONE', *, *, #8171, .F. ) ;
#3981 = AXIS2_PLACEMENT_3D ( 'NONE', #3065, #6240, #6313 ) ;
#3982 = CARTESIAN_POINT ( 'NONE',  ( 0.1448046942704036600, 0.01953124999999988900, 0.6801291878731148300 ) ) ;
#3983 = CIRCLE ( 'NONE', #8889, 0.03906250000000000700 ) ;
#3984 = ORIENTED_EDGE ( 'NONE', *, *, #3544, .F. ) ;
#3985 = DIRECTION ( 'NONE',  ( 0.2393156642875516300, 0.0000000000000000000, -0.9709418174260535700 ) ) ;
#3986 = CIRCLE ( 'NONE', #6466, 0.03906250000000005600 ) ;
#3987 = DIRECTION ( 'NONE',  ( -0.9709418174260536800, 0.0000000000000000000, -0.2393156642875510500 ) ) ;
#3988 = DIRECTION ( 'NONE',  ( 0.9967573081342106000, 0.0000000000000000000, 0.08046656871671943600 ) ) ;
#3989 = AXIS2_PLACEMENT_3D ( 'NONE', #8740, #9520, #7140 ) ;
#3990 = EDGE_CURVE ( 'NONE', #4476, #1724, #1703, .T. ) ;
#3991 = DIRECTION ( 'NONE',  ( -0.9797906520422695600, 0.0000000000000000000, -0.2000256937760349400 ) ) ;
#3992 = EDGE_LOOP ( 'NONE', ( #7884, #2000, #10364, #10270 ) ) ;
#3993 = EDGE_LOOP ( 'NONE', ( #1218, #432, #9482, #4916 ) ) ;
#3994 = EDGE_LOOP ( 'NONE', ( #8968, #4993, #4002, #1759 ) ) ;
#3995 = DIRECTION ( 'NONE',  ( 0.9350162426854132800, 0.0000000000000000000, -0.3546048870425393400 ) ) ;
#3996 = FACE_OUTER_BOUND ( 'NONE', #6836, .T. ) ;
#3997 = CARTESIAN_POINT ( 'NONE',  ( -0.6725944891530651900, 4.783776559169353300E-018, -0.5995853334323458800 ) ) ;
#3998 = ORIENTED_EDGE ( 'NONE', *, *, #8264, .T. ) ;
#3999 = DIRECTION ( 'NONE',  ( -0.3546048870425392900, 0.0000000000000000000, -0.9350162426854135000 ) ) ;
#4000 = LINE ( 'NONE', #10040, #9338 ) ;
#4001 = ORIENTED_EDGE ( 'NONE', *, *, #6812, .F. ) ;
#4002 = ORIENTED_EDGE ( 'NONE', *, *, #7597, .T. ) ;
#4003 = DIRECTION ( 'NONE',  ( 0.3919666098600698100, 0.0000000000000000000, -0.9199794436588264500 ) ) ;
#4004 = EDGE_LOOP ( 'NONE', ( #10399, #7187 ) ) ;
#4005 = CARTESIAN_POINT ( 'NONE',  ( -0.9010428244395711800, 0.0000000000000000000, 0.002783420954590259300 ) ) ;
#4006 = AXIS2_PLACEMENT_3D ( 'NONE', #8967, #2517, #9786 ) ;
#4007 = EDGE_CURVE ( 'NONE', #736, #7219, #8177, .T. ) ;
#4008 = DIRECTION ( 'NONE',  ( -0.7485107481710957500, 0.0000000000000000000, 0.6631226582408013000 ) ) ;
#4009 = ORIENTED_EDGE ( 'NONE', *, *, #7802, .F. ) ;
#4010 = FACE_OUTER_BOUND ( 'NONE', #1501, .T. ) ;
#4011 = ORIENTED_EDGE ( 'NONE', *, *, #7888, .F. ) ;
#4012 = DIRECTION ( 'NONE',  ( 0.7746049618276514800, 0.0000000000000000000, -0.6324453755953809400 ) ) ;
#4013 = ORIENTED_EDGE ( 'NONE', *, *, #4902, .F. ) ;
#4015 = DIRECTION ( 'NONE',  ( 0.9797906520422695600, -0.0000000000000000000, 0.2000256937760349400 ) ) ;
#4014 = DIRECTION ( 'NONE',  ( -0.6007422642379689500, 0.0000000000000000000, 0.7994427634035086200 ) ) ;
#4016 = AXIS2_PLACEMENT_3D ( 'NONE', #10264, #7788, #4510 ) ;
#4017 = EDGE_LOOP ( 'NONE', ( #3859, #4705, #745, #7873, #5507 ) ) ;
#4018 = CARTESIAN_POINT ( 'NONE',  ( 0.4183437994738012900, 0.0000000000000000000, 0.7970875142930192700 ) ) ;
#4019 = EDGE_LOOP ( 'NONE', ( #10196, #5289, #3162, #5205 ) ) ;
#4020 = LINE ( 'NONE', #5500, #5284 ) ;
#4021 = EDGE_CURVE ( 'NONE', #2063, #7052, #5237, .T. ) ;
#4022 = EDGE_LOOP ( 'NONE', ( #1487, #2496, #1173, #2574 ) ) ;
#4023 = DIRECTION ( 'NONE',  ( -0.2000256937760363200, 0.0000000000000000000, 0.9797906520422693400 ) ) ;
#4024 = AXIS2_PLACEMENT_3D ( 'NONE', #8402, #5907, #2613 ) ;
#4025 = ORIENTED_EDGE ( 'NONE', *, *, #6797, .T. ) ;
#4026 = VERTEX_POINT ( 'NONE', #7003 ) ;
#4027 = CARTESIAN_POINT ( 'NONE',  ( -0.3883896036866932300, -0.01953125000000015600, 0.8128086890085397500 ) ) ;
#4028 = DIRECTION ( 'NONE',  ( -0.8451900855437904900, 0.0000000000000000000, 0.5344658261278078000 ) ) ;
#4029 = ORIENTED_EDGE ( 'NONE', *, *, #9874, .F. ) ;
#4030 = FACE_BOUND ( 'NONE', #7961, .T. ) ;
#4031 = VERTEX_POINT ( 'NONE', #6390 ) ;
#4032 = ORIENTED_EDGE ( 'NONE', *, *, #7597, .F. ) ;
#4034 = DIRECTION ( 'NONE',  ( 0.8660254037844431500, -0.0000000000000000000, 0.4999999999999919000 ) ) ;
#4033 = AXIS2_PLACEMENT_3D ( 'NONE', #9821, #4232, #941 ) ;
#4035 = DIRECTION ( 'NONE',  ( 0.9199794436588264500, 0.0000000000000000000, 0.3919666098600698100 ) ) ;
#4036 = ADVANCED_FACE ( 'NONE', ( #10074 ), #7939, .T. ) ;
#4037 = DIRECTION ( 'NONE',  ( -0.0000000000000000000, -1.000000000000000000, -6.123233995736766000E-017 ) ) ;
#4038 = EDGE_CURVE ( 'NONE', #2505, #6068, #2841, .T. ) ;
#4039 = VECTOR ( 'NONE', #3040, 39.37007874015747400 ) ;
#4040 = DIRECTION ( 'NONE',  ( 0.7746049618276514800, 0.0000000000000000000, -0.6324453755953809400 ) ) ;
#4041 = ORIENTED_EDGE ( 'NONE', *, *, #3223, .F. ) ;
#4042 = DIRECTION ( 'NONE',  ( -0.9991889981715701400, 0.0000000000000000000, -0.04026594010940538800 ) ) ;
#4043 = LINE ( 'NONE', #1847, #8369 ) ;
#4044 = ORIENTED_EDGE ( 'NONE', *, *, #9363, .T. ) ;
#4045 = EDGE_LOOP ( 'NONE', ( #9103, #7717, #4808, #3489, #9223 ) ) ;
#4046 = DIRECTION ( 'NONE',  ( 0.5344658261277963600, 0.0000000000000000000, -0.8451900855437977100 ) ) ;
#4047 = CARTESIAN_POINT ( 'NONE',  ( 0.6941944125772773200, 0.0000000000000000000, 0.04494106087687720100 ) ) ;
#4048 = ORIENTED_EDGE ( 'NONE', *, *, #8033, .T. ) ;
#4049 = FACE_OUTER_BOUND ( 'NONE', #3979, .T. ) ;
#4050 = EDGE_LOOP ( 'NONE', ( #5319, #8019, #5514, #1971 ) ) ;
#4051 = FACE_OUTER_BOUND ( 'NONE', #9088, .T. ) ;
#4052 = ORIENTED_EDGE ( 'NONE', *, *, #5196, .F. ) ;
#4053 = EDGE_CURVE ( 'NONE', #5166, #6872, #3591, .T. ) ;
#4054 = CARTESIAN_POINT ( 'NONE',  ( -0.1444022350281443100, -0.01953125000000016700, 0.8885426464266511500 ) ) ;
#4055 = ORIENTED_EDGE ( 'NONE', *, *, #7963, .F. ) ;
#4056 = DIRECTION ( 'NONE',  ( 0.9797906520422667900, 0.0000000000000000000, -0.2000256937760482600 ) ) ;
#4057 = VECTOR ( 'NONE', #3589, 39.37007874015748100 ) ;
#4058 = DIRECTION ( 'NONE',  ( 0.9797906520422696700, 0.0000000000000000000, 0.2000256937760349600 ) ) ;
#4059 = EDGE_LOOP ( 'NONE', ( #9964, #4351, #3660, #1853 ) ) ;
#4060 = ADVANCED_FACE ( 'NONE', ( #8805 ), #197, .F. ) ;
#4061 = CYLINDRICAL_SURFACE ( 'NONE', #4033, 0.03906250000000003500 ) ;
#4062 = PLANE ( 'NONE',  #6862 ) ;
#4063 = DIRECTION ( 'NONE',  ( 0.08046656871671943600, 0.0000000000000000000, -0.9967573081342104800 ) ) ;
#4064 = CARTESIAN_POINT ( 'NONE',  ( -0.2850645280200746500, 0.0000000000000000000, 0.8538725050408242400 ) ) ;
#4065 = AXIS2_PLACEMENT_3D ( 'NONE', #3207, #3281, #2335 ) ;
#4066 = EDGE_CURVE ( 'NONE', #7219, #736, #6636, .T. ) ;
#4067 = FACE_OUTER_BOUND ( 'NONE', #3937, .T. ) ;
#4068 = CARTESIAN_POINT ( 'NONE',  ( 0.5969430169483602700, -0.01953125000000016700, -0.6738093755036285200 ) ) ;
#4069 = AXIS2_PLACEMENT_3D ( 'NONE', #5113, #293, #5943 ) ;
#4070 = CYLINDRICAL_SURFACE ( 'NONE', #522, 0.03906250000000006200 ) ;
#4071 = FACE_OUTER_BOUND ( 'NONE', #6441, .T. ) ;
#4072 = FACE_BOUND ( 'NONE', #3992, .T. ) ;
#4073 = EDGE_CURVE ( 'NONE', #9566, #7974, #5760, .T. ) ;
#4074 = DIRECTION ( 'NONE',  ( -0.9967573081342096000, 0.0000000000000000000, 0.08046656871673196800 ) ) ;
#4075 = AXIS2_PLACEMENT_3D ( 'NONE', #4917, #7338, #9031 ) ;
#4076 = EDGE_CURVE ( 'NONE', #9452, #7771, #4484, .T. ) ;
#4077 = ORIENTED_EDGE ( 'NONE', *, *, #2389, .T. ) ;
#4078 = ADVANCED_FACE ( 'NONE', ( #6906 ), #8554, .F. ) ;
#4079 = LINE ( 'NONE', #3439, #6128 ) ;
#4080 = CARTESIAN_POINT ( 'NONE',  ( 0.3902010965804319500, 0.01953124999999988900, 0.5755755518670996300 ) ) ;
#4081 = VECTOR ( 'NONE', #8882, 39.37007874015748900 ) ;
#4082 = ORIENTED_EDGE ( 'NONE', *, *, #1116, .T. ) ;
#4083 = CYLINDRICAL_SURFACE ( 'NONE', #5606, 0.03906250000000003500 ) ;
#4084 = DIRECTION ( 'NONE',  ( 0.9485364419471457000, 0.0000000000000000000, -0.3166679938014719800 ) ) ;
#4085 = AXIS2_PLACEMENT_3D ( 'NONE', #6528, #9735, #8811 ) ;
#4086 = CARTESIAN_POINT ( 'NONE',  ( 0.7216329471062380400, 0.01953124999999986500, 0.5392127027717847900 ) ) ;
#4087 = ORIENTED_EDGE ( 'NONE', *, *, #9806, .F. ) ;
#4088 = CARTESIAN_POINT ( 'NONE',  ( -0.6894859485048029400, 0.0000000000000000000, 0.08371875127134212300 ) ) ;
#4089 = EDGE_CURVE ( 'NONE', #2665, #9846, #8056, .T. ) ;
#4090 = AXIS2_PLACEMENT_3D ( 'NONE', #5445, #3695, #7798 ) ;
#4091 = CIRCLE ( 'NONE', #5367, 0.03906249999999998600 ) ;
#4092 = CARTESIAN_POINT ( 'NONE',  ( 1.186376586673998700E-016, -0.03906250000000006900, 0.9687500000000001100 ) ) ;
#4093 = DIRECTION ( 'NONE',  ( 0.9797906520422669000, 0.0000000000000000000, -0.2000256937760482900 ) ) ;
#4094 = VECTOR ( 'NONE', #6112, 39.37007874015748900 ) ;
#4095 = DIRECTION ( 'NONE',  ( 0.4286925614030521700, 0.0000000000000000000, -0.9034504346103833200 ) ) ;
#4096 = EDGE_CURVE ( 'NONE', #505, #247, #4216, .T. ) ;
#4097 = DIRECTION ( 'NONE',  ( -0.6007422642379689500, 0.0000000000000000000, 0.7994427634035086200 ) ) ;
#4098 = ORIENTED_EDGE ( 'NONE', *, *, #7852, .T. ) ;
#4099 = DIRECTION ( 'NONE',  ( -0.9199794436588266700, 0.0000000000000000000, -0.3919666098600689800 ) ) ;
#4101 = VECTOR ( 'NONE', #1561, 39.37007874015747400 ) ;
#4100 = DIRECTION ( 'NONE',  ( -0.04026594010940542900, 0.0000000000000000000, 0.9991889981715699200 ) ) ;
#4102 =( GEOMETRIC_REPRESENTATION_CONTEXT ( 3 ) GLOBAL_UNCERTAINTY_ASSIGNED_CONTEXT ( ( #6926 ) ) GLOBAL_UNIT_ASSIGNED_CONTEXT ( ( #5243, #2884, #10048 ) ) REPRESENTATION_CONTEXT ( 'NONE', 'WORKASPACE' ) );
#4103 = VERTEX_POINT ( 'NONE', #10337 ) ;
#4104 = VECTOR ( 'NONE', #3169, 39.37007874015748100 ) ;
#4105 = EDGE_CURVE ( 'NONE', #9869, #10241, #4205, .T. ) ;
#4106 = DIRECTION ( 'NONE',  ( 0.1205366802553327300, 0.0000000000000000000, 0.9927088740980527500 ) ) ;
#4107 = ADVANCED_FACE ( 'NONE', ( #6386 ), #5875, .T. ) ;
#4108 = EDGE_LOOP ( 'NONE', ( #3420, #6061, #8824, #2908, #3745 ) ) ;
#4109 = EDGE_LOOP ( 'NONE', ( #7056, #3670, #4996, #273, #2188 ) ) ;
#4110 = ORIENTED_EDGE ( 'NONE', *, *, #9207, .T. ) ;
#4111 = ORIENTED_EDGE ( 'NONE', *, *, #10272, .T. ) ;
#4112 = EDGE_CURVE ( 'NONE', #4254, #1955, #831, .T. ) ;
#4114 = CARTESIAN_POINT ( 'NONE',  ( 0.4605718422811416700, 0.0000000000000000000, -0.5198781401422409900 ) ) ;
#4113 = DIRECTION ( 'NONE',  ( 0.08046656871671943600, 0.0000000000000000000, -0.9967573081342106000 ) ) ;
#4115 = LINE ( 'NONE', #3726, #1980 ) ;
#4116 = VERTEX_POINT ( 'NONE', #4762 ) ;
#4117 = CIRCLE ( 'NONE', #3465, 0.03906249999999996500 ) ;
#4118 = ORIENTED_EDGE ( 'NONE', *, *, #2935, .F. ) ;
#4119 = AXIS2_PLACEMENT_3D ( 'NONE', #9710, #6544, #1669 ) ;
#4120 = ORIENTED_EDGE ( 'NONE', *, *, #5695, .T. ) ;
#4121 = FACE_OUTER_BOUND ( 'NONE', #6153, .T. ) ;
#4122 = DIRECTION ( 'NONE',  ( -0.2782174639164499100, 0.0000000000000000000, 0.9605181116313730200 ) ) ;
#4123 = DIRECTION ( 'NONE',  ( -0.8660254037844431500, 0.0000000000000000000, -0.4999999999999919000 ) ) ;
#4124 = ORIENTED_EDGE ( 'NONE', *, *, #9582, .F. ) ;
#4125 = AXIS2_PLACEMENT_3D ( 'NONE', #8725, #3920, #2408 ) ;
#4126 = EDGE_CURVE ( 'NONE', #8028, #6865, #712, .T. ) ;
#4127 = LINE ( 'NONE', #2624, #2868 ) ;
#4128 = VERTEX_POINT ( 'NONE', #6522 ) ;
#4129 = ORIENTED_EDGE ( 'NONE', *, *, #8484, .T. ) ;
#4130 = DIRECTION ( 'NONE',  ( -0.0000000000000000000, -1.000000000000000000, -6.123233995736766000E-017 ) ) ;
#4131 = DIRECTION ( 'NONE',  ( -0.7746049618276598100, 0.0000000000000000000, -0.6324453755953708400 ) ) ;
#4132 = ORIENTED_EDGE ( 'NONE', *, *, #2377, .T. ) ;
#4133 = CARTESIAN_POINT ( 'NONE',  ( 0.5243454132385639800, -0.01953125000000015600, 0.4567340575163707500 ) ) ;
#4134 = CARTESIAN_POINT ( 'NONE',  ( -0.8994699361540474700, 0.0000000000000000000, -0.03624739928648673000 ) ) ;
#4135 = AXIS2_PLACEMENT_3D ( 'NONE', #9064, #8294, #964 ) ;
#4136 = VERTEX_POINT ( 'NONE', #68 ) ;
#4137 = VECTOR ( 'NONE', #6604, 39.37007874015748900 ) ;
#4138 = ORIENTED_EDGE ( 'NONE', *, *, #4225, .F. ) ;
#4139 = CARTESIAN_POINT ( 'NONE',  ( -0.5141413743968069600, 0.0000000000000000000, -0.7399625436734028600 ) ) ;
#4140 = DIRECTION ( 'NONE',  ( 0.7485107481711046300, 0.0000000000000000000, 0.6631226582407912000 ) ) ;
#4141 = EDGE_LOOP ( 'NONE', ( #6813, #4765, #5786, #1781 ) ) ;
#4142 = EDGE_LOOP ( 'NONE', ( #608, #5849 ) ) ;
#4143 = AXIS2_PLACEMENT_3D ( 'NONE', #5128, #6741, #5958 ) ;
#4144 = EDGE_CURVE ( 'NONE', #3683, #9429, #8676, .T. ) ;
#4145 = DIRECTION ( 'NONE',  ( 0.9350162426854133900, 0.0000000000000000000, -0.3546048870425394000 ) ) ;
#4146 = ORIENTED_EDGE ( 'NONE', *, *, #5168, .F. ) ;
#4147 = ADVANCED_FACE ( 'NONE', ( #1448 ), #5617, .F. ) ;
#4148 = FACE_OUTER_BOUND ( 'NONE', #7118, .T. ) ;
#4149 = DIRECTION ( 'NONE',  ( 0.3919666098600698100, 0.0000000000000000000, -0.9199794436588264500 ) ) ;
#4150 = EDGE_LOOP ( 'NONE', ( #467, #4278 ) ) ;
#4151 = ORIENTED_EDGE ( 'NONE', *, *, #587, .T. ) ;
#4152 = VECTOR ( 'NONE', #256, 39.37007874015747400 ) ;
#4153 = EDGE_CURVE ( 'NONE', #771, #6778, #585, .T. ) ;
#4154 = VERTEX_POINT ( 'NONE', #796 ) ;
#4155 = FACE_BOUND ( 'NONE', #8894, .T. ) ;
#4156 = ORIENTED_EDGE ( 'NONE', *, *, #1411, .T. ) ;
#4157 = DIRECTION ( 'NONE',  ( -0.6324453755953717300, 0.0000000000000000000, 0.7746049618276591400 ) ) ;
#4158 = EDGE_LOOP ( 'NONE', ( #9973, #7574, #9642, #4774 ) ) ;
#4159 = ADVANCED_FACE ( 'NONE', ( #4609 ), #5651, .T. ) ;
#4160 = EDGE_CURVE ( 'NONE', #9258, #1618, #8922, .T. ) ;
#4161 = CARTESIAN_POINT ( 'NONE',  ( -0.2199417550948043800, 0.01953124999999988900, 0.6588059857543928600 ) ) ;
#4162 = CIRCLE ( 'NONE', #3431, 0.03906250000000004200 ) ;
#4163 = DIRECTION ( 'NONE',  ( 0.2393156642875647600, -0.0000000000000000000, 0.9709418174260503500 ) ) ;
#4164 = DIRECTION ( 'NONE',  ( -0.9870502626379128500, 0.0000000000000000000, 0.1604112808577605700 ) ) ;
#4165 = ORIENTED_EDGE ( 'NONE', *, *, #3532, .T. ) ;
#4166 = CIRCLE ( 'NONE', #158, 0.03906250000000005600 ) ;
#4168 = DIRECTION ( 'NONE',  ( 0.9870502626379148400, 0.0000000000000000000, 0.1604112808577474500 ) ) ;
#4167 = AXIS2_PLACEMENT_3D ( 'NONE', #8919, #7391, #4023 ) ;
#4169 = ORIENTED_EDGE ( 'NONE', *, *, #3970, .F. ) ;
#4170 = CARTESIAN_POINT ( 'NONE',  ( 0.1777932741788020900, 0.01953124999999987900, 0.8831160743846014900 ) ) ;
#4171 = EDGE_CURVE ( 'NONE', #9994, #10139, #10062, .T. ) ;
#4172 = ORIENTED_EDGE ( 'NONE', *, *, #2076, .F. ) ;
#4173 = CARTESIAN_POINT ( 'NONE',  ( 0.7630401052466563300, 0.0000000000000000000, 0.4792240777459140200 ) ) ;
#4174 = CARTESIAN_POINT ( 'NONE',  ( -0.2154319609916658400, 0.0000000000000000000, -0.8740418240469306500 ) ) ;
#4175 = CARTESIAN_POINT ( 'NONE',  ( 0.2533593757348592300, 4.783776559169353300E-018, -0.8646935559107010700 ) ) ;
#4176 = EDGE_LOOP ( 'NONE', ( #2251, #1530, #10150, #2383 ) ) ;
#4177 = FACE_OUTER_BOUND ( 'NONE', #4141, .T. ) ;
#4178 = ORIENTED_EDGE ( 'NONE', *, *, #7661, .F. ) ;
#4179 = CARTESIAN_POINT ( 'NONE',  ( -0.6805135973759587300, 0.0000000000000000000, -0.1389278456121451600 ) ) ;
#4180 = CYLINDRICAL_SURFACE ( 'NONE', #4729, 0.03906250000000000700 ) ;
#4181 = VERTEX_POINT ( 'NONE', #1681 ) ;
#4182 = DIRECTION ( 'NONE',  ( -0.3919666098600822500, 0.0000000000000000000, -0.9199794436588211200 ) ) ;
#4184 = VERTEX_POINT ( 'NONE', #2425 ) ;
#4183 = DIRECTION ( 'NONE',  ( 0.5344658261277963600, 0.0000000000000000000, -0.8451900855437977100 ) ) ;
#4185 = EDGE_LOOP ( 'NONE', ( #2174, #8855, #8836, #5031 ) ) ;
#4186 = CIRCLE ( 'NONE', #5531, 0.03906250000000004900 ) ;
#4187 = AXIS2_PLACEMENT_3D ( 'NONE', #9327, #6966, #3749 ) ;
#4188 = EDGE_CURVE ( 'NONE', #4031, #8209, #6002, .T. ) ;
#4189 = DIRECTION ( 'NONE',  ( -0.1604112808577474500, 0.0000000000000000000, 0.9870502626379148400 ) ) ;
#4190 = CARTESIAN_POINT ( 'NONE',  ( 0.2569939598583737000, 0.0000000000000000000, 0.6464361422465201300 ) ) ;
#4191 = CARTESIAN_POINT ( 'NONE',  ( -0.2722404088783202900, -0.01953125000000015600, -0.6389717225932345400 ) ) ;
#4192 = VECTOR ( 'NONE', #8561, 39.37007874015748100 ) ;
#4193 = ADVANCED_FACE ( 'NONE', ( #8547 ), #1695, .T. ) ;
#4194 = LINE ( 'NONE', #906, #2073 ) ;
#4195 = CARTESIAN_POINT ( 'NONE',  ( -0.4352503843545132400, 0.01953124999999988900, -0.5423109943555785000 ) ) ;
#4196 = CARTESIAN_POINT ( 'NONE',  ( 0.0000000000000000000, -0.01953125000000004500, -0.9687500000000001100 ) ) ;
#4197 = DIRECTION ( 'NONE',  ( -0.9967573081342096000, 0.0000000000000000000, 0.08046656871673199500 ) ) ;
#4198 = DIRECTION ( 'NONE',  ( 0.6324453755953809400, 0.0000000000000000000, 0.7746049618276515900 ) ) ;
#4199 = AXIS2_PLACEMENT_3D ( 'NONE', #8600, #2048, #2085 ) ;
#4200 = EDGE_CURVE ( 'NONE', #213, #8262, #8422, .T. ) ;
#4201 = DIRECTION ( 'NONE',  ( 0.1604112808577605700, 0.0000000000000000000, 0.9870502626379128500 ) ) ;
#4202 = CARTESIAN_POINT ( 'NONE',  ( 0.0000000000000000000, 0.0000000000000000000, 0.9002000000000001100 ) ) ;
#4204 = CARTESIAN_POINT ( 'NONE',  ( 0.2928192833559030700, -0.01953125000000014900, 0.6307146573329519600 ) ) ;
#4203 = LINE ( 'NONE', #3376, #8796 ) ;
#4205 = LINE ( 'NONE', #5546, #7280 ) ;
#4206 = AXIS2_PLACEMENT_3D ( 'NONE', #7623, #1871, #4368 ) ;
#4207 = DIRECTION ( 'NONE',  ( -0.2000256937760363200, 0.0000000000000000000, 0.9797906520422693400 ) ) ;
#4208 = ADVANCED_FACE ( 'NONE', ( #3091 ), #7925, .F. ) ;
#4209 = VERTEX_POINT ( 'NONE', #8172 ) ;
#4210 = LINE ( 'NONE', #9098, #2092 ) ;
#4211 = EDGE_CURVE ( 'NONE', #8853, #5919, #2966, .T. ) ;
#4213 = CARTESIAN_POINT ( 'NONE',  ( -0.5009111598026411100, 0.0000000000000000000, 0.4811316997300981700 ) ) ;
#4212 = CARTESIAN_POINT ( 'NONE',  ( 0.3217262496504093000, -0.01953125000000016700, -0.8414253796181632200 ) ) ;
#4214 = AXIS2_PLACEMENT_3D ( 'NONE', #2799, #2027, #5262 ) ;
#4215 = EDGE_CURVE ( 'NONE', #2473, #3934, #2833, .T. ) ;
#4216 = CIRCLE ( 'NONE', #5862, 0.03906249999999998600 ) ;
#4217 = ORIENTED_EDGE ( 'NONE', *, *, #1676, .F. ) ;
#4218 = FACE_OUTER_BOUND ( 'NONE', #751, .T. ) ;
#4219 = ORIENTED_EDGE ( 'NONE', *, *, #2582, .F. ) ;
#4220 = DIRECTION ( 'NONE',  ( 0.8854560256532093600, 0.0000000000000000000, -0.4647231720437694500 ) ) ;
#4221 = CYLINDRICAL_SURFACE ( 'NONE', #1720, 0.03906250000000001400 ) ;
#4222 = DIRECTION ( 'NONE',  ( -0.4647231720437694500, 0.0000000000000000000, -0.8854560256532094700 ) ) ;
#4223 = ORIENTED_EDGE ( 'NONE', *, *, #7776, .F. ) ;
#4224 = CARTESIAN_POINT ( 'NONE',  ( 0.6972993866372522200, 0.01953124999999987900, -0.5693273271109621200 ) ) ;
#4225 = EDGE_CURVE ( 'NONE', #7301, #1516, #1201, .T. ) ;
#4226 = ORIENTED_EDGE ( 'NONE', *, *, #10086, .F. ) ;
#4227 = ORIENTED_EDGE ( 'NONE', *, *, #4007, .F. ) ;
#4228 = AXIS2_PLACEMENT_3D ( 'NONE', #6370, #3917, #4679 ) ;
#4229 = DIRECTION ( 'NONE',  ( -0.3546048870425392900, 0.0000000000000000000, -0.9350162426854135000 ) ) ;
#4230 = DIRECTION ( 'NONE',  ( -0.3919666098600823000, 0.0000000000000000000, -0.9199794436588212300 ) ) ;
#4231 = VECTOR ( 'NONE', #5202, 39.37007874015748100 ) ;
#4232 = DIRECTION ( 'NONE',  ( 0.9991889981715694800, 0.0000000000000000000, -0.04026594010941866900 ) ) ;
#4233 = EDGE_LOOP ( 'NONE', ( #6572, #7283, #4156, #8760 ) ) ;
#4234 = ADVANCED_FACE ( 'NONE', ( #8169 ), #7665, .T. ) ;
#4235 = DIRECTION ( 'NONE',  ( -0.9199794436588212300, 0.0000000000000000000, 0.3919666098600818000 ) ) ;
#4236 = CIRCLE ( 'NONE', #8653, 0.03906250000000004200 ) ;
#4237 = VERTEX_POINT ( 'NONE', #2629 ) ;
#4238 = DIRECTION ( 'NONE',  ( -0.2782174639164631800, 0.0000000000000000000, -0.9605181116313692400 ) ) ;
#4239 = CARTESIAN_POINT ( 'NONE',  ( -0.6805135973759587300, 0.0000000000000000000, -0.1389278456121451600 ) ) ;
#4240 = EDGE_LOOP ( 'NONE', ( #2268, #2854, #4601, #249 ) ) ;
#4241 = ORIENTED_EDGE ( 'NONE', *, *, #4955, .F. ) ;
#4242 = CARTESIAN_POINT ( 'NONE',  ( -0.8994699361540474700, 0.0000000000000000000, -0.03624739928648673000 ) ) ;
#4243 = APPROVAL ( #6967, 'UNSPECIFIED' ) ;
#4244 = VECTOR ( 'NONE', #4525, 39.37007874015748100 ) ;
#4245 = CARTESIAN_POINT ( 'NONE',  ( 0.0000000000000000000, -0.03906250000000000700, 1.224154358366980800E-018 ) ) ;
#4246 = VERTEX_POINT ( 'NONE', #9903 ) ;
#4247 = CIRCLE ( 'NONE', #9106, 0.03906250000000003500 ) ;
#4248 = ORIENTED_EDGE ( 'NONE', *, *, #2377, .F. ) ;
#4249 = CARTESIAN_POINT ( 'NONE',  ( 0.6374195610257107300, -0.01953125000000015600, -0.2779215984796397100 ) ) ;
#4250 = ADVANCED_FACE ( 'NONE', ( #1951 ), #9167, .T. ) ;
#4251 = EDGE_CURVE ( 'NONE', #7330, #2874, #7023, .T. ) ;
#4252 = ORIENTED_EDGE ( 'NONE', *, *, #8666, .T. ) ;
#4253 = VERTEX_POINT ( 'NONE', #7455 ) ;
#4254 = VERTEX_POINT ( 'NONE', #949 ) ;
#4255 = LINE ( 'NONE', #3196, #1865 ) ;
#4256 = EDGE_LOOP ( 'NONE', ( #3305, #6647 ) ) ;
#4257 = PLANE ( 'NONE',  #198 ) ;
#4258 = EDGE_CURVE ( 'NONE', #5316, #6217, #4855, .T. ) ;
#4259 = ORIENTED_EDGE ( 'NONE', *, *, #2883, .F. ) ;
#4260 = VERTEX_POINT ( 'NONE', #5030 ) ;
#4261 = DIRECTION ( 'NONE',  ( -0.8229838658936500200, 0.0000000000000000000, 0.5680647467311650300 ) ) ;
#4262 = ADVANCED_FACE ( 'NONE', ( #1075 ), #8245, .F. ) ;
#4263 = AXIS2_PLACEMENT_3D ( 'NONE', #5074, #1862, #2670 ) ;
#4264 = EDGE_CURVE ( 'NONE', #9986, #1179, #9437, .T. ) ;
#4265 = ORIENTED_EDGE ( 'NONE', *, *, #1540, .F. ) ;
#4266 = VECTOR ( 'NONE', #3619, 39.37007874015747400 ) ;
#4267 = VERTEX_POINT ( 'NONE', #5098 ) ;
#4268 = DIRECTION ( 'NONE',  ( 0.6927243535095981600, 0.0000000000000000000, -0.7212024473438157800 ) ) ;
#4269 = EDGE_LOOP ( 'NONE', ( #139, #7736, #5663, #4858 ) ) ;
#4270 = CARTESIAN_POINT ( 'NONE',  ( 0.7186944554564548300, -0.01953125000000016700, -0.5431231249687660200 ) ) ;
#4271 = CARTESIAN_POINT ( 'NONE',  ( 0.0000000000000000000, 0.0000000000000000000, 0.6945500000000002200 ) ) ;
#4272 = AXIS2_PLACEMENT_3D ( 'NONE', #6333, #2308, #4736 ) ;
#4273 = ORIENTED_EDGE ( 'NONE', *, *, #10030, .F. ) ;
#4274 = DIRECTION ( 'NONE',  ( -0.9927088740980526400, 0.0000000000000000000, 0.1205366802553337900 ) ) ;
#4275 = DATE_AND_TIME ( #8107, #10382 ) ;
#4276 = DIRECTION ( 'NONE',  ( -0.5344658261278078000, 0.0000000000000000000, -0.8451900855437904900 ) ) ;
#4277 = CARTESIAN_POINT ( 'NONE',  ( 0.7965106271544147900, 0.01953124999999986500, -0.4208031250000038300 ) ) ;
#4278 = ORIENTED_EDGE ( 'NONE', *, *, #5196, .T. ) ;
#4279 = CARTESIAN_POINT ( 'NONE',  ( 0.1878536045033471500, 0.01953124999999988900, 0.6695185844730436900 ) ) ;
#4280 = DIRECTION ( 'NONE',  ( -0.9199794436588212300, 0.0000000000000000000, 0.3919666098600821400 ) ) ;
#4281 = FACE_BOUND ( 'NONE', #1010, .T. ) ;
#4282 = ORIENTED_EDGE ( 'NONE', *, *, #3544, .T. ) ;
#4283 = EDGE_CURVE ( 'NONE', #5762, #9456, #948, .T. ) ;
#4284 = ORIENTED_EDGE ( 'NONE', *, *, #9321, .F. ) ;
#4285 = CARTESIAN_POINT ( 'NONE',  ( 0.3528483421960348900, 0.0000000000000000000, -0.8281654951816757000 ) ) ;
#4286 = CIRCLE ( 'NONE', #1475, 0.03906250000000004900 ) ;
#4287 = ORIENTED_EDGE ( 'NONE', *, *, #2432, .F. ) ;
#4288 = CIRCLE ( 'NONE', #3932, 0.9687500000000001100 ) ;
#4289 = ORIENTED_EDGE ( 'NONE', *, *, #9027, .F. ) ;
#4290 = CARTESIAN_POINT ( 'NONE',  ( 0.5407881862670297400, 0.0000000000000000000, 0.7196583756158310100 ) ) ;
#4291 = VERTEX_POINT ( 'NONE', #3406 ) ;
#4292 = AXIS2_PLACEMENT_3D ( 'NONE', #9930, #3400, #8240 ) ;
#4293 = EDGE_CURVE ( 'NONE', #580, #1480, #2705, .T. ) ;
#4294 = DIRECTION ( 'NONE',  ( -0.2393156642875647600, 0.0000000000000000000, -0.9709418174260503500 ) ) ;
#4295 = AXIS2_PLACEMENT_3D ( 'NONE', #8437, #338, #9995 ) ;
#4296 = EDGE_LOOP ( 'NONE', ( #8392, #6419, #6391, #1916, #3642 ) ) ;
#4297 = DIRECTION ( 'NONE',  ( -0.9485364419471452600, 0.0000000000000000000, 0.3166679938014731500 ) ) ;
#4298 = FACE_OUTER_BOUND ( 'NONE', #8710, .T. ) ;
#4299 = DIRECTION ( 'NONE',  ( -0.2782174639164499100, 0.0000000000000000000, 0.9605181116313730200 ) ) ;
#4300 = ORIENTED_EDGE ( 'NONE', *, *, #6945, .F. ) ;
#4301 = EDGE_CURVE ( 'NONE', #783, #6186, #2453, .T. ) ;
#4302 = LINE ( 'NONE', #2208, #8383 ) ;
#4303 = VERTEX_POINT ( 'NONE', #6707 ) ;
#4304 = ADVANCED_FACE ( 'NONE', ( #4972 ), #6503, .F. ) ;
#4305 = DIRECTION ( 'NONE',  ( 0.9485364419471452600, 0.0000000000000000000, -0.3166679938014731500 ) ) ;
#4306 = DIRECTION ( 'NONE',  ( -0.9797906520422695600, 0.0000000000000000000, -0.2000256937760349400 ) ) ;
#4307 = ORIENTED_EDGE ( 'NONE', *, *, #8791, .F. ) ;
#4308 = PLANE ( 'NONE',  #4477 ) ;
#4309 = EDGE_CURVE ( 'NONE', #4267, #8515, #6766, .T. ) ;
#4310 = LINE ( 'NONE', #2787, #9652 ) ;
#4311 = ORIENTED_EDGE ( 'NONE', *, *, #5251, .F. ) ;
#4312 = LINE ( 'NONE', #3638, #9912 ) ;
#4313 = DIRECTION ( 'NONE',  ( -0.08046656871673291100, 0.0000000000000000000, -0.9967573081342093700 ) ) ;
#4314 = DIRECTION ( 'NONE',  ( 0.6007422642379800500, 0.0000000000000000000, 0.7994427634035002900 ) ) ;
#4315 = DIRECTION ( 'NONE',  ( 0.9967573081342106000, 0.0000000000000000000, 0.08046656871671943600 ) ) ;
#4316 = ADVANCED_FACE ( 'NONE', ( #321 ), #7562, .T. ) ;
#4317 = DIRECTION ( 'NONE',  ( 0.4999999999999919000, 0.0000000000000000000, -0.8660254037844431500 ) ) ;
#4318 = VECTOR ( 'NONE', #1436, 39.37007874015748100 ) ;
#4319 = CARTESIAN_POINT ( 'NONE',  ( -0.8417016216654136200, 0.0000000000000000000, -0.3192153193156827000 ) ) ;
#4320 = LINE ( 'NONE', #7341, #4962 ) ;
#4321 = DIRECTION ( 'NONE',  ( -0.4647231720437573500, 0.0000000000000000000, 0.8854560256532157900 ) ) ;
#4322 = AXIS2_PLACEMENT_3D ( 'NONE', #570, #5494, #8663 ) ;
#4323 = DIRECTION ( 'NONE',  ( 0.5680647467311540400, 0.0000000000000000000, -0.8229838658936575700 ) ) ;
#4324 = AXIS2_PLACEMENT_3D ( 'NONE', #1264, #10146, #5991 ) ;
#4325 = EDGE_CURVE ( 'NONE', #4895, #2317, #9293, .T. ) ;
#4326 = FACE_OUTER_BOUND ( 'NONE', #369, .T. ) ;
#4327 = CARTESIAN_POINT ( 'NONE',  ( 0.8994699361540469100, -0.01953125000000016700, -0.03624739928649869200 ) ) ;
#4328 = DIRECTION ( 'NONE',  ( 0.9485364419471491400, 0.0000000000000000000, 0.3166679938014617100 ) ) ;
#4329 = VECTOR ( 'NONE', #7354, 39.37007874015748100 ) ;
#4330 = FACE_BOUND ( 'NONE', #5956, .T. ) ;
#4331 = CARTESIAN_POINT ( 'NONE',  ( 0.7795960684867498900, 0.0000000000000000000, -0.4501000000000037700 ) ) ;
#4332 = DIRECTION ( 'NONE',  ( 0.2782174639164508600, 0.0000000000000000000, -0.9605181116313726800 ) ) ;
#4333 = VERTEX_POINT ( 'NONE', #6857 ) ;
#4334 = DIRECTION ( 'NONE',  ( -0.6631226582408011900, 0.0000000000000000000, -0.7485107481710956400 ) ) ;
#4335 = LINE ( 'NONE', #4498, #2214 ) ;
#4336 = CARTESIAN_POINT ( 'NONE',  ( 0.3217262496504090800, 0.01953124999999987900, -0.8414253796181634400 ) ) ;
#4337 = DIRECTION ( 'NONE',  ( -0.7485107481710965300, 0.0000000000000000000, 0.6631226582408003000 ) ) ;
#4338 = VECTOR ( 'NONE', #3044, 39.37007874015748100 ) ;
#4339 = FACE_OUTER_BOUND ( 'NONE', #8023, .T. ) ;
#4340 = DIRECTION ( 'NONE',  ( 0.08046656871673289700, -0.0000000000000000000, 0.9967573081342092600 ) ) ;
#4341 = DIRECTION ( 'NONE',  ( -0.4999999999999923400, 0.0000000000000000000, 0.8660254037844431500 ) ) ;
#4342 = EDGE_CURVE ( 'NONE', #6352, #7028, #7150, .T. ) ;
#4343 = ORIENTED_EDGE ( 'NONE', *, *, #4507, .F. ) ;
#4344 = DIRECTION ( 'NONE',  ( 0.9034504346103832100, 0.0000000000000000000, 0.4286925614030519500 ) ) ;
#4345 = CARTESIAN_POINT ( 'NONE',  ( -0.8537905344063219100, 0.0000000000000000000, 0.2879715997532005800 ) ) ;
#4346 = CARTESIAN_POINT ( 'NONE',  ( 0.5593969450565985400, -0.01953125000000008700, -0.4130607334775759400 ) ) ;
#4348 = CARTESIAN_POINT ( 'NONE',  ( 0.2722404088783115800, 0.0000000000000000000, -0.6389717225932380900 ) ) ;
#4347 = FACE_OUTER_BOUND ( 'NONE', #376, .T. ) ;
#4349 = LINE ( 'NONE', #8475, #6131 ) ;
#4350 = DIRECTION ( 'NONE',  ( -0.2000256937760482600, 0.0000000000000000000, -0.9797906520422667900 ) ) ;
#4351 = ORIENTED_EDGE ( 'NONE', *, *, #3136, .T. ) ;
#4352 = ADVANCED_FACE ( 'NONE', ( #4339 ), #1227, .F. ) ;
#4353 = PLANE ( 'NONE',  #9510 ) ;
#4354 = EDGE_CURVE ( 'NONE', #6288, #5542, #2218, .T. ) ;
#4355 = CARTESIAN_POINT ( 'NONE',  ( -0.5009111598026411100, 0.0000000000000000000, 0.4811316997300981700 ) ) ;
#4356 = AXIS2_PLACEMENT_3D ( 'NONE', #8267, #235, #3389 ) ;
#4357 = LINE ( 'NONE', #599, #5646 ) ;
#4358 = ORIENTED_EDGE ( 'NONE', *, *, #450, .T. ) ;
#4359 = DIRECTION ( 'NONE',  ( 0.1205366802553327300, 0.0000000000000000000, 0.9927088740980527500 ) ) ;
#4360 = CIRCLE ( 'NONE', #8987, 0.03906249999999993100 ) ;
#4361 = EDGE_LOOP ( 'NONE', ( #1528, #3106, #6036, #9466 ) ) ;
#4362 = DIRECTION ( 'NONE',  ( 0.04026594010941867600, 0.0000000000000000000, 0.9991889981715695900 ) ) ;
#4363 = CARTESIAN_POINT ( 'NONE',  ( 0.6762859881578718900, 0.0000000000000000000, 0.5954184924299724700 ) ) ;
#4364 = VERTEX_POINT ( 'NONE', #8449 ) ;
#4365 = ORIENTED_EDGE ( 'NONE', *, *, #4495, .T. ) ;
#4366 = LINE ( 'NONE', #2825, #5130 ) ;
#4367 = DIRECTION ( 'NONE',  ( -0.8451900855437899400, 0.0000000000000000000, 0.5344658261278086900 ) ) ;
#4368 = DIRECTION ( 'NONE',  ( 0.4286925614030627200, 0.0000000000000000000, 0.9034504346103781100 ) ) ;
#4369 = AXIS2_PLACEMENT_3D ( 'NONE', #5936, #1829, #9840 ) ;
#4370 = ADVANCED_FACE ( 'NONE', ( #9563 ), #4083, .T. ) ;
#4371 = ORIENTED_EDGE ( 'NONE', *, *, #324, .F. ) ;
#4372 = VECTOR ( 'NONE', #4164, 39.37007874015748100 ) ;
#4373 = EDGE_CURVE ( 'NONE', #8331, #10347, #3331, .T. ) ;
#4374 = ORIENTED_EDGE ( 'NONE', *, *, #2838, .F. ) ;
#4375 = VERTEX_POINT ( 'NONE', #1928 ) ;
#4376 = CARTESIAN_POINT ( 'NONE',  ( 0.1061554250905104600, 0.01953124999999987900, -0.8945588157877272200 ) ) ;
#4377 = VERTEX_POINT ( 'NONE', #8524 ) ;
#4378 = DIRECTION ( 'NONE',  ( 0.1205366802553327300, 0.0000000000000000000, 0.9927088740980527500 ) ) ;
#4379 = CARTESIAN_POINT ( 'NONE',  ( 0.9008320973666257300, -0.01953125000000016700, -0.002445717427182285200 ) ) ;
#4380 = CARTESIAN_POINT ( 'NONE',  ( -0.6274914993586380200, 0.0000000000000000000, 0.2977484185224983900 ) ) ;
#4381 = VECTOR ( 'NONE', #1529, 39.37007874015748100 ) ;
#4382 = ORIENTED_EDGE ( 'NONE', *, *, #9530, .F. ) ;
#4383 = CYLINDRICAL_SURFACE ( 'NONE', #6734, 0.03906250000000006900 ) ;
#4384 = CARTESIAN_POINT ( 'NONE',  ( 0.8417016216654091800, 0.0000000000000000000, -0.3192153193156940200 ) ) ;
#4385 = ORIENTED_EDGE ( 'NONE', *, *, #8433, .F. ) ;
#4386 = DIRECTION ( 'NONE',  ( -0.3166679938014603800, 0.0000000000000000000, 0.9485364419471495900 ) ) ;
#4387 = DIRECTION ( 'NONE',  ( -0.9967573081342096000, 0.0000000000000000000, 0.08046656871673192600 ) ) ;
#4388 = PLANE ( 'NONE',  #1092 ) ;
#4389 = EDGE_LOOP ( 'NONE', ( #8341, #10427 ) ) ;
#4390 = ORIENTED_EDGE ( 'NONE', *, *, #9339, .F. ) ;
#4391 = DIRECTION ( 'NONE',  ( 0.3919666098600698100, 0.0000000000000000000, -0.9199794436588264500 ) ) ;
#4392 = CARTESIAN_POINT ( 'NONE',  ( -0.2363037118603975600, 4.783776559169354800E-018, -0.6542829182908940200 ) ) ;
#4393 = VERTEX_POINT ( 'NONE', #3549 ) ;
#4394 = AXIS2_PLACEMENT_3D ( 'NONE', #5281, #2149, #6107 ) ;
#4395 = EDGE_CURVE ( 'NONE', #10241, #1715, #2571, .T. ) ;
#4396 = CIRCLE ( 'NONE', #6586, 0.03906250000000005600 ) ;
#4397 = CARTESIAN_POINT ( 'NONE',  ( -0.4898105433815822000, 0.0000000000000000000, -0.4939749113047033300 ) ) ;
#4398 = ORIENTED_EDGE ( 'NONE', *, *, #7867, .F. ) ;
#4399 = ORIENTED_EDGE ( 'NONE', *, *, #932, .T. ) ;
#4400 = EDGE_LOOP ( 'NONE', ( #8814, #8694 ) ) ;
#4401 = CARTESIAN_POINT ( 'NONE',  ( -0.8417016216654136200, 0.0000000000000000000, -0.3192153193156827000 ) ) ;
#4402 = LOCAL_TIME ( 9, 36, 49.00000000000000000, #2513 ) ;
#4403 = DIRECTION ( 'NONE',  ( -0.3919666098600822500, 0.0000000000000000000, -0.9199794436588211200 ) ) ;
#4404 = ORIENTED_EDGE ( 'NONE', *, *, #552, .T. ) ;
#4405 = LINE ( 'NONE', #1631, #3898 ) ;
#4406 = ORIENTED_EDGE ( 'NONE', *, *, #6894, .F. ) ;
#4407 = DIRECTION ( 'NONE',  ( 0.6927243535096075900, 0.0000000000000000000, 0.7212024473438067900 ) ) ;
#4408 = VERTEX_POINT ( 'NONE', #8411 ) ;
#4409 = DIRECTION ( 'NONE',  ( -0.08046656871673291100, 0.0000000000000000000, -0.9967573081342093700 ) ) ;
#4410 = AXIS2_PLACEMENT_3D ( 'NONE', #1679, #5683, #3300 ) ;
#4411 = EDGE_CURVE ( 'NONE', #5960, #1724, #6253, .T. ) ;
#4412 = CARTESIAN_POINT ( 'NONE',  ( -0.5678326293130772100, 0.01953124999999986500, 0.6993357950706407000 ) ) ;
#4413 = ADVANCED_FACE ( 'NONE', ( #7393 ), #6889, .T. ) ;
#4414 = DIRECTION ( 'NONE',  ( 0.08046656871671943600, 0.0000000000000000000, -0.9967573081342106000 ) ) ;
#4415 = CARTESIAN_POINT ( 'NONE',  ( -0.6762859881578641200, 4.783776559169354100E-018, 0.5954184924299813500 ) ) ;
#4416 = VERTEX_POINT ( 'NONE', #8381 ) ;
#4417 = FACE_BOUND ( 'NONE', #714, .T. ) ;
#4418 = EDGE_LOOP ( 'NONE', ( #8300, #1269, #4129, #9989, #6025 ) ) ;
#4419 = AXIS2_PLACEMENT_3D ( 'NONE', #9495, #7151, #1417 ) ;
#4420 = ORIENTED_EDGE ( 'NONE', *, *, #3094, .T. ) ;
#4421 = CARTESIAN_POINT ( 'NONE',  ( -0.2199417550948043800, 0.0000000000000000000, 0.6588059857543928600 ) ) ;
#4422 = DIRECTION ( 'NONE',  ( -0.6324453755953813900, 0.0000000000000000000, -0.7746049618276511500 ) ) ;
#4423 = DIRECTION ( 'NONE',  ( -0.4999999999999919000, 0.0000000000000000000, 0.8660254037844431500 ) ) ;
#4424 = LINE ( 'NONE', #4327, #4931 ) ;
#4425 = EDGE_CURVE ( 'NONE', #1272, #2052, #67, .T. ) ;
#4426 = ORIENTED_EDGE ( 'NONE', *, *, #5796, .T. ) ;
#4427 = AXIS2_PLACEMENT_3D ( 'NONE', #7257, #8879, #2390 ) ;
#4428 = EDGE_CURVE ( 'NONE', #5542, #9881, #6378, .T. ) ;
#4429 = FACE_OUTER_BOUND ( 'NONE', #2875, .T. ) ;
#4430 = VERTEX_POINT ( 'NONE', #9216 ) ;
#4431 = CARTESIAN_POINT ( 'NONE',  ( 0.8820075449684489100, 0.01953124999999987900, -0.1800631295371986900 ) ) ;
#4432 = ADVANCED_FACE ( 'NONE', ( #5228 ), #6628, .T. ) ;
#4433 = EDGE_LOOP ( 'NONE', ( #4385, #8319, #8815, #7431 ) ) ;
#4434 = DIRECTION ( 'NONE',  ( 0.8229838658936575700, 0.0000000000000000000, 0.5680647467311541500 ) ) ;
#4435 = CARTESIAN_POINT ( 'NONE',  ( -0.5969430169483694900, 0.0000000000000000000, -0.6738093755036204100 ) ) ;
#4437 = CARTESIAN_POINT ( 'NONE',  ( -0.7186600469082776700, 0.0000000000000000000, 0.5435196922688655400 ) ) ;
#4436 = DIRECTION ( 'NONE',  ( -0.6007422642379689500, 0.0000000000000000000, 0.7994427634035086200 ) ) ;
#4439 = EDGE_LOOP ( 'NONE', ( #3382, #4041, #8735, #5496, #9660 ) ) ;
#4438 = CARTESIAN_POINT ( 'NONE',  ( -0.1114136551197485600, 0.0000000000000000000, 0.6855557599151640400 ) ) ;
#4440 = DIRECTION ( 'NONE',  ( 0.8854560256532093600, 0.0000000000000000000, -0.4647231720437694500 ) ) ;
#4441 = VECTOR ( 'NONE', #1208, 39.37007874015748100 ) ;
#4442 = AXIS2_PLACEMENT_3D ( 'NONE', #4285, #3476, #6818 ) ;
#4443 = EDGE_LOOP ( 'NONE', ( #2357, #9700, #2518, #3348 ) ) ;
#4444 = LINE ( 'NONE', #669, #157 ) ;
#4445 = EDGE_CURVE ( 'NONE', #4575, #1118, #4734, .T. ) ;
#4446 = DIRECTION ( 'NONE',  ( -0.9709418174260502400, 0.0000000000000000000, 0.2393156642875649600 ) ) ;
#4447 = DIRECTION ( 'NONE',  ( 0.2782174639164508600, 0.0000000000000000000, -0.9605181116313726800 ) ) ;
#4448 = DIRECTION ( 'NONE',  ( -0.2000256937760482600, 0.0000000000000000000, -0.9797906520422667900 ) ) ;
#4449 = AXIS2_PLACEMENT_3D ( 'NONE', #633, #10389, #4642 ) ;
#4450 = CARTESIAN_POINT ( 'NONE',  ( -0.3217262496504205700, 0.01953124999999986500, -0.8414253796181593300 ) ) ;
#4451 = CARTESIAN_POINT ( 'NONE',  ( -0.6261817180488029600, 0.0000000000000000000, -0.6479061466660891400 ) ) ;
#4452 = ORIENTED_EDGE ( 'NONE', *, *, #3517, .T. ) ;
#4453 = EDGE_CURVE ( 'NONE', #4181, #4375, #2332, .T. ) ;
#4454 = DIRECTION ( 'NONE',  ( -0.3546048870425253000, 0.0000000000000000000, 0.9350162426854188300 ) ) ;
#4455 = VERTEX_POINT ( 'NONE', #8632 ) ;
#4456 = CIRCLE ( 'NONE', #8603, 0.03906250000000003500 ) ;
#4457 = DIRECTION ( 'NONE',  ( -0.9967573081342106000, 0.0000000000000000000, -0.08046656871671806200 ) ) ;
#4458 = CC_DESIGN_PERSON_AND_ORGANIZATION_ASSIGNMENT ( #7098, #6929, ( #10010 ) ) ;
#4459 = DIRECTION ( 'NONE',  ( -0.2393156642875647600, 0.0000000000000000000, -0.9709418174260503500 ) ) ;
#4460 = DIRECTION ( 'NONE',  ( 0.5000000000000041100, 0.0000000000000000000, 0.8660254037844363800 ) ) ;
#4461 = CARTESIAN_POINT ( 'NONE',  ( 0.8297056513339657900, 0.01953124999999987900, -0.3508460934999379500 ) ) ;
#4463 = CARTESIAN_POINT ( 'NONE',  ( -0.8646584040905587200, 0.0000000000000000000, 0.2504513610176001800 ) ) ;
#4462 = CYLINDRICAL_SURFACE ( 'NONE', #861, 0.03906250000000008300 ) ;
#4464 = EDGE_CURVE ( 'NONE', #1022, #3264, #2697, .T. ) ;
#4465 = CARTESIAN_POINT ( 'NONE',  ( 0.6577160032020030700, -0.01953125000000012800, 0.2257294194642571500 ) ) ;
#4466 = CYLINDRICAL_SURFACE ( 'NONE', #10499, 0.03906250000000005600 ) ;
#4467 = DIRECTION ( 'NONE',  ( 0.6927243535096075900, 0.0000000000000000000, 0.7212024473438066700 ) ) ;
#4468 = ADVANCED_FACE ( 'NONE', ( #8797 ), #7525, .F. ) ;
#4469 = CARTESIAN_POINT ( 'NONE',  ( -0.6972993866372594300, 0.0000000000000000000, -0.5693273271109529100 ) ) ;
#4470 = FACE_OUTER_BOUND ( 'NONE', #3022, .T. ) ;
#4472 = DIRECTION ( 'NONE',  ( -0.6927243535095981600, 0.0000000000000000000, 0.7212024473438157800 ) ) ;
#4471 = CARTESIAN_POINT ( 'NONE',  ( 0.0000000000000000000, 0.0000000000000000000, 0.0000000000000000000 ) ) ;
#4473 = FACE_OUTER_BOUND ( 'NONE', #2421, .T. ) ;
#4474 = VECTOR ( 'NONE', #1055, 39.37007874015748100 ) ;
#4475 = CARTESIAN_POINT ( 'NONE',  ( 0.6854082990052353700, -0.01953125000000012100, 0.1173012162530183000 ) ) ;
#4476 = VERTEX_POINT ( 'NONE', #603 ) ;
#4477 = AXIS2_PLACEMENT_3D ( 'NONE', #9857, #5954, #240 ) ;
#4478 = EDGE_CURVE ( 'NONE', #10, #4237, #9157, .T. ) ;
#4479 = CARTESIAN_POINT ( 'NONE',  ( 0.1444022350281561100, 0.0000000000000000000, 0.8885426464266492600 ) ) ;
#4480 = CARTESIAN_POINT ( 'NONE',  ( 0.8132860812362671100, 0.0000000000000000000, 0.3859090437750274900 ) ) ;
#4481 = DIRECTION ( 'NONE',  ( -0.04026594010941938300, 0.0000000000000000000, -0.9991889981715693600 ) ) ;
#4482 = CIRCLE ( 'NONE', #1250, 0.03906250000000006200 ) ;
#4483 = CARTESIAN_POINT ( 'NONE',  ( 0.03382911733532954800, -0.01953125000000016700, 0.9002000000000001100 ) ) ;
#4484 = LINE ( 'NONE', #2265, #2338 ) ;
#4485 = DIRECTION ( 'NONE',  ( -0.7994427634035086200, 0.0000000000000000000, -0.6007422642379689500 ) ) ;
#4486 = ADVANCED_FACE ( 'NONE', ( #8669 ), #2956, .T. ) ;
#4487 = AXIS2_PLACEMENT_3D ( 'NONE', #231, #4978, #9132 ) ;
#4488 = ORIENTED_EDGE ( 'NONE', *, *, #2900, .F. ) ;
#4489 = CARTESIAN_POINT ( 'NONE',  ( -0.2041441093741332700, 0.0000000000000000000, -0.6650193711570305800 ) ) ;
#4490 = CARTESIAN_POINT ( 'NONE',  ( -0.7795960684867560000, 0.0000000000000000000, -0.4500999999999928400 ) ) ;
#4491 = VECTOR ( 'NONE', #9434, 39.37007874015748100 ) ;
#4492 = CARTESIAN_POINT ( 'NONE',  ( -0.1058455841438507400, 0.0000000000000000000, 0.8948087120851568900 ) ) ;
#4493 = ORIENTED_EDGE ( 'NONE', *, *, #5136, .T. ) ;
#4494 = AXIS2_PLACEMENT_3D ( 'NONE', #6786, #8457, #4440 ) ;
#4495 = EDGE_CURVE ( 'NONE', #7412, #7848, #3701, .T. ) ;
#4496 = LINE ( 'NONE', #420, #2348 ) ;
#4497 = ORIENTED_EDGE ( 'NONE', *, *, #4890, .F. ) ;
#4498 = CARTESIAN_POINT ( 'NONE',  ( 0.6014979441984805700, 0.01953124999999988900, -0.3472750000000030000 ) ) ;
#4499 = DIRECTION ( 'NONE',  ( -0.9991889981715701400, 0.0000000000000000000, -0.04026594010940538800 ) ) ;
#4500 = VERTEX_POINT ( 'NONE', #541 ) ;
#4501 = ORIENTED_EDGE ( 'NONE', *, *, #6005, .F. ) ;
#4502 = LINE ( 'NONE', #4830, #2110 ) ;
#4503 = ORIENTED_EDGE ( 'NONE', *, *, #3828, .F. ) ;
#4504 = MANIFOLD_SOLID_BREP ( 'CirPattern1[28]', #3290 ) ;
#4505 = FACE_OUTER_BOUND ( 'NONE', #1127, .T. ) ;
#4506 = AXIS2_PLACEMENT_3D ( 'NONE', #8035, #5007, #741 ) ;
#4507 = EDGE_CURVE ( 'NONE', #3349, #734, #7012, .T. ) ;
#4508 = ORIENTED_EDGE ( 'NONE', *, *, #2169, .F. ) ;
#4510 = DIRECTION ( 'NONE',  ( 0.7994427634035089500, 0.0000000000000000000, 0.6007422642379686200 ) ) ;
#4509 = APPROVAL_STATUS ( 'not_yet_approved' ) ;
#4511 = ORIENTED_EDGE ( 'NONE', *, *, #9701, .T. ) ;
#4512 = ORIENTED_EDGE ( 'NONE', *, *, #6399, .T. ) ;
#4513 = AXIS2_PLACEMENT_3D ( 'NONE', #9966, #2530, #1789 ) ;
#4514 = DIRECTION ( 'NONE',  ( 0.9485364419471495900, 0.0000000000000000000, 0.3166679938014603800 ) ) ;
#4515 = PLANE ( 'NONE',  #3014 ) ;
#4516 = CIRCLE ( 'NONE', #3284, 0.03906250000000004900 ) ;
#4518 = ORIENTED_EDGE ( 'NONE', *, *, #917, .T. ) ;
#4517 = EDGE_CURVE ( 'NONE', #4936, #5553, #3823, .T. ) ;
#4519 = LINE ( 'NONE', #3885, #9081 ) ;
#4520 = ORIENTED_EDGE ( 'NONE', *, *, #729, .F. ) ;
#4521 = DIRECTION ( 'NONE',  ( -0.5344658261278078000, 0.0000000000000000000, -0.8451900855437904900 ) ) ;
#4522 = DIRECTION ( 'NONE',  ( -0.9034504346103775500, 0.0000000000000000000, 0.4286925614030642200 ) ) ;
#4523 = ORIENTED_EDGE ( 'NONE', *, *, #1771, .T. ) ;
#4524 = ORIENTED_EDGE ( 'NONE', *, *, #2351, .T. ) ;
#4525 = DIRECTION ( 'NONE',  ( -0.0000000000000000000, -0.0000000000000000000, 1.000000000000000000 ) ) ;
#4526 = AXIS2_PLACEMENT_3D ( 'NONE', #480, #325, #6113 ) ;
#4527 = CARTESIAN_POINT ( 'NONE',  ( 0.6671278544335704800, 0.0000000000000000000, 0.1932359395631703900 ) ) ;
#4528 = EDGE_CURVE ( 'NONE', #6410, #4184, #7655, .T. ) ;
#4529 = VERTEX_POINT ( 'NONE', #3682 ) ;
#4530 = ADVANCED_FACE ( 'NONE', ( #1563 ), #2950, .F. ) ;
#4531 = VECTOR ( 'NONE', #756, 39.37007874015748900 ) ;
#4532 = VERTEX_POINT ( 'NONE', #8661 ) ;
#4533 = DIRECTION ( 'NONE',  ( -0.6631226582408011900, 0.0000000000000000000, -0.7485107481710956400 ) ) ;
#4534 = ORIENTED_EDGE ( 'NONE', *, *, #4720, .F. ) ;
#4535 = CARTESIAN_POINT ( 'NONE',  ( -0.7220042841214536800, 0.0000000000000000000, -0.5390693207895599400 ) ) ;
#4536 = EDGE_LOOP ( 'NONE', ( #8190, #7500, #9077, #5019 ) ) ;
#4537 = CARTESIAN_POINT ( 'NONE',  ( -0.8646584040905587200, 0.0000000000000000000, 0.2504513610176001800 ) ) ;
#4538 = ORIENTED_EDGE ( 'NONE', *, *, #10205, .T. ) ;
#4539 = DIRECTION ( 'NONE',  ( 0.2393156642875647600, 0.0000000000000000000, 0.9709418174260503500 ) ) ;
#4540 = FACE_OUTER_BOUND ( 'NONE', #1015, .T. ) ;
#4541 = AXIS2_PLACEMENT_3D ( 'NONE', #6376, #3318, #4028 ) ;
#4542 = CLOSED_SHELL ( 'NONE', ( #8050, #468, #8724, #2148 ) ) ;
#4543 = ORIENTED_EDGE ( 'NONE', *, *, #9814, .T. ) ;
#4544 = DIRECTION ( 'NONE',  ( 0.5344658261277963600, 0.0000000000000000000, -0.8451900855437977100 ) ) ;
#4545 = ORIENTED_EDGE ( 'NONE', *, *, #6436, .T. ) ;
#4546 = DIRECTION ( 'NONE',  ( 0.6631226582407912000, 0.0000000000000000000, -0.7485107481711046300 ) ) ;
#4547 = PLANE ( 'NONE',  #7676 ) ;
#4548 = EDGE_CURVE ( 'NONE', #4430, #4936, #1441, .T. ) ;
#4549 = DIRECTION ( 'NONE',  ( 0.6631226582407912000, 0.0000000000000000000, -0.7485107481711046300 ) ) ;
#4550 = VERTEX_POINT ( 'NONE', #7062 ) ;
#4551 = LINE ( 'NONE', #7778, #2642 ) ;
#4552 = ORIENTED_EDGE ( 'NONE', *, *, #2663, .T. ) ;
#4553 = DIRECTION ( 'NONE',  ( -0.9967573081342096000, 0.0000000000000000000, 0.08046656871673199500 ) ) ;
#4554 = DIRECTION ( 'NONE',  ( -0.3919666098600823000, 0.0000000000000000000, -0.9199794436588212300 ) ) ;
#4555 = ORIENTED_EDGE ( 'NONE', *, *, #255, .F. ) ;
#4556 = DIRECTION ( 'NONE',  ( -0.2393156642875647600, 0.0000000000000000000, -0.9709418174260503500 ) ) ;
#4557 = DIRECTION ( 'NONE',  ( 0.2000256937760349400, 0.0000000000000000000, -0.9797906520422695600 ) ) ;
#4558 = VERTEX_POINT ( 'NONE', #4610 ) ;
#4559 = DIRECTION ( 'NONE',  ( -0.3546048870425280700, 0.0000000000000000000, 0.9350162426854177200 ) ) ;
#4560 = VECTOR ( 'NONE', #4990, 39.37007874015748100 ) ;
#4561 = CARTESIAN_POINT ( 'NONE',  ( -0.6274914993586380200, 0.0000000000000000000, 0.2977484185224983900 ) ) ;
#4562 = VERTEX_POINT ( 'NONE', #7856 ) ;
#4563 = AXIS2_PLACEMENT_3D ( 'NONE', #9000, #1012, #6511 ) ;
#4564 = EDGE_CURVE ( 'NONE', #9718, #1353, #5218, .T. ) ;
#4565 = DIRECTION ( 'NONE',  ( -0.4647231720437573500, 0.0000000000000000000, 0.8854560256532157900 ) ) ;
#4566 = ORIENTED_EDGE ( 'NONE', *, *, #6975, .F. ) ;
#4567 = CARTESIAN_POINT ( 'NONE',  ( -0.6221668980399257500, 0.0000000000000000000, 0.6517624336287164400 ) ) ;
#4568 = CARTESIAN_POINT ( 'NONE',  ( 0.2722404088783115800, 0.0000000000000000000, -0.6389717225932380900 ) ) ;
#4569 = DIRECTION ( 'NONE',  ( 0.8660254037844363800, 0.0000000000000000000, -0.5000000000000041100 ) ) ;
#4570 = AXIS2_PLACEMENT_3D ( 'NONE', #5174, #2702, #5968 ) ;
#4571 = LINE ( 'NONE', #7109, #3291 ) ;
#4572 = ORIENTED_EDGE ( 'NONE', *, *, #3089, .T. ) ;
#4573 = LINE ( 'NONE', #1455, #5710 ) ;
#4574 = CARTESIAN_POINT ( 'NONE',  ( 0.4183437994738012900, 0.0000000000000000000, 0.7970875142930192700 ) ) ;
#4575 = VERTEX_POINT ( 'NONE', #8693 ) ;
#4576 = DIRECTION ( 'NONE',  ( -0.9709418174260535700, 0.0000000000000000000, -0.2393156642875516300 ) ) ;
#4577 = PLANE ( 'NONE',  #2325 ) ;
#4578 = CARTESIAN_POINT ( 'NONE',  ( 0.8895588789635003900, 0.01953124999999987900, 0.1420895845475251600 ) ) ;
#4579 = EDGE_CURVE ( 'NONE', #10089, #5404, #578, .T. ) ;
#4580 = AXIS2_PLACEMENT_3D ( 'NONE', #3535, #2687, #9920 ) ;
#4581 = DIRECTION ( 'NONE',  ( 0.4647231720437573500, -0.0000000000000000000, -0.8854560256532157900 ) ) ;
#4582 = ORIENTED_EDGE ( 'NONE', *, *, #7015, .T. ) ;
#4583 = ORIENTED_EDGE ( 'NONE', *, *, #4395, .F. ) ;
#4584 = DIRECTION ( 'NONE',  ( 0.7212024473438157800, 0.0000000000000000000, 0.6927243535095981600 ) ) ;
#4585 = ORIENTED_EDGE ( 'NONE', *, *, #7174, .T. ) ;
#4586 = DIRECTION ( 'NONE',  ( 0.8229838658936575700, 0.0000000000000000000, 0.5680647467311541500 ) ) ;
#4587 = LINE ( 'NONE', #5986, #3307 ) ;
#4588 = ADVANCED_FACE ( 'NONE', ( #1815 ), #9800, .F. ) ;
#4589 = CARTESIAN_POINT ( 'NONE',  ( 0.8646584040905621600, -0.01953125000000016700, 0.2504513610175883000 ) ) ;
#4590 = DIRECTION ( 'NONE',  ( 0.3546048870425268000, 0.0000000000000000000, -0.9350162426854181600 ) ) ;
#4591 = AXIS2_PLACEMENT_3D ( 'NONE', #5813, #6696, #7444 ) ;
#4592 = EDGE_CURVE ( 'NONE', #5005, #10207, #4848, .T. ) ;
#4593 = DIRECTION ( 'NONE',  ( 0.08046656871671943600, 0.0000000000000000000, -0.9967573081342104800 ) ) ;
#4594 = VECTOR ( 'NONE', #4317, 39.37007874015748900 ) ;
#4595 = VECTOR ( 'NONE', #5529, 39.37007874015748100 ) ;
#4596 = DIRECTION ( 'NONE',  ( 0.3919666098600698100, 0.0000000000000000000, -0.9199794436588264500 ) ) ;
#4597 = LINE ( 'NONE', #7434, #3452 ) ;
#4598 = CIRCLE ( 'NONE', #1062, 0.03906249999999995800 ) ;
#4599 = VECTOR ( 'NONE', #5493, 39.37007874015748100 ) ;
#4600 = DIRECTION ( 'NONE',  ( 0.8229838658936499100, -0.0000000000000000000, -0.5680647467311649200 ) ) ;
#4601 = ORIENTED_EDGE ( 'NONE', *, *, #1650, .T. ) ;
#4602 = PLANE ( 'NONE',  #4228 ) ;
#4603 = DIRECTION ( 'NONE',  ( 0.6927243535095986000, 0.0000000000000000000, -0.7212024473438151100 ) ) ;
#4604 = DIRECTION ( 'NONE',  ( 0.5344658261278078000, -0.0000000000000000000, 0.8451900855437904900 ) ) ;
#4605 = EDGE_CURVE ( 'NONE', #5671, #7396, #5739, .T. ) ;
#4607 = DIRECTION ( 'NONE',  ( -0.08046656871673291100, 0.0000000000000000000, -0.9967573081342093700 ) ) ;
#4606 = CYLINDRICAL_SURFACE ( 'NONE', #5776, 0.03906250000000008300 ) ;
#4608 = CIRCLE ( 'NONE', #4627, 0.03906250000000000700 ) ;
#4609 = FACE_OUTER_BOUND ( 'NONE', #259, .T. ) ;
#4610 = CARTESIAN_POINT ( 'NONE',  ( 0.7600672050487030700, -0.01953125000000015600, 0.4835310672429853400 ) ) ;
#4611 = ORIENTED_EDGE ( 'NONE', *, *, #4845, .F. ) ;
#4612 = CARTESIAN_POINT ( 'NONE',  ( -0.8978970478685238700, 4.783776559169353300E-018, -0.07527821952756372200 ) ) ;
#4613 = CARTESIAN_POINT ( 'NONE',  ( 0.6261817180487940800, 4.783776559169353300E-018, -0.6479061466660975800 ) ) ;
#4614 = LINE ( 'NONE', #6841, #5110 ) ;
#4615 = DIRECTION ( 'NONE',  ( 0.1604112808577474500, -0.0000000000000000000, -0.9870502626379148400 ) ) ;
#4616 = ADVANCED_FACE ( 'NONE', ( #8289, #3320, #6123, #10194, #2084, #3577, #8912, #9557, #9427, #1191, #2441, #10316, #7273, #8046, #6494, #3083, #5621, #5995, #10445, #3455, #2207, #9678, #310, #7913, #5097, #4072, #4330, #3959, #7385, #10054, #56, #8410, #5866, #6245, #5356, #3202, #1941, #1685, #8158, #10439, #2564 ), #7926, .F. ) ;
#4617 = DIRECTION ( 'NONE',  ( -0.4647231720437573500, 0.0000000000000000000, 0.8854560256532157900 ) ) ;
#4618 = VECTOR ( 'NONE', #4163, 39.37007874015748100 ) ;
#4619 = AXIS2_PLACEMENT_3D ( 'NONE', #4438, #2925, #3716 ) ;
#4620 = EDGE_CURVE ( 'NONE', #8799, #2117, #5349, .T. ) ;
#4621 = DIRECTION ( 'NONE',  ( -0.8229838658936500200, 0.0000000000000000000, 0.5680647467311650300 ) ) ;
#4622 = DIRECTION ( 'NONE',  ( -0.6927243535096075900, 0.0000000000000000000, -0.7212024473438064500 ) ) ;
#4623 = ORIENTED_EDGE ( 'NONE', *, *, #62, .F. ) ;
#4624 = FACE_OUTER_BOUND ( 'NONE', #3993, .T. ) ;
#4625 = DIRECTION ( 'NONE',  ( -0.5344658261278078000, 0.0000000000000000000, -0.8451900855437904900 ) ) ;
#4626 = CARTESIAN_POINT ( 'NONE',  ( -0.1444022350281443100, 0.0000000000000000000, 0.8885426464266511500 ) ) ;
#4627 = AXIS2_PLACEMENT_3D ( 'NONE', #521, #5220, #10243 ) ;
#4628 = ORIENTED_EDGE ( 'NONE', *, *, #2193, .F. ) ;
#4629 = CARTESIAN_POINT ( 'NONE',  ( -0.4183437994737904700, -0.01953125000000016700, 0.7970875142930249300 ) ) ;
#4630 = CYLINDRICAL_SURFACE ( 'NONE', #311, 0.03906250000000001400 ) ;
#4631 = ADVANCED_FACE ( 'NONE', ( #9669 ), #5612, .F. ) ;
#4632 = ORIENTED_EDGE ( 'NONE', *, *, #4912, .T. ) ;
#4633 = CARTESIAN_POINT ( 'NONE',  ( 0.6926245574674850800, -0.01953125000000015600, -0.06176839056231318800 ) ) ;
#4634 = ORIENTED_EDGE ( 'NONE', *, *, #2061, .T. ) ;
#4635 = VERTEX_POINT ( 'NONE', #683 ) ;
#4636 = EDGE_CURVE ( 'NONE', #888, #6143, #8282, .T. ) ;
#4637 = DIRECTION ( 'NONE',  ( -0.2393156642875647600, 0.0000000000000000000, -0.9709418174260503500 ) ) ;
#4638 = AXIS2_PLACEMENT_3D ( 'NONE', #3669, #526, #6986 ) ;
#4639 = EDGE_CURVE ( 'NONE', #4500, #4291, #7263, .T. ) ;
#4640 = FACE_OUTER_BOUND ( 'NONE', #9377, .T. ) ;
#4641 = VERTEX_POINT ( 'NONE', #3124 ) ;
#4642 = DIRECTION ( 'NONE',  ( 0.4286925614030519500, 0.0000000000000000000, -0.9034504346103832100 ) ) ;
#4643 = FACE_OUTER_BOUND ( 'NONE', #9623, .T. ) ;
#4644 = VERTEX_POINT ( 'NONE', #4687 ) ;
#4645 = DIRECTION ( 'NONE',  ( 0.2782174639164617400, 0.0000000000000000000, 0.9605181116313696900 ) ) ;
#4646 = DIRECTION ( 'NONE',  ( -0.4647231720437573500, 0.0000000000000000000, 0.8854560256532157900 ) ) ;
#4647 = VERTEX_POINT ( 'NONE', #7964 ) ;
#4648 = EDGE_LOOP ( 'NONE', ( #5305, #2176, #6301, #7681 ) ) ;
#4649 = VECTOR ( 'NONE', #1801, 39.37007874015748100 ) ;
#4650 = PLANE ( 'NONE',  #6713 ) ;
#4651 = CLOSED_SHELL ( 'NONE', ( #5981, #6668, #6648, #5535 ) ) ;
#4652 = CARTESIAN_POINT ( 'NONE',  ( 0.01695222295320489600, 0.0000000000000000000, -0.6954410137051130200 ) ) ;
#4653 = FACE_OUTER_BOUND ( 'NONE', #951, .T. ) ;
#4654 = EDGE_CURVE ( 'NONE', #6932, #279, #1556, .T. ) ;
#4655 = DIRECTION ( 'NONE',  ( 0.4286925614030521700, 0.0000000000000000000, -0.9034504346103833200 ) ) ;
#4656 = EDGE_LOOP ( 'NONE', ( #2498, #10111, #81, #10460, #9502 ) ) ;
#4657 = AXIS2_PLACEMENT_3D ( 'NONE', #6150, #10169, #2965 ) ;
#4658 = ORIENTED_EDGE ( 'NONE', *, *, #2683, .F. ) ;
#4659 = ORIENTED_EDGE ( 'NONE', *, *, #9107, .F. ) ;
#4660 = EDGE_CURVE ( 'NONE', #9065, #5413, #2686, .T. ) ;
#4661 = DIRECTION ( 'NONE',  ( -0.8451900855437980400, 0.0000000000000000000, -0.5344658261277960300 ) ) ;
#4662 = ORIENTED_EDGE ( 'NONE', *, *, #7953, .F. ) ;
#4663 = LINE ( 'NONE', #1061, #377 ) ;
#4664 = EDGE_LOOP ( 'NONE', ( #8120, #10016, #3511, #10113, #2938 ) ) ;
#4665 = DIRECTION ( 'NONE',  ( 0.9199794436588211200, 0.0000000000000000000, -0.3919666098600822500 ) ) ;
#4666 = VERTEX_POINT ( 'NONE', #7243 ) ;
#4667 = CARTESIAN_POINT ( 'NONE',  ( -0.1825858563241817000, 0.01953124999999986500, -0.8821376617342972000 ) ) ;
#4668 = ORIENTED_EDGE ( 'NONE', *, *, #5470, .T. ) ;
#4669 = CARTESIAN_POINT ( 'NONE',  ( 0.2850645280200862500, 0.0000000000000000000, 0.8538725050408205700 ) ) ;
#4670 = EDGE_CURVE ( 'NONE', #8754, #5316, #6115, .T. ) ;
#4671 = COORDINATED_UNIVERSAL_TIME_OFFSET ( 6, 0, .BEHIND. ) ;
#4672 = DIRECTION ( 'NONE',  ( -0.3166679938014603800, 0.0000000000000000000, 0.9485364419471495900 ) ) ;
#4673 = ORIENTED_EDGE ( 'NONE', *, *, #10174, .F. ) ;
#4674 = EDGE_CURVE ( 'NONE', #6195, #3114, #3694, .T. ) ;
#4675 = VECTOR ( 'NONE', #4911, 39.37007874015748100 ) ;
#4676 = ORIENTED_EDGE ( 'NONE', *, *, #8281, .F. ) ;
#4677 = ADVANCED_FACE ( 'NONE', ( #3948 ), #7104, .T. ) ;
#4678 = ORIENTED_EDGE ( 'NONE', *, *, #7852, .F. ) ;
#4679 = DIRECTION ( 'NONE',  ( 0.8854560256532157900, 0.0000000000000000000, 0.4647231720437573500 ) ) ;
#4680 = CARTESIAN_POINT ( 'NONE',  ( 0.6727000937128299100, 0.0000000000000000000, -0.1772009179575554400 ) ) ;
#4681 = CARTESIAN_POINT ( 'NONE',  ( -0.6854082990052341500, 0.01953124999999992400, 0.1173012162530284200 ) ) ;
#4682 = DIRECTION ( 'NONE',  ( -0.7746049618276598100, 0.0000000000000000000, -0.6324453755953708400 ) ) ;
#4683 = LINE ( 'NONE', #2701, #6325 ) ;
#4684 = VERTEX_POINT ( 'NONE', #4748 ) ;
#4685 = FACE_BOUND ( 'NONE', #3147, .T. ) ;
#4686 = VERTEX_POINT ( 'NONE', #7166 ) ;
#4687 = CARTESIAN_POINT ( 'NONE',  ( 0.6614115016885974100, 0.01953124999999988900, -0.2146600501111518600 ) ) ;
#4688 = ORIENTED_EDGE ( 'NONE', *, *, #3844, .F. ) ;
#4689 = DIRECTION ( 'NONE',  ( -0.9991889981715701400, 0.0000000000000000000, -0.04026594010940538800 ) ) ;
#4690 = DIRECTION ( 'NONE',  ( 0.1205366802553187500, 0.0000000000000000000, -0.9927088740980544200 ) ) ;
#4691 = ADVANCED_FACE ( 'NONE', ( #6746 ), #3445, .T. ) ;
#4692 = CARTESIAN_POINT ( 'NONE',  ( 0.2154319609916540100, 0.0000000000000000000, -0.8740418240469335400 ) ) ;
#4693 = AXIS2_PLACEMENT_3D ( 'NONE', #4064, #2554, #6514 ) ;
#4694 = EDGE_CURVE ( 'NONE', #989, #2278, #2433, .T. ) ;
#4695 = CARTESIAN_POINT ( 'NONE',  ( -0.1058455841438507000, 0.0000000000000000000, 0.8948087120851568900 ) ) ;
#4696 = LINE ( 'NONE', #7830, #1773 ) ;
#4697 = ORIENTED_EDGE ( 'NONE', *, *, #3357, .F. ) ;
#4698 = DIRECTION ( 'NONE',  ( 0.6927243535096075900, 0.0000000000000000000, 0.7212024473438067900 ) ) ;
#4699 = LINE ( 'NONE', #6451, #2791 ) ;
#4700 = ORIENTED_EDGE ( 'NONE', *, *, #7692, .F. ) ;
#4701 = AXIS2_PLACEMENT_3D ( 'NONE', #5990, #2068, #5270 ) ;
#4702 = ORIENTED_EDGE ( 'NONE', *, *, #4922, .F. ) ;
#4703 = CARTESIAN_POINT ( 'NONE',  ( -0.8297056513339706700, -0.01953125000000016700, -0.3508460934999266300 ) ) ;
#4704 = CARTESIAN_POINT ( 'NONE',  ( 0.1114136551197576500, 0.0000000000000000000, 0.6855557599151624900 ) ) ;
#4705 = ORIENTED_EDGE ( 'NONE', *, *, #7398, .T. ) ;
#4706 = AXIS2_PLACEMENT_3D ( 'NONE', #5346, #2911, #6100 ) ;
#4707 = EDGE_CURVE ( 'NONE', #8465, #8754, #299, .T. ) ;
#4708 = ORIENTED_EDGE ( 'NONE', *, *, #7031, .F. ) ;
#4709 = ORIENTED_EDGE ( 'NONE', *, *, #988, .F. ) ;
#4710 = VECTOR ( 'NONE', #1809, 39.37007874015748100 ) ;
#4711 = DIRECTION ( 'NONE',  ( 0.5000000000000041100, 0.0000000000000000000, 0.8660254037844362700 ) ) ;
#4712 = ORIENTED_EDGE ( 'NONE', *, *, #6927, .T. ) ;
#4713 = ORIENTED_EDGE ( 'NONE', *, *, #958, .T. ) ;
#4714 = CARTESIAN_POINT ( 'NONE',  ( 0.5908205730276725500, -0.01953125000000015600, 0.3667085520777236300 ) ) ;
#4715 = CARTESIAN_POINT ( 'NONE',  ( -0.8983449925355413400, 4.783776559169354800E-018, 0.06972942917139629500 ) ) ;
#4717 = CARTESIAN_POINT ( 'NONE',  ( 0.5845833855308156800, -0.01953125000000015600, -0.3765718750000028900 ) ) ;
#4716 = VECTOR ( 'NONE', #544, 39.37007874015748100 ) ;
#4718 = MANIFOLD_SOLID_BREP ( 'CirPattern1[25]', #8311 ) ;
#4719 = CARTESIAN_POINT ( 'NONE',  ( 0.8646584040905621600, 0.0000000000000000000, 0.2504513610175883000 ) ) ;
#4720 = EDGE_CURVE ( 'NONE', #6004, #3522, #1804, .T. ) ;
#4721 = AXIS2_PLACEMENT_3D ( 'NONE', #5428, #10185, #6171 ) ;
#4722 = CARTESIAN_POINT ( 'NONE',  ( -0.4172455396264814800, 0.0000000000000000000, 0.5552529713219071000 ) ) ;
#4723 = DIRECTION ( 'NONE',  ( 0.8660254037844363800, 0.0000000000000000000, -0.5000000000000041100 ) ) ;
#4724 = CARTESIAN_POINT ( 'NONE',  ( -0.3712132395370690300, 0.0000000000000000000, -0.5870267739144399100 ) ) ;
#4725 = CARTESIAN_POINT ( 'NONE',  ( 0.3712132395370612000, -0.01953125000000015600, -0.5870267739144450200 ) ) ;
#4726 = FACE_OUTER_BOUND ( 'NONE', #9460, .T. ) ;
#4727 = FACE_OUTER_BOUND ( 'NONE', #2506, .T. ) ;
#4728 = CARTESIAN_POINT ( 'NONE',  ( 0.2154319609916540100, 0.0000000000000000000, -0.8740418240469335400 ) ) ;
#4729 = AXIS2_PLACEMENT_3D ( 'NONE', #1113, #6018, #1953 ) ;
#4730 = EDGE_CURVE ( 'NONE', #9603, #3437, #4320, .T. ) ;
#4731 = CIRCLE ( 'NONE', #8979, 0.03906250000000008300 ) ;
#4732 = VECTOR ( 'NONE', #8914, 39.37007874015748900 ) ;
#4733 = CARTESIAN_POINT ( 'NONE',  ( -0.6261817180488029600, 0.0000000000000000000, -0.6479061466660891400 ) ) ;
#4734 = LINE ( 'NONE', #3786, #455 ) ;
#4735 = CARTESIAN_POINT ( 'NONE',  ( -0.8417016216654136200, 0.0000000000000000000, -0.3192153193156827000 ) ) ;
#4736 = DIRECTION ( 'NONE',  ( -0.6324453755953802800, 0.0000000000000000000, -0.7746049618276522600 ) ) ;
#4737 = EDGE_LOOP ( 'NONE', ( #2780, #811, #491, #2599 ) ) ;
#4738 = ADVANCED_FACE ( 'NONE', ( #1932 ), #2349, .F. ) ;
#4739 = CYLINDRICAL_SURFACE ( 'NONE', #9923, 0.03906250000000002100 ) ;
#4740 = FACE_OUTER_BOUND ( 'NONE', #5077, .T. ) ;
#4741 = CARTESIAN_POINT ( 'NONE',  ( 0.2850645280200862500, 0.01953124999999987900, 0.8538725050408205700 ) ) ;
#4742 = CARTESIAN_POINT ( 'NONE',  ( -0.05588805530220686300, 0.0000000000000000000, -0.6922977883646154200 ) ) ;
#4743 = EDGE_LOOP ( 'NONE', ( #2103, #10165 ) ) ;
#4744 = CARTESIAN_POINT ( 'NONE',  ( -0.8536975919968564600, -0.01953125000000015600, -0.2875845451314387200 ) ) ;
#4745 = AXIS2_PLACEMENT_3D ( 'NONE', #5135, #5967, #3612 ) ;
#4746 = EDGE_CURVE ( 'NONE', #1920, #151, #446, .T. ) ;
#4747 = LINE ( 'NONE', #10458, #5372 ) ;
#4748 = CARTESIAN_POINT ( 'NONE',  ( -0.7991273184867556700, 0.0000000000000000000, -0.4162708826646629400 ) ) ;
#4749 = EDGE_LOOP ( 'NONE', ( #6641, #9910 ) ) ;
#4750 = CIRCLE ( 'NONE', #7498, 0.03906250000000002800 ) ;
#4751 = DIRECTION ( 'NONE',  ( 0.7994427634035082800, 0.0000000000000000000, 0.6007422642379695000 ) ) ;
#4752 = DIRECTION ( 'NONE',  ( -0.8451900855437899400, 0.0000000000000000000, 0.5344658261278086900 ) ) ;
#4753 = ORIENTED_EDGE ( 'NONE', *, *, #5259, .T. ) ;
#4754 = DIRECTION ( 'NONE',  ( 0.7994427634035007300, 0.0000000000000000000, -0.6007422642379795000 ) ) ;
#4755 = ORIENTED_EDGE ( 'NONE', *, *, #8387, .F. ) ;
#4756 = ORIENTED_EDGE ( 'NONE', *, *, #2108, .T. ) ;
#4757 = CARTESIAN_POINT ( 'NONE',  ( -0.6872802900407889400, -0.01953125000000015600, -0.1057823926801481400 ) ) ;
#4758 = CIRCLE ( 'NONE', #5073, 0.03906250000000005600 ) ;
#4759 = ORIENTED_EDGE ( 'NONE', *, *, #2151, .T. ) ;
#4760 = EDGE_CURVE ( 'NONE', #5631, #7962, #9285, .T. ) ;
#4761 = FACE_OUTER_BOUND ( 'NONE', #4296, .T. ) ;
#4762 = CARTESIAN_POINT ( 'NONE',  ( -0.6765397056651356600, 0.01953124999999988900, 0.1607424596620926300 ) ) ;
#4763 = VERTEX_POINT ( 'NONE', #28 ) ;
#4764 = ORIENTED_EDGE ( 'NONE', *, *, #8235, .F. ) ;
#4765 = ORIENTED_EDGE ( 'NONE', *, *, #8870, .T. ) ;
#4766 = DIRECTION ( 'NONE',  ( -0.0000000000000000000, -0.0000000000000000000, 1.000000000000000000 ) ) ;
#4767 = AXIS2_PLACEMENT_3D ( 'NONE', #2792, #4409, #2856 ) ;
#4768 = CIRCLE ( 'NONE', #10091, 0.6260000000000001100 ) ;
#4769 = VERTEX_POINT ( 'NONE', #3961 ) ;
#4770 = VECTOR ( 'NONE', #5235, 39.37007874015748900 ) ;
#4771 = ORIENTED_EDGE ( 'NONE', *, *, #9749, .T. ) ;
#4772 = EDGE_CURVE ( 'NONE', #10395, #4895, #47, .T. ) ;
#4773 = ORIENTED_EDGE ( 'NONE', *, *, #7068, .F. ) ;
#4774 = ORIENTED_EDGE ( 'NONE', *, *, #3451, .F. ) ;
#4775 = AXIS2_PLACEMENT_3D ( 'NONE', #1444, #5479, #10412 ) ;
#4776 = CARTESIAN_POINT ( 'NONE',  ( 0.6419937903191287300, -0.01953125000000015600, 0.2671854877634006800 ) ) ;
#4777 = PLANE ( 'NONE',  #799 ) ;
#4778 = CARTESIAN_POINT ( 'NONE',  ( -0.8895588789634986100, 0.01953124999999986500, 0.1420895845475375900 ) ) ;
#4779 = ORIENTED_EDGE ( 'NONE', *, *, #4639, .F. ) ;
#4780 = CARTESIAN_POINT ( 'NONE',  ( 0.8889280643905953500, 4.783776559169354100E-018, 0.1472848099602943100 ) ) ;
#4781 = LINE ( 'NONE', #819, #6427 ) ;
#4782 = ORIENTED_EDGE ( 'NONE', *, *, #10046, .T. ) ;
#4783 = ORIENTED_EDGE ( 'NONE', *, *, #10163, .F. ) ;
#4784 = CARTESIAN_POINT ( 'NONE',  ( -0.5380018762374012600, 0.0000000000000000000, -0.4392649356197649800 ) ) ;
#4785 = ORIENTED_EDGE ( 'NONE', *, *, #5165, .T. ) ;
#4787 = CARTESIAN_POINT ( 'NONE',  ( 0.5407881862670297400, 0.0000000000000000000, 0.7196583756158310100 ) ) ;
#4786 = AXIS2_PLACEMENT_3D ( 'NONE', #30, #8160, #8036 ) ;
#4788 = ADVANCED_FACE ( 'NONE', ( #1058 ), #8539, .F. ) ;
#4789 = EDGE_CURVE ( 'NONE', #3783, #1495, #8401, .T. ) ;
#4790 = ORIENTED_EDGE ( 'NONE', *, *, #10313, .F. ) ;
#4791 = CYLINDRICAL_SURFACE ( 'NONE', #3192, 0.03906250000000000000 ) ;
#4792 = ORIENTED_EDGE ( 'NONE', *, *, #1583, .F. ) ;
#4793 = CARTESIAN_POINT ( 'NONE',  ( -0.6494155313571574600, 0.0000000000000000000, -0.2462908242953870700 ) ) ;
#4794 = ORIENTED_EDGE ( 'NONE', *, *, #174, .T. ) ;
#4795 = EDGE_LOOP ( 'NONE', ( #8700, #10222, #1100, #6546 ) ) ;
#4796 = CALENDAR_DATE ( 2022, 25, 5 ) ;
#4797 = ORIENTED_EDGE ( 'NONE', *, *, #7586, .F. ) ;
#4798 = CARTESIAN_POINT ( 'NONE',  ( -0.8132860812362620000, 0.0000000000000000000, 0.3859090437750384800 ) ) ;
#4799 = FACE_BOUND ( 'NONE', #10405, .T. ) ;
#4800 = VERTEX_POINT ( 'NONE', #1600 ) ;
#4801 = VERTEX_POINT ( 'NONE', #3260 ) ;
#4802 = DIRECTION ( 'NONE',  ( -0.4999999999999927800, 0.0000000000000000000, 0.8660254037844427000 ) ) ;
#4803 = EDGE_CURVE ( 'NONE', #5076, #4377, #707, .T. ) ;
#4804 = CYLINDRICAL_SURFACE ( 'NONE', #9421, 0.03906250000000002100 ) ;
#4805 = DIRECTION ( 'NONE',  ( -0.9709418174260502400, 0.0000000000000000000, 0.2393156642875653700 ) ) ;
#4806 = VERTEX_POINT ( 'NONE', #7304 ) ;
#4807 = VECTOR ( 'NONE', #6656, 39.37007874015748100 ) ;
#4808 = ORIENTED_EDGE ( 'NONE', *, *, #1362, .T. ) ;
#4809 = DIRECTION ( 'NONE',  ( -0.9709418174260536800, 0.0000000000000000000, -0.2393156642875511300 ) ) ;
#4810 = CLOSED_SHELL ( 'NONE', ( #1716, #7029, #7389, #2042 ) ) ;
#4811 = DIRECTION ( 'NONE',  ( 0.9927088740980544200, 0.0000000000000000000, 0.1205366802553199300 ) ) ;
#4812 = DIRECTION ( 'NONE',  ( 0.3166679938014731500, 0.0000000000000000000, 0.9485364419471452600 ) ) ;
#4813 = CYLINDRICAL_SURFACE ( 'NONE', #1496, 0.03906250000000003500 ) ;
#4814 = CARTESIAN_POINT ( 'NONE',  ( 0.6726606965348197500, 0.01953124999999987900, 0.5991928208156194200 ) ) ;
#4815 = EDGE_LOOP ( 'NONE', ( #889, #4382, #3625, #8026 ) ) ;
#4816 = CARTESIAN_POINT ( 'NONE',  ( -0.6939867186800641200, 0.0000000000000000000, -0.02796670870298751500 ) ) ;
#4817 = CIRCLE ( 'NONE', #5615, 0.03906250000000004200 ) ;
#4818 = CARTESIAN_POINT ( 'NONE',  ( -0.5407881862670197400, 0.0000000000000000000, 0.7196583756158385600 ) ) ;
#4819 = AXIS2_PLACEMENT_3D ( 'NONE', #1338, #7000, #5247 ) ;
#4820 = EDGE_CURVE ( 'NONE', #4647, #7072, #5084, .T. ) ;
#4821 = ORIENTED_EDGE ( 'NONE', *, *, #3632, .T. ) ;
#4822 = CARTESIAN_POINT ( 'NONE',  ( -0.5137437432209622800, -0.01953125000000016700, 0.7399809561610363200 ) ) ;
#4823 = CARTESIAN_POINT ( 'NONE',  ( 0.8887742376332794500, -0.01953125000000016700, -0.1469176766052017700 ) ) ;
#4824 = EDGE_LOOP ( 'NONE', ( #5637, #5295, #8078, #4658 ) ) ;
#4825 = AXIS2_PLACEMENT_3D ( 'NONE', #10029, #3631, #375 ) ;
#4826 = VERTEX_POINT ( 'NONE', #8931 ) ;
#4827 = VERTEX_POINT ( 'NONE', #59 ) ;
#4828 = CARTESIAN_POINT ( 'NONE',  ( -0.3528483421960461600, 0.0000000000000000000, -0.8281654951816711500 ) ) ;
#4829 = VECTOR ( 'NONE', #7548, 39.37007874015748100 ) ;
#4830 = CARTESIAN_POINT ( 'NONE',  ( 0.4525341021057239800, 0.01953124999999987900, -0.7789206221503283100 ) ) ;
#4831 = DIRECTION ( 'NONE',  ( 0.9485364419471491400, 0.0000000000000000000, 0.3166679938014617100 ) ) ;
#4832 = AXIS2_PLACEMENT_3D ( 'NONE', #3795, #9485, #6183 ) ;
#4833 = EDGE_CURVE ( 'NONE', #5401, #4800, #177, .T. ) ;
#4834 = PLANE ( 'NONE',  #7001 ) ;
#4835 = ADVANCED_FACE ( 'NONE', ( #10183 ), #9418, .T. ) ;
#4836 = FACE_OUTER_BOUND ( 'NONE', #3864, .T. ) ;
#4837 = MANIFOLD_SOLID_BREP ( 'CirPattern1[36]', #10246 ) ;
#4838 = FACE_OUTER_BOUND ( 'NONE', #9872, .T. ) ;
#4839 = DIRECTION ( 'NONE',  ( -0.3166679938014603800, 0.0000000000000000000, 0.9485364419471495900 ) ) ;
#4840 = DIRECTION ( 'NONE',  ( -0.6324453755953717300, 0.0000000000000000000, 0.7746049618276591400 ) ) ;
#4841 = AXIS2_PLACEMENT_3D ( 'NONE', #4213, #8213, #144 ) ;
#4842 = DIRECTION ( 'NONE',  ( -0.3166679938014732000, 0.0000000000000000000, -0.9485364419471453700 ) ) ;
#4844 = CARTESIAN_POINT ( 'NONE',  ( -0.7965106271544205600, 0.01953124999999987900, -0.4208031249999926200 ) ) ;
#4843 = VECTOR ( 'NONE', #9195, 39.37007874015748900 ) ;
#4845 = EDGE_CURVE ( 'NONE', #1221, #5511, #7781, .T. ) ;
#4846 = VECTOR ( 'NONE', #73, 39.37007874015748100 ) ;
#4847 = AXIS2_PLACEMENT_3D ( 'NONE', #1744, #6847, #6767 ) ;
#4848 = LINE ( 'NONE', #5636, #4599 ) ;
#4849 = PLANE ( 'NONE',  #3689 ) ;
#4850 = ORIENTED_EDGE ( 'NONE', *, *, #616, .F. ) ;
#4851 = EDGE_CURVE ( 'NONE', #4532, #1373, #7514, .T. ) ;
#4852 = DIRECTION ( 'NONE',  ( 0.7994427634035082800, 0.0000000000000000000, 0.6007422642379695000 ) ) ;
#4853 = CIRCLE ( 'NONE', #9390, 0.03906250000000002100 ) ;
#4854 = CIRCLE ( 'NONE', #10211, 0.03906249999999993100 ) ;
#4855 = CIRCLE ( 'NONE', #1800, 0.03906249999999996500 ) ;
#4856 = EDGE_CURVE ( 'NONE', #8209, #4031, #6888, .T. ) ;
#4857 = ADVANCED_FACE ( 'NONE', ( #9151 ), #1776, .T. ) ;
#4858 = ORIENTED_EDGE ( 'NONE', *, *, #1954, .T. ) ;
#4859 = FACE_OUTER_BOUND ( 'NONE', #7967, .T. ) ;
#4860 = DIRECTION ( 'NONE',  ( -0.9709418174260536800, 0.0000000000000000000, -0.2393156642875511300 ) ) ;
#4861 = CARTESIAN_POINT ( 'NONE',  ( 0.4183437994738012900, 0.0000000000000000000, 0.7970875142930192700 ) ) ;
#4862 = CIRCLE ( 'NONE', #6207, 0.03906249999999995800 ) ;
#4863 = ORIENTED_EDGE ( 'NONE', *, *, #3572, .F. ) ;
#4864 = AXIS2_PLACEMENT_3D ( 'NONE', #6393, #7082, #7979 ) ;
#4865 = LINE ( 'NONE', #1153, #6783 ) ;
#4866 = EDGE_LOOP ( 'NONE', ( #5457, #6360, #2237, #7577 ) ) ;
#4867 = VECTOR ( 'NONE', #7950, 39.37007874015748100 ) ;
#4868 = PLANE ( 'NONE',  #981 ) ;
#4869 = DIRECTION ( 'NONE',  ( -0.1604112808577474700, 0.0000000000000000000, 0.9870502626379149500 ) ) ;
#4870 = AXIS2_PLACEMENT_3D ( 'NONE', #3742, #4499, #6955 ) ;
#4871 = EDGE_CURVE ( 'NONE', #5540, #4476, #818, .T. ) ;
#4872 = ORIENTED_EDGE ( 'NONE', *, *, #5315, .F. ) ;
#4873 = CARTESIAN_POINT ( 'NONE',  ( 0.9010428244395711800, 4.783776559169353300E-018, 0.002783420954578273600 ) ) ;
#4874 = VERTEX_POINT ( 'NONE', #9921 ) ;
#4875 = ORIENTED_EDGE ( 'NONE', *, *, #1927, .F. ) ;
#4876 = ORIENTED_EDGE ( 'NONE', *, *, #3385, .T. ) ;
#4877 = CIRCLE ( 'NONE', #2611, 0.03906250000000004200 ) ;
#4878 = DIRECTION ( 'NONE',  ( -0.4286925614030641700, 0.0000000000000000000, -0.9034504346103774400 ) ) ;
#4879 = PLANE ( 'NONE',  #5867 ) ;
#4880 = ORIENTED_EDGE ( 'NONE', *, *, #3828, .T. ) ;
#4881 = ADVANCED_FACE ( 'NONE', ( #8660 ), #8904, .F. ) ;
#4882 = CARTESIAN_POINT ( 'NONE',  ( 0.2850645280200862500, 0.0000000000000000000, 0.8538725050408205700 ) ) ;
#4883 = FACE_OUTER_BOUND ( 'NONE', #4017, .T. ) ;
#4884 = VERTEX_POINT ( 'NONE', #162 ) ;
#4885 = VERTEX_POINT ( 'NONE', #8196 ) ;
#4886 = DIRECTION ( 'NONE',  ( -0.04026594010941936900, 0.0000000000000000000, -0.9991889981715693600 ) ) ;
#4887 = ORIENTED_EDGE ( 'NONE', *, *, #2008, .F. ) ;
#4888 = DIRECTION ( 'NONE',  ( 0.2393156642875516300, 0.0000000000000000000, -0.9709418174260535700 ) ) ;
#4889 = AXIS2_PLACEMENT_3D ( 'NONE', #10138, #10100, #5226 ) ;
#4890 = EDGE_CURVE ( 'NONE', #213, #3055, #2197, .T. ) ;
#4891 = LINE ( 'NONE', #9882, #6038 ) ;
#4892 = CARTESIAN_POINT ( 'NONE',  ( 0.1444022350281561100, 0.0000000000000000000, 0.8885426464266492600 ) ) ;
#4893 = ORIENTED_EDGE ( 'NONE', *, *, #3404, .F. ) ;
#4894 = CIRCLE ( 'NONE', #8040, 0.03906249999999998600 ) ;
#4895 = VERTEX_POINT ( 'NONE', #3392 ) ;
#4896 = ORIENTED_EDGE ( 'NONE', *, *, #9886, .F. ) ;
#4897 = CARTESIAN_POINT ( 'NONE',  ( 0.1114136551197576500, 0.0000000000000000000, 0.6855557599151624900 ) ) ;
#4898 = ORIENTED_EDGE ( 'NONE', *, *, #2159, .F. ) ;
#4899 = CARTESIAN_POINT ( 'NONE',  ( 0.4811261366802424600, 0.0000000000000000000, -0.7608401150065270400 ) ) ;
#4900 = EDGE_LOOP ( 'NONE', ( #7758, #2209, #9049, #6683, #1132 ) ) ;
#4901 = FACE_OUTER_BOUND ( 'NONE', #1490, .T. ) ;
#4902 = EDGE_CURVE ( 'NONE', #7685, #6803, #1314, .T. ) ;
#4903 = ORIENTED_EDGE ( 'NONE', *, *, #8738, .F. ) ;
#4904 = PLANE ( 'NONE',  #9272 ) ;
#4905 = AXIS2_PLACEMENT_3D ( 'NONE', #1150, #6052, #7695 ) ;
#4906 = ORIENTED_EDGE ( 'NONE', *, *, #3956, .T. ) ;
#4907 = ORIENTED_EDGE ( 'NONE', *, *, #3970, .T. ) ;
#4908 = DIRECTION ( 'NONE',  ( 0.9485364419471493700, 0.0000000000000000000, 0.3166679938014612100 ) ) ;
#4909 = CARTESIAN_POINT ( 'NONE',  ( 0.6014979441984805700, 0.0000000000000000000, -0.3472750000000030000 ) ) ;
#4910 = ADVANCED_FACE ( 'NONE', ( #2947 ), #9787, .F. ) ;
#4911 = DIRECTION ( 'NONE',  ( 0.7212024473438157800, 0.0000000000000000000, 0.6927243535095981600 ) ) ;
#4912 = EDGE_CURVE ( 'NONE', #6814, #3483, #4194, .T. ) ;
#4913 = DIRECTION ( 'NONE',  ( 0.3919666098600698100, 0.0000000000000000000, -0.9199794436588264500 ) ) ;
#4914 = ORIENTED_EDGE ( 'NONE', *, *, #1721, .T. ) ;
#4915 = CIRCLE ( 'NONE', #2581, 0.03906250000000006200 ) ;
#4916 = ORIENTED_EDGE ( 'NONE', *, *, #6067, .F. ) ;
#4917 = CARTESIAN_POINT ( 'NONE',  ( 0.7795960684867498900, 0.0000000000000000000, -0.4501000000000037700 ) ) ;
#4918 = VERTEX_POINT ( 'NONE', #2552 ) ;
#4920 = DIRECTION ( 'NONE',  ( 0.04026594010941867600, 0.0000000000000000000, 0.9991889981715695900 ) ) ;
#4919 = AXIS2_PLACEMENT_3D ( 'NONE', #8117, #3246, #9743 ) ;
#4921 = CARTESIAN_POINT ( 'NONE',  ( -0.2529763774286084000, 0.01953124999999986500, 0.8645851037594772800 ) ) ;
#4922 = EDGE_CURVE ( 'NONE', #16, #315, #6618, .T. ) ;
#4923 = CIRCLE ( 'NONE', #337, 0.03906250000000003500 ) ;
#4924 = DIRECTION ( 'NONE',  ( 0.6324453755953708400, 0.0000000000000000000, -0.7746049618276598100 ) ) ;
#4925 = VERTEX_POINT ( 'NONE', #1808 ) ;
#4926 = DIRECTION ( 'NONE',  ( -0.7485107481710949800, 0.0000000000000000000, 0.6631226582408020800 ) ) ;
#4927 = CARTESIAN_POINT ( 'NONE',  ( 0.7186944554564550500, 0.01953124999999986500, -0.5431231249687659100 ) ) ;
#4928 = FACE_OUTER_BOUND ( 'NONE', #2928, .T. ) ;
#4929 = ORIENTED_EDGE ( 'NONE', *, *, #3069, .F. ) ;
#4930 = ORIENTED_EDGE ( 'NONE', *, *, #5662, .T. ) ;
#4931 = VECTOR ( 'NONE', #4362, 39.37007874015747400 ) ;
#4933 = CARTESIAN_POINT ( 'NONE',  ( -0.3169116451781234800, 4.783776559169354800E-018, -0.8434766908793306400 ) ) ;
#4932 = DIRECTION ( 'NONE',  ( -0.4647231720437573500, 0.0000000000000000000, 0.8854560256532157900 ) ) ;
#4934 = VERTEX_POINT ( 'NONE', #9003 ) ;
#4935 = FACE_OUTER_BOUND ( 'NONE', #621, .T. ) ;
#4936 = VERTEX_POINT ( 'NONE', #9820 ) ;
#4937 = CARTESIAN_POINT ( 'NONE',  ( -0.7408500760774637800, 0.01953124999999987900, 0.5113718850073948300 ) ) ;
#4938 = CIRCLE ( 'NONE', #1288, 0.03906250000000004900 ) ;
#4939 = ADVANCED_FACE ( 'NONE', ( #4727 ), #4466, .T. ) ;
#4940 = VERTEX_POINT ( 'NONE', #4133 ) ;
#4941 = AXIS2_PLACEMENT_3D ( 'NONE', #2711, #4403, #6084 ) ;
#4942 = EDGE_CURVE ( 'NONE', #4562, #4026, #2824, .T. ) ;
#4943 = DIRECTION ( 'NONE',  ( -0.2393156642875647600, 0.0000000000000000000, -0.9709418174260503500 ) ) ;
#4944 = ORIENTED_EDGE ( 'NONE', *, *, #9423, .F. ) ;
#4945 = CIRCLE ( 'NONE', #6175, 0.03906250000000004200 ) ;
#4946 = VERTEX_POINT ( 'NONE', #9891 ) ;
#4947 = CYLINDRICAL_SURFACE ( 'NONE', #5735, 0.03906250000000004200 ) ;
#4948 = CARTESIAN_POINT ( 'NONE',  ( 0.3712132395370612000, 0.0000000000000000000, -0.5870267739144450200 ) ) ;
#4949 = ADVANCED_FACE ( 'NONE', ( #8151 ), #7645, .F. ) ;
#4950 = DIRECTION ( 'NONE',  ( -0.6324453755953717300, 0.0000000000000000000, 0.7746049618276591400 ) ) ;
#4951 = DIRECTION ( 'NONE',  ( -0.8451900855437982600, 0.0000000000000000000, -0.5344658261277954700 ) ) ;
#4952 = ORIENTED_EDGE ( 'NONE', *, *, #532, .F. ) ;
#4953 = CARTESIAN_POINT ( 'NONE',  ( 0.4484737725719384900, 0.0000000000000000000, 0.5317864766251051400 ) ) ;
#4954 = CARTESIAN_POINT ( 'NONE',  ( 0.05588805530219750200, 0.01953124999999988900, -0.6922977883646160800 ) ) ;
#4955 = EDGE_CURVE ( 'NONE', #2407, #7419, #5731, .T. ) ;
#4956 = EDGE_LOOP ( 'NONE', ( #1547, #2537, #792, #9594 ) ) ;
#4957 = CIRCLE ( 'NONE', #686, 0.03906250000000007600 ) ;
#4958 = CARTESIAN_POINT ( 'NONE',  ( 0.1114136551197576500, 0.0000000000000000000, 0.6855557599151624900 ) ) ;
#4959 = DIRECTION ( 'NONE',  ( -0.9967573081342106000, 0.0000000000000000000, -0.08046656871671795100 ) ) ;
#4960 = ADVANCED_FACE ( 'NONE', ( #2328 ), #6582, .F. ) ;
#4961 = VECTOR ( 'NONE', #4472, 39.37007874015748100 ) ;
#4962 = VECTOR ( 'NONE', #10433, 39.37007874015748900 ) ;
#4963 = EDGE_CURVE ( 'NONE', #4393, #3309, #1184, .T. ) ;
#4965 = PLANE ( 'NONE',  #6677 ) ;
#4964 = PLANE ( 'NONE',  #2627 ) ;
#4966 = AXIS2_PLACEMENT_3D ( 'NONE', #3321, #7302, #8928 ) ;
#4967 = EDGE_CURVE ( 'NONE', #3684, #2095, #5983, .T. ) ;
#4968 = CARTESIAN_POINT ( 'NONE',  ( 0.05588805530219750200, 0.0000000000000000000, -0.6922977883646160800 ) ) ;
#4969 = CIRCLE ( 'NONE', #6255, 0.03906249999999998600 ) ;
#4970 = DIRECTION ( 'NONE',  ( -0.9199794436588212300, 0.0000000000000000000, 0.3919666098600818000 ) ) ;
#4971 = CIRCLE ( 'NONE', #8317, 0.6260000000000001100 ) ;
#4972 = FACE_OUTER_BOUND ( 'NONE', #1796, .T. ) ;
#4973 = CARTESIAN_POINT ( 'NONE',  ( 0.6671278544335704800, 0.01953124999999988900, 0.1932359395631703900 ) ) ;
#4974 = MANIFOLD_SOLID_BREP ( 'CirPattern1[10]', #5841 ) ;
#4975 = PLANE ( 'NONE',  #5510 ) ;
#4976 = AXIS2_PLACEMENT_3D ( 'NONE', #10224, #1196, #6924 ) ;
#4977 = ORIENTED_EDGE ( 'NONE', *, *, #7414, .F. ) ;
#4978 = DIRECTION ( 'NONE',  ( 0.6007422642379800500, 0.0000000000000000000, 0.7994427634035002900 ) ) ;
#4979 = EDGE_CURVE ( 'NONE', #5777, #3055, #9794, .T. ) ;
#4980 = AXIS2_PLACEMENT_3D ( 'NONE', #2435, #5733, #4084 ) ;
#4981 = CIRCLE ( 'NONE', #4135, 0.03906250000000000700 ) ;
#4982 = DIRECTION ( 'NONE',  ( -0.1604112808577474700, 0.0000000000000000000, 0.9870502626379149500 ) ) ;
#4983 = PLANE ( 'NONE',  #3269 ) ;
#4984 = CIRCLE ( 'NONE', #1133, 0.03906250000000003500 ) ;
#4985 = PLANE ( 'NONE',  #4591 ) ;
#4986 = EDGE_CURVE ( 'NONE', #8925, #6849, #5481, .T. ) ;
#4987 = ADVANCED_FACE ( 'NONE', ( #10047 ), #3815, .F. ) ;
#4988 = VERTEX_POINT ( 'NONE', #9168 ) ;
#4989 = CARTESIAN_POINT ( 'NONE',  ( -0.8646584040905587200, 0.0000000000000000000, 0.2504513610176001800 ) ) ;
#4990 = DIRECTION ( 'NONE',  ( -0.6007422642379800500, -0.0000000000000000000, -0.7994427634035002900 ) ) ;
#4992 = FACE_OUTER_BOUND ( 'NONE', #6227, .T. ) ;
#4991 = DIRECTION ( 'NONE',  ( 1.000000000000000000, 0.0000000000000000000, 0.0000000000000000000 ) ) ;
#4993 = ORIENTED_EDGE ( 'NONE', *, *, #4283, .T. ) ;
#4994 = VECTOR ( 'NONE', #4305, 39.37007874015748100 ) ;
#4995 = ORIENTED_EDGE ( 'NONE', *, *, #1180, .T. ) ;
#4996 = ORIENTED_EDGE ( 'NONE', *, *, #8338, .T. ) ;
#4997 = ADVANCED_FACE ( 'NONE', ( #7906 ), #7489, .F. ) ;
#4998 = EDGE_CURVE ( 'NONE', #8549, #10089, #3313, .T. ) ;
#4999 = LINE ( 'NONE', #2982, #9588 ) ;
#5000 = DIRECTION ( 'NONE',  ( -0.9967573081342096000, 0.0000000000000000000, 0.08046656871673199500 ) ) ;
#5001 = EDGE_LOOP ( 'NONE', ( #4534, #8868, #6397, #3910 ) ) ;
#5002 = VECTOR ( 'NONE', #1838, 39.37007874015748100 ) ;
#5003 = EDGE_LOOP ( 'NONE', ( #626, #7820, #2849, #604 ) ) ;
#5004 = ORIENTED_EDGE ( 'NONE', *, *, #4007, .T. ) ;
#5005 = VERTEX_POINT ( 'NONE', #7631 ) ;
#5006 = VECTOR ( 'NONE', #3287, 39.37007874015748100 ) ;
#5007 = DIRECTION ( 'NONE',  ( 0.3919666098600823000, 0.0000000000000000000, 0.9199794436588212300 ) ) ;
#5008 = DIRECTION ( 'NONE',  ( -0.9034504346103774400, 0.0000000000000000000, 0.4286925614030641700 ) ) ;
#5009 = ADVANCED_FACE ( 'NONE', ( #1433 ), #7547, .T. ) ;
#5010 = CLOSED_SHELL ( 'NONE', ( #7937, #6070, #5721, #8887 ) ) ;
#5011 = AXIS2_PLACEMENT_3D ( 'NONE', #2416, #131, #3325 ) ;
#5012 = EDGE_CURVE ( 'NONE', #763, #69, #8012, .T. ) ;
#5013 = CIRCLE ( 'NONE', #2388, 0.03906250000000008300 ) ;
#5014 = ORIENTED_EDGE ( 'NONE', *, *, #5029, .T. ) ;
#5015 = ORIENTED_EDGE ( 'NONE', *, *, #5060, .F. ) ;
#5016 = CARTESIAN_POINT ( 'NONE',  ( 0.4811261366802424600, 0.01953124999999987900, -0.7608401150065270400 ) ) ;
#5017 = ORIENTED_EDGE ( 'NONE', *, *, #1691, .T. ) ;
#5018 = CARTESIAN_POINT ( 'NONE',  ( -0.07243600515880298200, 0.0000000000000000000, -0.8972809287824155000 ) ) ;
#5019 = ORIENTED_EDGE ( 'NONE', *, *, #2304, .T. ) ;
#5020 = ADVANCED_BREP_SHAPE_REPRESENTATION ( '5909K38_Needle-Roller Thrust Bearing', ( #2501, #10043, #3271, #8808, #9260, #7850, #8614, #7387, #1856, #6589, #4974, #2077, #6266, #5503, #10387, #6603, #9705, #6387, #2618, #8508, #9723, #10375, #8625, #8001, #182, #5279, #4718, #658, #5946, #4504, #645, #7363, #2065, #6718, #1743, #1726, #9866, #4837, #7378, #3606, #10102 ), #4102 ) ;
#5021 = VECTOR ( 'NONE', #3856, 39.37007874015748100 ) ;
#5022 = DIRECTION ( 'NONE',  ( -0.9927088740980527500, 0.0000000000000000000, 0.1205366802553338000 ) ) ;
#5023 = ORIENTED_EDGE ( 'NONE', *, *, #5242, .T. ) ;
#5024 = PLANE ( 'NONE',  #7086 ) ;
#5025 = CARTESIAN_POINT ( 'NONE',  ( -0.1775045462484606800, 4.783776559169353300E-018, -0.8833900921831636700 ) ) ;
#5026 = ORIENTED_EDGE ( 'NONE', *, *, #5180, .T. ) ;
#5027 = ORIENTED_EDGE ( 'NONE', *, *, #8788, .T. ) ;
#5028 = AXIS2_PLACEMENT_3D ( 'NONE', #7825, #7792, #10269 ) ;
#5029 = EDGE_CURVE ( 'NONE', #1228, #9471, #6319, .T. ) ;
#5030 = CARTESIAN_POINT ( 'NONE',  ( -0.9010428244395711800, 0.0000000000000000000, 0.002783420954590259300 ) ) ;
#5031 = ORIENTED_EDGE ( 'NONE', *, *, #7835, .F. ) ;
#5032 = LINE ( 'NONE', #3216, #1142 ) ;
#5034 = DIRECTION ( 'NONE',  ( -0.2000256937760469500, 0.0000000000000000000, -0.9797906520422671200 ) ) ;
#5033 = CARTESIAN_POINT ( 'NONE',  ( 0.7600648184867496700, 0.0000000000000000000, -0.4839291173353333400 ) ) ;
#5035 = ORIENTED_EDGE ( 'NONE', *, *, #7137, .F. ) ;
#5036 = VERTEX_POINT ( 'NONE', #1077 ) ;
#5037 = DIRECTION ( 'NONE',  ( 0.4286925614030635000, 0.0000000000000000000, 0.9034504346103779900 ) ) ;
#5038 = ORIENTED_EDGE ( 'NONE', *, *, #5463, .T. ) ;
#5039 = AXIS2_PLACEMENT_3D ( 'NONE', #2699, #8386, #3513 ) ;
#5040 = LINE ( 'NONE', #7610, #7609 ) ;
#5041 = EDGE_CURVE ( 'NONE', #9073, #2347, #3506, .T. ) ;
#5042 = ORIENTED_EDGE ( 'NONE', *, *, #3759, .F. ) ;
#5043 = VECTOR ( 'NONE', #9647, 39.37007874015748900 ) ;
#5044 = ORIENTED_EDGE ( 'NONE', *, *, #7356, .F. ) ;
#5045 = CARTESIAN_POINT ( 'NONE',  ( -0.5716034440564348200, 0.0000000000000000000, 0.3945493698421307900 ) ) ;
#5046 = EDGE_LOOP ( 'NONE', ( #7985, #8812, #8207, #209 ) ) ;
#5047 = PLANE ( 'NONE',  #2802 ) ;
#5048 = EDGE_CURVE ( 'NONE', #2117, #4500, #6164, .T. ) ;
#5049 = CARTESIAN_POINT ( 'NONE',  ( -0.4482979952608876500, -0.01953125000000016700, 0.7813663395775102300 ) ) ;
#5050 = ADVANCED_FACE ( 'NONE', ( #4883 ), #1881, .T. ) ;
#5051 = CIRCLE ( 'NONE', #6010, 0.03906250000000004200 ) ;
#5052 = CARTESIAN_POINT ( 'NONE',  ( -0.6014979441984852300, 0.0000000000000000000, -0.3472749999999945000 ) ) ;
#5053 = DIRECTION ( 'NONE',  ( 0.2782174639164499100, 0.0000000000000000000, -0.9605181116313730200 ) ) ;
#5054 = ORIENTED_EDGE ( 'NONE', *, *, #2923, .T. ) ;
#5055 = CIRCLE ( 'NONE', #6508, 0.03906250000000005600 ) ;
#5056 = AXIS2_PLACEMENT_3D ( 'NONE', #443, #1976, #2786 ) ;
#5057 = ORIENTED_EDGE ( 'NONE', *, *, #10000, .F. ) ;
#5058 = PLANE ( 'NONE',  #3492 ) ;
#5059 = DIRECTION ( 'NONE',  ( 0.9034504346103833200, 0.0000000000000000000, 0.4286925614030520100 ) ) ;
#5060 = EDGE_CURVE ( 'NONE', #3629, #2278, #1825, .T. ) ;
#5061 = CLOSED_SHELL ( 'NONE', ( #356, #1762, #3770, #8149 ) ) ;
#5062 = DIRECTION ( 'NONE',  ( 0.9870502626379126200, 0.0000000000000000000, -0.1604112808577616000 ) ) ;
#5063 = CARTESIAN_POINT ( 'NONE',  ( -0.7408500760774637800, 0.0000000000000000000, 0.5113718850073948300 ) ) ;
#5064 = DIRECTION ( 'NONE',  ( -0.04026594010941936900, 0.0000000000000000000, -0.9991889981715693600 ) ) ;
#5065 = DIRECTION ( 'NONE',  ( -0.9709418174260536800, 0.0000000000000000000, -0.2393156642875510500 ) ) ;
#5066 = VECTOR ( 'NONE', #6315, 39.37007874015748100 ) ;
#5067 = CLOSED_SHELL ( 'NONE', ( #5768, #1197, #298, #2657 ) ) ;
#5068 = CARTESIAN_POINT ( 'NONE',  ( 0.05588805530219750200, 0.0000000000000000000, -0.6922977883646160800 ) ) ;
#5069 = ADVANCED_FACE ( 'NONE', ( #4838 ), #3084, .F. ) ;
#5070 = ORIENTED_EDGE ( 'NONE', *, *, #10424, .T. ) ;
#5071 = CARTESIAN_POINT ( 'NONE',  ( 0.0000000000000000000, -0.01953125000000015600, 0.6945500000000002200 ) ) ;
#5072 = CARTESIAN_POINT ( 'NONE',  ( -0.8895588789634986100, 0.01953124999999987900, 0.1420895845475375900 ) ) ;
#5073 = AXIS2_PLACEMENT_3D ( 'NONE', #4348, #3543, #9213 ) ;
#5075 = ORIENTED_EDGE ( 'NONE', *, *, #8898, .F. ) ;
#5074 = CARTESIAN_POINT ( 'NONE',  ( -0.7795960684867560000, 0.0000000000000000000, -0.4500999999999928400 ) ) ;
#5076 = VERTEX_POINT ( 'NONE', #1493 ) ;
#5077 = EDGE_LOOP ( 'NONE', ( #3724, #9736, #7453, #3432, #5035 ) ) ;
#5078 = VECTOR ( 'NONE', #8869, 39.37007874015748100 ) ;
#5079 = AXIS2_PLACEMENT_3D ( 'NONE', #4435, #1931, #8530 ) ;
#5080 = EDGE_CURVE ( 'NONE', #6135, #6312, #6208, .T. ) ;
#5081 = DIRECTION ( 'NONE',  ( 0.9350162426854132800, 0.0000000000000000000, -0.3546048870425393400 ) ) ;
#5082 = DIRECTION ( 'NONE',  ( 0.0000000000000000000, 6.168689017951560600E-017, -1.000000000000000000 ) ) ;
#5083 = CIRCLE ( 'NONE', #2470, 0.03906249999999995100 ) ;
#5084 = LINE ( 'NONE', #1536, #9919 ) ;
#5085 = CARTESIAN_POINT ( 'NONE',  ( 0.5677043158479265800, 0.0000000000000000000, -0.6997126043411594500 ) ) ;
#5086 = DIRECTION ( 'NONE',  ( -0.7485107481710965300, 0.0000000000000000000, 0.6631226582408003000 ) ) ;
#5087 = DIRECTION ( 'NONE',  ( -0.2000256937760363200, 0.0000000000000000000, 0.9797906520422693400 ) ) ;
#5088 = DIRECTION ( 'NONE',  ( -0.3166679938014603800, 0.0000000000000000000, 0.9485364419471495900 ) ) ;
#5089 = AXIS2_PLACEMENT_3D ( 'NONE', #8334, #5908, #6730 ) ;
#5090 = EDGE_CURVE ( 'NONE', #1842, #7100, #3277, .T. ) ;
#5091 = VECTOR ( 'NONE', #8261, 39.37007874015748100 ) ;
#5092 = CARTESIAN_POINT ( 'NONE',  ( -0.7408500760774637800, 0.0000000000000000000, 0.5113718850073948300 ) ) ;
#5093 = CARTESIAN_POINT ( 'NONE',  ( 0.8277883721967539400, -0.01953125000000015600, 0.3553461130159383300 ) ) ;
#5095 = CARTESIAN_POINT ( 'NONE',  ( 0.8977141779626370800, 0.01953124999999987900, 0.07492465458415288600 ) ) ;
#5094 = FACE_OUTER_BOUND ( 'NONE', #2013, .T. ) ;
#5096 = CARTESIAN_POINT ( 'NONE',  ( -0.8417016216654136200, -0.01953125000000016700, -0.3192153193156827000 ) ) ;
#5097 = FACE_BOUND ( 'NONE', #4361, .T. ) ;
#5098 = CARTESIAN_POINT ( 'NONE',  ( 0.03906250000000003500, 0.0000000000000000000, 0.6945500000000002200 ) ) ;
#5099 = EDGE_LOOP ( 'NONE', ( #5844, #529 ) ) ;
#5100 = ADVANCED_FACE ( 'NONE', ( #10417 ), #1457, .F. ) ;
#5101 = DIRECTION ( 'NONE',  ( 0.9927088740980544200, 0.0000000000000000000, 0.1205366802553199300 ) ) ;
#5102 = FACE_OUTER_BOUND ( 'NONE', #7476, .T. ) ;
#5103 = EDGE_CURVE ( 'NONE', #7367, #353, #9721, .T. ) ;
#5105 = DIRECTION ( 'NONE',  ( -0.4286925614030519500, 0.0000000000000000000, 0.9034504346103832100 ) ) ;
#5104 = DIRECTION ( 'NONE',  ( -0.9927088740980526400, 0.0000000000000000000, 0.1205366802553337900 ) ) ;
#5106 = AXIS2_PLACEMENT_3D ( 'NONE', #4828, #9766, #5720 ) ;
#5107 = VECTOR ( 'NONE', #3306, 39.37007874015748100 ) ;
#5108 = ORIENTED_EDGE ( 'NONE', *, *, #3051, .T. ) ;
#5109 = CARTESIAN_POINT ( 'NONE',  ( 0.4811261366802424600, 0.0000000000000000000, -0.7608401150065270400 ) ) ;
#5110 = VECTOR ( 'NONE', #8470, 39.37007874015748100 ) ;
#5111 = CARTESIAN_POINT ( 'NONE',  ( -0.1061554250905225300, 0.01953124999999986500, -0.8945588157877256700 ) ) ;
#5112 = VECTOR ( 'NONE', #1292, 39.37007874015748100 ) ;
#5113 = CARTESIAN_POINT ( 'NONE',  ( -0.8994699361540474700, 0.0000000000000000000, -0.03624739928648673000 ) ) ;
#5114 = ADVANCED_FACE ( 'NONE', ( #8200 ), #5294, .F. ) ;
#5115 = EDGE_CURVE ( 'NONE', #2553, #1648, #1678, .T. ) ;
#5116 = ORIENTED_EDGE ( 'NONE', *, *, #10373, .F. ) ;
#5117 = CIRCLE ( 'NONE', #3582, 0.03906250000000002800 ) ;
#5118 = DIRECTION ( 'NONE',  ( -0.5680647467311649200, 0.0000000000000000000, -0.8229838658936499100 ) ) ;
#5119 = DIRECTION ( 'NONE',  ( -0.9967573081342106000, 0.0000000000000000000, -0.08046656871671806200 ) ) ;
#5120 = EDGE_LOOP ( 'NONE', ( #8563, #126, #8851, #8335 ) ) ;
#5121 = CARTESIAN_POINT ( 'NONE',  ( 0.6939867186800639000, 0.0000000000000000000, -0.02796670870299674400 ) ) ;
#5122 = LINE ( 'NONE', #9540, #6521 ) ;
#5123 = ORIENTED_EDGE ( 'NONE', *, *, #5360, .F. ) ;
#5124 = EDGE_LOOP ( 'NONE', ( #3340, #4055, #5924, #3916 ) ) ;
#5125 = DIRECTION ( 'NONE',  ( -0.9709418174260502400, 0.0000000000000000000, 0.2393156642875649600 ) ) ;
#5126 = VERTEX_POINT ( 'NONE', #3811 ) ;
#5127 = ORIENTED_EDGE ( 'NONE', *, *, #269, .T. ) ;
#5128 = CARTESIAN_POINT ( 'NONE',  ( 0.6894859485048038300, 0.0000000000000000000, 0.08371875127133247800 ) ) ;
#5129 = DIRECTION ( 'NONE',  ( 0.7994427634035007300, 0.0000000000000000000, -0.6007422642379795000 ) ) ;
#5130 = VECTOR ( 'NONE', #2756, 39.37007874015748900 ) ;
#5131 = CLOSED_SHELL ( 'NONE', ( #8785, #670, #2352, #1056 ) ) ;
#5132 = FACE_OUTER_BOUND ( 'NONE', #3391, .T. ) ;
#5133 = VERTEX_POINT ( 'NONE', #7990 ) ;
#5134 = DIRECTION ( 'NONE',  ( -0.6324453755953717300, 0.0000000000000000000, 0.7746049618276591400 ) ) ;
#5135 = CARTESIAN_POINT ( 'NONE',  ( -0.7408500760774637800, 0.0000000000000000000, 0.5113718850073948300 ) ) ;
#5136 = EDGE_CURVE ( 'NONE', #6322, #7347, #6722, .T. ) ;
#5137 = VERTEX_POINT ( 'NONE', #2210 ) ;
#5138 = CARTESIAN_POINT ( 'NONE',  ( -0.1444022350281443100, 0.0000000000000000000, 0.8885426464266511500 ) ) ;
#5139 = VERTEX_POINT ( 'NONE', #9464 ) ;
#5140 = CARTESIAN_POINT ( 'NONE',  ( -0.3998052741115872800, 0.01953124999999996500, -0.5689462667706384200 ) ) ;
#5141 = CIRCLE ( 'NONE', #2091, 0.03906250000000004200 ) ;
#5142 = VERTEX_POINT ( 'NONE', #9506 ) ;
#5143 = LINE ( 'NONE', #10467, #1119 ) ;
#5144 = ORIENTED_EDGE ( 'NONE', *, *, #1540, .T. ) ;
#5145 = ORIENTED_EDGE ( 'NONE', *, *, #10205, .F. ) ;
#5146 = ORIENTED_EDGE ( 'NONE', *, *, #2074, .F. ) ;
#5147 = DIRECTION ( 'NONE',  ( 0.0000000000000000000, -0.0000000000000000000, 1.000000000000000000 ) ) ;
#5148 = DIRECTION ( 'NONE',  ( 0.9485364419471493700, 0.0000000000000000000, 0.3166679938014612100 ) ) ;
#5149 = AXIS2_PLACEMENT_3D ( 'NONE', #4290, #10081, #8498 ) ;
#5150 = EDGE_CURVE ( 'NONE', #977, #9085, #1254, .T. ) ;
#5151 = EDGE_LOOP ( 'NONE', ( #4673, #1639, #1235, #6019 ) ) ;
#5152 = ADVANCED_FACE ( 'NONE', ( #860 ), #3838, .T. ) ;
#5153 = VECTOR ( 'NONE', #9522, 39.37007874015748100 ) ;
#5154 = ORIENTED_EDGE ( 'NONE', *, *, #3665, .F. ) ;
#5155 = DIRECTION ( 'NONE',  ( -0.8451900855437977100, 0.0000000000000000000, -0.5344658261277963600 ) ) ;
#5156 = ORIENTED_EDGE ( 'NONE', *, *, #5713, .T. ) ;
#5157 = DIRECTION ( 'NONE',  ( -0.2000256937760471200, 0.0000000000000000000, -0.9797906520422671200 ) ) ;
#5158 = AXIS2_PLACEMENT_3D ( 'NONE', #3867, #726, #3078 ) ;
#5159 = ORIENTED_EDGE ( 'NONE', *, *, #2809, .F. ) ;
#5160 = PLANE ( 'NONE',  #8217 ) ;
#5161 = DIRECTION ( 'NONE',  ( 0.9350162426854132800, 0.0000000000000000000, -0.3546048870425393400 ) ) ;
#5162 = ORIENTED_EDGE ( 'NONE', *, *, #1874, .F. ) ;
#5163 = DIRECTION ( 'NONE',  ( -0.04026594010940537400, 0.0000000000000000000, 0.9991889981715699200 ) ) ;
#5164 = CYLINDRICAL_SURFACE ( 'NONE', #7617, 0.03906250000000002100 ) ;
#5165 = EDGE_CURVE ( 'NONE', #8746, #7479, #10104, .T. ) ;
#5166 = VERTEX_POINT ( 'NONE', #10318 ) ;
#5167 = AXIS2_PLACEMENT_3D ( 'NONE', #10083, #1949, #8966 ) ;
#5168 = EDGE_CURVE ( 'NONE', #6714, #9854, #5267, .T. ) ;
#5169 = ORIENTED_EDGE ( 'NONE', *, *, #8247, .T. ) ;
#5170 = ADVANCED_FACE ( 'NONE', ( #1993 ), #4602, .F. ) ;
#5171 = DIRECTION ( 'NONE',  ( 0.2393156642875516300, 0.0000000000000000000, -0.9709418174260535700 ) ) ;
#5172 = LINE ( 'NONE', #4212, #659 ) ;
#5174 = CARTESIAN_POINT ( 'NONE',  ( 0.3227734791430002000, 0.0000000000000000000, 0.6149934826174369200 ) ) ;
#5173 = DIRECTION ( 'NONE',  ( 0.0000000000000000000, 0.0000000000000000000, 1.000000000000000000 ) ) ;
#5175 = ORIENTED_EDGE ( 'NONE', *, *, #7435, .T. ) ;
#5176 = CYLINDRICAL_SURFACE ( 'NONE', #716, 0.03906250000000004200 ) ;
#5177 = EDGE_LOOP ( 'NONE', ( #8487, #8084, #8526, #5890 ) ) ;
#5178 = DIRECTION ( 'NONE',  ( -0.3546048870425387300, 0.0000000000000000000, -0.9350162426854137200 ) ) ;
#5179 = ORIENTED_EDGE ( 'NONE', *, *, #7375, .T. ) ;
#5180 = EDGE_CURVE ( 'NONE', #4826, #1983, #2490, .T. ) ;
#5181 = DIRECTION ( 'NONE',  ( 0.7994427634035089500, 0.0000000000000000000, 0.6007422642379686200 ) ) ;
#5182 = AXIS2_PLACEMENT_3D ( 'NONE', #2231, #3866, #5588 ) ;
#5183 = VERTEX_POINT ( 'NONE', #4776 ) ;
#5184 = DIRECTION ( 'NONE',  ( 0.8660254037844362700, 0.0000000000000000000, -0.5000000000000040000 ) ) ;
#5185 = FACE_OUTER_BOUND ( 'NONE', #10119, .T. ) ;
#5186 = EDGE_LOOP ( 'NONE', ( #4227, #2730 ) ) ;
#5187 = EDGE_CURVE ( 'NONE', #6409, #6728, #7314, .T. ) ;
#5188 = VECTOR ( 'NONE', #3487, 39.37007874015747400 ) ;
#5189 = DIRECTION ( 'NONE',  ( 0.7485107481710956400, 0.0000000000000000000, -0.6631226582408011900 ) ) ;
#5190 = VERTEX_POINT ( 'NONE', #2373 ) ;
#5191 = DIRECTION ( 'NONE',  ( 0.6927243535096075900, 0.0000000000000000000, 0.7212024473438066700 ) ) ;
#5192 = CARTESIAN_POINT ( 'NONE',  ( 0.5677043158479265800, 0.0000000000000000000, -0.6997126043411594500 ) ) ;
#5193 = EDGE_LOOP ( 'NONE', ( #5805, #4914, #6856, #4524 ) ) ;
#5194 = CARTESIAN_POINT ( 'NONE',  ( 0.6737469047111260800, -0.01953125000000015600, -0.1720732985441512900 ) ) ;
#5195 = DIRECTION ( 'NONE',  ( -0.8660254037844432600, 0.0000000000000000000, -0.4999999999999919500 ) ) ;
#5196 = EDGE_CURVE ( 'NONE', #9385, #1370, #5785, .T. ) ;
#5197 = CYLINDRICAL_SURFACE ( 'NONE', #7818, 0.03906250000000004200 ) ;
#5198 = EDGE_LOOP ( 'NONE', ( #9463, #9865, #2126, #10350, #2893 ) ) ;
#5199 = FACE_OUTER_BOUND ( 'NONE', #5647, .T. ) ;
#5200 = DIRECTION ( 'NONE',  ( 0.6631226582407912000, 0.0000000000000000000, -0.7485107481711046300 ) ) ;
#5201 = EDGE_CURVE ( 'NONE', #4934, #8711, #5530, .T. ) ;
#5202 = DIRECTION ( 'NONE',  ( -0.3919666098600822500, 0.0000000000000000000, -0.9199794436588211200 ) ) ;
#5203 = DIRECTION ( 'NONE',  ( -0.1205366802553199100, 0.0000000000000000000, 0.9927088740980543100 ) ) ;
#5204 = ORIENTED_EDGE ( 'NONE', *, *, #5231, .F. ) ;
#5205 = ORIENTED_EDGE ( 'NONE', *, *, #1737, .T. ) ;
#5206 = CARTESIAN_POINT ( 'NONE',  ( -0.6972993866372594300, 0.0000000000000000000, -0.5693273271109529100 ) ) ;
#5207 = FACE_OUTER_BOUND ( 'NONE', #5275, .T. ) ;
#5208 = ADVANCED_FACE ( 'NONE', ( #9079 ), #748, .F. ) ;
#5209 = CARTESIAN_POINT ( 'NONE',  ( 0.8936365284630687400, 0.0000000000000000000, 0.1085071195658390300 ) ) ;
#5210 = PLANE ( 'NONE',  #4570 ) ;
#5211 = AXIS2_PLACEMENT_3D ( 'NONE', #10340, #7188, #8782 ) ;
#5212 = DIRECTION ( 'NONE',  ( 0.1205366802553187500, 0.0000000000000000000, -0.9927088740980544200 ) ) ;
#5213 = PLANE ( 'NONE',  #8306 ) ;
#5214 = AXIS2_PLACEMENT_3D ( 'NONE', #9145, #6590, #8237 ) ;
#5215 = EDGE_CURVE ( 'NONE', #1955, #9073, #5409, .T. ) ;
#5216 = DIRECTION ( 'NONE',  ( -0.6324453755953717300, 0.0000000000000000000, 0.7746049618276591400 ) ) ;
#5217 = VECTOR ( 'NONE', #7933, 39.37007874015748900 ) ;
#5218 = LINE ( 'NONE', #5350, #7791 ) ;
#5219 = CARTESIAN_POINT ( 'NONE',  ( 0.0000000000000000000, 0.0000000000000000000, 0.6945500000000002200 ) ) ;
#5220 = DIRECTION ( 'NONE',  ( -0.8229838658936500200, 0.0000000000000000000, 0.5680647467311650300 ) ) ;
#5221 = ADVANCED_FACE ( 'NONE', ( #1238 ), #1664, .F. ) ;
#5222 = AXIS2_PLACEMENT_3D ( 'NONE', #9074, #4201, #5062 ) ;
#5223 = CARTESIAN_POINT ( 'NONE',  ( -0.1662166946309281700, 0.0000000000000000000, -0.6743676392932636000 ) ) ;
#5224 = CYLINDRICAL_SURFACE ( 'NONE', #5222, 0.03906250000000001400 ) ;
#5225 = CARTESIAN_POINT ( 'NONE',  ( -0.6257921896629778900, 0.01953124999999986500, 0.6479881052430694900 ) ) ;
#5226 = DIRECTION ( 'NONE',  ( -0.6324453755953717300, 0.0000000000000000000, 0.7746049618276591400 ) ) ;
#5227 = LINE ( 'NONE', #6254, #7924 ) ;
#5228 = FACE_OUTER_BOUND ( 'NONE', #7832, .T. ) ;
#5229 = CARTESIAN_POINT ( 'NONE',  ( -0.8552465528589909800, -0.01953125000000015600, 0.2829448409186869400 ) ) ;
#5230 = AXIS2_PLACEMENT_3D ( 'NONE', #4174, #2489, #8167 ) ;
#5231 = EDGE_CURVE ( 'NONE', #2101, #8925, #3870, .T. ) ;
#5232 = ORIENTED_EDGE ( 'NONE', *, *, #4251, .F. ) ;
#5233 = DIRECTION ( 'NONE',  ( 0.6007422642379800500, 0.0000000000000000000, 0.7994427634035002900 ) ) ;
#5234 = CARTESIAN_POINT ( 'NONE',  ( 0.4858933002077773800, 0.01953124999999988900, -0.4974452859288974700 ) ) ;
#5235 = DIRECTION ( 'NONE',  ( 0.9927088740980543100, 0.0000000000000000000, 0.1205366802553199100 ) ) ;
#5236 = FACE_OUTER_BOUND ( 'NONE', #1711, .T. ) ;
#5237 = CIRCLE ( 'NONE', #4775, 0.03906250000000002100 ) ;
#5238 = AXIS2_PLACEMENT_3D ( 'NONE', #439, #6712, #7678 ) ;
#5239 = CARTESIAN_POINT ( 'NONE',  ( 0.6107456961788352300, 4.783776559169353300E-018, 0.3330394511244581000 ) ) ;
#5240 = ORIENTED_EDGE ( 'NONE', *, *, #5347, .T. ) ;
#5241 = DIRECTION ( 'NONE',  ( -0.6007422642379689500, 0.0000000000000000000, 0.7994427634035086200 ) ) ;
#5242 = EDGE_CURVE ( 'NONE', #3225, #7843, #1730, .T. ) ;
#5244 = CARTESIAN_POINT ( 'NONE',  ( -0.2533593757348709400, 0.0000000000000000000, -0.8646935559106976300 ) ) ;
#5243 =( CONVERSION_BASED_UNIT ( 'INCH', #7466 ) LENGTH_UNIT ( ) NAMED_UNIT ( #6698 ) );
#5245 = AXIS2_PLACEMENT_3D ( 'NONE', #9044, #4145, #9867 ) ;
#5246 = CIRCLE ( 'NONE', #6308, 0.03906250000000002100 ) ;
#5247 = DIRECTION ( 'NONE',  ( 0.8854560256532093600, 0.0000000000000000000, -0.4647231720437694500 ) ) ;
#5248 = ORIENTED_EDGE ( 'NONE', *, *, #1206, .T. ) ;
#5249 = CARTESIAN_POINT ( 'NONE',  ( -0.4172455396264814800, 0.0000000000000000000, 0.5552529713219071000 ) ) ;
#5250 = LINE ( 'NONE', #3258, #9447 ) ;
#5251 = EDGE_CURVE ( 'NONE', #347, #5960, #102, .T. ) ;
#5252 = CARTESIAN_POINT ( 'NONE',  ( 0.02216863537047802900, -0.01953125000000015600, -0.6950199013593052500 ) ) ;
#5253 = EDGE_LOOP ( 'NONE', ( #1964, #2179 ) ) ;
#5254 = ORIENTED_EDGE ( 'NONE', *, *, #8934, .F. ) ;
#5255 = CIRCLE ( 'NONE', #4322, 0.03906250000000003500 ) ;
#5256 = CARTESIAN_POINT ( 'NONE',  ( 0.6854082990052354800, 0.01953124999999988900, 0.1173012162530186500 ) ) ;
#5257 = ORIENTED_EDGE ( 'NONE', *, *, #3894, .T. ) ;
#5258 = FACE_OUTER_BOUND ( 'NONE', #4004, .T. ) ;
#5259 = EDGE_CURVE ( 'NONE', #7628, #3048, #6666, .T. ) ;
#5260 = ADVANCED_FACE ( 'NONE', ( #3125 ), #982, .F. ) ;
#5261 = ORIENTED_EDGE ( 'NONE', *, *, #8356, .T. ) ;
#5262 = DIRECTION ( 'NONE',  ( -0.9199794436588212300, 0.0000000000000000000, 0.3919666098600821400 ) ) ;
#5263 = DIRECTION ( 'NONE',  ( -0.9605181116313731300, 0.0000000000000000000, -0.2782174639164499700 ) ) ;
#5264 = EDGE_LOOP ( 'NONE', ( #8269, #4300, #5265, #9312, #4893 ) ) ;
#5265 = ORIENTED_EDGE ( 'NONE', *, *, #6632, .T. ) ;
#5266 = CARTESIAN_POINT ( 'NONE',  ( -0.7600648184867563300, 4.783776559169353300E-018, -0.4839291173353226800 ) ) ;
#5267 = CIRCLE ( 'NONE', #2479, 0.03906249999999999300 ) ;
#5268 = ORIENTED_EDGE ( 'NONE', *, *, #4660, .T. ) ;
#5269 = LINE ( 'NONE', #1431, #2257 ) ;
#5270 = DIRECTION ( 'NONE',  ( -0.9199794436588256700, 0.0000000000000000000, -0.3919666098600713100 ) ) ;
#5271 = ORIENTED_EDGE ( 'NONE', *, *, #2838, .T. ) ;
#5272 = PLANE ( 'NONE',  #6867 ) ;
#5273 = CARTESIAN_POINT ( 'NONE',  ( 0.8132860812362671100, 0.0000000000000000000, 0.3859090437750274900 ) ) ;
#5274 = DIRECTION ( 'NONE',  ( 0.9350162426854181600, 0.0000000000000000000, 0.3546048870425268000 ) ) ;
#5275 = EDGE_LOOP ( 'NONE', ( #984, #2396, #4169, #966 ) ) ;
#5276 = EDGE_LOOP ( 'NONE', ( #4497, #2641, #7527, #10418 ) ) ;
#5277 = CARTESIAN_POINT ( 'NONE',  ( 0.6222644748749960300, 0.01953124999999987900, -0.6513765212902850000 ) ) ;
#5278 = ADVANCED_FACE ( 'NONE', ( #9728 ), #3504, .F. ) ;
#5279 = MANIFOLD_SOLID_BREP ( 'CirPattern1[24]', #3233 ) ;
#5280 = ORIENTED_EDGE ( 'NONE', *, *, #7618, .T. ) ;
#5281 = CARTESIAN_POINT ( 'NONE',  ( -0.4605718422811487200, 0.0000000000000000000, -0.5198781401422347700 ) ) ;
#5282 = AXIS2_PLACEMENT_3D ( 'NONE', #4818, #4097, #4852 ) ;
#5283 = EDGE_CURVE ( 'NONE', #1134, #9584, #6806, .T. ) ;
#5284 = VECTOR ( 'NONE', #4615, 39.37007874015748900 ) ;
#5285 = DATE_TIME_ROLE ( 'creation_date' ) ;
#5286 = EDGE_LOOP ( 'NONE', ( #6993, #9636, #4358, #1749 ) ) ;
#5287 = ORIENTED_EDGE ( 'NONE', *, *, #932, .F. ) ;
#5288 = CARTESIAN_POINT ( 'NONE',  ( -0.7987837902757747300, -0.01953125000000015600, 0.4164719745341274300 ) ) ;
#5289 = ORIENTED_EDGE ( 'NONE', *, *, #2008, .T. ) ;
#5290 = DIRECTION ( 'NONE',  ( 0.9034504346103832100, 0.0000000000000000000, 0.4286925614030519500 ) ) ;
#5291 = DIRECTION ( 'NONE',  ( -0.9199794436588212300, 0.0000000000000000000, 0.3919666098600821400 ) ) ;
#5292 = DIRECTION ( 'NONE',  ( -0.08046656871671943600, -0.0000000000000000000, 0.9967573081342106000 ) ) ;
#5293 = VERTEX_POINT ( 'NONE', #19 ) ;
#5294 = CYLINDRICAL_SURFACE ( 'NONE', #10240, 0.03906250000000000700 ) ;
#5295 = ORIENTED_EDGE ( 'NONE', *, *, #942, .F. ) ;
#5296 = VERTEX_POINT ( 'NONE', #6539 ) ;
#5297 = DIRECTION ( 'NONE',  ( 0.3546048870425393400, 0.0000000000000000000, 0.9350162426854132800 ) ) ;
#5298 = ORIENTED_EDGE ( 'NONE', *, *, #9544, .F. ) ;
#5299 = AXIS2_PLACEMENT_3D ( 'NONE', #7863, #6899, #4553 ) ;
#5300 = EDGE_CURVE ( 'NONE', #6983, #4925, #3621, .T. ) ;
#5301 = DIRECTION ( 'NONE',  ( 0.9991889981715694800, 0.0000000000000000000, -0.04026594010941866900 ) ) ;
#5302 = FACE_OUTER_BOUND ( 'NONE', #4536, .T. ) ;
#5303 = CARTESIAN_POINT ( 'NONE',  ( -0.8132860812362620000, 0.0000000000000000000, 0.3859090437750384800 ) ) ;
#5304 = DIRECTION ( 'NONE',  ( 0.9350162426854133900, 0.0000000000000000000, -0.3546048870425394000 ) ) ;
#5305 = ORIENTED_EDGE ( 'NONE', *, *, #6317, .F. ) ;
#5306 = FACE_BOUND ( 'NONE', #6460, .T. ) ;
#5307 = ORIENTED_EDGE ( 'NONE', *, *, #5770, .T. ) ;
#5308 = DIRECTION ( 'NONE',  ( -0.7746049618276598100, 0.0000000000000000000, -0.6324453755953708400 ) ) ;
#5309 = AXIS2_PLACEMENT_3D ( 'NONE', #5523, #8057, #3951 ) ;
#5310 = ORIENTED_EDGE ( 'NONE', *, *, #7744, .F. ) ;
#5311 = DIRECTION ( 'NONE',  ( 0.3546048870425393400, 0.0000000000000000000, 0.9350162426854132800 ) ) ;
#5312 = DIRECTION ( 'NONE',  ( 0.9797906520422669000, 0.0000000000000000000, -0.2000256937760482600 ) ) ;
#5313 = DIRECTION ( 'NONE',  ( 0.1205366802553328900, 0.0000000000000000000, 0.9927088740980527500 ) ) ;
#5314 = VECTOR ( 'NONE', #1376, 39.37007874015748900 ) ;
#5315 = EDGE_CURVE ( 'NONE', #7419, #5413, #4768, .T. ) ;
#5316 = VERTEX_POINT ( 'NONE', #8857 ) ;
#5317 = AXIS2_PLACEMENT_3D ( 'NONE', #5443, #7903, #7222 ) ;
#5318 = LINE ( 'NONE', #427, #7234 ) ;
#5319 = ORIENTED_EDGE ( 'NONE', *, *, #6064, .F. ) ;
#5320 = CARTESIAN_POINT ( 'NONE',  ( 0.5407881862670297400, 0.01953124999999987900, 0.7196583756158310100 ) ) ;
#5321 = ORIENTED_EDGE ( 'NONE', *, *, #3576, .T. ) ;
#5322 = ADVANCED_FACE ( 'NONE', ( #1486 ), #1629, .T. ) ;
#5324 = CARTESIAN_POINT ( 'NONE',  ( -0.8417016216654136200, 0.0000000000000000000, -0.3192153193156827000 ) ) ;
#5323 = APPROVAL_ROLE ( '' ) ;
#5326 = VERTEX_POINT ( 'NONE', #6473 ) ;
#5325 = CARTESIAN_POINT ( 'NONE',  ( -0.8820075449684513500, 0.0000000000000000000, -0.1800631295371867300 ) ) ;
#5327 = CARTESIAN_POINT ( 'NONE',  ( 0.2154319609916540100, 0.0000000000000000000, -0.8740418240469335400 ) ) ;
#5328 = CIRCLE ( 'NONE', #8697, 0.03906250000000004200 ) ;
#5329 = AXIS2_PLACEMENT_3D ( 'NONE', #200, #5845, #2580 ) ;
#5330 = EDGE_LOOP ( 'NONE', ( #9985, #10408, #3971, #7718 ) ) ;
#5331 = VECTOR ( 'NONE', #5664, 39.37007874015748100 ) ;
#5332 = EDGE_CURVE ( 'NONE', #3963, #540, #6293, .T. ) ;
#5333 = ORIENTED_EDGE ( 'NONE', *, *, #1468, .T. ) ;
#5334 = DIRECTION ( 'NONE',  ( 0.8229838658936575700, 0.0000000000000000000, 0.5680647467311541500 ) ) ;
#5335 = PLANE ( 'NONE',  #3311 ) ;
#5336 = AXIS2_PLACEMENT_3D ( 'NONE', #6404, #3985, #4809 ) ;
#5337 = ORIENTED_EDGE ( 'NONE', *, *, #8155, .T. ) ;
#5338 = CARTESIAN_POINT ( 'NONE',  ( -0.6492264430988948800, 0.0000000000000000000, 0.6235904630293489500 ) ) ;
#5339 = VERTEX_POINT ( 'NONE', #3383 ) ;
#5340 = ORIENTED_EDGE ( 'NONE', *, *, #1241, .T. ) ;
#5341 = FACE_OUTER_BOUND ( 'NONE', #8633, .T. ) ;
#5342 = DIRECTION ( 'NONE',  ( -0.9967573081342106000, 0.0000000000000000000, -0.08046656871671795100 ) ) ;
#5343 = DIRECTION ( 'NONE',  ( 0.9870502626379126200, 0.0000000000000000000, -0.1604112808577614600 ) ) ;
#5344 = CARTESIAN_POINT ( 'NONE',  ( -0.5716034440564348200, 0.0000000000000000000, 0.3945493698421307900 ) ) ;
#5346 = CARTESIAN_POINT ( 'NONE',  ( -0.3528483421960461600, 0.0000000000000000000, -0.8281654951816711500 ) ) ;
#5345 = LINE ( 'NONE', #4613, #705 ) ;
#5347 = EDGE_CURVE ( 'NONE', #3176, #6094, #7432, .T. ) ;
#5348 = PLANE ( 'NONE',  #10184 ) ;
#5349 = CIRCLE ( 'NONE', #8732, 0.03906250000000002100 ) ;
#5350 = CARTESIAN_POINT ( 'NONE',  ( 0.7991273184867501200, 4.783776559169354800E-018, -0.4162708826646741600 ) ) ;
#5351 = DIRECTION ( 'NONE',  ( 0.8854560256532159100, 0.0000000000000000000, 0.4647231720437570200 ) ) ;
#5352 = CARTESIAN_POINT ( 'NONE',  ( 0.5407881862670297400, 0.0000000000000000000, 0.7196583756158310100 ) ) ;
#5353 = CIRCLE ( 'NONE', #10470, 0.03906250000000008300 ) ;
#5354 = DIRECTION ( 'NONE',  ( 0.5680647467311655800, 0.0000000000000000000, 0.8229838658936496900 ) ) ;
#5355 = LINE ( 'NONE', #215, #6377 ) ;
#5356 = FACE_BOUND ( 'NONE', #1567, .T. ) ;
#5357 = CARTESIAN_POINT ( 'NONE',  ( 0.6274914993586419000, 0.01953124999999988900, 0.2977484185224898400 ) ) ;
#5358 = EDGE_LOOP ( 'NONE', ( #8375, #3299, #5127, #789 ) ) ;
#5359 = AXIS2_PLACEMENT_3D ( 'NONE', #472, #6933, #7755 ) ;
#5360 = EDGE_CURVE ( 'NONE', #9813, #3684, #2866, .T. ) ;
#5361 = CARTESIAN_POINT ( 'NONE',  ( -0.2850645280200746500, 0.0000000000000000000, 0.8538725050408242400 ) ) ;
#5362 = LINE ( 'NONE', #1485, #1072 ) ;
#5363 = CYLINDRICAL_SURFACE ( 'NONE', #7909, 0.03906250000000004900 ) ;
#5364 = DIRECTION ( 'NONE',  ( -0.8229838658936574600, -0.0000000000000000000, -0.5680647467311541500 ) ) ;
#5365 = CYLINDRICAL_SURFACE ( 'NONE', #3152, 0.03906250000000003500 ) ;
#5366 = CARTESIAN_POINT ( 'NONE',  ( 0.5677043158479265800, 0.0000000000000000000, -0.6997126043411594500 ) ) ;
#5367 = AXIS2_PLACEMENT_3D ( 'NONE', #332, #5301, #6048 ) ;
#5368 = DIRECTION ( 'NONE',  ( -0.2000256937760363200, 0.0000000000000000000, 0.9797906520422693400 ) ) ;
#5369 = VERTEX_POINT ( 'NONE', #7433 ) ;
#5370 = ADVANCED_FACE ( 'NONE', ( #9335 ), #3367, .T. ) ;
#5371 = CARTESIAN_POINT ( 'NONE',  ( 0.5380018762373957000, 0.0000000000000000000, -0.4392649356197720900 ) ) ;
#5372 = VECTOR ( 'NONE', #3157, 39.37007874015748100 ) ;
#5373 = DIRECTION ( 'NONE',  ( 0.8451900855437904900, 0.0000000000000000000, -0.5344658261278078000 ) ) ;
#5374 = AXIS2_PLACEMENT_3D ( 'NONE', #579, #9446, #10334 ) ;
#5375 = EDGE_CURVE ( 'NONE', #2789, #6217, #3005, .T. ) ;
#5376 = FACE_OUTER_BOUND ( 'NONE', #6567, .T. ) ;
#5377 = DIRECTION ( 'NONE',  ( 0.8854560256532094700, 0.0000000000000000000, -0.4647231720437694500 ) ) ;
#5378 = DIRECTION ( 'NONE',  ( -0.7212024473438066700, 0.0000000000000000000, 0.6927243535096077000 ) ) ;
#5379 = CARTESIAN_POINT ( 'NONE',  ( 0.0000000000000000000, 0.01953124999999987200, 0.9687500000000001100 ) ) ;
#5380 = ORIENTED_EDGE ( 'NONE', *, *, #9043, .F. ) ;
#5381 = CARTESIAN_POINT ( 'NONE',  ( 0.8755262737747985200, 0.0000000000000000000, 0.2129311222819877700 ) ) ;
#5382 = CARTESIAN_POINT ( 'NONE',  ( 0.8646584040905621600, 0.0000000000000000000, 0.2504513610175883000 ) ) ;
#5383 = CIRCLE ( 'NONE', #359, 0.03906249999999998600 ) ;
#5384 = ORIENTED_EDGE ( 'NONE', *, *, #8201, .F. ) ;
#5385 = VECTOR ( 'NONE', #549, 39.37007874015748900 ) ;
#5386 = AXIS2_PLACEMENT_3D ( 'NONE', #4861, #8946, #44 ) ;
#5387 = CARTESIAN_POINT ( 'NONE',  ( 0.0000000000000000000, -0.01953125000000016700, 0.9002000000000001100 ) ) ;
#5388 = CARTESIAN_POINT ( 'NONE',  ( -0.8555533750655123200, 0.0000000000000000000, -0.2826912473357834900 ) ) ;
#5389 = EDGE_CURVE ( 'NONE', #8799, #3963, #1366, .T. ) ;
#5390 = ORIENTED_EDGE ( 'NONE', *, *, #9275, .T. ) ;
#5391 = DIRECTION ( 'NONE',  ( -0.8451900855437899400, 0.0000000000000000000, 0.5344658261278086900 ) ) ;
#5392 = ORIENTED_EDGE ( 'NONE', *, *, #5557, .F. ) ;
#5393 = ORIENTED_EDGE ( 'NONE', *, *, #9757, .T. ) ;
#5394 = AXIS2_PLACEMENT_3D ( 'NONE', #6483, #8131, #815 ) ;
#5395 = CARTESIAN_POINT ( 'NONE',  ( 0.2411183163326859100, -0.01953125000000015600, -0.6522316070297257100 ) ) ;
#5396 = CARTESIAN_POINT ( 'NONE',  ( -0.2722404088783202900, 0.0000000000000000000, -0.6389717225932345400 ) ) ;
#5397 = FACE_OUTER_BOUND ( 'NONE', #3848, .T. ) ;
#5399 = EDGE_LOOP ( 'NONE', ( #9126, #9004, #9001, #3168 ) ) ;
#5398 = EDGE_CURVE ( 'NONE', #8925, #4529, #5141, .T. ) ;
#5400 = CIRCLE ( 'NONE', #1649, 0.03906250000000005600 ) ;
#5401 = VERTEX_POINT ( 'NONE', #4190 ) ;
#5402 = DIRECTION ( 'NONE',  ( 0.9870502626379126200, 0.0000000000000000000, -0.1604112808577617400 ) ) ;
#5403 = DIRECTION ( 'NONE',  ( 0.4647231720437694500, 0.0000000000000000000, 0.8854560256532094700 ) ) ;
#5404 = VERTEX_POINT ( 'NONE', #7507 ) ;
#5405 = ORIENTED_EDGE ( 'NONE', *, *, #6760, .F. ) ;
#5406 = DIRECTION ( 'NONE',  ( -0.7485107481710957500, 0.0000000000000000000, 0.6631226582408013000 ) ) ;
#5407 = DIRECTION ( 'NONE',  ( -0.7212024473438064500, 0.0000000000000000000, 0.6927243535096075900 ) ) ;
#5408 = PLANE ( 'NONE',  #6117 ) ;
#5409 = CIRCLE ( 'NONE', #4980, 0.03906250000000002100 ) ;
#5410 = EDGE_CURVE ( 'NONE', #10089, #8549, #8458, .T. ) ;
#5411 = VERTEX_POINT ( 'NONE', #6610 ) ;
#5412 = VECTOR ( 'NONE', #9862, 39.37007874015747400 ) ;
#5413 = VERTEX_POINT ( 'NONE', #2507 ) ;
#5414 = CARTESIAN_POINT ( 'NONE',  ( 0.6014979441984805700, 0.0000000000000000000, -0.3472750000000030000 ) ) ;
#5415 = DIRECTION ( 'NONE',  ( -0.08046656871673291100, 0.0000000000000000000, -0.9967573081342093700 ) ) ;
#5416 = ORIENTED_EDGE ( 'NONE', *, *, #7722, .T. ) ;
#5417 = CARTESIAN_POINT ( 'NONE',  ( -0.1990627992984122000, -0.01953125000000015600, -0.6662718016058972700 ) ) ;
#5418 = EDGE_LOOP ( 'NONE', ( #9734, #7600 ) ) ;
#5419 = CARTESIAN_POINT ( 'NONE',  ( -0.8132860812362620000, -0.01953125000000016700, 0.3859090437750384800 ) ) ;
#5420 = DIRECTION ( 'NONE',  ( 0.6927243535096075900, 0.0000000000000000000, 0.7212024473438066700 ) ) ;
#5421 = DIRECTION ( 'NONE',  ( 0.0000000000000000000, -1.000000000000000000, -6.123233995736766000E-017 ) ) ;
#5422 = ORIENTED_EDGE ( 'NONE', *, *, #10393, .T. ) ;
#5423 = DIRECTION ( 'NONE',  ( 0.2782174639164617400, 0.0000000000000000000, 0.9605181116313696900 ) ) ;
#5424 = FACE_OUTER_BOUND ( 'NONE', #1472, .T. ) ;
#5425 = AXIS2_PLACEMENT_3D ( 'NONE', #5467, #4723, #7966 ) ;
#5426 = ORIENTED_EDGE ( 'NONE', *, *, #9247, .T. ) ;
#5427 = VERTEX_POINT ( 'NONE', #263 ) ;
#5428 = CARTESIAN_POINT ( 'NONE',  ( -0.05588805530220686300, 0.0000000000000000000, -0.6922977883646154200 ) ) ;
#5429 = ORIENTED_EDGE ( 'NONE', *, *, #5187, .T. ) ;
#5430 = CARTESIAN_POINT ( 'NONE',  ( 0.6492264430989030900, 0.0000000000000000000, 0.6235904630293402900 ) ) ;
#5431 = DIRECTION ( 'NONE',  ( 0.9709418174260535700, 0.0000000000000000000, 0.2393156642875516300 ) ) ;
#5432 = ADVANCED_FACE ( 'NONE', ( #4121 ), #3248, .F. ) ;
#5433 = DIRECTION ( 'NONE',  ( -0.2782174639164499100, 0.0000000000000000000, 0.9605181116313730200 ) ) ;
#5434 = AXIS2_PLACEMENT_3D ( 'NONE', #10253, #10179, #5311 ) ;
#5435 = EDGE_CURVE ( 'NONE', #4237, #9772, #9206, .T. ) ;
#5436 = LOCAL_TIME ( 9, 36, 49.00000000000000000, #2767 ) ;
#5437 = DIRECTION ( 'NONE',  ( 0.3919666098600698100, 0.0000000000000000000, -0.9199794436588264500 ) ) ;
#5438 = ORIENTED_EDGE ( 'NONE', *, *, #10436, .F. ) ;
#5439 = CIRCLE ( 'NONE', #2994, 0.03906250000000002100 ) ;
#5440 = ORIENTED_EDGE ( 'NONE', *, *, #7356, .T. ) ;
#5441 = DIRECTION ( 'NONE',  ( -0.8451900855437982600, 0.0000000000000000000, -0.5344658261277954700 ) ) ;
#5442 = ORIENTED_EDGE ( 'NONE', *, *, #993, .T. ) ;
#5443 = CARTESIAN_POINT ( 'NONE',  ( 0.3227734791430002000, 0.0000000000000000000, 0.6149934826174369200 ) ) ;
#5444 = ORIENTED_EDGE ( 'NONE', *, *, #2851, .T. ) ;
#5445 = CARTESIAN_POINT ( 'NONE',  ( 0.6492264430989030900, 0.0000000000000000000, 0.6235904630293402900 ) ) ;
#5446 = LINE ( 'NONE', #9924, #1286 ) ;
#5447 = ORIENTED_EDGE ( 'NONE', *, *, #9397, .F. ) ;
#5448 = AXIS2_PLACEMENT_3D ( 'NONE', #7630, #379, #4337 ) ;
#5449 = EDGE_CURVE ( 'NONE', #4806, #7946, #1117, .T. ) ;
#5450 = DIRECTION ( 'NONE',  ( -0.7212024473438066700, 0.0000000000000000000, 0.6927243535096077000 ) ) ;
#5451 = ORIENTED_EDGE ( 'NONE', *, *, #2923, .F. ) ;
#5452 = CARTESIAN_POINT ( 'NONE',  ( 0.6726606965348197500, 0.01953124999999986500, 0.5991928208156194200 ) ) ;
#5453 = CARTESIAN_POINT ( 'NONE',  ( 0.6972993866372522200, 0.0000000000000000000, -0.5693273271109621200 ) ) ;
#5454 = CARTESIAN_POINT ( 'NONE',  ( 0.5380018762373957000, 0.0000000000000000000, -0.4392649356197720900 ) ) ;
#5455 = ORIENTED_EDGE ( 'NONE', *, *, #3576, .F. ) ;
#5456 = CIRCLE ( 'NONE', #8032, 0.03906250000000003500 ) ;
#5457 = ORIENTED_EDGE ( 'NONE', *, *, #4073, .T. ) ;
#5458 = CIRCLE ( 'NONE', #2225, 0.03906250000000000000 ) ;
#5459 = CARTESIAN_POINT ( 'NONE',  ( -0.7600672050486967400, 0.01953124999999987900, 0.4835310672429953300 ) ) ;
#5460 = ORIENTED_EDGE ( 'NONE', *, *, #5332, .F. ) ;
#5461 = DIRECTION ( 'NONE',  ( 0.08046656871671943600, 0.0000000000000000000, -0.9967573081342106000 ) ) ;
#5462 = DIRECTION ( 'NONE',  ( 0.1604112808577474500, -0.0000000000000000000, -0.9870502626379148400 ) ) ;
#5463 = EDGE_CURVE ( 'NONE', #3483, #6247, #7063, .T. ) ;
#5464 = AXIS2_PLACEMENT_3D ( 'NONE', #4784, #8000, #782 ) ;
#5465 = ORIENTED_EDGE ( 'NONE', *, *, #7282, .F. ) ;
#5466 = VECTOR ( 'NONE', #9504, 39.37007874015748100 ) ;
#5467 = CARTESIAN_POINT ( 'NONE',  ( 0.7795960684867498900, 0.0000000000000000000, -0.4501000000000037700 ) ) ;
#5468 = EDGE_LOOP ( 'NONE', ( #3673, #6961, #979, #924 ) ) ;
#5469 = DIRECTION ( 'NONE',  ( 0.9870502626379149500, 0.0000000000000000000, 0.1604112808577475300 ) ) ;
#5470 = EDGE_CURVE ( 'NONE', #5369, #7667, #4891, .T. ) ;
#5471 = LINE ( 'NONE', #3295, #3558 ) ;
#5472 = DIRECTION ( 'NONE',  ( -0.5344658261278078000, 0.0000000000000000000, -0.8451900855437904900 ) ) ;
#5473 = DIRECTION ( 'NONE',  ( 0.2782174639164617400, 0.0000000000000000000, 0.9605181116313696900 ) ) ;
#5474 = ADVANCED_FACE ( 'NONE', ( #9844 ), #7584, .T. ) ;
#5475 = CARTESIAN_POINT ( 'NONE',  ( -0.3902010965804240700, -0.01953125000000015600, 0.5755755518671049600 ) ) ;
#5476 = AXIS2_PLACEMENT_3D ( 'NONE', #6721, #6752, #4970 ) ;
#5477 = ORIENTED_EDGE ( 'NONE', *, *, #1594, .T. ) ;
#5478 = EDGE_CURVE ( 'NONE', #3963, #2473, #9600, .T. ) ;
#5479 = DIRECTION ( 'NONE',  ( -0.5344658261278078000, 0.0000000000000000000, -0.8451900855437904900 ) ) ;
#5480 = CYLINDRICAL_SURFACE ( 'NONE', #3556, 0.03906250000000002100 ) ;
#5481 = LINE ( 'NONE', #2800, #10312 ) ;
#5482 = ADVANCED_FACE ( 'NONE', ( #2749 ), #1177, .F. ) ;
#5483 = DIRECTION ( 'NONE',  ( -0.08046656871673289700, 0.0000000000000000000, -0.9967573081342092600 ) ) ;
#5484 = LINE ( 'NONE', #7380, #1440 ) ;
#5485 = VECTOR ( 'NONE', #4581, 39.37007874015748100 ) ;
#5486 = CARTESIAN_POINT ( 'NONE',  ( 0.8994699361540469100, 0.0000000000000000000, -0.03624739928649869200 ) ) ;
#5487 = CARTESIAN_POINT ( 'NONE',  ( 0.07243600515879085300, 0.0000000000000000000, -0.8972809287824163900 ) ) ;
#5488 = AXIS2_PLACEMENT_3D ( 'NONE', #317, #2006, #1167 ) ;
#5489 = EDGE_CURVE ( 'NONE', #4946, #660, #2601, .T. ) ;
#5490 = LINE ( 'NONE', #459, #3328 ) ;
#5491 = VECTOR ( 'NONE', #1449, 39.37007874015748100 ) ;
#5492 = VECTOR ( 'NONE', #10041, 39.37007874015748100 ) ;
#5493 = DIRECTION ( 'NONE',  ( 0.2393156642875516300, 0.0000000000000000000, -0.9709418174260535700 ) ) ;
#5494 = DIRECTION ( 'NONE',  ( 0.9797906520422669000, 0.0000000000000000000, -0.2000256937760482600 ) ) ;
#5495 = DIRECTION ( 'NONE',  ( 0.7994427634035007300, 0.0000000000000000000, -0.6007422642379795000 ) ) ;
#5496 = ORIENTED_EDGE ( 'NONE', *, *, #465, .F. ) ;
#5497 = DIRECTION ( 'NONE',  ( -0.6631226582408011900, 0.0000000000000000000, -0.7485107481710956400 ) ) ;
#5498 = DIRECTION ( 'NONE',  ( -0.9199794436588266700, 0.0000000000000000000, -0.3919666098600689800 ) ) ;
#5499 = FACE_OUTER_BOUND ( 'NONE', #8347, .T. ) ;
#5500 = CARTESIAN_POINT ( 'NONE',  ( -0.1110111958774982800, 0.01953124999999987900, 0.8939692184686984800 ) ) ;
#5501 = DIRECTION ( 'NONE',  ( 0.9991889981715694800, 0.0000000000000000000, -0.04026594010941866900 ) ) ;
#5502 = LINE ( 'NONE', #442, #1574 ) ;
#5503 = MANIFOLD_SOLID_BREP ( 'CirPattern1[13]', #5838 ) ;
#5504 = AXIS2_PLACEMENT_3D ( 'NONE', #6626, #9898, #4926 ) ;
#5505 = EDGE_CURVE ( 'NONE', #2162, #3775, #10360, .T. ) ;
#5506 = DIRECTION ( 'NONE',  ( -0.9605181116313730200, -0.0000000000000000000, -0.2782174639164499100 ) ) ;
#5507 = ORIENTED_EDGE ( 'NONE', *, *, #3861, .T. ) ;
#5508 = LINE ( 'NONE', #3780, #10339 ) ;
#5509 = CARTESIAN_POINT ( 'NONE',  ( 0.03906250000000003500, 0.0000000000000000000, 0.6945500000000002200 ) ) ;
#5510 = AXIS2_PLACEMENT_3D ( 'NONE', #5803, #3250, #4299 ) ;
#5511 = VERTEX_POINT ( 'NONE', #5111 ) ;
#5512 = DIRECTION ( 'NONE',  ( 0.2782174639164631800, 0.0000000000000000000, 0.9605181116313692400 ) ) ;
#5513 = VECTOR ( 'NONE', #1042, 39.37007874015748100 ) ;
#5514 = ORIENTED_EDGE ( 'NONE', *, *, #1974, .T. ) ;
#5515 = ORIENTED_EDGE ( 'NONE', *, *, #3681, .F. ) ;
#5516 = EDGE_CURVE ( 'NONE', #3252, #4364, #7965, .T. ) ;
#5517 = DIRECTION ( 'NONE',  ( -0.04026594010941938300, 0.0000000000000000000, -0.9991889981715693600 ) ) ;
#5518 = EDGE_CURVE ( 'NONE', #4686, #961, #6529, .T. ) ;
#5519 = LINE ( 'NONE', #3042, #6162 ) ;
#5520 = ORIENTED_EDGE ( 'NONE', *, *, #478, .F. ) ;
#5521 = CARTESIAN_POINT ( 'NONE',  ( -0.5407881862670197400, 0.0000000000000000000, 0.7196583756158385600 ) ) ;
#5522 = FACE_OUTER_BOUND ( 'NONE', #6159, .T. ) ;
#5523 = CARTESIAN_POINT ( 'NONE',  ( 0.5716034440564400400, 0.0000000000000000000, 0.3945493698421233000 ) ) ;
#5524 = DIRECTION ( 'NONE',  ( 0.9485364419471457000, 0.0000000000000000000, -0.3166679938014719800 ) ) ;
#5525 = CARTESIAN_POINT ( 'NONE',  ( 0.6221668980399344100, 4.783776559169353300E-018, 0.6517624336287081200 ) ) ;
#5526 = VERTEX_POINT ( 'NONE', #9158 ) ;
#5527 = ORIENTED_EDGE ( 'NONE', *, *, #3206, .T. ) ;
#5528 = EDGE_LOOP ( 'NONE', ( #2266, #8049, #8964, #8063 ) ) ;
#5529 = DIRECTION ( 'NONE',  ( -0.0000000000000000000, -1.000000000000000000, -6.123233995736766000E-017 ) ) ;
#5530 = LINE ( 'NONE', #8027, #5006 ) ;
#5532 = CARTESIAN_POINT ( 'NONE',  ( 0.2722404088783115800, 0.01953124999999988900, -0.6389717225932380900 ) ) ;
#5531 = AXIS2_PLACEMENT_3D ( 'NONE', #10300, #10326, #9579 ) ;
#5533 = CARTESIAN_POINT ( 'NONE',  ( 0.6894859485048038300, 0.0000000000000000000, 0.08371875127133247800 ) ) ;
#5534 = ORIENTED_EDGE ( 'NONE', *, *, #4856, .T. ) ;
#5535 = ADVANCED_FACE ( 'NONE', ( #4640 ), #292, .F. ) ;
#5536 = DIRECTION ( 'NONE',  ( -0.9605181116313692400, 0.0000000000000000000, 0.2782174639164631800 ) ) ;
#5537 = VECTOR ( 'NONE', #2182, 39.37007874015748100 ) ;
#5538 = EDGE_CURVE ( 'NONE', #7771, #8621, #10233, .T. ) ;
#5539 = CARTESIAN_POINT ( 'NONE',  ( 0.3887850392139578500, 4.783776559169353300E-018, -0.8128542994840166600 ) ) ;
#5540 = VERTEX_POINT ( 'NONE', #1906 ) ;
#5541 = AXIS2_PLACEMENT_3D ( 'NONE', #10034, #8337, #1952 ) ;
#5542 = VERTEX_POINT ( 'NONE', #9300 ) ;
#5543 = DIRECTION ( 'NONE',  ( -0.9927088740980527500, 0.0000000000000000000, 0.1205366802553338000 ) ) ;
#5544 = ORIENTED_EDGE ( 'NONE', *, *, #3149, .T. ) ;
#5545 = EDGE_CURVE ( 'NONE', #6349, #247, #4366, .T. ) ;
#5546 = CARTESIAN_POINT ( 'NONE',  ( -0.8300318844160691200, 4.783776559169353300E-018, 0.3506180111730705700 ) ) ;
#5547 = ORIENTED_EDGE ( 'NONE', *, *, #4053, .T. ) ;
#5548 = CIRCLE ( 'NONE', #5504, 0.03906249999999994400 ) ;
#5549 = ORIENTED_EDGE ( 'NONE', *, *, #3180, .T. ) ;
#5550 = CARTESIAN_POINT ( 'NONE',  ( 0.2199417550948133100, 0.0000000000000000000, 0.6588059857543902000 ) ) ;
#5551 = EDGE_LOOP ( 'NONE', ( #5015, #9595, #9968, #415 ) ) ;
#5552 = CARTESIAN_POINT ( 'NONE',  ( -0.5969430169483694900, -0.01953125000000016700, -0.6738093755036204100 ) ) ;
#5553 = VERTEX_POINT ( 'NONE', #2020 ) ;
#5554 = CARTESIAN_POINT ( 'NONE',  ( -0.4484737725719311100, 4.783776559169353300E-018, 0.5317864766251114700 ) ) ;
#5555 = DIRECTION ( 'NONE',  ( -0.9927088740980526400, 0.0000000000000000000, 0.1205366802553337900 ) ) ;
#5556 = EDGE_LOOP ( 'NONE', ( #4223, #3244, #6863, #6593 ) ) ;
#5557 = EDGE_CURVE ( 'NONE', #2040, #9851, #8324, .T. ) ;
#5558 = LINE ( 'NONE', #1622, #1009 ) ;
#5559 = VERTEX_POINT ( 'NONE', #4450 ) ;
#5560 = CARTESIAN_POINT ( 'NONE',  ( 0.8936365284630687400, 0.0000000000000000000, 0.1085071195658390300 ) ) ;
#5561 = ORIENTED_EDGE ( 'NONE', *, *, #9027, .T. ) ;
#5562 = ORIENTED_EDGE ( 'NONE', *, *, #5029, .F. ) ;
#5563 = CARTESIAN_POINT ( 'NONE',  ( 0.4183437994738012900, 0.0000000000000000000, 0.7970875142930192700 ) ) ;
#5564 = DIRECTION ( 'NONE',  ( -0.4647231720437694500, -0.0000000000000000000, -0.8854560256532094700 ) ) ;
#5565 = CARTESIAN_POINT ( 'NONE',  ( -0.1662166946309281700, 0.0000000000000000000, -0.6743676392932636000 ) ) ;
#5566 = CARTESIAN_POINT ( 'NONE',  ( -0.4442899826725388900, -0.01953125000000014600, 0.5349303907767093400 ) ) ;
#5567 = LINE ( 'NONE', #824, #9372 ) ;
#5568 = ORIENTED_EDGE ( 'NONE', *, *, #7761, .T. ) ;
#5569 = FACE_OUTER_BOUND ( 'NONE', #8249, .T. ) ;
#5570 = ORIENTED_EDGE ( 'NONE', *, *, #4760, .F. ) ;
#5571 = CARTESIAN_POINT ( 'NONE',  ( -0.6494155313571574600, 0.0000000000000000000, -0.2462908242953870700 ) ) ;
#5572 = EDGE_LOOP ( 'NONE', ( #4426, #6043, #4165, #7857, #9274 ) ) ;
#5573 = DIRECTION ( 'NONE',  ( -0.08046656871673291100, 0.0000000000000000000, -0.9967573081342093700 ) ) ;
#5574 = DIRECTION ( 'NONE',  ( -0.3919666098600698100, 0.0000000000000000000, 0.9199794436588264500 ) ) ;
#5575 = CARTESIAN_POINT ( 'NONE',  ( -0.6972993866372594300, 0.0000000000000000000, -0.5693273271109529100 ) ) ;
#5576 = AXIS2_PLACEMENT_3D ( 'NONE', #1114, #5088, #973 ) ;
#5577 = EDGE_CURVE ( 'NONE', #163, #1353, #5896, .T. ) ;
#5578 = CARTESIAN_POINT ( 'NONE',  ( 0.8537905344063258000, 4.783776559169353300E-018, 0.2879715997531888700 ) ) ;
#5579 = CYLINDRICAL_SURFACE ( 'NONE', #9068, 0.03906250000000002100 ) ;
#5580 = DIRECTION ( 'NONE',  ( -0.4647231720437573500, 0.0000000000000000000, 0.8854560256532157900 ) ) ;
#5581 = EDGE_LOOP ( 'NONE', ( #6693, #5455, #11, #9724 ) ) ;
#5582 = DIRECTION ( 'NONE',  ( 0.9870502626379149500, 0.0000000000000000000, 0.1604112808577476400 ) ) ;
#5583 = VECTOR ( 'NONE', #3812, 39.37007874015748100 ) ;
#5584 = ORIENTED_EDGE ( 'NONE', *, *, #8518, .F. ) ;
#5585 = AXIS2_PLACEMENT_3D ( 'NONE', #9961, #1922, #5125 ) ;
#5586 = EDGE_LOOP ( 'NONE', ( #406, #1760, #4082, #7981, #8647 ) ) ;
#5587 = DIRECTION ( 'NONE',  ( 0.7746049618276514800, 0.0000000000000000000, -0.6324453755953809400 ) ) ;
#5588 = DIRECTION ( 'NONE',  ( 0.5680647467311540400, 0.0000000000000000000, -0.8229838658936575700 ) ) ;
#5589 = DIRECTION ( 'NONE',  ( 1.000000000000000000, 0.0000000000000000000, 0.0000000000000000000 ) ) ;
#5590 = ORIENTED_EDGE ( 'NONE', *, *, #1798, .F. ) ;
#5591 = AXIS2_PLACEMENT_3D ( 'NONE', #7900, #10372, #7076 ) ;
#5592 = EDGE_CURVE ( 'NONE', #3264, #3380, #1103, .T. ) ;
#5593 = CIRCLE ( 'NONE', #7269, 0.03906250000000002100 ) ;
#5594 = EDGE_LOOP ( 'NONE', ( #5831, #8845, #3179, #6543 ) ) ;
#5595 = CIRCLE ( 'NONE', #7658, 0.03906249999999999300 ) ;
#5596 = ADVANCED_FACE ( 'NONE', ( #1599 ), #5775, .F. ) ;
#5597 = ORIENTED_EDGE ( 'NONE', *, *, #2632, .T. ) ;
#5598 = DIRECTION ( 'NONE',  ( -0.4286925614030641700, 0.0000000000000000000, -0.9034504346103774400 ) ) ;
#5599 = ORIENTED_EDGE ( 'NONE', *, *, #1375, .F. ) ;
#5600 = ORIENTED_EDGE ( 'NONE', *, *, #1438, .F. ) ;
#5601 = CARTESIAN_POINT ( 'NONE',  ( 0.1990627992984030600, -0.01953125000000006900, -0.6662718016058996100 ) ) ;
#5602 = AXIS2_PLACEMENT_3D ( 'NONE', #4114, #9937, #3336 ) ;
#5603 = ORIENTED_EDGE ( 'NONE', *, *, #3223, .T. ) ;
#5604 = LINE ( 'NONE', #6804, #4829 ) ;
#5605 = EDGE_CURVE ( 'NONE', #9955, #6054, #351, .T. ) ;
#5606 = AXIS2_PLACEMENT_3D ( 'NONE', #2734, #7606, #313 ) ;
#5607 = DIRECTION ( 'NONE',  ( 0.9991889981715694800, 0.0000000000000000000, -0.04026594010941866900 ) ) ;
#5608 = CARTESIAN_POINT ( 'NONE',  ( 0.4605718422811416700, 0.0000000000000000000, -0.5198781401422409900 ) ) ;
#5609 = EDGE_CURVE ( 'NONE', #2040, #2772, #9193, .T. ) ;
#5610 = DIRECTION ( 'NONE',  ( -0.2393156642875516300, 0.0000000000000000000, 0.9709418174260535700 ) ) ;
#5611 = CIRCLE ( 'NONE', #1936, 0.03906249999999998600 ) ;
#5612 = CYLINDRICAL_SURFACE ( 'NONE', #747, 0.03906249999999997200 ) ;
#5613 = CARTESIAN_POINT ( 'NONE',  ( 0.6222644748749959200, -0.01953125000000016700, -0.6513765212902851200 ) ) ;
#5614 = DIRECTION ( 'NONE',  ( 0.6007422642379689500, -0.0000000000000000000, -0.7994427634035086200 ) ) ;
#5615 = AXIS2_PLACEMENT_3D ( 'NONE', #5560, #10386, #1427 ) ;
#5616 = EDGE_CURVE ( 'NONE', #7052, #1401, #2992, .T. ) ;
#5617 = PLANE ( 'NONE',  #806 ) ;
#5618 = CIRCLE ( 'NONE', #8511, 0.03906250000000004200 ) ;
#5619 = VECTOR ( 'NONE', #7532, 39.37007874015747400 ) ;
#5620 = DIRECTION ( 'NONE',  ( 0.1604112808577605700, 0.0000000000000000000, 0.9870502626379128500 ) ) ;
#5621 = FACE_BOUND ( 'NONE', #7125, .T. ) ;
#5623 = DIRECTION ( 'NONE',  ( 0.2782174639164631800, 0.0000000000000000000, 0.9605181116313692400 ) ) ;
#5622 = CARTESIAN_POINT ( 'NONE',  ( -0.3171526786115409500, 0.01953124999999987900, 0.8431599063221711900 ) ) ;
#5624 = DIRECTION ( 'NONE',  ( 0.9034504346103832100, 0.0000000000000000000, 0.4286925614030519500 ) ) ;
#5625 = ORIENTED_EDGE ( 'NONE', *, *, #1524, .F. ) ;
#5626 = LINE ( 'NONE', #9281, #7922 ) ;
#5627 = AXIS2_PLACEMENT_3D ( 'NONE', #2269, #3140, #9664 ) ;
#5628 = VECTOR ( 'NONE', #5297, 39.37007874015748900 ) ;
#5629 = CYLINDRICAL_SURFACE ( 'NONE', #4214, 0.03906250000000002100 ) ;
#5630 = DIRECTION ( 'NONE',  ( 0.4286925614030527900, 0.0000000000000000000, -0.9034504346103829900 ) ) ;
#5631 = VERTEX_POINT ( 'NONE', #3800 ) ;
#5632 = AXIS2_PLACEMENT_3D ( 'NONE', #5109, #408, #3561 ) ;
#5633 = EDGE_CURVE ( 'NONE', #5036, #7590, #8947, .T. ) ;
#5634 = CARTESIAN_POINT ( 'NONE',  ( 0.7795960684867498900, 0.0000000000000000000, -0.4501000000000037700 ) ) ;
#5635 = LINE ( 'NONE', #2409, #2585 ) ;
#5636 = CARTESIAN_POINT ( 'NONE',  ( 0.1775045462484487700, 0.0000000000000000000, -0.8833900921831660000 ) ) ;
#5637 = ORIENTED_EDGE ( 'NONE', *, *, #5609, .F. ) ;
#5638 = CIRCLE ( 'NONE', #9176, 0.03906250000000004200 ) ;
#5639 = CARTESIAN_POINT ( 'NONE',  ( 0.1058455841438625900, 4.783776559169353300E-018, 0.8948087120851555600 ) ) ;
#5640 = CARTESIAN_POINT ( 'NONE',  ( 0.3528483421960348900, 0.0000000000000000000, -0.8281654951816757000 ) ) ;
#5641 = ADVANCED_FACE ( 'NONE', ( #5397 ), #7040, .F. ) ;
#5642 = ORIENTED_EDGE ( 'NONE', *, *, #7576, .F. ) ;
#5643 = CLOSED_SHELL ( 'NONE', ( #8831, #9767, #9893, #9046 ) ) ;
#5644 = CARTESIAN_POINT ( 'NONE',  ( 0.6972993866372522200, 0.0000000000000000000, -0.5693273271109621200 ) ) ;
#5645 = DIRECTION ( 'NONE',  ( -0.6324453755953809400, 0.0000000000000000000, -0.7746049618276515900 ) ) ;
#5646 = VECTOR ( 'NONE', #6168, 39.37007874015748100 ) ;
#5647 = EDGE_LOOP ( 'NONE', ( #6560, #3031, #3753, #225, #10141 ) ) ;
#5648 = AXIS2_PLACEMENT_3D ( 'NONE', #9240, #236, #2688 ) ;
#5649 = EDGE_CURVE ( 'NONE', #2052, #1869, #3858, .T. ) ;
#5650 = FACE_OUTER_BOUND ( 'NONE', #117, .T. ) ;
#5651 = PLANE ( 'NONE',  #2949 ) ;
#5652 = EDGE_LOOP ( 'NONE', ( #6330, #9824, #5932, #6039 ) ) ;
#5653 = EDGE_LOOP ( 'NONE', ( #8076, #3741, #7987, #8092 ) ) ;
#5654 = EDGE_LOOP ( 'NONE', ( #8606, #5692 ) ) ;
#5655 = VERTEX_POINT ( 'NONE', #10276 ) ;
#5657 = CARTESIAN_POINT ( 'NONE',  ( 0.1662166946309190400, -0.01953125000000015600, -0.6743676392932657100 ) ) ;
#5656 = CARTESIAN_POINT ( 'NONE',  ( -0.3837556734717116900, 0.0000000000000000000, 0.8152407632009843800 ) ) ;
#5658 = FACE_OUTER_BOUND ( 'NONE', #3628, .T. ) ;
#5659 = ORIENTED_EDGE ( 'NONE', *, *, #8033, .F. ) ;
#5660 = FACE_OUTER_BOUND ( 'NONE', #5586, .T. ) ;
#5661 = ORIENTED_EDGE ( 'NONE', *, *, #4670, .F. ) ;
#5662 = EDGE_CURVE ( 'NONE', #3602, #10260, #7826, .T. ) ;
#5663 = ORIENTED_EDGE ( 'NONE', *, *, #5955, .T. ) ;
#5664 = DIRECTION ( 'NONE',  ( 0.9797906520422667900, 0.0000000000000000000, -0.2000256937760482600 ) ) ;
#5665 = ORIENTED_EDGE ( 'NONE', *, *, #7465, .T. ) ;
#5666 = AXIS2_PLACEMENT_3D ( 'NONE', #5, #884, #4008 ) ;
#5667 = VECTOR ( 'NONE', #3950, 39.37007874015748900 ) ;
#5668 = DIRECTION ( 'NONE',  ( -0.2393156642875647600, 0.0000000000000000000, -0.9709418174260503500 ) ) ;
#5669 = ADVANCED_FACE ( 'NONE', ( #2243 ), #7051, .F. ) ;
#5670 = CARTESIAN_POINT ( 'NONE',  ( 0.3221167327836466600, 0.0000000000000000000, 0.8415026615329505000 ) ) ;
#5671 = VERTEX_POINT ( 'NONE', #6942 ) ;
#5672 = FACE_OUTER_BOUND ( 'NONE', #9934, .T. ) ;
#5673 = EDGE_LOOP ( 'NONE', ( #3980, #8132, #2379, #6104 ) ) ;
#5674 = EDGE_LOOP ( 'NONE', ( #3733, #8358, #7105, #6097 ) ) ;
#5675 = EDGE_LOOP ( 'NONE', ( #4708, #8842, #2259, #6596 ) ) ;
#5677 = DIRECTION ( 'NONE',  ( -1.000000000000000000, 0.0000000000000000000, 0.0000000000000000000 ) ) ;
#5676 = AXIS2_PLACEMENT_3D ( 'NONE', #1705, #908, #1841 ) ;
#5678 = DIRECTION ( 'NONE',  ( -0.9199794436588264500, 0.0000000000000000000, -0.3919666098600698100 ) ) ;
#5679 = EDGE_CURVE ( 'NONE', #2674, #258, #227, .T. ) ;
#5680 = ORIENTED_EDGE ( 'NONE', *, *, #8218, .F. ) ;
#5681 = LINE ( 'NONE', #1277, #6555 ) ;
#5682 = ORIENTED_EDGE ( 'NONE', *, *, #385, .T. ) ;
#5683 = DIRECTION ( 'NONE',  ( -0.5344658261277963600, 0.0000000000000000000, 0.8451900855437978200 ) ) ;
#5684 = ORIENTED_EDGE ( 'NONE', *, *, #7326, .F. ) ;
#5685 = ORIENTED_EDGE ( 'NONE', *, *, #4153, .F. ) ;
#5686 = CARTESIAN_POINT ( 'NONE',  ( 0.6257921896629865500, 0.01953124999999987900, 0.6479881052430612700 ) ) ;
#5687 = ORIENTED_EDGE ( 'NONE', *, *, #4309, .T. ) ;
#5688 = DIRECTION ( 'NONE',  ( 0.9034504346103833200, 0.0000000000000000000, 0.4286925614030520100 ) ) ;
#5689 = LINE ( 'NONE', #1667, #5940 ) ;
#5690 = DIRECTION ( 'NONE',  ( 0.5680647467311649200, 0.0000000000000000000, 0.8229838658936499100 ) ) ;
#5691 = ORIENTED_EDGE ( 'NONE', *, *, #7270, .F. ) ;
#5692 = ORIENTED_EDGE ( 'NONE', *, *, #8898, .T. ) ;
#5693 = CARTESIAN_POINT ( 'NONE',  ( 0.7186944554564550500, 0.01953124999999987900, -0.5431231249687659100 ) ) ;
#5694 = ADVANCED_FACE ( 'NONE', ( #9833 ), #7871, .F. ) ;
#5695 = EDGE_CURVE ( 'NONE', #1023, #10278, #4877, .T. ) ;
#5696 = VECTOR ( 'NONE', #470, 39.37007874015748100 ) ;
#5697 = DIRECTION ( 'NONE',  ( 0.8660254037844363800, 0.0000000000000000000, -0.5000000000000041100 ) ) ;
#5698 = EDGE_LOOP ( 'NONE', ( #1534, #5416 ) ) ;
#5699 = FACE_OUTER_BOUND ( 'NONE', #10494, .T. ) ;
#5700 = ORIENTED_EDGE ( 'NONE', *, *, #5756, .F. ) ;
#5701 = CARTESIAN_POINT ( 'NONE',  ( -0.1662166946309281700, -0.01953125000000015600, -0.6743676392932636000 ) ) ;
#5702 = ORIENTED_EDGE ( 'NONE', *, *, #364, .F. ) ;
#5703 = DIRECTION ( 'NONE',  ( -0.6324453755953717300, 0.0000000000000000000, 0.7746049618276591400 ) ) ;
#5704 = DIRECTION ( 'NONE',  ( 0.9034504346103833200, 0.0000000000000000000, 0.4286925614030520100 ) ) ;
#5705 = DIRECTION ( 'NONE',  ( -0.8229838658936500200, 0.0000000000000000000, 0.5680647467311650300 ) ) ;
#5706 = ORIENTED_EDGE ( 'NONE', *, *, #7155, .T. ) ;
#5707 = LINE ( 'NONE', #715, #8637 ) ;
#5708 = DIRECTION ( 'NONE',  ( 0.6007422642379800500, 0.0000000000000000000, 0.7994427634035002900 ) ) ;
#5709 = ORIENTED_EDGE ( 'NONE', *, *, #9188, .F. ) ;
#5710 = VECTOR ( 'NONE', #3949, 39.37007874015748100 ) ;
#5711 = DIRECTION ( 'NONE',  ( -0.8660254037844432600, 0.0000000000000000000, -0.4999999999999919500 ) ) ;
#5712 = AXIS2_PLACEMENT_3D ( 'NONE', #7571, #9294, #4323 ) ;
#5713 = EDGE_CURVE ( 'NONE', #2874, #347, #8448, .T. ) ;
#5714 = ORIENTED_EDGE ( 'NONE', *, *, #7917, .T. ) ;
#5715 = PLANE ( 'NONE',  #7982 ) ;
#5716 = ORIENTED_EDGE ( 'NONE', *, *, #8015, .T. ) ;
#5717 = AXIS2_PLACEMENT_3D ( 'NONE', #1381, #2967, #663 ) ;
#5718 = LINE ( 'NONE', #3809, #5466 ) ;
#5719 = ORIENTED_EDGE ( 'NONE', *, *, #9559, .F. ) ;
#5720 = DIRECTION ( 'NONE',  ( -0.9199794436588212300, 0.0000000000000000000, 0.3919666098600821400 ) ) ;
#5721 = ADVANCED_FACE ( 'NONE', ( #3996 ), #6028, .T. ) ;
#5722 = FACE_OUTER_BOUND ( 'NONE', #8702, .T. ) ;
#5723 = DIRECTION ( 'NONE',  ( 0.4286925614030521700, 0.0000000000000000000, -0.9034504346103833200 ) ) ;
#5724 = EDGE_CURVE ( 'NONE', #644, #588, #4115, .T. ) ;
#5726 = DIRECTION ( 'NONE',  ( 0.1205366802553328900, 0.0000000000000000000, 0.9927088740980527500 ) ) ;
#5725 = DIRECTION ( 'NONE',  ( 0.9605181116313731300, 0.0000000000000000000, 0.2782174639164499700 ) ) ;
#5727 = AXIS2_PLACEMENT_3D ( 'NONE', #127, #835, #7402 ) ;
#5728 = EDGE_CURVE ( 'NONE', #510, #1752, #2733, .T. ) ;
#5729 = DIRECTION ( 'NONE',  ( -0.8451900855437972600, 0.0000000000000000000, -0.5344658261277972500 ) ) ;
#5730 = LINE ( 'NONE', #9635, #3566 ) ;
#5731 = LINE ( 'NONE', #5843, #9551 ) ;
#5732 = DIRECTION ( 'NONE',  ( -0.7485107481711046300, 0.0000000000000000000, -0.6631226582407912000 ) ) ;
#5733 = DIRECTION ( 'NONE',  ( 0.3166679938014731500, 0.0000000000000000000, 0.9485364419471452600 ) ) ;
#5734 = CARTESIAN_POINT ( 'NONE',  ( -0.4738516147436719900, 0.0000000000000000000, 0.5093036703294656600 ) ) ;
#5735 = AXIS2_PLACEMENT_3D ( 'NONE', #1566, #10434, #4095 ) ;
#5736 = CARTESIAN_POINT ( 'NONE',  ( -0.1444022350281443100, 0.0000000000000000000, 0.8885426464266511500 ) ) ;
#5737 = EDGE_CURVE ( 'NONE', #888, #8345, #5519, .T. ) ;
#5738 = VECTOR ( 'NONE', #9554, 39.37007874015748900 ) ;
#5739 = CIRCLE ( 'NONE', #5464, 0.03906250000000003500 ) ;
#5740 = CARTESIAN_POINT ( 'NONE',  ( -0.1114136551197485600, 0.0000000000000000000, 0.6855557599151640400 ) ) ;
#5741 = CARTESIAN_POINT ( 'NONE',  ( -0.3528483421960461600, 0.0000000000000000000, -0.8281654951816711500 ) ) ;
#5742 = CARTESIAN_POINT ( 'NONE',  ( -0.03382911733532954800, -0.01953125000000016700, 0.9002000000000001100 ) ) ;
#5743 = CARTESIAN_POINT ( 'NONE',  ( 0.6955596069655880500, 4.783776559169353300E-018, 0.01106411153808021000 ) ) ;
#5744 = EDGE_LOOP ( 'NONE', ( #2814, #1655 ) ) ;
#5745 = EDGE_CURVE ( 'NONE', #7103, #2250, #8194, .T. ) ;
#5746 = ADVANCED_FACE ( 'NONE', ( #8705 ), #2363, .T. ) ;
#5747 = CARTESIAN_POINT ( 'NONE',  ( 0.3837556734717227900, 4.783776559169353300E-018, 0.8152407632009790500 ) ) ;
#5748 = CIRCLE ( 'NONE', #8299, 0.03906249999999996500 ) ;
#5749 = FACE_OUTER_BOUND ( 'NONE', #5330, .T. ) ;
#5750 = DIRECTION ( 'NONE',  ( 0.4286925614030519500, 0.0000000000000000000, -0.9034504346103832100 ) ) ;
#5751 = VECTOR ( 'NONE', #352, 39.37007874015748900 ) ;
#5752 = CC_DESIGN_PERSON_AND_ORGANIZATION_ASSIGNMENT ( #3029, #399, ( #3702 ) ) ;
#5753 = EDGE_CURVE ( 'NONE', #6381, #6179, #4516, .T. ) ;
#5754 = CARTESIAN_POINT ( 'NONE',  ( -0.6671278544335677000, 0.0000000000000000000, 0.1932359395631795800 ) ) ;
#5755 = ORIENTED_EDGE ( 'NONE', *, *, #794, .T. ) ;
#5756 = EDGE_CURVE ( 'NONE', #9572, #7318, #854, .T. ) ;
#5757 = FACE_OUTER_BOUND ( 'NONE', #6819, .T. ) ;
#5759 = CARTESIAN_POINT ( 'NONE',  ( 0.6805135973759567400, 0.0000000000000000000, -0.1389278456121543800 ) ) ;
#5758 = DIRECTION ( 'NONE',  ( -0.7485107481710956400, 0.0000000000000000000, 0.6631226582408011900 ) ) ;
#5760 = CIRCLE ( 'NONE', #5317, 0.03906250000000002100 ) ;
#5761 = PLANE ( 'NONE',  #8971 ) ;
#5762 = VERTEX_POINT ( 'NONE', #8017 ) ;
#5763 = AXIS2_PLACEMENT_3D ( 'NONE', #6346, #3922, #2342 ) ;
#5764 = DIRECTION ( 'NONE',  ( 0.8229838658936575700, 0.0000000000000000000, 0.5680647467311541500 ) ) ;
#5765 = CIRCLE ( 'NONE', #8553, 0.03906250000000006900 ) ;
#5766 = ORIENTED_EDGE ( 'NONE', *, *, #6840, .T. ) ;
#5767 = CIRCLE ( 'NONE', #1582, 0.03906249999999998600 ) ;
#5768 = ADVANCED_FACE ( 'NONE', ( #1722 ), #10349, .T. ) ;
#5769 = AXIS2_PLACEMENT_3D ( 'NONE', #9075, #7409, #3362 ) ;
#5770 = EDGE_CURVE ( 'NONE', #1279, #3934, #8583, .T. ) ;
#5771 = ORIENTED_EDGE ( 'NONE', *, *, #1478, .F. ) ;
#5772 = ORIENTED_EDGE ( 'NONE', *, *, #4325, .F. ) ;
#5773 = DIRECTION ( 'NONE',  ( -0.8451900855437980400, 0.0000000000000000000, -0.5344658261277960300 ) ) ;
#5774 = CARTESIAN_POINT ( 'NONE',  ( -0.4481108989636983200, 4.783776559169353300E-018, -0.7817176863396379000 ) ) ;
#5775 = CYLINDRICAL_SURFACE ( 'NONE', #7726, 0.03906249999999993100 ) ;
#5776 = AXIS2_PLACEMENT_3D ( 'NONE', #6059, #1157, #1299 ) ;
#5777 = VERTEX_POINT ( 'NONE', #4733 ) ;
#5778 = FACE_OUTER_BOUND ( 'NONE', #4176, .T. ) ;
#5779 = ORIENTED_EDGE ( 'NONE', *, *, #398, .T. ) ;
#5780 = ORIENTED_EDGE ( 'NONE', *, *, #1054, .T. ) ;
#5781 = DIRECTION ( 'NONE',  ( 0.9605181116313692400, -0.0000000000000000000, -0.2782174639164631800 ) ) ;
#5782 = DIRECTION ( 'NONE',  ( 0.9870502626379126200, 0.0000000000000000000, -0.1604112808577614600 ) ) ;
#5783 = AXIS2_PLACEMENT_3D ( 'NONE', #6236, #1395, #7163 ) ;
#5784 = EDGE_CURVE ( 'NONE', #7337, #9219, #7955, .T. ) ;
#5785 = CIRCLE ( 'NONE', #8802, 0.03906250000000003500 ) ;
#5786 = ORIENTED_EDGE ( 'NONE', *, *, #9670, .F. ) ;
#5787 = LINE ( 'NONE', #3921, #7702 ) ;
#5788 = ORIENTED_EDGE ( 'NONE', *, *, #6136, .F. ) ;
#5789 = ORIENTED_EDGE ( 'NONE', *, *, #3587, .T. ) ;
#5790 = CARTESIAN_POINT ( 'NONE',  ( -0.4352503843545134600, -0.01953125000000008300, -0.5423109943555786100 ) ) ;
#5791 = ORIENTED_EDGE ( 'NONE', *, *, #4979, .F. ) ;
#5792 = CARTESIAN_POINT ( 'NONE',  ( -0.1777932741787903400, 0.01953124999999987900, 0.8831160743846038200 ) ) ;
#5793 = AXIS2_PLACEMENT_3D ( 'NONE', #4355, #5928, #1091 ) ;
#5794 = EDGE_LOOP ( 'NONE', ( #3402, #5287, #6021, #6519 ) ) ;
#5795 = CIRCLE ( 'NONE', #37, 0.03906250000000003500 ) ;
#5796 = EDGE_CURVE ( 'NONE', #10238, #10082, #3490, .T. ) ;
#5797 = EDGE_LOOP ( 'NONE', ( #7553, #7092 ) ) ;
#5798 = CARTESIAN_POINT ( 'NONE',  ( -0.6737469047111284100, 0.01953124999999988900, -0.1720732985441423300 ) ) ;
#5799 = AXIS2_PLACEMENT_3D ( 'NONE', #6461, #3272, #4106 ) ;
#5800 = ORIENTED_EDGE ( 'NONE', *, *, #10422, .F. ) ;
#5801 = ORIENTED_EDGE ( 'NONE', *, *, #9783, .T. ) ;
#5802 = DIRECTION ( 'NONE',  ( 0.7994427634035089500, 0.0000000000000000000, 0.6007422642379686200 ) ) ;
#5803 = CARTESIAN_POINT ( 'NONE',  ( 0.8646584040905621600, 0.0000000000000000000, 0.2504513610175883000 ) ) ;
#5804 = EDGE_CURVE ( 'NONE', #2542, #3554, #3238, .T. ) ;
#5805 = ORIENTED_EDGE ( 'NONE', *, *, #3080, .F. ) ;
#5806 = ADVANCED_FACE ( 'NONE', ( #10482 ), #1851, .T. ) ;
#5807 = CIRCLE ( 'NONE', #8154, 0.03906250000000002800 ) ;
#5808 = ORIENTED_EDGE ( 'NONE', *, *, #6602, .T. ) ;
#5809 = CARTESIAN_POINT ( 'NONE',  ( -0.7408500760774637800, 0.0000000000000000000, 0.5113718850073948300 ) ) ;
#5810 = DIRECTION ( 'NONE',  ( 0.6007422642379800500, 0.0000000000000000000, 0.7994427634035002900 ) ) ;
#5811 = VERTEX_POINT ( 'NONE', #7149 ) ;
#5812 = AXIS2_PLACEMENT_3D ( 'NONE', #530, #1259, #9428 ) ;
#5813 = CARTESIAN_POINT ( 'NONE',  ( 0.6494155313571540200, 0.0000000000000000000, -0.2462908242953958400 ) ) ;
#5814 = DIRECTION ( 'NONE',  ( -0.04026594010941936900, 0.0000000000000000000, -0.9991889981715693600 ) ) ;
#5815 = EDGE_CURVE ( 'NONE', #4800, #5401, #612, .T. ) ;
#5816 = FACE_OUTER_BOUND ( 'NONE', #1040, .T. ) ;
#5817 = CARTESIAN_POINT ( 'NONE',  ( 0.8552465528589947600, 0.01953124999999987900, 0.2829448409186753300 ) ) ;
#5818 = CARTESIAN_POINT ( 'NONE',  ( -0.6972993866372594300, 0.0000000000000000000, -0.5693273271109529100 ) ) ;
#5819 = ORIENTED_EDGE ( 'NONE', *, *, #717, .F. ) ;
#5820 = LINE ( 'NONE', #3705, #662 ) ;
#5821 = EDGE_LOOP ( 'NONE', ( #4676, #2612, #8629, #666 ) ) ;
#5822 = ORIENTED_EDGE ( 'NONE', *, *, #8590, .F. ) ;
#5823 = ADVANCED_FACE ( 'NONE', ( #5658 ), #1355, .T. ) ;
#5824 = LINE ( 'NONE', #2125, #5314 ) ;
#5826 = DIRECTION ( 'NONE',  ( -0.4999999999999919000, 0.0000000000000000000, 0.8660254037844431500 ) ) ;
#5825 = DIRECTION ( 'NONE',  ( 1.000000000000000000, 0.0000000000000000000, 0.0000000000000000000 ) ) ;
#5827 = ORIENTED_EDGE ( 'NONE', *, *, #8544, .F. ) ;
#5828 = LINE ( 'NONE', #9212, #1399 ) ;
#5829 = ORIENTED_EDGE ( 'NONE', *, *, #5360, .T. ) ;
#5830 = CARTESIAN_POINT ( 'NONE',  ( -0.1113718375077955600, 0.0000000000000000000, -0.8941377034419181200 ) ) ;
#5831 = ORIENTED_EDGE ( 'NONE', *, *, #3559, .F. ) ;
#5832 = EDGE_CURVE ( 'NONE', #7061, #226, #3737, .T. ) ;
#5833 = CARTESIAN_POINT ( 'NONE',  ( -0.6935635980043717300, -0.01953125000000011400, 0.05013628628965635700 ) ) ;
#5834 = ORIENTED_EDGE ( 'NONE', *, *, #8445, .F. ) ;
#5835 = CARTESIAN_POINT ( 'NONE',  ( 0.8278498682653100400, 0.0000000000000000000, -0.3557393912955929500 ) ) ;
#5836 = FACE_OUTER_BOUND ( 'NONE', #9750, .T. ) ;
#5837 = CARTESIAN_POINT ( 'NONE',  ( -0.5969430169483694900, 0.0000000000000000000, -0.6738093755036204100 ) ) ;
#5838 = CLOSED_SHELL ( 'NONE', ( #8634, #3036, #6584, #2984 ) ) ;
#5839 = CIRCLE ( 'NONE', #3826, 0.03906250000000007600 ) ;
#5840 = DIRECTION ( 'NONE',  ( -0.6324453755953802800, 0.0000000000000000000, -0.7746049618276519300 ) ) ;
#5841 = CLOSED_SHELL ( 'NONE', ( #4835, #4910, #9217, #5100 ) ) ;
#5842 = CARTESIAN_POINT ( 'NONE',  ( -0.4811261366802526700, 0.0000000000000000000, -0.7608401150065203800 ) ) ;
#5843 = CARTESIAN_POINT ( 'NONE',  ( 0.0000000000000000000, -0.03906249999999997900, -0.6260000000000001100 ) ) ;
#5844 = ORIENTED_EDGE ( 'NONE', *, *, #7969, .F. ) ;
#5845 = DIRECTION ( 'NONE',  ( -0.3166679938014603800, 0.0000000000000000000, 0.9485364419471495900 ) ) ;
#5846 = ADVANCED_FACE ( 'NONE', ( #1474 ), #7293, .F. ) ;
#5847 = AXIS2_PLACEMENT_3D ( 'NONE', #2119, #3793, #4514 ) ;
#5848 = EDGE_CURVE ( 'NONE', #8549, #10262, #2480, .T. ) ;
#5849 = ORIENTED_EDGE ( 'NONE', *, *, #9764, .T. ) ;
#5850 = CIRCLE ( 'NONE', #3416, 0.03906250000000002100 ) ;
#5851 = CARTESIAN_POINT ( 'NONE',  ( 0.8300318844160739000, 0.0000000000000000000, 0.3506180111730593500 ) ) ;
#5852 = DIRECTION ( 'NONE',  ( -0.9034504346103775500, 0.0000000000000000000, 0.4286925614030642200 ) ) ;
#5853 = DIRECTION ( 'NONE',  ( 0.9870502626379149500, 0.0000000000000000000, 0.1604112808577475000 ) ) ;
#5854 = AXIS2_PLACEMENT_3D ( 'NONE', #9507, #3740, #2974 ) ;
#5855 = CARTESIAN_POINT ( 'NONE',  ( -0.2154319609916658400, -0.01953125000000016700, -0.8740418240469306500 ) ) ;
#5856 = CARTESIAN_POINT ( 'NONE',  ( -0.5095599533215701100, 0.0000000000000000000, 0.7431248703126341900 ) ) ;
#5857 = CYLINDRICAL_SURFACE ( 'NONE', #6891, 0.03906249999999998600 ) ;
#5858 = ADVANCED_FACE ( 'NONE', ( #7561 ), #969, .F. ) ;
#5859 = VECTOR ( 'NONE', #3995, 39.37007874015748900 ) ;
#5860 = EDGE_CURVE ( 'NONE', #5559, #9740, #1093, .T. ) ;
#5861 = CARTESIAN_POINT ( 'NONE',  ( -0.3169116451781234800, 4.783776559169354800E-018, -0.8434766908793306400 ) ) ;
#5862 = AXIS2_PLACEMENT_3D ( 'NONE', #8806, #3904, #9592 ) ;
#5863 = CARTESIAN_POINT ( 'NONE',  ( 0.4529319254758798500, 0.0000000000000000000, 0.7789342653850595000 ) ) ;
#5864 = CYLINDRICAL_SURFACE ( 'NONE', #1382, 0.03906250000000005600 ) ;
#5865 = CIRCLE ( 'NONE', #5793, 0.03906250000000002800 ) ;
#5866 = FACE_BOUND ( 'NONE', #7, .T. ) ;
#5867 = AXIS2_PLACEMENT_3D ( 'NONE', #2414, #9717, #5678 ) ;
#5868 = ADVANCED_FACE ( 'NONE', ( #8692 ), #841, .T. ) ;
#5869 = ORIENTED_EDGE ( 'NONE', *, *, #9764, .F. ) ;
#5870 = EDGE_CURVE ( 'NONE', #1503, #4128, #4502, .T. ) ;
#5871 = AXIS2_PLACEMENT_3D ( 'NONE', #3249, #4839, #10454 ) ;
#5872 = CYLINDRICAL_SURFACE ( 'NONE', #5585, 0.03906250000000004900 ) ;
#5873 = DIRECTION ( 'NONE',  ( -0.6007422642379689500, 0.0000000000000000000, 0.7994427634035086200 ) ) ;
#5874 = CIRCLE ( 'NONE', #3143, 0.03906250000000004200 ) ;
#5875 = CYLINDRICAL_SURFACE ( 'NONE', #10219, 0.03906250000000005600 ) ;
#5876 = CARTESIAN_POINT ( 'NONE',  ( -0.3528483421960461600, 0.0000000000000000000, -0.8281654951816711500 ) ) ;
#5877 = DIRECTION ( 'NONE',  ( -0.7746049618276515900, 0.0000000000000000000, 0.6324453755953809400 ) ) ;
#5878 = DIRECTION ( 'NONE',  ( 0.0000000000000000000, 6.168689017951560600E-017, -1.000000000000000000 ) ) ;
#5879 = ORIENTED_EDGE ( 'NONE', *, *, #4730, .T. ) ;
#5880 = CARTESIAN_POINT ( 'NONE',  ( -0.1777932741787901500, -0.01953125000000015600, 0.8831160743846039300 ) ) ;
#5882 = FACE_OUTER_BOUND ( 'NONE', #7468, .T. ) ;
#5881 = CARTESIAN_POINT ( 'NONE',  ( -0.8277883721967492800, 0.01953124999999986500, 0.3553461130159494300 ) ) ;
#5883 = ORIENTED_EDGE ( 'NONE', *, *, #1555, .T. ) ;
#5884 = FACE_OUTER_BOUND ( 'NONE', #1459, .T. ) ;
#5885 = ORIENTED_EDGE ( 'NONE', *, *, #10422, .T. ) ;
#5886 = EDGE_LOOP ( 'NONE', ( #1, #1900, #9276, #7793, #4287 ) ) ;
#5887 = EDGE_CURVE ( 'NONE', #1179, #527, #5117, .T. ) ;
#5888 = CARTESIAN_POINT ( 'NONE',  ( 0.5969430169483602700, 0.0000000000000000000, -0.6738093755036285200 ) ) ;
#5889 = FACE_OUTER_BOUND ( 'NONE', #7207, .T. ) ;
#5890 = ORIENTED_EDGE ( 'NONE', *, *, #2264, .T. ) ;
#5891 = CYLINDRICAL_SURFACE ( 'NONE', #3944, 0.03906250000000008300 ) ;
#5892 = VERTEX_POINT ( 'NONE', #8147 ) ;
#5893 = CARTESIAN_POINT ( 'NONE',  ( 0.3528483421960348900, 0.0000000000000000000, -0.8281654951816757000 ) ) ;
#5894 = EDGE_LOOP ( 'NONE', ( #4087, #7059, #4759, #9095 ) ) ;
#5895 = ORIENTED_EDGE ( 'NONE', *, *, #7932, .F. ) ;
#5896 = CIRCLE ( 'NONE', #327, 0.03906250000000008300 ) ;
#5897 = DIRECTION ( 'NONE',  ( 0.0000000000000000000, 6.136839043275350600E-017, -1.000000000000000000 ) ) ;
#5898 = PLANE ( 'NONE',  #457 ) ;
#5899 = VERTEX_POINT ( 'NONE', #1652 ) ;
#5900 = AXIS2_PLACEMENT_3D ( 'NONE', #6749, #2783, #1901 ) ;
#5901 = EDGE_CURVE ( 'NONE', #6409, #9997, #10469, .T. ) ;
#5902 = DIRECTION ( 'NONE',  ( -0.0000000000000000000, -1.000000000000000000, -6.123233995736766000E-017 ) ) ;
#5903 = FACE_OUTER_BOUND ( 'NONE', #7570, .T. ) ;
#5904 = ORIENTED_EDGE ( 'NONE', *, *, #4564, .T. ) ;
#5905 = ADVANCED_FACE ( 'NONE', ( #7422 ), #3113, .F. ) ;
#5906 = EDGE_LOOP ( 'NONE', ( #5042, #5544, #9654, #6971 ) ) ;
#5907 = DIRECTION ( 'NONE',  ( 0.9797906520422669000, 0.0000000000000000000, -0.2000256937760482600 ) ) ;
#5908 = DIRECTION ( 'NONE',  ( 0.3919666098600698100, 0.0000000000000000000, -0.9199794436588264500 ) ) ;
#5909 = ORIENTED_EDGE ( 'NONE', *, *, #5728, .F. ) ;
#5910 = CARTESIAN_POINT ( 'NONE',  ( 0.8994699361540469100, 0.01953124999999987900, -0.03624739928649869200 ) ) ;
#5911 = AXIS2_PLACEMENT_3D ( 'NONE', #3839, #534, #4603 ) ;
#5912 = DIRECTION ( 'NONE',  ( -0.0000000000000000000, -1.000000000000000000, -6.123233995736766000E-017 ) ) ;
#5913 = ORIENTED_EDGE ( 'NONE', *, *, #6124, .F. ) ;
#5914 = LINE ( 'NONE', #654, #8596 ) ;
#5915 = ORIENTED_EDGE ( 'NONE', *, *, #5832, .F. ) ;
#5916 = CARTESIAN_POINT ( 'NONE',  ( -0.1114136551197485600, 0.0000000000000000000, 0.6855557599151640400 ) ) ;
#5917 = CARTESIAN_POINT ( 'NONE',  ( -0.7795960684867560000, 0.0000000000000000000, -0.4500999999999928400 ) ) ;
#5918 = ORIENTED_EDGE ( 'NONE', *, *, #8714, .F. ) ;
#5919 = VERTEX_POINT ( 'NONE', #6527 ) ;
#5920 = AXIS2_PLACEMENT_3D ( 'NONE', #8424, #6079, #9379 ) ;
#5921 = EDGE_CURVE ( 'NONE', #9911, #653, #9322, .T. ) ;
#5922 = DIRECTION ( 'NONE',  ( -0.3546048870425392900, 0.0000000000000000000, -0.9350162426854135000 ) ) ;
#5923 = ADVANCED_FACE ( 'NONE', ( #8569 ), #8314, .F. ) ;
#5924 = ORIENTED_EDGE ( 'NONE', *, *, #3736, .F. ) ;
#5925 = CARTESIAN_POINT ( 'NONE',  ( -0.8552465528589907600, 0.01953124999999986500, 0.2829448409186870500 ) ) ;
#5926 = VECTOR ( 'NONE', #7535, 39.37007874015748100 ) ;
#5928 = DIRECTION ( 'NONE',  ( -0.7212024473438066700, 0.0000000000000000000, 0.6927243535096077000 ) ) ;
#5927 = DIRECTION ( 'NONE',  ( 0.4286925614030627200, 0.0000000000000000000, 0.9034504346103781100 ) ) ;
#5929 = EDGE_LOOP ( 'NONE', ( #9358, #1032, #7956, #10131, #10259 ) ) ;
#5930 = EDGE_LOOP ( 'NONE', ( #8497, #3984, #6469, #6554 ) ) ;
#5931 = CARTESIAN_POINT ( 'NONE',  ( -0.8994699361540474700, -0.01953125000000016700, -0.03624739928648673000 ) ) ;
#5932 = ORIENTED_EDGE ( 'NONE', *, *, #4986, .T. ) ;
#5933 = AXIS2_PLACEMENT_3D ( 'NONE', #3480, #2818, #5105 ) ;
#5934 = PERSON_AND_ORGANIZATION ( #2878, #9238 ) ;
#5935 = EDGE_CURVE ( 'NONE', #2118, #2591, #5255, .T. ) ;
#5936 = CARTESIAN_POINT ( 'NONE',  ( -0.8646584040905587200, 0.0000000000000000000, 0.2504513610176001800 ) ) ;
#5937 = CARTESIAN_POINT ( 'NONE',  ( 0.1775045462484487700, 0.0000000000000000000, -0.8833900921831660000 ) ) ;
#5938 = ORIENTED_EDGE ( 'NONE', *, *, #8559, .F. ) ;
#5939 = AXIS2_PLACEMENT_3D ( 'NONE', #2382, #2443, #6379 ) ;
#5940 = VECTOR ( 'NONE', #7333, 39.37007874015748900 ) ;
#5941 = EDGE_LOOP ( 'NONE', ( #4977, #116, #2273, #6182 ) ) ;
#5942 = ORIENTED_EDGE ( 'NONE', *, *, #2865, .F. ) ;
#5943 = DIRECTION ( 'NONE',  ( -0.04026594010940540100, 0.0000000000000000000, 0.9991889981715699200 ) ) ;
#5944 = EDGE_CURVE ( 'NONE', #10500, #2798, #2595, .T. ) ;
#5945 = DIRECTION ( 'NONE',  ( 0.8854560256532151300, 0.0000000000000000000, 0.4647231720437583500 ) ) ;
#5946 = MANIFOLD_SOLID_BREP ( 'CirPattern1[27]', #5010 ) ;
#5947 = DIRECTION ( 'NONE',  ( -0.8451900855437899400, 0.0000000000000000000, 0.5344658261278086900 ) ) ;
#5948 = DIRECTION ( 'NONE',  ( -0.7212024473438064500, 0.0000000000000000000, 0.6927243535096075900 ) ) ;
#5949 = EDGE_LOOP ( 'NONE', ( #3158, #244 ) ) ;
#5950 = CYLINDRICAL_SURFACE ( 'NONE', #1037, 0.03906250000000003500 ) ;
#5951 = PRODUCT_DEFINITION_FORMATION_WITH_SPECIFIED_SOURCE ( 'ANY', '', #10010, .NOT_KNOWN. ) ;
#5952 = ORIENTED_EDGE ( 'NONE', *, *, #9630, .F. ) ;
#5953 = DIRECTION ( 'NONE',  ( 0.9797906520422696700, 0.0000000000000000000, 0.2000256937760349600 ) ) ;
#5954 = DIRECTION ( 'NONE',  ( 0.9605181116313731300, 0.0000000000000000000, 0.2782174639164499700 ) ) ;
#5955 = EDGE_CURVE ( 'NONE', #1595, #7632, #4999, .T. ) ;
#5956 = EDGE_LOOP ( 'NONE', ( #2997, #7806, #807, #4406 ) ) ;
#5957 = CARTESIAN_POINT ( 'NONE',  ( -0.6494155313571574600, 0.01953124999999988900, -0.2462908242953870700 ) ) ;
#5958 = DIRECTION ( 'NONE',  ( 0.1205366802553187500, 0.0000000000000000000, -0.9927088740980544200 ) ) ;
#5959 = CARTESIAN_POINT ( 'NONE',  ( 0.3171526786115522200, -0.01953125000000015600, 0.8431599063221670900 ) ) ;
#5960 = VERTEX_POINT ( 'NONE', #2293 ) ;
#5961 = VECTOR ( 'NONE', #5433, 39.37007874015748900 ) ;
#5962 = ORIENTED_EDGE ( 'NONE', *, *, #6535, .T. ) ;
#5963 = LINE ( 'NONE', #6232, #1538 ) ;
#5964 = ORIENTED_EDGE ( 'NONE', *, *, #4998, .F. ) ;
#5965 = CARTESIAN_POINT ( 'NONE',  ( -0.3528483421960461600, 0.0000000000000000000, -0.8281654951816711500 ) ) ;
#5966 = ADVANCED_FACE ( 'NONE', ( #2855 ), #3482, .F. ) ;
#5967 = DIRECTION ( 'NONE',  ( -0.8229838658936500200, 0.0000000000000000000, 0.5680647467311650300 ) ) ;
#5968 = DIRECTION ( 'NONE',  ( 0.8854560256532094700, 0.0000000000000000000, -0.4647231720437694500 ) ) ;
#5969 = AXIS2_PLACEMENT_3D ( 'NONE', #5994, #7558, #10005 ) ;
#5971 = VERTEX_POINT ( 'NONE', #8003 ) ;
#5970 = DIRECTION ( 'NONE',  ( 0.9870502626379126200, 0.0000000000000000000, -0.1604112808577614600 ) ) ;
#5972 = LINE ( 'NONE', #1977, #6096 ) ;
#5973 = EDGE_LOOP ( 'NONE', ( #4025, #8513, #10098, #699, #2361 ) ) ;
#5974 = FACE_OUTER_BOUND ( 'NONE', #133, .T. ) ;
#5975 = AXIS2_PLACEMENT_3D ( 'NONE', #9609, #708, #1532 ) ;
#5976 = EDGE_CURVE ( 'NONE', #7367, #2101, #483, .T. ) ;
#5977 = CARTESIAN_POINT ( 'NONE',  ( -0.6274914993586380200, 0.0000000000000000000, 0.2977484185224983900 ) ) ;
#5978 = CARTESIAN_POINT ( 'NONE',  ( 0.6805135973759567400, 0.0000000000000000000, -0.1389278456121543800 ) ) ;
#5979 = DIRECTION ( 'NONE',  ( -0.3166679938014732000, 0.0000000000000000000, -0.9485364419471453700 ) ) ;
#5980 = CARTESIAN_POINT ( 'NONE',  ( -0.5380018762374012600, 0.0000000000000000000, -0.4392649356197649800 ) ) ;
#5981 = ADVANCED_FACE ( 'NONE', ( #7039 ), #2978, .T. ) ;
#5982 = FACE_OUTER_BOUND ( 'NONE', #5358, .T. ) ;
#5983 = LINE ( 'NONE', #10063, #3568 ) ;
#5984 = DIRECTION ( 'NONE',  ( -0.2393156642875647600, 0.0000000000000000000, -0.9709418174260503500 ) ) ;
#5985 = DIRECTION ( 'NONE',  ( -0.8451900855437980400, 0.0000000000000000000, -0.5344658261277960300 ) ) ;
#5986 = CARTESIAN_POINT ( 'NONE',  ( -0.7795960684867560000, 0.01953124999999987900, -0.4500999999999928400 ) ) ;
#5987 = DIRECTION ( 'NONE',  ( 0.9991889981715701400, 0.0000000000000000000, 0.04026594010940538800 ) ) ;
#5988 = AXIS2_PLACEMENT_3D ( 'NONE', #7516, #335, #3595 ) ;
#5989 = EDGE_CURVE ( 'NONE', #4940, #763, #6518, .T. ) ;
#5990 = CARTESIAN_POINT ( 'NONE',  ( 0.3528483421960348900, 0.0000000000000000000, -0.8281654951816757000 ) ) ;
#5991 = DIRECTION ( 'NONE',  ( 0.5680647467311540400, 0.0000000000000000000, -0.8229838658936575700 ) ) ;
#5993 = DIRECTION ( 'NONE',  ( -0.8854560256532094700, 0.0000000000000000000, 0.4647231720437694500 ) ) ;
#5992 = LINE ( 'NONE', #8008, #1188 ) ;
#5994 = CARTESIAN_POINT ( 'NONE',  ( -0.1444022350281443100, 0.0000000000000000000, 0.8885426464266511500 ) ) ;
#5995 = FACE_BOUND ( 'NONE', #8242, .T. ) ;
#5996 = ORIENTED_EDGE ( 'NONE', *, *, #3466, .F. ) ;
#5997 = CARTESIAN_POINT ( 'NONE',  ( 0.6939867186800639000, 0.0000000000000000000, -0.02796670870299674400 ) ) ;
#5998 = FACE_OUTER_BOUND ( 'NONE', #5418, .T. ) ;
#5999 = EDGE_CURVE ( 'NONE', #7848, #6186, #9184, .T. ) ;
#6000 = FACE_OUTER_BOUND ( 'NONE', #2598, .T. ) ;
#6001 = AXIS2_PLACEMENT_3D ( 'NONE', #983, #2589, #6667 ) ;
#6002 = CIRCLE ( 'NONE', #5106, 0.03906250000000002100 ) ;
#6003 = DIRECTION ( 'NONE',  ( 0.1604112808577605700, 0.0000000000000000000, 0.9870502626379128500 ) ) ;
#6004 = VERTEX_POINT ( 'NONE', #3850 ) ;
#6005 = EDGE_CURVE ( 'NONE', #2054, #9955, #7181, .T. ) ;
#6006 = CARTESIAN_POINT ( 'NONE',  ( -0.5407881862670197400, 0.0000000000000000000, 0.7196583756158385600 ) ) ;
#6007 = CARTESIAN_POINT ( 'NONE',  ( 0.1825858563241699300, -0.01953125000000016700, -0.8821376617342994200 ) ) ;
#6008 = CIRCLE ( 'NONE', #7220, 0.9687500000000001100 ) ;
#6009 = VECTOR ( 'NONE', #5506, 39.37007874015748900 ) ;
#6010 = AXIS2_PLACEMENT_3D ( 'NONE', #9127, #1245, #3627 ) ;
#6011 = CARTESIAN_POINT ( 'NONE',  ( -0.8417016216654136200, 0.0000000000000000000, -0.3192153193156827000 ) ) ;
#6012 = EDGE_CURVE ( 'NONE', #271, #8488, #3983, .T. ) ;
#6013 = ORIENTED_EDGE ( 'NONE', *, *, #2555, .F. ) ;
#6014 = ADVANCED_FACE ( 'NONE', ( #7813 ), #4650, .T. ) ;
#6015 = CARTESIAN_POINT ( 'NONE',  ( 0.5137437432209726000, -0.01953125000000015600, 0.7399809561610292100 ) ) ;
#6016 = VECTOR ( 'NONE', #85, 39.37007874015747400 ) ;
#6017 = CARTESIAN_POINT ( 'NONE',  ( 0.5716034440564400400, 0.0000000000000000000, 0.3945493698421233000 ) ) ;
#6018 = DIRECTION ( 'NONE',  ( -0.0000000000000000000, -0.0000000000000000000, 1.000000000000000000 ) ) ;
#6019 = ORIENTED_EDGE ( 'NONE', *, *, #639, .F. ) ;
#6020 = VECTOR ( 'NONE', #2926, 39.37007874015748100 ) ;
#6021 = ORIENTED_EDGE ( 'NONE', *, *, #7677, .T. ) ;
#6022 = CARTESIAN_POINT ( 'NONE',  ( -0.6972993866372594300, 0.0000000000000000000, -0.5693273271109529100 ) ) ;
#6023 = DIRECTION ( 'NONE',  ( -0.3166679938014731500, -0.0000000000000000000, -0.9485364419471452600 ) ) ;
#6024 = ORIENTED_EDGE ( 'NONE', *, *, #2948, .F. ) ;
#6025 = ORIENTED_EDGE ( 'NONE', *, *, #4636, .F. ) ;
#6026 = DIRECTION ( 'NONE',  ( 0.9034504346103833200, 0.0000000000000000000, 0.4286925614030520100 ) ) ;
#6027 = DIRECTION ( 'NONE',  ( -0.3546048870425284000, 0.0000000000000000000, 0.9350162426854176100 ) ) ;
#6028 = CYLINDRICAL_SURFACE ( 'NONE', #672, 0.03906250000000004900 ) ;
#6029 = DIRECTION ( 'NONE',  ( -0.9034504346103775500, 0.0000000000000000000, 0.4286925614030642200 ) ) ;
#6030 = ADVANCED_FACE ( 'NONE', ( #5889 ), #7064, .T. ) ;
#6031 = ORIENTED_EDGE ( 'NONE', *, *, #10218, .T. ) ;
#6032 = VECTOR ( 'NONE', #2550, 39.37007874015747400 ) ;
#6033 = AXIS2_PLACEMENT_3D ( 'NONE', #4469, #9371, #8595 ) ;
#6034 = EDGE_CURVE ( 'NONE', #6690, #9997, #6149, .T. ) ;
#6035 = EDGE_LOOP ( 'NONE', ( #9593, #6935, #9459, #3121 ) ) ;
#6036 = ORIENTED_EDGE ( 'NONE', *, *, #48, .F. ) ;
#6037 = DIRECTION ( 'NONE',  ( 0.7212024473438157800, 0.0000000000000000000, 0.6927243535095981600 ) ) ;
#6038 = VECTOR ( 'NONE', #3421, 39.37007874015748100 ) ;
#6039 = ORIENTED_EDGE ( 'NONE', *, *, #202, .T. ) ;
#6040 = VECTOR ( 'NONE', #8444, 39.37007874015748100 ) ;
#6041 = ORIENTED_EDGE ( 'NONE', *, *, #6111, .F. ) ;
#6042 = DIRECTION ( 'NONE',  ( 0.4647231720437694500, 0.0000000000000000000, 0.8854560256532094700 ) ) ;
#6043 = ORIENTED_EDGE ( 'NONE', *, *, #9005, .F. ) ;
#6044 = ORIENTED_EDGE ( 'NONE', *, *, #8998, .T. ) ;
#6045 = CARTESIAN_POINT ( 'NONE',  ( 0.2850645280200862500, 0.0000000000000000000, 0.8538725050408205700 ) ) ;
#6046 = AXIS2_PLACEMENT_3D ( 'NONE', #9378, #2957, #7719 ) ;
#6047 = EDGE_CURVE ( 'NONE', #9861, #389, #3354, .T. ) ;
#6048 = DIRECTION ( 'NONE',  ( -0.04026594010941941800, 0.0000000000000000000, -0.9991889981715693600 ) ) ;
#6049 = VERTEX_POINT ( 'NONE', #1504 ) ;
#6050 = CIRCLE ( 'NONE', #7543, 0.03906250000000008300 ) ;
#6051 = EDGE_LOOP ( 'NONE', ( #3240, #8105, #7729, #5755 ) ) ;
#6052 = DIRECTION ( 'NONE',  ( -0.8660254037844432600, 0.0000000000000000000, -0.4999999999999919500 ) ) ;
#6053 = DIRECTION ( 'NONE',  ( 0.3919666098600698100, 0.0000000000000000000, -0.9199794436588264500 ) ) ;
#6054 = VERTEX_POINT ( 'NONE', #7170 ) ;
#6055 = DIRECTION ( 'NONE',  ( -0.04026594010941867600, 0.0000000000000000000, -0.9991889981715695900 ) ) ;
#6056 = AXIS2_PLACEMENT_3D ( 'NONE', #6089, #1249, #10132 ) ;
#6057 = ORIENTED_EDGE ( 'NONE', *, *, #5048, .F. ) ;
#6058 = CALENDAR_DATE ( 2022, 25, 5 ) ;
#6059 = CARTESIAN_POINT ( 'NONE',  ( 0.6972993866372522200, 0.0000000000000000000, -0.5693273271109621200 ) ) ;
#6060 = DIRECTION ( 'NONE',  ( 0.9485364419471493700, 0.0000000000000000000, 0.3166679938014612100 ) ) ;
#6061 = ORIENTED_EDGE ( 'NONE', *, *, #4264, .T. ) ;
#6062 = DIRECTION ( 'NONE',  ( -0.7746049618276598100, 0.0000000000000000000, -0.6324453755953708400 ) ) ;
#6063 = FACE_OUTER_BOUND ( 'NONE', #401, .T. ) ;
#6064 = EDGE_CURVE ( 'NONE', #6094, #3805, #4865, .T. ) ;
#6065 = ORIENTED_EDGE ( 'NONE', *, *, #5848, .F. ) ;
#6066 = AXIS2_PLACEMENT_3D ( 'NONE', #8682, #8617, #6985 ) ;
#6067 = EDGE_CURVE ( 'NONE', #6791, #1914, #1346, .T. ) ;
#6068 = VERTEX_POINT ( 'NONE', #4465 ) ;
#6069 = CARTESIAN_POINT ( 'NONE',  ( 0.6184125028661454600, -0.01953125000000009400, -0.3179781250000028900 ) ) ;
#6070 = ADVANCED_FACE ( 'NONE', ( #3725 ), #4388, .F. ) ;
#6071 = DIRECTION ( 'NONE',  ( 0.2782174639164513600, 0.0000000000000000000, -0.9605181116313726800 ) ) ;
#6072 = LINE ( 'NONE', #9329, #6570 ) ;
#6074 = CARTESIAN_POINT ( 'NONE',  ( -0.8132860812362620000, 0.0000000000000000000, 0.3859090437750384800 ) ) ;
#6073 = DIRECTION ( 'NONE',  ( -0.5000000000000036600, 0.0000000000000000000, -0.8660254037844364900 ) ) ;
#6075 = EDGE_LOOP ( 'NONE', ( #877, #5682, #8577, #5156, #4282 ) ) ;
#6076 = CIRCLE ( 'NONE', #9915, 0.03906249999999998600 ) ;
#6077 = ORIENTED_EDGE ( 'NONE', *, *, #4955, .T. ) ;
#6078 = CARTESIAN_POINT ( 'NONE',  ( 0.5523863150852074100, 0.01953124999999988900, 0.4223901876065230800 ) ) ;
#6079 = DIRECTION ( 'NONE',  ( 0.9350162426854133900, 0.0000000000000000000, -0.3546048870425394000 ) ) ;
#6080 = EDGE_LOOP ( 'NONE', ( #9657, #2609, #8767, #3150 ) ) ;
#6081 = AXIS2_PLACEMENT_3D ( 'NONE', #2004, #2920, #9287 ) ;
#6082 = EDGE_CURVE ( 'NONE', #1373, #3252, #9067, .T. ) ;
#6083 = DIRECTION ( 'NONE',  ( -0.6927243535096075900, 0.0000000000000000000, -0.7212024473438064500 ) ) ;
#6084 = DIRECTION ( 'NONE',  ( -0.9199794436588212300, 0.0000000000000000000, 0.3919666098600818000 ) ) ;
#6085 = AXIS2_PLACEMENT_3D ( 'NONE', #2690, #563, #5118 ) ;
#6086 = FACE_OUTER_BOUND ( 'NONE', #3685, .T. ) ;
#6087 = ORIENTED_EDGE ( 'NONE', *, *, #2709, .T. ) ;
#6088 = VECTOR ( 'NONE', #8656, 39.37007874015748900 ) ;
#6089 = CARTESIAN_POINT ( 'NONE',  ( -0.6671278544335677000, 0.0000000000000000000, 0.1932359395631795800 ) ) ;
#6090 = VERTEX_POINT ( 'NONE', #5959 ) ;
#6091 = ADVANCED_FACE ( 'NONE', ( #2721 ), #10148, .F. ) ;
#6092 = ORIENTED_EDGE ( 'NONE', *, *, #7371, .T. ) ;
#6093 = CARTESIAN_POINT ( 'NONE',  ( -0.7987837902757746200, 0.01953124999999986500, 0.4164719745341275400 ) ) ;
#6094 = VERTEX_POINT ( 'NONE', #8485 ) ;
#6095 = DIRECTION ( 'NONE',  ( -0.5000000000000024400, 0.0000000000000000000, -0.8660254037844371500 ) ) ;
#6096 = VECTOR ( 'NONE', #6042, 39.37007874015748100 ) ;
#6097 = ORIENTED_EDGE ( 'NONE', *, *, #9838, .F. ) ;
#6098 = ORIENTED_EDGE ( 'NONE', *, *, #8747, .F. ) ;
#6099 = DIRECTION ( 'NONE',  ( 0.3166679938014731500, 0.0000000000000000000, 0.9485364419471452600 ) ) ;
#6100 = DIRECTION ( 'NONE',  ( -0.9199794436588212300, 0.0000000000000000000, 0.3919666098600821400 ) ) ;
#6101 = EDGE_CURVE ( 'NONE', #4026, #9617, #735, .T. ) ;
#6102 = CARTESIAN_POINT ( 'NONE',  ( -0.2154319609916658400, 0.0000000000000000000, -0.8740418240469306500 ) ) ;
#6103 = DIRECTION ( 'NONE',  ( 0.4286925614030645000, 0.0000000000000000000, 0.9034504346103774400 ) ) ;
#6104 = ORIENTED_EDGE ( 'NONE', *, *, #4856, .F. ) ;
#6105 = ORIENTED_EDGE ( 'NONE', *, *, #9016, .F. ) ;
#6106 = CYLINDRICAL_SURFACE ( 'NONE', #2292, 0.03906249999999999300 ) ;
#6107 = DIRECTION ( 'NONE',  ( -0.7485107481710957500, 0.0000000000000000000, 0.6631226582408013000 ) ) ;
#6109 = CARTESIAN_POINT ( 'NONE',  ( 0.7987837902757803900, -0.01953125000000015600, 0.4164719745341166100 ) ) ;
#6108 =( LENGTH_UNIT ( ) NAMED_UNIT ( * ) SI_UNIT ( $, .METRE. ) );
#6110 = AXIS2_PLACEMENT_3D ( 'NONE', #5121, #8372, #5814 ) ;
#6111 = EDGE_CURVE ( 'NONE', #4364, #7048, #5383, .T. ) ;
#6112 = DIRECTION ( 'NONE',  ( 0.9967573081342092600, 0.0000000000000000000, -0.08046656871673289700 ) ) ;
#6113 = DIRECTION ( 'NONE',  ( -0.9709418174260536800, 0.0000000000000000000, -0.2393156642875510500 ) ) ;
#6114 = CYLINDRICAL_SURFACE ( 'NONE', #3746, 0.03906250000000000000 ) ;
#6115 = LINE ( 'NONE', #1533, #5859 ) ;
#6116 = DIRECTION ( 'NONE',  ( 0.6007422642379689500, 0.0000000000000000000, -0.7994427634035086200 ) ) ;
#6117 = AXIS2_PLACEMENT_3D ( 'NONE', #7984, #10416, #730 ) ;
#6118 = CARTESIAN_POINT ( 'NONE',  ( 0.6257921896629865500, 0.01953124999999986500, 0.6479881052430612700 ) ) ;
#6119 = ADVANCED_FACE ( 'NONE', ( #1839 ), #8073, .F. ) ;
#6120 = LINE ( 'NONE', #9913, #4843 ) ;
#6121 = CARTESIAN_POINT ( 'NONE',  ( -0.5009111598026411100, 0.0000000000000000000, 0.4811316997300981700 ) ) ;
#6122 = CYLINDRICAL_SURFACE ( 'NONE', #4085, 0.03906250000000002100 ) ;
#6123 = FACE_BOUND ( 'NONE', #3303, .T. ) ;
#6124 = EDGE_CURVE ( 'NONE', #5671, #2353, #10220, .T. ) ;
#6125 = ORIENTED_EDGE ( 'NONE', *, *, #7709, .F. ) ;
#6126 = DIRECTION ( 'NONE',  ( -0.4647231720437573500, 0.0000000000000000000, 0.8854560256532157900 ) ) ;
#6127 = DIRECTION ( 'NONE',  ( 0.6927243535096075900, 0.0000000000000000000, 0.7212024473438067900 ) ) ;
#6129 = CARTESIAN_POINT ( 'NONE',  ( 0.3169116451781119900, 0.0000000000000000000, -0.8434766908793347500 ) ) ;
#6128 = VECTOR ( 'NONE', #1120, 39.37007874015748100 ) ;
#6130 = FACE_OUTER_BOUND ( 'NONE', #10038, .T. ) ;
#6131 = VECTOR ( 'NONE', #3594, 39.37007874015748900 ) ;
#6132 = DIRECTION ( 'NONE',  ( 0.6927243535096075900, 0.0000000000000000000, 0.7212024473438064500 ) ) ;
#6133 = AXIS2_PLACEMENT_3D ( 'NONE', #2082, #1369, #2987 ) ;
#6134 = DIRECTION ( 'NONE',  ( 0.5680647467311540400, 0.0000000000000000000, -0.8229838658936575700 ) ) ;
#6135 = VERTEX_POINT ( 'NONE', #7602 ) ;
#6136 = EDGE_CURVE ( 'NONE', #7028, #6352, #4758, .T. ) ;
#6137 = CARTESIAN_POINT ( 'NONE',  ( 0.6762859881578718900, 0.0000000000000000000, 0.5954184924299724700 ) ) ;
#6138 = AXIS2_PLACEMENT_3D ( 'NONE', #10359, #814, #3960 ) ;
#6139 = CIRCLE ( 'NONE', #2184, 0.03906250000000004200 ) ;
#6140 = EDGE_LOOP ( 'NONE', ( #10411, #5779 ) ) ;
#6141 = FACE_OUTER_BOUND ( 'NONE', #3548, .T. ) ;
#6142 = EDGE_CURVE ( 'NONE', #4291, #9199, #6651, .T. ) ;
#6143 = VERTEX_POINT ( 'NONE', #6887 ) ;
#6144 = CARTESIAN_POINT ( 'NONE',  ( -0.6492264430988948800, 0.0000000000000000000, 0.6235904630293489500 ) ) ;
#6145 = DIRECTION ( 'NONE',  ( 0.9485364419471491400, 0.0000000000000000000, 0.3166679938014614300 ) ) ;
#6146 = CARTESIAN_POINT ( 'NONE',  ( 0.7987837902757801700, 0.01953124999999986500, 0.4164719745341167700 ) ) ;
#6147 = ORIENTED_EDGE ( 'NONE', *, *, #9598, .F. ) ;
#6148 = EDGE_LOOP ( 'NONE', ( #3160, #7299, #4632, #1753, #7810 ) ) ;
#6149 = LINE ( 'NONE', #687, #336 ) ;
#6150 = CARTESIAN_POINT ( 'NONE',  ( -0.1114136551197485600, 0.0000000000000000000, 0.6855557599151640400 ) ) ;
#6151 = CARTESIAN_POINT ( 'NONE',  ( -0.1878536045033381300, 0.01953124999999988900, 0.6695185844730460200 ) ) ;
#6152 = AXIS2_PLACEMENT_3D ( 'NONE', #5486, #9503, #5517 ) ;
#6153 = EDGE_LOOP ( 'NONE', ( #2376, #2522, #9711, #5440 ) ) ;
#6154 = DIRECTION ( 'NONE',  ( 0.2782174639164508600, 0.0000000000000000000, -0.9605181116313726800 ) ) ;
#6155 = LINE ( 'NONE', #1544, #1349 ) ;
#6156 = EDGE_CURVE ( 'NONE', #2545, #6498, #9954, .T. ) ;
#6157 = ORIENTED_EDGE ( 'NONE', *, *, #4144, .F. ) ;
#6158 = DIRECTION ( 'NONE',  ( 0.4286925614030521700, 0.0000000000000000000, -0.9034504346103833200 ) ) ;
#6159 = EDGE_LOOP ( 'NONE', ( #9760, #6901, #2136, #4794 ) ) ;
#6160 = EDGE_LOOP ( 'NONE', ( #323, #3122 ) ) ;
#6161 = PLANE ( 'NONE',  #8930 ) ;
#6162 = VECTOR ( 'NONE', #3831, 39.37007874015748900 ) ;
#6163 = ORIENTED_EDGE ( 'NONE', *, *, #3094, .F. ) ;
#6164 = LINE ( 'NONE', #3500, #10236 ) ;
#6165 = DIRECTION ( 'NONE',  ( 0.5680647467311649200, 0.0000000000000000000, 0.8229838658936499100 ) ) ;
#6166 = ORIENTED_EDGE ( 'NONE', *, *, #1451, .T. ) ;
#6167 = CARTESIAN_POINT ( 'NONE',  ( -0.4183437994737904700, 0.0000000000000000000, 0.7970875142930249300 ) ) ;
#6168 = DIRECTION ( 'NONE',  ( 0.1205366802553337900, 0.0000000000000000000, 0.9927088740980526400 ) ) ;
#6169 = VERTEX_POINT ( 'NONE', #350 ) ;
#6170 = EDGE_LOOP ( 'NONE', ( #870, #2870 ) ) ;
#6171 = DIRECTION ( 'NONE',  ( -0.9967573081342096000, 0.0000000000000000000, 0.08046656871673192600 ) ) ;
#6172 = ORIENTED_EDGE ( 'NONE', *, *, #9916, .F. ) ;
#6173 = ADVANCED_FACE ( 'NONE', ( #4624 ), #9703, .T. ) ;
#6174 = DIRECTION ( 'NONE',  ( -0.4999999999999915600, 0.0000000000000000000, 0.8660254037844434800 ) ) ;
#6175 = AXIS2_PLACEMENT_3D ( 'NONE', #8505, #7653, #1176 ) ;
#6176 = EDGE_CURVE ( 'NONE', #8321, #5559, #217, .T. ) ;
#6177 = FACE_OUTER_BOUND ( 'NONE', #6919, .T. ) ;
#6178 = DIRECTION ( 'NONE',  ( -0.8451900855437972600, 0.0000000000000000000, -0.5344658261277972500 ) ) ;
#6179 = VERTEX_POINT ( 'NONE', #1159 ) ;
#6180 = ORIENTED_EDGE ( 'NONE', *, *, #5259, .F. ) ;
#6181 = CARTESIAN_POINT ( 'NONE',  ( 0.6759043178180494900, -0.01953125000000015600, -0.5955315292531582200 ) ) ;
#6182 = ORIENTED_EDGE ( 'NONE', *, *, #7270, .T. ) ;
#6183 = DIRECTION ( 'NONE',  ( 0.9485364419471454800, 0.0000000000000000000, -0.3166679938014724800 ) ) ;
#6184 = DIRECTION ( 'NONE',  ( 0.9870502626379126200, 0.0000000000000000000, -0.1604112808577614600 ) ) ;
#6185 = DIRECTION ( 'NONE',  ( 0.9034504346103774400, -0.0000000000000000000, -0.4286925614030641700 ) ) ;
#6186 = VERTEX_POINT ( 'NONE', #390 ) ;
#6187 = VECTOR ( 'NONE', #361, 39.37007874015748100 ) ;
#6188 = ORIENTED_EDGE ( 'NONE', *, *, #5136, .F. ) ;
#6189 = EDGE_LOOP ( 'NONE', ( #8587, #5017 ) ) ;
#6190 = ORIENTED_EDGE ( 'NONE', *, *, #10143, .T. ) ;
#6191 = EDGE_CURVE ( 'NONE', #8890, #10214, #1588, .T. ) ;
#6192 = CARTESIAN_POINT ( 'NONE',  ( -0.8741940413053248500, 4.783776559169354100E-018, -0.2183362018825879300 ) ) ;
#6193 = CARTESIAN_POINT ( 'NONE',  ( 0.8977141779626370800, -0.01953125000000016700, 0.07492465458415303900 ) ) ;
#6194 = DIRECTION ( 'NONE',  ( 0.3919666098600698100, 0.0000000000000000000, -0.9199794436588264500 ) ) ;
#6195 = VERTEX_POINT ( 'NONE', #2072 ) ;
#6196 = FACE_BOUND ( 'NONE', #1367, .T. ) ;
#6197 = VERTEX_POINT ( 'NONE', #462 ) ;
#6198 = ORIENTED_EDGE ( 'NONE', *, *, #10030, .T. ) ;
#6199 = DIRECTION ( 'NONE',  ( 0.5680647467311541500, 0.0000000000000000000, -0.8229838658936574600 ) ) ;
#6200 = CARTESIAN_POINT ( 'NONE',  ( -0.2569939598583649300, 4.783776559169353300E-018, 0.6464361422465233500 ) ) ;
#6201 = DIRECTION ( 'NONE',  ( -0.7994427634035002900, 0.0000000000000000000, 0.6007422642379800500 ) ) ;
#6202 = CARTESIAN_POINT ( 'NONE',  ( 0.1333705899634349300, -0.01953125000000015600, -0.6824634769806315900 ) ) ;
#6203 = DIRECTION ( 'NONE',  ( -0.9967573081342096000, 0.0000000000000000000, 0.08046656871673192600 ) ) ;
#6204 = VECTOR ( 'NONE', #4189, 39.37007874015748900 ) ;
#6205 = EDGE_CURVE ( 'NONE', #9892, #1239, #4357, .T. ) ;
#6206 = ORIENTED_EDGE ( 'NONE', *, *, #2483, .F. ) ;
#6207 = AXIS2_PLACEMENT_3D ( 'NONE', #2902, #1256, #2830 ) ;
#6208 = LINE ( 'NONE', #6233, #2905 ) ;
#6209 = VERTEX_POINT ( 'NONE', #9512 ) ;
#6210 = ORIENTED_EDGE ( 'NONE', *, *, #1224, .T. ) ;
#6211 = CARTESIAN_POINT ( 'NONE',  ( -0.2154319609916658400, 0.0000000000000000000, -0.8740418240469306500 ) ) ;
#6212 = DIRECTION ( 'NONE',  ( -0.8660254037844432600, 0.0000000000000000000, -0.4999999999999919500 ) ) ;
#6213 = VERTEX_POINT ( 'NONE', #10322 ) ;
#6214 = DIRECTION ( 'NONE',  ( 0.9870502626379149500, 0.0000000000000000000, 0.1604112808577477800 ) ) ;
#6215 = CIRCLE ( 'NONE', #9381, 0.03906250000000005600 ) ;
#6216 = AXIS2_PLACEMENT_3D ( 'NONE', #1882, #9996, #5119 ) ;
#6217 = VERTEX_POINT ( 'NONE', #7780 ) ;
#6218 = LINE ( 'NONE', #9605, #3178 ) ;
#6219 = EDGE_CURVE ( 'NONE', #8942, #4154, #3228, .T. ) ;
#6220 = ORIENTED_EDGE ( 'NONE', *, *, #3338, .F. ) ;
#6221 = DIRECTION ( 'NONE',  ( 0.2782174639164511400, 0.0000000000000000000, -0.9605181116313726800 ) ) ;
#6222 = DIRECTION ( 'NONE',  ( 0.8854560256532157900, 0.0000000000000000000, 0.4647231720437573500 ) ) ;
#6223 = CARTESIAN_POINT ( 'NONE',  ( -0.3837556734717116900, 0.0000000000000000000, 0.8152407632009843800 ) ) ;
#6224 = ORIENTED_EDGE ( 'NONE', *, *, #1717, .F. ) ;
#6225 = DIRECTION ( 'NONE',  ( -0.7485107481710949800, 0.0000000000000000000, 0.6631226582408020800 ) ) ;
#6226 = CIRCLE ( 'NONE', #8897, 0.03906249999999999300 ) ;
#6227 = EDGE_LOOP ( 'NONE', ( #8189, #5597, #1866, #6147 ) ) ;
#6228 = CIRCLE ( 'NONE', #8997, 0.03906250000000004200 ) ;
#6229 = ADVANCED_FACE ( 'NONE', ( #1226 ), #5348, .F. ) ;
#6230 = DIRECTION ( 'NONE',  ( -0.8229838658936500200, 0.0000000000000000000, 0.5680647467311650300 ) ) ;
#6231 = DIRECTION ( 'NONE',  ( 0.1604112808577605700, 0.0000000000000000000, 0.9870502626379128500 ) ) ;
#6232 = CARTESIAN_POINT ( 'NONE',  ( 0.5720164192124790300, 0.0000000000000000000, 0.6961918809190349400 ) ) ;
#6233 = CARTESIAN_POINT ( 'NONE',  ( 0.8983449925355421200, 0.0000000000000000000, 0.06972942917138376400 ) ) ;
#6234 = DIRECTION ( 'NONE',  ( -0.2000256937760366000, 0.0000000000000000000, 0.9797906520422692300 ) ) ;
#6236 = CARTESIAN_POINT ( 'NONE',  ( 0.0000000000000000000, 0.0000000000000000000, 0.6945500000000002200 ) ) ;
#6235 = CYLINDRICAL_SURFACE ( 'NONE', #7721, 0.03906250000000001400 ) ;
#6237 = EDGE_CURVE ( 'NONE', #6790, #6814, #724, .T. ) ;
#6238 = DIRECTION ( 'NONE',  ( 0.3919666098600698100, 0.0000000000000000000, -0.9199794436588264500 ) ) ;
#6239 = VECTOR ( 'NONE', #1640, 39.37007874015748100 ) ;
#6240 = DIRECTION ( 'NONE',  ( -0.4647231720437573500, 0.0000000000000000000, 0.8854560256532157900 ) ) ;
#6241 = CARTESIAN_POINT ( 'NONE',  ( 0.2520299056862794200, 0.01953124999999989200, 0.6480933870357367100 ) ) ;
#6242 = DIRECTION ( 'NONE',  ( 0.9797906520422669000, 0.0000000000000000000, -0.2000256937760482600 ) ) ;
#6243 = CIRCLE ( 'NONE', #1521, 0.03906250000000003500 ) ;
#6244 = VECTOR ( 'NONE', #9769, 39.37007874015748100 ) ;
#6245 = FACE_BOUND ( 'NONE', #5124, .T. ) ;
#6246 = DIRECTION ( 'NONE',  ( 0.1604112808577605700, 0.0000000000000000000, 0.9870502626379128500 ) ) ;
#6247 = VERTEX_POINT ( 'NONE', #6958 ) ;
#6248 = AXIS2_PLACEMENT_3D ( 'NONE', #7034, #440, #10121 ) ;
#6249 = EDGE_CURVE ( 'NONE', #978, #5296, #1969, .T. ) ;
#6250 = CARTESIAN_POINT ( 'NONE',  ( -0.4811261366802526700, 0.0000000000000000000, -0.7608401150065203800 ) ) ;
#6251 = CYLINDRICAL_SURFACE ( 'NONE', #4701, 0.03906250000000005600 ) ;
#6252 = VECTOR ( 'NONE', #4596, 39.37007874015748100 ) ;
#6253 = LINE ( 'NONE', #4431, #3584 ) ;
#6254 = CARTESIAN_POINT ( 'NONE',  ( 0.1829588859124495800, 0.0000000000000000000, 0.8822765807681429700 ) ) ;
#6255 = AXIS2_PLACEMENT_3D ( 'NONE', #1558, #9570, #5630 ) ;
#6256 = DIRECTION ( 'NONE',  ( 0.6927243535096075900, 0.0000000000000000000, 0.7212024473438066700 ) ) ;
#6257 = EDGE_LOOP ( 'NONE', ( #1855, #4217, #6220, #607 ) ) ;
#6258 = LINE ( 'NONE', #8329, #6773 ) ;
#6259 = EDGE_CURVE ( 'NONE', #8731, #8719, #1830, .T. ) ;
#6260 = DIRECTION ( 'NONE',  ( 0.9034504346103775500, 0.0000000000000000000, -0.4286925614030642200 ) ) ;
#6261 = ADVANCED_FACE ( 'NONE', ( #7165 ), #10182, .T. ) ;
#6262 = EDGE_CURVE ( 'NONE', #505, #5511, #5508, .T. ) ;
#6263 = FACE_OUTER_BOUND ( 'NONE', #6080, .T. ) ;
#6264 = CARTESIAN_POINT ( 'NONE',  ( -0.5908205730276677700, 0.01953124999999988900, 0.3667085520777312900 ) ) ;
#6265 = ORIENTED_EDGE ( 'NONE', *, *, #2015, .F. ) ;
#6266 = MANIFOLD_SOLID_BREP ( 'CirPattern1[12]', #3472 ) ;
#6267 = DIRECTION ( 'NONE',  ( -0.6324453755953717300, 0.0000000000000000000, 0.7746049618276591400 ) ) ;
#6268 = LINE ( 'NONE', #10257, #3471 ) ;
#6269 = DIRECTION ( 'NONE',  ( -0.4999999999999923400, 0.0000000000000000000, 0.8660254037844431500 ) ) ;
#6270 = ORIENTED_EDGE ( 'NONE', *, *, #5389, .T. ) ;
#6271 = CIRCLE ( 'NONE', #5028, 0.03906249999999996500 ) ;
#6273 = DIRECTION ( 'NONE',  ( -0.9605181116313692400, 0.0000000000000000000, 0.2782174639164631800 ) ) ;
#6272 = AXIS2_PLACEMENT_3D ( 'NONE', #8480, #5953, #10103 ) ;
#6274 = ADVANCED_FACE ( 'NONE', ( #4992 ), #2099, .T. ) ;
#6275 = DIRECTION ( 'NONE',  ( 0.2782174639164617400, 0.0000000000000000000, 0.9605181116313696900 ) ) ;
#6276 = ORIENTED_EDGE ( 'NONE', *, *, #6111, .T. ) ;
#6277 = EDGE_CURVE ( 'NONE', #3018, #597, #9057, .T. ) ;
#6278 = ORIENTED_EDGE ( 'NONE', *, *, #1633, .F. ) ;
#6279 = DIRECTION ( 'NONE',  ( -0.9350162426854181600, 0.0000000000000000000, -0.3546048870425268000 ) ) ;
#6280 = ORIENTED_EDGE ( 'NONE', *, *, #3219, .F. ) ;
#6281 = EDGE_LOOP ( 'NONE', ( #3235, #4518, #5716, #8114 ) ) ;
#6282 = AXIS2_PLACEMENT_3D ( 'NONE', #9204, #1187, #5086 ) ;
#6283 = CARTESIAN_POINT ( 'NONE',  ( 0.0000000000000000000, -0.01953125000000010400, 2.420098498159312400E-018 ) ) ;
#6284 = VECTOR ( 'NONE', #447, 39.37007874015748100 ) ;
#6286 = VERTEX_POINT ( 'NONE', #8627 ) ;
#6285 = EDGE_CURVE ( 'NONE', #4116, #7061, #8061, .T. ) ;
#6287 = CIRCLE ( 'NONE', #2662, 0.03906250000000004900 ) ;
#6288 = VERTEX_POINT ( 'NONE', #8589 ) ;
#6289 = EDGE_LOOP ( 'NONE', ( #1738, #5123, #1886, #8598 ) ) ;
#6290 = CARTESIAN_POINT ( 'NONE',  ( 0.4811261366802424600, -0.01953125000000016700, -0.7608401150065270400 ) ) ;
#6291 = APPROVAL ( #4509, 'UNSPECIFIED' ) ;
#6292 = CARTESIAN_POINT ( 'NONE',  ( -0.6374195610257145100, -0.01953125000000009400, -0.2779215984796311000 ) ) ;
#6293 = CIRCLE ( 'NONE', #6420, 0.03906250000000002100 ) ;
#6294 = EDGE_CURVE ( 'NONE', #6352, #10144, #80, .T. ) ;
#6295 = ORIENTED_EDGE ( 'NONE', *, *, #1526, .T. ) ;
#6296 = CIRCLE ( 'NONE', #6331, 0.03906250000000004200 ) ;
#6297 = CLOSED_SHELL ( 'NONE', ( #7129, #4738, #6613, #3395 ) ) ;
#6298 = EDGE_CURVE ( 'NONE', #9085, #1022, #6268, .T. ) ;
#6299 = ORIENTED_EDGE ( 'NONE', *, *, #7308, .T. ) ;
#6300 = DIRECTION ( 'NONE',  ( -0.9927088740980527500, 0.0000000000000000000, 0.1205366802553338000 ) ) ;
#6301 = ORIENTED_EDGE ( 'NONE', *, *, #8907, .T. ) ;
#6302 = DIRECTION ( 'NONE',  ( 0.08046656871671943600, 0.0000000000000000000, -0.9967573081342104800 ) ) ;
#6303 = PLANE ( 'NONE',  #9727 ) ;
#6304 = ORIENTED_EDGE ( 'NONE', *, *, #4215, .T. ) ;
#6305 = DIRECTION ( 'NONE',  ( 0.8660254037844363800, 0.0000000000000000000, -0.5000000000000041100 ) ) ;
#6306 = CARTESIAN_POINT ( 'NONE',  ( -0.5380018762374012600, 0.0000000000000000000, -0.4392649356197649800 ) ) ;
#6307 = FACE_OUTER_BOUND ( 'NONE', #5906, .T. ) ;
#6308 = AXIS2_PLACEMENT_3D ( 'NONE', #2439, #7370, #24 ) ;
#6309 = EDGE_LOOP ( 'NONE', ( #4001, #8717 ) ) ;
#6310 = EDGE_CURVE ( 'NONE', #1401, #2615, #8562, .T. ) ;
#6311 = ORIENTED_EDGE ( 'NONE', *, *, #1169, .F. ) ;
#6312 = VERTEX_POINT ( 'NONE', #2183 ) ;
#6313 = DIRECTION ( 'NONE',  ( 0.8854560256532159100, 0.0000000000000000000, 0.4647231720437570200 ) ) ;
#6314 = DIRECTION ( 'NONE',  ( 0.6007422642379800500, 0.0000000000000000000, 0.7994427634035002900 ) ) ;
#6315 = DIRECTION ( 'NONE',  ( 0.6007422642379800500, 0.0000000000000000000, 0.7994427634035002900 ) ) ;
#6316 = AXIS2_PLACEMENT_3D ( 'NONE', #8271, #9956, #9070 ) ;
#6317 = EDGE_CURVE ( 'NONE', #5427, #1869, #9309, .T. ) ;
#6318 = EDGE_LOOP ( 'NONE', ( #378, #2889, #7229, #9627 ) ) ;
#6319 = CIRCLE ( 'NONE', #3351, 0.03906250000000004200 ) ;
#6320 = ORIENTED_EDGE ( 'NONE', *, *, #8005, .T. ) ;
#6321 = CARTESIAN_POINT ( 'NONE',  ( 0.4811261366802424600, 0.0000000000000000000, -0.7608401150065270400 ) ) ;
#6322 = VERTEX_POINT ( 'NONE', #4780 ) ;
#6323 = AXIS2_PLACEMENT_3D ( 'NONE', #5634, #9784, #160 ) ;
#6324 = CARTESIAN_POINT ( 'NONE',  ( 0.2154319609916540100, 0.0000000000000000000, -0.8740418240469335400 ) ) ;
#6325 = VECTOR ( 'NONE', #9152, 39.37007874015748100 ) ;
#6326 = ORIENTED_EDGE ( 'NONE', *, *, #1438, .T. ) ;
#6327 = DIRECTION ( 'NONE',  ( -0.08046656871673291100, 0.0000000000000000000, -0.9967573081342093700 ) ) ;
#6328 = FACE_BOUND ( 'NONE', #88, .T. ) ;
#6329 = CARTESIAN_POINT ( 'NONE',  ( 0.2363037118603887000, 0.0000000000000000000, -0.6542829182908971300 ) ) ;
#6330 = ORIENTED_EDGE ( 'NONE', *, *, #8327, .F. ) ;
#6331 = AXIS2_PLACEMENT_3D ( 'NONE', #10216, #535, #2872 ) ;
#6332 = EDGE_CURVE ( 'NONE', #4416, #7741, #4747, .T. ) ;
#6333 = CARTESIAN_POINT ( 'NONE',  ( 0.6972993866372522200, 0.0000000000000000000, -0.5693273271109621200 ) ) ;
#6334 = VERTEX_POINT ( 'NONE', #9612 ) ;
#6335 = ADVANCED_FACE ( 'NONE', ( #4218 ), #3221, .F. ) ;
#6336 = FACE_OUTER_BOUND ( 'NONE', #4389, .T. ) ;
#6337 = DIRECTION ( 'NONE',  ( -0.9991889981715700300, 0.0000000000000000000, -0.04026594010940538100 ) ) ;
#6338 = ORIENTED_EDGE ( 'NONE', *, *, #4528, .F. ) ;
#6339 = LINE ( 'NONE', #8970, #3054 ) ;
#6340 = ORIENTED_EDGE ( 'NONE', *, *, #8399, .F. ) ;
#6341 = CARTESIAN_POINT ( 'NONE',  ( -0.3712132395370690300, 0.0000000000000000000, -0.5870267739144399100 ) ) ;
#6342 = ORIENTED_EDGE ( 'NONE', *, *, #8247, .F. ) ;
#6343 = DIRECTION ( 'NONE',  ( -0.3546048870425393400, 0.0000000000000000000, -0.9350162426854132800 ) ) ;
#6344 = AXIS2_PLACEMENT_3D ( 'NONE', #10049, #3792, #5391 ) ;
#6345 = CARTESIAN_POINT ( 'NONE',  ( 0.1444022350281561100, 0.0000000000000000000, 0.8885426464266492600 ) ) ;
#6346 = CARTESIAN_POINT ( 'NONE',  ( -0.8994699361540474700, 0.0000000000000000000, -0.03624739928648673000 ) ) ;
#6347 = EDGE_CURVE ( 'NONE', #4800, #1255, #1709, .T. ) ;
#6348 = PLANE ( 'NONE',  #4506 ) ;
#6349 = VERTEX_POINT ( 'NONE', #1498 ) ;
#6350 = CYLINDRICAL_SURFACE ( 'NONE', #3450, 0.03906250000000003500 ) ;
#6351 = DIRECTION ( 'NONE',  ( 0.7212024473438157800, 0.0000000000000000000, 0.6927243535095981600 ) ) ;
#6352 = VERTEX_POINT ( 'NONE', #9550 ) ;
#6353 = CARTESIAN_POINT ( 'NONE',  ( -0.2529763774286085100, -0.01953125000000016700, 0.8645851037594771700 ) ) ;
#6354 = EDGE_CURVE ( 'NONE', #6004, #1141, #9944, .T. ) ;
#6355 = CIRCLE ( 'NONE', #3292, 0.03906250000000003500 ) ;
#6356 = CARTESIAN_POINT ( 'NONE',  ( 0.5678326293130868700, -0.01953125000000016700, 0.6993357950706328200 ) ) ;
#6357 = ORIENTED_EDGE ( 'NONE', *, *, #6347, .T. ) ;
#6358 = CARTESIAN_POINT ( 'NONE',  ( 0.5720164192124790300, 0.0000000000000000000, 0.6961918809190349400 ) ) ;
#6359 = DIRECTION ( 'NONE',  ( -0.2782174639164631800, 0.0000000000000000000, -0.9605181116313692400 ) ) ;
#6360 = ORIENTED_EDGE ( 'NONE', *, *, #3759, .T. ) ;
#6361 = EDGE_CURVE ( 'NONE', #2391, #258, #10209, .T. ) ;
#6362 = ORIENTED_EDGE ( 'NONE', *, *, #4171, .T. ) ;
#6363 = CARTESIAN_POINT ( 'NONE',  ( -0.4811261366802526700, 0.0000000000000000000, -0.7608401150065203800 ) ) ;
#6364 = VECTOR ( 'NONE', #6965, 39.37007874015748900 ) ;
#6365 = DIRECTION ( 'NONE',  ( 0.9927088740980544200, 0.0000000000000000000, 0.1205366802553199300 ) ) ;
#6366 = CARTESIAN_POINT ( 'NONE',  ( -0.6221668980399257500, 0.0000000000000000000, 0.6517624336287164400 ) ) ;
#6367 = FACE_OUTER_BOUND ( 'NONE', #5276, .T. ) ;
#6368 = VECTOR ( 'NONE', #3161, 39.37007874015748900 ) ;
#6369 = CARTESIAN_POINT ( 'NONE',  ( -0.8132860812362620000, 0.0000000000000000000, 0.3859090437750384800 ) ) ;
#6370 = CARTESIAN_POINT ( 'NONE',  ( -0.3227734791429917600, 0.0000000000000000000, 0.6149934826174412400 ) ) ;
#6371 = CARTESIAN_POINT ( 'NONE',  ( -0.6492264430988948800, 0.0000000000000000000, 0.6235904630293489500 ) ) ;
#6372 = CARTESIAN_POINT ( 'NONE',  ( -0.8417016216654136200, 0.0000000000000000000, -0.3192153193156827000 ) ) ;
#6373 = AXIS2_PLACEMENT_3D ( 'NONE', #1307, #2221, #7066 ) ;
#6374 = EDGE_CURVE ( 'NONE', #10449, #4641, #1462, .T. ) ;
#6376 = CARTESIAN_POINT ( 'NONE',  ( -0.3712132395370690300, 0.0000000000000000000, -0.5870267739144399100 ) ) ;
#6375 = CYLINDRICAL_SURFACE ( 'NONE', #9666, 0.03906250000000003500 ) ;
#6377 = VECTOR ( 'NONE', #178, 39.37007874015748900 ) ;
#6378 = LINE ( 'NONE', #6775, #5751 ) ;
#6379 = DIRECTION ( 'NONE',  ( 0.8854560256532151300, 0.0000000000000000000, 0.4647231720437583500 ) ) ;
#6380 = DIRECTION ( 'NONE',  ( -0.3919666098600822500, 0.0000000000000000000, -0.9199794436588211200 ) ) ;
#6381 = VERTEX_POINT ( 'NONE', #10431 ) ;
#6382 = ADVANCED_FACE ( 'NONE', ( #6913 ), #7411, .F. ) ;
#6383 = DIRECTION ( 'NONE',  ( -0.8660254037844431500, 0.0000000000000000000, -0.4999999999999919000 ) ) ;
#6384 = VECTOR ( 'NONE', #3768, 39.37007874015747400 ) ;
#6385 = CARTESIAN_POINT ( 'NONE',  ( -0.1662166946309281700, 0.0000000000000000000, -0.6743676392932636000 ) ) ;
#6386 = FACE_OUTER_BOUND ( 'NONE', #3994, .T. ) ;
#6387 = MANIFOLD_SOLID_BREP ( 'CirPattern1[17]', #1660 ) ;
#6388 = AXIS2_PLACEMENT_3D ( 'NONE', #2837, #10108, #6127 ) ;
#6389 = EDGE_CURVE ( 'NONE', #5762, #6922, #1216, .T. ) ;
#6390 = CARTESIAN_POINT ( 'NONE',  ( -0.3887850392139689000, 0.0000000000000000000, -0.8128542994840116700 ) ) ;
#6391 = ORIENTED_EDGE ( 'NONE', *, *, #9414, .T. ) ;
#6392 = VECTOR ( 'NONE', #7745, 39.37007874015748100 ) ;
#6393 = CARTESIAN_POINT ( 'NONE',  ( 0.07243600515879085300, 0.0000000000000000000, -0.8972809287824163900 ) ) ;
#6394 = ORIENTED_EDGE ( 'NONE', *, *, #8877, .T. ) ;
#6395 = VECTOR ( 'NONE', #4414, 39.37007874015748100 ) ;
#6396 = DIRECTION ( 'NONE',  ( 0.8229838658936575700, 0.0000000000000000000, 0.5680647467311541500 ) ) ;
#6397 = ORIENTED_EDGE ( 'NONE', *, *, #3030, .T. ) ;
#6398 = ORIENTED_EDGE ( 'NONE', *, *, #7819, .F. ) ;
#6399 = EDGE_CURVE ( 'NONE', #10254, #1920, #10459, .T. ) ;
#6400 = DIRECTION ( 'NONE',  ( 0.9034504346103774400, -0.0000000000000000000, -0.4286925614030641700 ) ) ;
#6401 = AXIS2_PLACEMENT_3D ( 'NONE', #2764, #1185, #7663 ) ;
#6402 = VECTOR ( 'NONE', #6062, 39.37007874015748100 ) ;
#6403 = EDGE_LOOP ( 'NONE', ( #10267, #9983, #7840, #2130, #6326 ) ) ;
#6404 = CARTESIAN_POINT ( 'NONE',  ( 0.2154319609916540100, 0.0000000000000000000, -0.8740418240469335400 ) ) ;
#6405 = FACE_OUTER_BOUND ( 'NONE', #1156, .T. ) ;
#6406 = DIRECTION ( 'NONE',  ( -0.7212024473438066700, 0.0000000000000000000, 0.6927243535096077000 ) ) ;
#6407 = CARTESIAN_POINT ( 'NONE',  ( -0.8889280643905934600, 0.0000000000000000000, 0.1472848099603067400 ) ) ;
#6408 = CARTESIAN_POINT ( 'NONE',  ( 0.5132969787532011300, 0.0000000000000000000, -0.4695229419411647800 ) ) ;
#6409 = VERTEX_POINT ( 'NONE', #6408 ) ;
#6410 = VERTEX_POINT ( 'NONE', #7993 ) ;
#6411 = VERTEX_POINT ( 'NONE', #3845 ) ;
#6412 = VECTOR ( 'NONE', #8810, 39.37007874015747400 ) ;
#6414 = CARTESIAN_POINT ( 'NONE',  ( 0.6972993866372522200, 0.0000000000000000000, -0.5693273271109621200 ) ) ;
#6413 = AXIS2_PLACEMENT_3D ( 'NONE', #689, #6314, #5495 ) ;
#6415 = DIRECTION ( 'NONE',  ( -0.9967573081342106000, 0.0000000000000000000, -0.08046656871671800700 ) ) ;
#6416 = EDGE_LOOP ( 'NONE', ( #8495, #4634, #8816, #2835, #8648 ) ) ;
#6417 = CYLINDRICAL_SURFACE ( 'NONE', #7413, 0.03906250000000004200 ) ;
#6418 = EDGE_CURVE ( 'NONE', #9813, #6410, #2847, .T. ) ;
#6419 = ORIENTED_EDGE ( 'NONE', *, *, #9567, .F. ) ;
#6420 = AXIS2_PLACEMENT_3D ( 'NONE', #152, #1832, #4220 ) ;
#6421 = ORIENTED_EDGE ( 'NONE', *, *, #3039, .F. ) ;
#6422 = DIRECTION ( 'NONE',  ( 0.8229838658936575700, 0.0000000000000000000, 0.5680647467311542600 ) ) ;
#6423 = ORIENTED_EDGE ( 'NONE', *, *, #2359, .T. ) ;
#6424 = CARTESIAN_POINT ( 'NONE',  ( 0.6222644748749959200, -0.01953125000000015600, -0.6513765212902851200 ) ) ;
#6425 = DIRECTION ( 'NONE',  ( -0.5680647467311541500, 0.0000000000000000000, 0.8229838658936574600 ) ) ;
#6426 = ORIENTED_EDGE ( 'NONE', *, *, #6868, .T. ) ;
#6427 = VECTOR ( 'NONE', #6454, 39.37007874015748900 ) ;
#6428 = EDGE_LOOP ( 'NONE', ( #7122, #1013, #9099, #1222 ) ) ;
#6429 = DIRECTION ( 'NONE',  ( 0.8451900855437977100, 0.0000000000000000000, 0.5344658261277963600 ) ) ;
#6430 = CLOSED_SHELL ( 'NONE', ( #3578, #2682, #8681, #3502 ) ) ;
#6431 = DIRECTION ( 'NONE',  ( -0.6631226582408013000, 0.0000000000000000000, -0.7485107481710957500 ) ) ;
#6432 = EDGE_LOOP ( 'NONE', ( #5333, #8742 ) ) ;
#6433 = DIRECTION ( 'NONE',  ( 0.8854560256532093600, 0.0000000000000000000, -0.4647231720437694500 ) ) ;
#6434 = ADVANCED_FACE ( 'NONE', ( #5882 ), #6640, .F. ) ;
#6435 = ORIENTED_EDGE ( 'NONE', *, *, #3426, .T. ) ;
#6436 = EDGE_CURVE ( 'NONE', #8394, #2492, #3104, .T. ) ;
#6437 = FACE_OUTER_BOUND ( 'NONE', #3799, .T. ) ;
#6438 = ORIENTED_EDGE ( 'NONE', *, *, #7002, .F. ) ;
#6439 = DIRECTION ( 'NONE',  ( -0.0000000000000000000, -1.000000000000000000, -6.123233995736766000E-017 ) ) ;
#6440 = CARTESIAN_POINT ( 'NONE',  ( 0.5969430169483602700, 0.0000000000000000000, -0.6738093755036285200 ) ) ;
#6441 = EDGE_LOOP ( 'NONE', ( #3025, #772, #4543, #8611 ) ) ;
#6442 = VERTEX_POINT ( 'NONE', #5566 ) ;
#6443 = DIRECTION ( 'NONE',  ( 0.9991889981715694800, 0.0000000000000000000, -0.04026594010941866900 ) ) ;
#6444 = APPROVAL_PERSON_ORGANIZATION ( #121, #4243, #5323 ) ;
#6445 = ORIENTED_EDGE ( 'NONE', *, *, #4942, .F. ) ;
#6446 = FACE_BOUND ( 'NONE', #1858, .T. ) ;
#6447 = ORIENTED_EDGE ( 'NONE', *, *, #5737, .F. ) ;
#6448 = CARTESIAN_POINT ( 'NONE',  ( 0.8132860812362671100, 0.0000000000000000000, 0.3859090437750274900 ) ) ;
#6449 = ORIENTED_EDGE ( 'NONE', *, *, #8099, .T. ) ;
#6450 = CARTESIAN_POINT ( 'NONE',  ( 0.5716034440564400400, 0.01953124999999988900, 0.3945493698421233000 ) ) ;
#6451 = CARTESIAN_POINT ( 'NONE',  ( -0.8978970478685238700, 4.783776559169353300E-018, -0.07527821952756372200 ) ) ;
#6452 = EDGE_CURVE ( 'NONE', #10275, #1234, #6139, .T. ) ;
#6453 = FACE_OUTER_BOUND ( 'NONE', #3787, .T. ) ;
#6454 = DIRECTION ( 'NONE',  ( 0.9605181116313730200, 0.0000000000000000000, 0.2782174639164499100 ) ) ;
#6455 = ORIENTED_EDGE ( 'NONE', *, *, #4160, .F. ) ;
#6456 = DIRECTION ( 'NONE',  ( -0.8854560256532157900, 0.0000000000000000000, -0.4647231720437573500 ) ) ;
#6457 = CIRCLE ( 'NONE', #4324, 0.03906250000000000000 ) ;
#6458 = ORIENTED_EDGE ( 'NONE', *, *, #312, .F. ) ;
#6459 = AXIS2_PLACEMENT_3D ( 'NONE', #3428, #296, #5945 ) ;
#6460 = EDGE_LOOP ( 'NONE', ( #7556, #9180, #5680, #4566 ) ) ;
#6461 = CARTESIAN_POINT ( 'NONE',  ( -0.8936365284630674000, 0.0000000000000000000, 0.1085071195658515200 ) ) ;
#6462 = ADVANCED_FACE ( 'NONE', ( #3715 ), #7097, .T. ) ;
#6464 = CARTESIAN_POINT ( 'NONE',  ( -0.6492264430988948800, 0.0000000000000000000, 0.6235904630293489500 ) ) ;
#6463 = DIRECTION ( 'NONE',  ( 0.2782174639164508600, 0.0000000000000000000, -0.9605181116313726800 ) ) ;
#6465 = ORIENTED_EDGE ( 'NONE', *, *, #4605, .T. ) ;
#6466 = AXIS2_PLACEMENT_3D ( 'NONE', #474, #10195, #405 ) ;
#6467 = EDGE_CURVE ( 'NONE', #653, #3386, #5635, .T. ) ;
#6468 = CIRCLE ( 'NONE', #9089, 0.03906250000000003500 ) ;
#6469 = ORIENTED_EDGE ( 'NONE', *, *, #5251, .T. ) ;
#6470 = LINE ( 'NONE', #3012, #8886 ) ;
#6471 = ORIENTED_EDGE ( 'NONE', *, *, #2608, .T. ) ;
#6472 = ORIENTED_EDGE ( 'NONE', *, *, #3166, .F. ) ;
#6473 = CARTESIAN_POINT ( 'NONE',  ( 0.1829588859124495800, 0.0000000000000000000, 0.8822765807681429700 ) ) ;
#6474 = FACE_OUTER_BOUND ( 'NONE', #4664, .T. ) ;
#6475 = DIRECTION ( 'NONE',  ( -0.3166679938014603800, 0.0000000000000000000, 0.9485364419471495900 ) ) ;
#6476 = AXIS2_PLACEMENT_3D ( 'NONE', #980, #9040, #4991 ) ;
#6477 = EDGE_LOOP ( 'NONE', ( #380, #9476, #8520, #6276 ) ) ;
#6478 = FACE_OUTER_BOUND ( 'NONE', #2728, .T. ) ;
#6479 = DIRECTION ( 'NONE',  ( 0.1205366802553327300, 0.0000000000000000000, 0.9927088740980527500 ) ) ;
#6480 = EDGE_CURVE ( 'NONE', #588, #7424, #9574, .T. ) ;
#6481 = AXIS2_PLACEMENT_3D ( 'NONE', #5876, #9855, #1704 ) ;
#6482 = CARTESIAN_POINT ( 'NONE',  ( -0.2482780656591499800, 0.01953124999999987900, -0.8659459863595642100 ) ) ;
#6483 = CARTESIAN_POINT ( 'NONE',  ( -0.6939867186800641200, 0.0000000000000000000, -0.02796670870298751500 ) ) ;
#6484 = EDGE_CURVE ( 'NONE', #4769, #7853, #10080, .T. ) ;
#6485 = ADVANCED_FACE ( 'NONE', ( #8182 ), #4062, .T. ) ;
#6486 = CIRCLE ( 'NONE', #3163, 0.03906249999999995800 ) ;
#6487 = VECTOR ( 'NONE', #1564, 39.37007874015748100 ) ;
#6488 = CARTESIAN_POINT ( 'NONE',  ( 0.4442899826725463800, -0.01953125000000015600, 0.5349303907767031200 ) ) ;
#6489 = DIRECTION ( 'NONE',  ( 1.000000000000000000, 0.0000000000000000000, 0.0000000000000000000 ) ) ;
#6490 = EDGE_CURVE ( 'NONE', #7052, #2063, #5246, .T. ) ;
#6491 = DIRECTION ( 'NONE',  ( -0.9927088740980526400, 0.0000000000000000000, 0.1205366802553337900 ) ) ;
#6492 = VECTOR ( 'NONE', #8893, 39.37007874015748900 ) ;
#6493 = VECTOR ( 'NONE', #7497, 39.37007874015748100 ) ;
#6494 = FACE_BOUND ( 'NONE', #115, .T. ) ;
#6496 = CARTESIAN_POINT ( 'NONE',  ( -0.4605718422811487200, 0.0000000000000000000, -0.5198781401422347700 ) ) ;
#6495 = CARTESIAN_POINT ( 'NONE',  ( -0.3887850392139689000, 0.0000000000000000000, -0.8128542994840116700 ) ) ;
#6497 = DIRECTION ( 'NONE',  ( 0.08046656871673291100, 0.0000000000000000000, 0.9967573081342093700 ) ) ;
#6498 = VERTEX_POINT ( 'NONE', #933 ) ;
#6499 = CIRCLE ( 'NONE', #7975, 0.03906249999999997900 ) ;
#6500 = AXIS2_PLACEMENT_3D ( 'NONE', #1925, #3643, #2732 ) ;
#6501 = CARTESIAN_POINT ( 'NONE',  ( -0.3837556734717116900, 0.0000000000000000000, 0.8152407632009843800 ) ) ;
#6502 = VECTOR ( 'NONE', #3491, 39.37007874015748900 ) ;
#6503 = CYLINDRICAL_SURFACE ( 'NONE', #6001, 0.03906249999999998600 ) ;
#6504 = CARTESIAN_POINT ( 'NONE',  ( -0.7987837902757747300, -0.01953125000000016700, 0.4164719745341274300 ) ) ;
#6505 = ADVANCED_FACE ( 'NONE', ( #208 ), #1337, .F. ) ;
#6506 = DIRECTION ( 'NONE',  ( 0.4286925614030521700, 0.0000000000000000000, -0.9034504346103833200 ) ) ;
#6507 = EDGE_LOOP ( 'NONE', ( #4307, #1377, #6638, #7930 ) ) ;
#6508 = AXIS2_PLACEMENT_3D ( 'NONE', #4421, #6884, #6060 ) ;
#6509 = EDGE_CURVE ( 'NONE', #10341, #8592, #7805, .T. ) ;
#6510 = FACE_OUTER_BOUND ( 'NONE', #1816, .T. ) ;
#6511 = DIRECTION ( 'NONE',  ( -0.9870502626379128500, 0.0000000000000000000, 0.1604112808577605700 ) ) ;
#6512 = CIRCLE ( 'NONE', #6815, 0.03906250000000003500 ) ;
#6513 = DIRECTION ( 'NONE',  ( 0.9485364419471454800, 0.0000000000000000000, -0.3166679938014724800 ) ) ;
#6514 = DIRECTION ( 'NONE',  ( 0.9485364419471493700, 0.0000000000000000000, 0.3166679938014612100 ) ) ;
#6515 = ORIENTED_EDGE ( 'NONE', *, *, #4986, .F. ) ;
#6516 = DIRECTION ( 'NONE',  ( 0.7746049618276598100, 0.0000000000000000000, 0.6324453755953708400 ) ) ;
#6517 = CARTESIAN_POINT ( 'NONE',  ( -0.01695222295321427800, 4.783776559169353300E-018, -0.6954410137051126900 ) ) ;
#6518 = LINE ( 'NONE', #7928, #9450 ) ;
#6519 = ORIENTED_EDGE ( 'NONE', *, *, #2200, .T. ) ;
#6520 = EDGE_CURVE ( 'NONE', #4416, #5526, #9694, .T. ) ;
#6521 = VECTOR ( 'NONE', #5483, 39.37007874015748900 ) ;
#6522 = CARTESIAN_POINT ( 'NONE',  ( 0.3426212049625426700, 0.01953124999999996500, -0.6051072810582460700 ) ) ;
#6523 = EDGE_LOOP ( 'NONE', ( #4872, #1302 ) ) ;
#6524 = ORIENTED_EDGE ( 'NONE', *, *, #10450, .T. ) ;
#6525 = EDGE_LOOP ( 'NONE', ( #9325, #5822, #10425, #10003 ) ) ;
#6526 = VERTEX_POINT ( 'NONE', #3254 ) ;
#6527 = CARTESIAN_POINT ( 'NONE',  ( -0.3081771058962429800, 0.0000000000000000000, -0.6236605268955750500 ) ) ;
#6528 = CARTESIAN_POINT ( 'NONE',  ( 0.2154319609916540100, 0.0000000000000000000, -0.8740418240469335400 ) ) ;
#6529 = CIRCLE ( 'NONE', #1940, 0.03906250000000000700 ) ;
#6530 = CARTESIAN_POINT ( 'NONE',  ( -0.7408500760774637800, 0.0000000000000000000, 0.5113718850073948300 ) ) ;
#6531 = ORIENTED_EDGE ( 'NONE', *, *, #10497, .F. ) ;
#6532 = ADVANCED_FACE ( 'NONE', ( #7942 ), #8962, .T. ) ;
#6533 = CIRCLE ( 'NONE', #173, 0.03906250000000004900 ) ;
#6534 = ORIENTED_EDGE ( 'NONE', *, *, #4126, .T. ) ;
#6535 = EDGE_CURVE ( 'NONE', #9211, #9385, #2230, .T. ) ;
#6536 = ORIENTED_EDGE ( 'NONE', *, *, #9823, .T. ) ;
#6537 = ORIENTED_EDGE ( 'NONE', *, *, #1391, .F. ) ;
#6538 = VECTOR ( 'NONE', #2680, 39.37007874015748100 ) ;
#6539 = CARTESIAN_POINT ( 'NONE',  ( 0.8537905344063258000, 4.783776559169353300E-018, 0.2879715997531888700 ) ) ;
#6540 = DIRECTION ( 'NONE',  ( -0.6007422642379689500, 0.0000000000000000000, 0.7994427634035086200 ) ) ;
#6541 = DIRECTION ( 'NONE',  ( -0.5344658261277963600, -0.0000000000000000000, 0.8451900855437977100 ) ) ;
#6543 = ORIENTED_EDGE ( 'NONE', *, *, #4445, .F. ) ;
#6542 = EDGE_CURVE ( 'NONE', #7962, #5631, #5765, .T. ) ;
#6544 = DIRECTION ( 'NONE',  ( -0.0000000000000000000, -0.0000000000000000000, 1.000000000000000000 ) ) ;
#6545 = CYLINDRICAL_SURFACE ( 'NONE', #1115, 0.03906250000000004200 ) ;
#6546 = ORIENTED_EDGE ( 'NONE', *, *, #3903, .T. ) ;
#6547 = ORIENTED_EDGE ( 'NONE', *, *, #8068, .F. ) ;
#6548 = DIRECTION ( 'NONE',  ( 0.08046656871673289700, -0.0000000000000000000, 0.9967573081342092600 ) ) ;
#6549 = ORIENTED_EDGE ( 'NONE', *, *, #9397, .T. ) ;
#6550 = DIRECTION ( 'NONE',  ( -0.08046656871673291100, 0.0000000000000000000, -0.9967573081342093700 ) ) ;
#6551 = DIRECTION ( 'NONE',  ( -0.8451900855437904900, 0.0000000000000000000, 0.5344658261278078000 ) ) ;
#6552 = CARTESIAN_POINT ( 'NONE',  ( 0.5678326293130868700, -0.01953125000000015600, 0.6993357950706328200 ) ) ;
#6553 = EDGE_CURVE ( 'NONE', #7821, #7762, #1577, .T. ) ;
#6554 = ORIENTED_EDGE ( 'NONE', *, *, #2726, .T. ) ;
#6555 = VECTOR ( 'NONE', #1236, 39.37007874015748100 ) ;
#6556 = EDGE_LOOP ( 'NONE', ( #7224, #9537, #4219, #8305 ) ) ;
#6557 = CARTESIAN_POINT ( 'NONE',  ( 0.3528483421960348900, 0.0000000000000000000, -0.8281654951816757000 ) ) ;
#6558 = CARTESIAN_POINT ( 'NONE',  ( 0.1662166946309190400, 0.0000000000000000000, -0.6743676392932657100 ) ) ;
#6559 = ORIENTED_EDGE ( 'NONE', *, *, #1894, .T. ) ;
#6560 = ORIENTED_EDGE ( 'NONE', *, *, #7963, .T. ) ;
#6561 = DIRECTION ( 'NONE',  ( 0.7212024473438157800, 0.0000000000000000000, 0.6927243535095981600 ) ) ;
#6562 = ADVANCED_FACE ( 'NONE', ( #9299 ), #7935, .F. ) ;
#6563 = ORIENTED_EDGE ( 'NONE', *, *, #5944, .F. ) ;
#6564 = CIRCLE ( 'NONE', #1097, 0.03906249999999998600 ) ;
#6565 = DIRECTION ( 'NONE',  ( 0.9797906520422669000, 0.0000000000000000000, -0.2000256937760482600 ) ) ;
#6566 = ORIENTED_EDGE ( 'NONE', *, *, #900, .F. ) ;
#6567 = EDGE_LOOP ( 'NONE', ( #191, #2803 ) ) ;
#6568 = AXIS2_PLACEMENT_3D ( 'NONE', #7684, #6753, #8427 ) ;
#6569 = EDGE_CURVE ( 'NONE', #4377, #5892, #70, .T. ) ;
#6570 = VECTOR ( 'NONE', #4436, 39.37007874015748100 ) ;
#6571 = CARTESIAN_POINT ( 'NONE',  ( 0.7408500760774706700, 0.0000000000000000000, 0.5113718850073850600 ) ) ;
#6572 = ORIENTED_EDGE ( 'NONE', *, *, #5060, .T. ) ;
#6573 = FACE_BOUND ( 'NONE', #110, .T. ) ;
#6574 = ORIENTED_EDGE ( 'NONE', *, *, #499, .F. ) ;
#6575 = DIRECTION ( 'NONE',  ( 0.7746049618276515900, 0.0000000000000000000, -0.6324453755953809400 ) ) ;
#6576 = ORIENTED_EDGE ( 'NONE', *, *, #6012, .T. ) ;
#6577 = DIRECTION ( 'NONE',  ( 0.7746049618276515900, 0.0000000000000000000, -0.6324453755953810500 ) ) ;
#6578 = LINE ( 'NONE', #515, #2399 ) ;
#6579 = DIRECTION ( 'NONE',  ( 0.5344658261277963600, 0.0000000000000000000, -0.8451900855437977100 ) ) ;
#6580 = EDGE_LOOP ( 'NONE', ( #9375, #7493, #2233, #770 ) ) ;
#6581 = CIRCLE ( 'NONE', #10392, 0.03906250000000004900 ) ;
#6582 = PLANE ( 'NONE',  #4847 ) ;
#6583 = ORIENTED_EDGE ( 'NONE', *, *, #4354, .F. ) ;
#6584 = ADVANCED_FACE ( 'NONE', ( #9568 ), #834, .T. ) ;
#6585 = CARTESIAN_POINT ( 'NONE',  ( 0.8417016216654091800, 0.0000000000000000000, -0.3192153193156940200 ) ) ;
#6586 = AXIS2_PLACEMENT_3D ( 'NONE', #10268, #2888, #3688 ) ;
#6587 = EDGE_CURVE ( 'NONE', #2095, #2162, #3334, .T. ) ;
#6588 = ORIENTED_EDGE ( 'NONE', *, *, #616, .T. ) ;
#6589 = MANIFOLD_SOLID_BREP ( 'CirPattern1[9]', #3072 ) ;
#6590 = DIRECTION ( 'NONE',  ( 0.4647231720437694500, 0.0000000000000000000, 0.8854560256532094700 ) ) ;
#6591 = CARTESIAN_POINT ( 'NONE',  ( 0.6014979441984805700, -0.01953125000000015600, -0.3472750000000030000 ) ) ;
#6592 = DIRECTION ( 'NONE',  ( 0.9927088740980544200, 0.0000000000000000000, 0.1205366802553199300 ) ) ;
#6593 = ORIENTED_EDGE ( 'NONE', *, *, #2935, .T. ) ;
#6594 = AXIS2_PLACEMENT_3D ( 'NONE', #7908, #7944, #10413 ) ;
#6595 = FACE_OUTER_BOUND ( 'NONE', #7951, .T. ) ;
#6596 = ORIENTED_EDGE ( 'NONE', *, *, #975, .F. ) ;
#6597 = VECTOR ( 'NONE', #6400, 39.37007874015748900 ) ;
#6598 = ADVANCED_FACE ( 'NONE', ( #3836 ), #7670, .T. ) ;
#6599 = EDGE_CURVE ( 'NONE', #8488, #271, #4981, .T. ) ;
#6600 = DIRECTION ( 'NONE',  ( -0.1604112808577605700, -0.0000000000000000000, -0.9870502626379128500 ) ) ;
#6601 = AXIS2_PLACEMENT_3D ( 'NONE', #5414, #3807, #3771 ) ;
#6602 = EDGE_CURVE ( 'NONE', #1699, #6409, #1210, .T. ) ;
#6603 = MANIFOLD_SOLID_BREP ( 'CirPattern1[15]', #7351 ) ;
#6605 = ORIENTED_EDGE ( 'NONE', *, *, #6484, .T. ) ;
#6604 = DIRECTION ( 'NONE',  ( -0.1604112808577474500, 0.0000000000000000000, 0.9870502626379148400 ) ) ;
#6606 = EDGE_LOOP ( 'NONE', ( #5390, #3184, #8441, #10280, #1978 ) ) ;
#6607 = FACE_OUTER_BOUND ( 'NONE', #5177, .T. ) ;
#6608 = CARTESIAN_POINT ( 'NONE',  ( 0.6419937903191288400, 0.01953124999999991700, 0.2671854877634005100 ) ) ;
#6609 = CARTESIAN_POINT ( 'NONE',  ( -0.03382911733532952700, -0.01953125000000015600, 0.9002000000000001100 ) ) ;
#6610 = CARTESIAN_POINT ( 'NONE',  ( -0.8752408523036210300, 0.01953124999999986500, -0.2132085824691838400 ) ) ;
#6611 = CARTESIAN_POINT ( 'NONE',  ( -0.7600648184867563300, 4.783776559169353300E-018, -0.4839291173353226800 ) ) ;
#6612 = AXIS2_PLACEMENT_3D ( 'NONE', #7405, #8270, #1778 ) ;
#6613 = ADVANCED_FACE ( 'NONE', ( #10332 ), #3590, .T. ) ;
#6614 = PLANE ( 'NONE',  #9034 ) ;
#6615 = EDGE_CURVE ( 'NONE', #6197, #9830, #1454, .T. ) ;
#6616 = FACE_OUTER_BOUND ( 'NONE', #7862, .T. ) ;
#6617 = AXIS2_PLACEMENT_3D ( 'NONE', #6045, #5979, #4297 ) ;
#6618 = LINE ( 'NONE', #5742, #9030 ) ;
#6619 = CARTESIAN_POINT ( 'NONE',  ( 0.5009111598026474400, 0.0000000000000000000, 0.4811316997300915700 ) ) ;
#6620 = CARTESIAN_POINT ( 'NONE',  ( -0.1110111958774984300, -0.01953125000000016700, 0.8939692184686983700 ) ) ;
#6621 = DIRECTION ( 'NONE',  ( -0.04026594010940542900, 0.0000000000000000000, 0.9991889981715699200 ) ) ;
#6622 = CARTESIAN_POINT ( 'NONE',  ( -0.5494134148872487100, 0.0000000000000000000, 0.4266971771036015000 ) ) ;
#6623 = FACE_OUTER_BOUND ( 'NONE', #5286, .T. ) ;
#6624 = DIRECTION ( 'NONE',  ( 0.9605181116313730200, 0.0000000000000000000, 0.2782174639164499100 ) ) ;
#6626 = CARTESIAN_POINT ( 'NONE',  ( -0.5969430169483694900, 0.0000000000000000000, -0.6738093755036204100 ) ) ;
#6625 = FACE_OUTER_BOUND ( 'NONE', #36, .T. ) ;
#6627 = DIRECTION ( 'NONE',  ( -0.04026594010941938300, 0.0000000000000000000, -0.9991889981715693600 ) ) ;
#6628 = CYLINDRICAL_SURFACE ( 'NONE', #1461, 0.03906250000000012500 ) ;
#6629 = AXIS2_PLACEMENT_3D ( 'NONE', #1933, #5104, #1027 ) ;
#6630 = CARTESIAN_POINT ( 'NONE',  ( -0.2722404088783202900, 0.0000000000000000000, -0.6389717225932345400 ) ) ;
#6631 = ORIENTED_EDGE ( 'NONE', *, *, #3964, .T. ) ;
#6632 = EDGE_CURVE ( 'NONE', #8481, #6690, #7154, .T. ) ;
#6633 = LINE ( 'NONE', #3729, #2971 ) ;
#6635 = CARTESIAN_POINT ( 'NONE',  ( -0.6014979441984852300, 0.0000000000000000000, -0.3472749999999945000 ) ) ;
#6634 = PLANE ( 'NONE',  #3909 ) ;
#6636 = CIRCLE ( 'NONE', #1662, 0.03906250000000004200 ) ;
#6637 = ADVANCED_FACE ( 'NONE', ( #5499 ), #2839, .F. ) ;
#6638 = ORIENTED_EDGE ( 'NONE', *, *, #364, .T. ) ;
#6639 = CARTESIAN_POINT ( 'NONE',  ( -0.6955596069655878300, 0.0000000000000000000, 0.01106411153808947400 ) ) ;
#6640 = CYLINDRICAL_SURFACE ( 'NONE', #5763, 0.03906250000000001400 ) ;
#6641 = ORIENTED_EDGE ( 'NONE', *, *, #2334, .F. ) ;
#6642 = FACE_OUTER_BOUND ( 'NONE', #1112, .T. ) ;
#6643 = DIRECTION ( 'NONE',  ( -0.4999999999999927800, 0.0000000000000000000, 0.8660254037844427000 ) ) ;
#6644 = EDGE_CURVE ( 'NONE', #5971, #9352, #4210, .T. ) ;
#6645 = ORIENTED_EDGE ( 'NONE', *, *, #3466, .T. ) ;
#6646 = CARTESIAN_POINT ( 'NONE',  ( 0.4898105433815754300, 4.783776559169353300E-018, -0.4939749113047100500 ) ) ;
#6647 = ORIENTED_EDGE ( 'NONE', *, *, #3282, .T. ) ;
#6648 = ADVANCED_FACE ( 'NONE', ( #5757 ), #9816, .T. ) ;
#6649 = PLANE ( 'NONE',  #992 ) ;
#6650 = CARTESIAN_POINT ( 'NONE',  ( -0.2520299056862705900, -0.01953125000000014900, 0.6480933870357399300 ) ) ;
#6651 = CIRCLE ( 'NONE', #6500, 0.03906250000000002100 ) ;
#6652 = DIRECTION ( 'NONE',  ( -0.0000000000000000000, -1.000000000000000000, -6.123233995736766000E-017 ) ) ;
#6653 = DIRECTION ( 'NONE',  ( 1.000000000000000000, 0.0000000000000000000, 0.0000000000000000000 ) ) ;
#6654 = AXIS2_PLACEMENT_3D ( 'NONE', #2648, #6687, #3458 ) ;
#6655 = VERTEX_POINT ( 'NONE', #6646 ) ;
#6656 = DIRECTION ( 'NONE',  ( 0.5344658261277963600, 0.0000000000000000000, -0.8451900855437977100 ) ) ;
#6657 = CYLINDRICAL_SURFACE ( 'NONE', #5374, 0.03906250000000000000 ) ;
#6658 = ORIENTED_EDGE ( 'NONE', *, *, #5753, .F. ) ;
#6659 = CARTESIAN_POINT ( 'NONE',  ( 0.6765397056651378800, -0.01953125000000015600, 0.1607424596620834800 ) ) ;
#6660 = CARTESIAN_POINT ( 'NONE',  ( 0.5969430169483602700, 0.0000000000000000000, -0.6738093755036285200 ) ) ;
#6661 = ORIENTED_EDGE ( 'NONE', *, *, #4309, .F. ) ;
#6662 = ORIENTED_EDGE ( 'NONE', *, *, #3791, .F. ) ;
#6663 = DIRECTION ( 'NONE',  ( -0.9034504346103833200, 0.0000000000000000000, -0.4286925614030520100 ) ) ;
#6664 = AXIS2_PLACEMENT_3D ( 'NONE', #10314, #8683, #9499 ) ;
#6665 = EDGE_CURVE ( 'NONE', #7697, #10397, #6008, .T. ) ;
#6666 = CIRCLE ( 'NONE', #9556, 0.03906250000000005600 ) ;
#6667 = DIRECTION ( 'NONE',  ( -0.4999999999999923400, 0.0000000000000000000, 0.8660254037844431500 ) ) ;
#6668 = ADVANCED_FACE ( 'NONE', ( #328 ), #6614, .F. ) ;
#6669 = ORIENTED_EDGE ( 'NONE', *, *, #7197, .T. ) ;
#6670 = LINE ( 'NONE', #4578, #4770 ) ;
#6671 = EDGE_LOOP ( 'NONE', ( #3896, #7038 ) ) ;
#6672 = DIRECTION ( 'NONE',  ( 1.000000000000000000, 0.0000000000000000000, 0.0000000000000000000 ) ) ;
#6673 = ORIENTED_EDGE ( 'NONE', *, *, #8113, .T. ) ;
#6675 = DIRECTION ( 'NONE',  ( -0.6631226582408013000, 0.0000000000000000000, -0.7485107481710957500 ) ) ;
#6674 = CARTESIAN_POINT ( 'NONE',  ( 0.0000000000000000000, 0.0000000000000000000, 0.6945500000000002200 ) ) ;
#6676 = VERTEX_POINT ( 'NONE', #9917 ) ;
#6677 = AXIS2_PLACEMENT_3D ( 'NONE', #3447, #9975, #10079 ) ;
#6678 = ORIENTED_EDGE ( 'NONE', *, *, #3564, .F. ) ;
#6679 = CIRCLE ( 'NONE', #8517, 0.03906249999999997200 ) ;
#6680 = EDGE_CURVE ( 'NONE', #8262, #5777, #6258, .T. ) ;
#6681 = ORIENTED_EDGE ( 'NONE', *, *, #8134, .T. ) ;
#6682 = AXIS2_PLACEMENT_3D ( 'NONE', #5371, #5587, #10261 ) ;
#6683 = ORIENTED_EDGE ( 'NONE', *, *, #7213, .T. ) ;
#6684 = ORIENTED_EDGE ( 'NONE', *, *, #192, .T. ) ;
#6685 = CARTESIAN_POINT ( 'NONE',  ( 0.6632672847572532700, 4.783776559169353300E-018, -0.2097667523154968500 ) ) ;
#6686 = EDGE_CURVE ( 'NONE', #4333, #9955, #8551, .T. ) ;
#6687 = DIRECTION ( 'NONE',  ( 0.7746049618276515900, 0.0000000000000000000, -0.6324453755953810500 ) ) ;
#6688 = VERTEX_POINT ( 'NONE', #9950 ) ;
#6689 = LINE ( 'NONE', #3133, #3887 ) ;
#6690 = VERTEX_POINT ( 'NONE', #3696 ) ;
#6691 = CARTESIAN_POINT ( 'NONE',  ( 0.6492264430989030900, 0.01953124999999987900, 0.6235904630293402900 ) ) ;
#6692 = PLANE ( 'NONE',  #5988 ) ;
#6693 = ORIENTED_EDGE ( 'NONE', *, *, #1421, .F. ) ;
#6695 = CARTESIAN_POINT ( 'NONE',  ( -0.5677043158479360100, 4.783776559169353300E-018, -0.6997126043411517900 ) ) ;
#6694 = AXIS2_PLACEMENT_3D ( 'NONE', #10087, #6831, #5216 ) ;
#6696 = DIRECTION ( 'NONE',  ( 0.9350162426854133900, 0.0000000000000000000, -0.3546048870425394000 ) ) ;
#6697 = ORIENTED_EDGE ( 'NONE', *, *, #2568, .F. ) ;
#6698 = DIMENSIONAL_EXPONENTS ( 1.000000000000000000, 0.0000000000000000000, 0.0000000000000000000, 0.0000000000000000000, 0.0000000000000000000, 0.0000000000000000000, 0.0000000000000000000 ) ;
#6699 = EDGE_CURVE ( 'NONE', #606, #10127, #4091, .T. ) ;
#6700 = CALENDAR_DATE ( 2022, 25, 5 ) ;
#6701 = DIRECTION ( 'NONE',  ( -0.9927088740980526400, 0.0000000000000000000, 0.1205366802553337900 ) ) ;
#6702 = EDGE_LOOP ( 'NONE', ( #2813, #4773, #10288, #1755 ) ) ;
#6703 = CARTESIAN_POINT ( 'NONE',  ( 0.1444022350281561100, 0.0000000000000000000, 0.8885426464266492600 ) ) ;
#6704 = FACE_BOUND ( 'NONE', #7203, .T. ) ;
#6705 = EDGE_LOOP ( 'NONE', ( #1145, #418, #632, #4252 ) ) ;
#6706 = ORIENTED_EDGE ( 'NONE', *, *, #3546, .T. ) ;
#6707 = CARTESIAN_POINT ( 'NONE',  ( -0.5166068074181989800, -0.01953125000000008300, -0.4654691377619614200 ) ) ;
#6708 = DIRECTION ( 'NONE',  ( -0.04026594010940537400, 0.0000000000000000000, 0.9991889981715699200 ) ) ;
#6709 = ADVANCED_FACE ( 'NONE', ( #2712 ), #7401, .F. ) ;
#6710 = VECTOR ( 'NONE', #3658, 39.37007874015748100 ) ;
#6712 = DIRECTION ( 'NONE',  ( 0.2393156642875516300, 0.0000000000000000000, -0.9709418174260535700 ) ) ;
#6711 = DIRECTION ( 'NONE',  ( 0.8229838658936574600, 0.0000000000000000000, 0.5680647467311541500 ) ) ;
#6713 = AXIS2_PLACEMENT_3D ( 'NONE', #1435, #3891, #8736 ) ;
#6714 = VERTEX_POINT ( 'NONE', #4412 ) ;
#6715 = FACE_OUTER_BOUND ( 'NONE', #7973, .T. ) ;
#6716 = VERTEX_POINT ( 'NONE', #2759 ) ;
#6717 = CARTESIAN_POINT ( 'NONE',  ( 0.8740702553221295600, 0.01953124999999987900, 0.2179578811165012500 ) ) ;
#6718 = MANIFOLD_SOLID_BREP ( 'CirPattern1[32]', #8129 ) ;
#6719 = ORIENTED_EDGE ( 'NONE', *, *, #1613, .T. ) ;
#6720 = EDGE_CURVE ( 'NONE', #1234, #10414, #9174, .T. ) ;
#6721 = CARTESIAN_POINT ( 'NONE',  ( -0.2722404088783202900, 0.0000000000000000000, -0.6389717225932345400 ) ) ;
#6722 = CIRCLE ( 'NONE', #3693, 0.03906250000000004200 ) ;
#6723 = CARTESIAN_POINT ( 'NONE',  ( 0.4183437994738012900, 0.0000000000000000000, 0.7970875142930192700 ) ) ;
#6724 = EDGE_LOOP ( 'NONE', ( #3645, #5444 ) ) ;
#6725 = ADVANCED_FACE ( 'NONE', ( #1959 ), #7732, .F. ) ;
#6726 = CIRCLE ( 'NONE', #8013, 0.03906250000000005600 ) ;
#6727 = DIRECTION ( 'NONE',  ( 0.1604112808577605700, 0.0000000000000000000, 0.9870502626379128500 ) ) ;
#6728 = VERTEX_POINT ( 'NONE', #6909 ) ;
#6729 = DIRECTION ( 'NONE',  ( 0.7212024473438157800, 0.0000000000000000000, 0.6927243535095981600 ) ) ;
#6730 = DIRECTION ( 'NONE',  ( -0.9199794436588256700, 0.0000000000000000000, -0.3919666098600713100 ) ) ;
#6731 = DIRECTION ( 'NONE',  ( -0.9485364419471452600, 0.0000000000000000000, 0.3166679938014731500 ) ) ;
#6732 = ORIENTED_EDGE ( 'NONE', *, *, #10109, .T. ) ;
#6733 = CARTESIAN_POINT ( 'NONE',  ( 0.4774769063667307900, 0.01953124999999988900, 0.5055293419438123800 ) ) ;
#6734 = AXIS2_PLACEMENT_3D ( 'NONE', #2213, #4646, #10353 ) ;
#6735 = EDGE_CURVE ( 'NONE', #9846, #4455, #7284, .T. ) ;
#6736 = EDGE_LOOP ( 'NONE', ( #551, #6357, #3748, #8137 ) ) ;
#6737 = ORIENTED_EDGE ( 'NONE', *, *, #7867, .T. ) ;
#6738 = VECTOR ( 'NONE', #6380, 39.37007874015748100 ) ;
#6739 = CARTESIAN_POINT ( 'NONE',  ( 0.7408500760774706700, 0.0000000000000000000, 0.5113718850073850600 ) ) ;
#6740 = DIRECTION ( 'NONE',  ( -0.0000000000000000000, -0.0000000000000000000, 1.000000000000000000 ) ) ;
#6741 = DIRECTION ( 'NONE',  ( 0.9927088740980544200, 0.0000000000000000000, 0.1205366802553199300 ) ) ;
#6742 = DIRECTION ( 'NONE',  ( -0.9967573081342092600, 0.0000000000000000000, 0.08046656871673289700 ) ) ;
#6743 = CARTESIAN_POINT ( 'NONE',  ( 0.8889280643905953500, 4.783776559169354100E-018, 0.1472848099602943100 ) ) ;
#6744 = CYLINDRICAL_SURFACE ( 'NONE', #1872, 0.03906250000000002800 ) ;
#6745 = DIRECTION ( 'NONE',  ( -0.9605181116313692400, 0.0000000000000000000, 0.2782174639164631800 ) ) ;
#6746 = FACE_OUTER_BOUND ( 'NONE', #370, .T. ) ;
#6747 = EDGE_CURVE ( 'NONE', #4303, #5671, #8927, .T. ) ;
#6748 = CARTESIAN_POINT ( 'NONE',  ( 0.7186600469082850000, 4.783776559169353300E-018, 0.5435196922688559900 ) ) ;
#6749 = CARTESIAN_POINT ( 'NONE',  ( -0.07243600515880298200, 0.0000000000000000000, -0.8972809287824155000 ) ) ;
#6750 = ADVANCED_FACE ( 'NONE', ( #6510 ), #9349, .F. ) ;
#6751 = FACE_OUTER_BOUND ( 'NONE', #4866, .T. ) ;
#6752 = DIRECTION ( 'NONE',  ( -0.3919666098600822500, 0.0000000000000000000, -0.9199794436588211200 ) ) ;
#6753 = DIRECTION ( 'NONE',  ( -0.2393156642875516300, 0.0000000000000000000, 0.9709418174260535700 ) ) ;
#6754 = LINE ( 'NONE', #1719, #2440 ) ;
#6755 = VECTOR ( 'NONE', #7024, 39.37007874015748100 ) ;
#6756 = CARTESIAN_POINT ( 'NONE',  ( 0.5969430169483602700, 0.0000000000000000000, -0.6738093755036285200 ) ) ;
#6757 = DIRECTION ( 'NONE',  ( 0.7994427634035086200, 0.0000000000000000000, 0.6007422642379689500 ) ) ;
#6758 = AXIS2_PLACEMENT_3D ( 'NONE', #2951, #4434, #6134 ) ;
#6759 = ORIENTED_EDGE ( 'NONE', *, *, #1844, .F. ) ;
#6760 = EDGE_CURVE ( 'NONE', #3283, #3805, #591, .T. ) ;
#6761 = ADVANCED_FACE ( 'NONE', ( #4859 ), #8512, .F. ) ;
#6762 = FACE_OUTER_BOUND ( 'NONE', #4795, .T. ) ;
#6763 = CARTESIAN_POINT ( 'NONE',  ( 0.1444022350281561100, 0.0000000000000000000, 0.8885426464266492600 ) ) ;
#6764 = CARTESIAN_POINT ( 'NONE',  ( -0.4811261366802526700, 0.0000000000000000000, -0.7608401150065203800 ) ) ;
#6765 = LINE ( 'NONE', #1484, #7278 ) ;
#6766 = LINE ( 'NONE', #1852, #9810 ) ;
#6767 = DIRECTION ( 'NONE',  ( -0.8451900855437978200, 0.0000000000000000000, -0.5344658261277963600 ) ) ;
#6768 = CARTESIAN_POINT ( 'NONE',  ( -0.7795960684867560000, 0.0000000000000000000, -0.4500999999999928400 ) ) ;
#6769 = ORIENTED_EDGE ( 'NONE', *, *, #3665, .T. ) ;
#6770 = CARTESIAN_POINT ( 'NONE',  ( -0.8740702553221266800, 0.01953124999999986500, 0.2179578811165132900 ) ) ;
#6771 = DIRECTION ( 'NONE',  ( -0.5344658261278078000, 0.0000000000000000000, -0.8451900855437904900 ) ) ;
#6772 = CARTESIAN_POINT ( 'NONE',  ( -0.4482979952608878200, 0.01953124999999986500, 0.7813663395775101200 ) ) ;
#6773 = VECTOR ( 'NONE', #4334, 39.37007874015748900 ) ;
#6774 = FACE_OUTER_BOUND ( 'NONE', #848, .T. ) ;
#6775 = CARTESIAN_POINT ( 'NONE',  ( -0.7965402780564547800, 0.0000000000000000000, 0.4212000763770063500 ) ) ;
#6776 = ADVANCED_FACE ( 'NONE', ( #4347 ), #2827, .F. ) ;
#6777 = DIRECTION ( 'NONE',  ( -0.9199794436588212300, 0.0000000000000000000, 0.3919666098600821400 ) ) ;
#6778 = VERTEX_POINT ( 'NONE', #6118 ) ;
#6779 = DIRECTION ( 'NONE',  ( 0.9485364419471452600, 0.0000000000000000000, -0.3166679938014731500 ) ) ;
#6780 = EDGE_CURVE ( 'NONE', #3243, #3483, #1701, .T. ) ;
#6782 = CARTESIAN_POINT ( 'NONE',  ( -0.03350017280981038700, 4.783776559169353300E-018, -0.9004241541229127700 ) ) ;
#6781 = CARTESIAN_POINT ( 'NONE',  ( 0.6939867186800639000, 0.0000000000000000000, -0.02796670870299674400 ) ) ;
#6783 = VECTOR ( 'NONE', #1981, 39.37007874015748100 ) ;
#6784 = DIRECTION ( 'NONE',  ( -0.9797906520422667900, -0.0000000000000000000, 0.2000256937760482600 ) ) ;
#6785 = EDGE_LOOP ( 'NONE', ( #4374, #7890, #6092, #1989 ) ) ;
#6786 = CARTESIAN_POINT ( 'NONE',  ( 0.3227734791430002000, 0.0000000000000000000, 0.6149934826174369200 ) ) ;
#6787 = EDGE_LOOP ( 'NONE', ( #3496, #9406, #757, #4052 ) ) ;
#6788 = DIRECTION ( 'NONE',  ( -0.9034504346103775500, 0.0000000000000000000, 0.4286925614030642200 ) ) ;
#6789 = DIRECTION ( 'NONE',  ( 0.0000000000000000000, -0.0000000000000000000, 1.000000000000000000 ) ) ;
#6790 = VERTEX_POINT ( 'NONE', #9304 ) ;
#6791 = VERTEX_POINT ( 'NONE', #7660 ) ;
#6792 = VECTOR ( 'NONE', #4665, 39.37007874015748100 ) ;
#6793 = DIRECTION ( 'NONE',  ( 0.2782174639164617400, 0.0000000000000000000, 0.9605181116313696900 ) ) ;
#6794 = DIRECTION ( 'NONE',  ( 0.8229838658936574600, 0.0000000000000000000, 0.5680647467311541500 ) ) ;
#6795 = ORIENTED_EDGE ( 'NONE', *, *, #111, .F. ) ;
#6796 = AXIS2_PLACEMENT_3D ( 'NONE', #2261, #6246, #8745 ) ;
#6797 = EDGE_CURVE ( 'NONE', #4763, #1846, #4614, .T. ) ;
#6798 = CARTESIAN_POINT ( 'NONE',  ( -0.5380018762374012600, -0.01953125000000015600, -0.4392649356197649800 ) ) ;
#6799 = LINE ( 'NONE', #8193, #6032 ) ;
#6800 = ORIENTED_EDGE ( 'NONE', *, *, #5545, .T. ) ;
#6801 = EDGE_LOOP ( 'NONE', ( #3280, #6031, #5054, #9080 ) ) ;
#6802 = CARTESIAN_POINT ( 'NONE',  ( 0.8887742376332794500, -0.01953125000000015600, -0.1469176766052018000 ) ) ;
#6803 = VERTEX_POINT ( 'NONE', #7769 ) ;
#6804 = CARTESIAN_POINT ( 'NONE',  ( 0.5009111598026474400, 0.01953124999999988900, 0.4811316997300915700 ) ) ;
#6805 = AXIS2_PLACEMENT_3D ( 'NONE', #7084, #3908, #702 ) ;
#6806 = LINE ( 'NONE', #5701, #8827 ) ;
#6807 = ORIENTED_EDGE ( 'NONE', *, *, #8918, .T. ) ;
#6808 = CIRCLE ( 'NONE', #3079, 0.03906249999999996500 ) ;
#6809 = ORIENTED_EDGE ( 'NONE', *, *, #1802, .T. ) ;
#6810 = DIRECTION ( 'NONE',  ( -0.8451900855437899400, 0.0000000000000000000, 0.5344658261278086900 ) ) ;
#6811 = CARTESIAN_POINT ( 'NONE',  ( 0.8994699361540469100, 0.0000000000000000000, -0.03624739928649869200 ) ) ;
#6812 = EDGE_CURVE ( 'NONE', #9219, #7337, #9047, .T. ) ;
#6813 = ORIENTED_EDGE ( 'NONE', *, *, #2343, .T. ) ;
#6814 = VERTEX_POINT ( 'NONE', #2234 ) ;
#6815 = AXIS2_PLACEMENT_3D ( 'NONE', #5740, #4982, #161 ) ;
#6816 = EDGE_CURVE ( 'NONE', #4550, #7667, #10069, .T. ) ;
#6817 = CARTESIAN_POINT ( 'NONE',  ( 0.3528483421960348900, -0.01953125000000016700, -0.8281654951816757000 ) ) ;
#6818 = DIRECTION ( 'NONE',  ( -0.9199794436588266700, 0.0000000000000000000, -0.3919666098600689800 ) ) ;
#6819 = EDGE_LOOP ( 'NONE', ( #754, #6706, #3247, #233 ) ) ;
#6820 = ADVANCED_FACE ( 'NONE', ( #5236 ), #719, .T. ) ;
#6821 = FACE_OUTER_BOUND ( 'NONE', #9186, .T. ) ;
#6823 = DIRECTION ( 'NONE',  ( 0.2782174639164617400, 0.0000000000000000000, 0.9605181116313696900 ) ) ;
#6822 = APPROVAL_STATUS ( 'not_yet_approved' ) ;
#6824 = ORIENTED_EDGE ( 'NONE', *, *, #10256, .T. ) ;
#6825 = VERTEX_POINT ( 'NONE', #3004 ) ;
#6826 = DIRECTION ( 'NONE',  ( 0.9927088740980543100, 0.0000000000000000000, 0.1205366802553199100 ) ) ;
#6827 = ORIENTED_EDGE ( 'NONE', *, *, #10013, .T. ) ;
#6828 = CARTESIAN_POINT ( 'NONE',  ( -0.6894859485048029400, 0.0000000000000000000, 0.08371875127134212300 ) ) ;
#6829 = AXIS2_PLACEMENT_3D ( 'NONE', #7138, #2983, #8737 ) ;
#6830 = EDGE_CURVE ( 'NONE', #482, #1019, #9445, .T. ) ;
#6831 = DIRECTION ( 'NONE',  ( -0.7746049618276598100, 0.0000000000000000000, -0.6324453755953708400 ) ) ;
#6832 = PLANE ( 'NONE',  #10045 ) ;
#6833 = ORIENTED_EDGE ( 'NONE', *, *, #3559, .T. ) ;
#6834 = AXIS2_PLACEMENT_3D ( 'NONE', #1001, #9096, #2572 ) ;
#6835 = CYLINDRICAL_SURFACE ( 'NONE', #2708, 0.03906250000000002100 ) ;
#6836 = EDGE_LOOP ( 'NONE', ( #9236, #9842, #1247, #6472 ) ) ;
#6837 = CARTESIAN_POINT ( 'NONE',  ( -0.8646584040905587200, 0.0000000000000000000, 0.2504513610176001800 ) ) ;
#6838 = ORIENTED_EDGE ( 'NONE', *, *, #10086, .T. ) ;
#6839 = ADVANCED_FACE ( 'NONE', ( #2222 ), #4739, .T. ) ;
#6840 = EDGE_CURVE ( 'NONE', #643, #9902, #952, .T. ) ;
#6841 = CARTESIAN_POINT ( 'NONE',  ( 0.2722404088783115800, -0.01953125000000015600, -0.6389717225932380900 ) ) ;
#6842 = PERSON_AND_ORGANIZATION ( #2878, #9238 ) ;
#6843 = CARTESIAN_POINT ( 'NONE',  ( -0.4525341021057344100, 0.01953124999999986500, -0.7789206221503218700 ) ) ;
#6844 = ORIENTED_EDGE ( 'NONE', *, *, #1213, .F. ) ;
#6845 = FACE_BOUND ( 'NONE', #9020, .T. ) ;
#6847 = DIRECTION ( 'NONE',  ( 0.5344658261277963600, 0.0000000000000000000, -0.8451900855437978200 ) ) ;
#6846 = AXIS2_PLACEMENT_3D ( 'NONE', #8349, #3479, #5927 ) ;
#6848 = VERTEX_POINT ( 'NONE', #7123 ) ;
#6849 = VERTEX_POINT ( 'NONE', #7874 ) ;
#6850 = DIRECTION ( 'NONE',  ( -0.7994427634035002900, 0.0000000000000000000, 0.6007422642379800500 ) ) ;
#6851 = CARTESIAN_POINT ( 'NONE',  ( 0.02216863537047785200, 0.01953124999999997600, -0.6950199013593052500 ) ) ;
#6852 = EDGE_CURVE ( 'NONE', #6054, #1303, #6633, .T. ) ;
#6853 = DIRECTION ( 'NONE',  ( -0.8660254037844432600, 0.0000000000000000000, -0.4999999999999919500 ) ) ;
#6854 = VERTEX_POINT ( 'NONE', #3046 ) ;
#6855 = LINE ( 'NONE', #8007, #9771 ) ;
#6856 = ORIENTED_EDGE ( 'NONE', *, *, #9261, .T. ) ;
#6857 = CARTESIAN_POINT ( 'NONE',  ( -0.4482979952608876500, -0.01953125000000015600, 0.7813663395775102300 ) ) ;
#6858 = ORIENTED_EDGE ( 'NONE', *, *, #5478, .F. ) ;
#6859 = CARTESIAN_POINT ( 'NONE',  ( -0.5523863150852019700, -0.01953125000000015600, 0.4223901876065302400 ) ) ;
#6860 = CARTESIAN_POINT ( 'NONE',  ( 0.8646584040905621600, 0.0000000000000000000, 0.2504513610175883000 ) ) ;
#6861 = CARTESIAN_POINT ( 'NONE',  ( 0.7965106271544147900, -0.01953125000000016700, -0.4208031250000038900 ) ) ;
#6862 = AXIS2_PLACEMENT_3D ( 'NONE', #3218, #4913, #863 ) ;
#6863 = ORIENTED_EDGE ( 'NONE', *, *, #4160, .T. ) ;
#6864 = CIRCLE ( 'NONE', #7136, 0.03906249999999998600 ) ;
#6865 = VERTEX_POINT ( 'NONE', #10344 ) ;
#6866 = LINE ( 'NONE', #3356, #4710 ) ;
#6867 = AXIS2_PLACEMENT_3D ( 'NONE', #2806, #8482, #8522 ) ;
#6868 = EDGE_CURVE ( 'NONE', #10019, #655, #461, .T. ) ;
#6869 = DIRECTION ( 'NONE',  ( 0.4286925614030521700, 0.0000000000000000000, -0.9034504346103833200 ) ) ;
#6870 = DIRECTION ( 'NONE',  ( 1.000000000000000000, 0.0000000000000000000, 0.0000000000000000000 ) ) ;
#6871 = CARTESIAN_POINT ( 'NONE',  ( 0.5720164192124790300, 0.0000000000000000000, 0.6961918809190349400 ) ) ;
#6872 = VERTEX_POINT ( 'NONE', #6292 ) ;
#6873 = AXIS2_PLACEMENT_3D ( 'NONE', #6022, #9249, #3573 ) ;
#6874 = DIRECTION ( 'NONE',  ( -0.7746049618276598100, 0.0000000000000000000, -0.6324453755953708400 ) ) ;
#6875 = ORIENTED_EDGE ( 'NONE', *, *, #8672, .F. ) ;
#6876 = LINE ( 'NONE', #8490, #4716 ) ;
#6877 = ADVANCED_FACE ( 'NONE', ( #2575 ), #195, .T. ) ;
#6878 = CARTESIAN_POINT ( 'NONE',  ( 0.6274914993586419000, 0.0000000000000000000, 0.2977484185224898400 ) ) ;
#6879 = CARTESIAN_POINT ( 'NONE',  ( -0.8983449925355413400, 4.783776559169354800E-018, 0.06972942917139629500 ) ) ;
#6880 = DIRECTION ( 'NONE',  ( 0.6631226582407912000, 0.0000000000000000000, -0.7485107481711046300 ) ) ;
#6881 = AXIS2_PLACEMENT_3D ( 'NONE', #6345, #598, #9467 ) ;
#6882 = EDGE_CURVE ( 'NONE', #9142, #4806, #4482, .T. ) ;
#6883 = CARTESIAN_POINT ( 'NONE',  ( -0.4529319254758692500, 4.783776559169353300E-018, 0.7789342653850656100 ) ) ;
#6884 = DIRECTION ( 'NONE',  ( -0.3166679938014603800, 0.0000000000000000000, 0.9485364419471495900 ) ) ;
#6886 = CARTESIAN_POINT ( 'NONE',  ( 0.4482979952608984700, 0.01953124999999986500, 0.7813663395775039000 ) ) ;
#6885 = LINE ( 'NONE', #6137, #1683 ) ;
#6887 = CARTESIAN_POINT ( 'NONE',  ( 0.8300318844160739000, 0.0000000000000000000, 0.3506180111730593500 ) ) ;
#6888 = CIRCLE ( 'NONE', #6481, 0.03906250000000002100 ) ;
#6889 = PLANE ( 'NONE',  #3419 ) ;
#6890 = ADVANCED_FACE ( 'NONE', ( #3097 ), #318, .F. ) ;
#6891 = AXIS2_PLACEMENT_3D ( 'NONE', #8773, #3070, #8977 ) ;
#6892 = CARTESIAN_POINT ( 'NONE',  ( -0.8977141779626362000, 0.01953124999999986500, 0.07492465458416545900 ) ) ;
#6893 = CIRCLE ( 'NONE', #1850, 0.03906250000000003500 ) ;
#6894 = EDGE_CURVE ( 'NONE', #9006, #3041, #2337, .T. ) ;
#6895 = CARTESIAN_POINT ( 'NONE',  ( -0.3573616051450705900, 4.783776559169353300E-018, 0.5968402337094819200 ) ) ;
#6896 = CIRCLE ( 'NONE', #10415, 0.03906249999999999300 ) ;
#6897 = AXIS2_PLACEMENT_3D ( 'NONE', #4892, #9692, #9729 ) ;
#6898 = VECTOR ( 'NONE', #6561, 39.37007874015748100 ) ;
#6899 = DIRECTION ( 'NONE',  ( -0.08046656871673291100, 0.0000000000000000000, -0.9967573081342093700 ) ) ;
#6900 = DIRECTION ( 'NONE',  ( -0.6007422642379689500, 0.0000000000000000000, 0.7994427634035086200 ) ) ;
#6901 = ORIENTED_EDGE ( 'NONE', *, *, #38, .F. ) ;
#6902 = EDGE_CURVE ( 'NONE', #1303, #4333, #3460, .T. ) ;
#6903 = CARTESIAN_POINT ( 'NONE',  ( -0.7408500760774637800, -0.01953125000000016700, 0.5113718850073948300 ) ) ;
#6904 = CARTESIAN_POINT ( 'NONE',  ( -0.5097181712547709200, 0.01953124999999986500, -0.7427596078627188800 ) ) ;
#6905 = VECTOR ( 'NONE', #7910, 39.37007874015748900 ) ;
#6906 = FACE_OUTER_BOUND ( 'NONE', #8706, .T. ) ;
#6907 = CARTESIAN_POINT ( 'NONE',  ( -0.1499703060040421500, 4.783776559169353300E-018, 0.6792896942566583100 ) ) ;
#6908 = AXIS2_PLACEMENT_3D ( 'NONE', #8025, #10348, #9641 ) ;
#6909 = CARTESIAN_POINT ( 'NONE',  ( 0.6725944891530575300, 0.0000000000000000000, -0.5995853334323547600 ) ) ;
#6910 = EDGE_CURVE ( 'NONE', #6094, #3176, #8051, .T. ) ;
#6911 = ORIENTED_EDGE ( 'NONE', *, *, #4464, .F. ) ;
#6912 = CARTESIAN_POINT ( 'NONE',  ( 0.3169116451781119900, 0.0000000000000000000, -0.8434766908793346300 ) ) ;
#6913 = FACE_OUTER_BOUND ( 'NONE', #5046, .T. ) ;
#6914 = DIRECTION ( 'NONE',  ( 0.7212024473438157800, 0.0000000000000000000, 0.6927243535095981600 ) ) ;
#6915 = ORIENTED_EDGE ( 'NONE', *, *, #2546, .T. ) ;
#6916 = LINE ( 'NONE', #9278, #5112 ) ;
#6917 = DIRECTION ( 'NONE',  ( 0.5680647467311643600, 0.0000000000000000000, 0.8229838658936504700 ) ) ;
#6918 = ORIENTED_EDGE ( 'NONE', *, *, #463, .T. ) ;
#6919 = EDGE_LOOP ( 'NONE', ( #6295, #123 ) ) ;
#6920 = VECTOR ( 'NONE', #4423, 39.37007874015748900 ) ;
#6921 = DIRECTION ( 'NONE',  ( -0.9870502626379148400, 0.0000000000000000000, -0.1604112808577474500 ) ) ;
#6922 = VERTEX_POINT ( 'NONE', #6192 ) ;
#6923 = LINE ( 'NONE', #7696, #7425 ) ;
#6924 = DIRECTION ( 'NONE',  ( -0.2000256937760364900, 0.0000000000000000000, 0.9797906520422692300 ) ) ;
#6925 = ADVANCED_FACE ( 'NONE', ( #5998 ), #5408, .F. ) ;
#6926 = UNCERTAINTY_MEASURE_WITH_UNIT (LENGTH_MEASURE( 1.000000000000000100E-005 ), #5243, 'distance_accuracy_value', 'NONE');
#6927 = EDGE_CURVE ( 'NONE', #8621, #8354, #5362, .T. ) ;
#6928 = ORIENTED_EDGE ( 'NONE', *, *, #7794, .F. ) ;
#6930 = DIRECTION ( 'NONE',  ( 0.7994427634035086200, 0.0000000000000000000, 0.6007422642379689500 ) ) ;
#6929 = PERSON_AND_ORGANIZATION_ROLE ( 'design_owner' ) ;
#6931 = ORIENTED_EDGE ( 'NONE', *, *, #692, .F. ) ;
#6932 = VERTEX_POINT ( 'NONE', #5554 ) ;
#6933 = DIRECTION ( 'NONE',  ( -0.1604112808577474700, 0.0000000000000000000, 0.9870502626379149500 ) ) ;
#6934 = VECTOR ( 'NONE', #3212, 39.37007874015748900 ) ;
#6935 = ORIENTED_EDGE ( 'NONE', *, *, #2137, .F. ) ;
#6936 = CYLINDRICAL_SURFACE ( 'NONE', #4706, 0.03906250000000002100 ) ;
#6937 = ORIENTED_EDGE ( 'NONE', *, *, #3312, .T. ) ;
#6938 = CARTESIAN_POINT ( 'NONE',  ( 0.5716034440564400400, 0.0000000000000000000, 0.3945493698421233000 ) ) ;
#6939 = CARTESIAN_POINT ( 'NONE',  ( 0.6894859485048038300, 0.0000000000000000000, 0.08371875127133247800 ) ) ;
#6940 = ORIENTED_EDGE ( 'NONE', *, *, #5592, .F. ) ;
#6941 = ORIENTED_EDGE ( 'NONE', *, *, #4639, .T. ) ;
#6942 = CARTESIAN_POINT ( 'NONE',  ( -0.5593969450566036400, -0.01953125000000015600, -0.4130607334775685500 ) ) ;
#6943 = CARTESIAN_POINT ( 'NONE',  ( -0.8740702553221265700, -0.01953125000000015600, 0.2179578811165134300 ) ) ;
#6944 = AXIS2_PLACEMENT_3D ( 'NONE', #6558, #4888, #946 ) ;
#6945 = EDGE_CURVE ( 'NONE', #8481, #3629, #3707, .T. ) ;
#6946 = ORIENTED_EDGE ( 'NONE', *, *, #10497, .T. ) ;
#6947 = FACE_OUTER_BOUND ( 'NONE', #9615, .T. ) ;
#6948 = EDGE_LOOP ( 'NONE', ( #3902, #2698, #9730, #1742, #6157 ) ) ;
#6949 = DIRECTION ( 'NONE',  ( 0.08046656871671943600, 0.0000000000000000000, -0.9967573081342104800 ) ) ;
#6950 = CLOSED_SHELL ( 'NONE', ( #8382, #6229, #7075, #6725 ) ) ;
#6951 = DIRECTION ( 'NONE',  ( 0.9605181116313731300, 0.0000000000000000000, 0.2782174639164499700 ) ) ;
#6952 = AXIS2_PLACEMENT_3D ( 'NONE', #9388, #10170, #10094 ) ;
#6953 = CLOSED_SHELL ( 'NONE', ( #3407, #5260, #6637, #1453, #2446, #3515, #5858, #8266, #6984, #7642, #8932, #267, #4468, #525, #2828, #3567, #3713, #8326, #1818, #5114, #4078, #3297, #1930, #180, #6562, #9580, #2940, #9324, #140, #9035, #10133, #9087, #8908, #2563, #373, #10075, #1212, #3369, #3459, #1876, #4250, #4616, #1137, #611, #873, #9850, #9424, #76, #103, #4208, #2843, #7089, #5746, #10114, #5474, #8529, #1553, #1271, #7629, #4987, #2735, #1659, #3820, #4788, #9200, #1682, #1772, #4588, #6261, #1105, #4159, #6890, #5050, #8472, #8255, #9998, #5152, #6709, #2880, #9014, #2794, #5923, #4413, #6505, #2003, #8576, #9523, #9683, #253, #8489, #7457, #9791, #51, #7250, #1089, #1004, #9306, #5966, #3475, #6335, #9100, #3049, #9273, #2573, #5322, #3930, #6532, #6382, #1041, #4881, #3215, #898, #9914, #4060, #6014, #1863, #6485, #5905, #32, #5208, #7342, #5846, #1253, #9159, #1079, #4949, #7838, #1505, #7733, #9708, #2242, #9477, #9539, #2426, #8739, #2718, #3241, #5278, #8364, #8355, #6462, #7513, #9259, #8124, #4316, #5432, #431, #7526, #7689, #4304, #2669, #8542, #3611, #9967, #8406, #6119, #4677, #7501, #9370, #3978, #6, #6434, #194, #3449, #6030, #7896, #8999, #1917, #9739, #2471, #3316, #10281, #8006, #571, #9639, #4631, #211, #987, #5009, #1944, #7315, #5596, #3872, #7445, #8210, #8990, #7784, #9062, #419, #5669, #10435, #2610, #10011, #10177, #2202, #3350, #1790, #4997, #10485, #7879, #4857 ) ) ;
#6954 = DIRECTION ( 'NONE',  ( -0.7485107481711046300, 0.0000000000000000000, -0.6631226582407912000 ) ) ;
#6955 = DIRECTION ( 'NONE',  ( -0.04026594010940538800, 0.0000000000000000000, 0.9991889981715701400 ) ) ;
#6956 = ORIENTED_EDGE ( 'NONE', *, *, #8180, .T. ) ;
#6957 = DIRECTION ( 'NONE',  ( -0.2000256937760469500, 0.0000000000000000000, -0.9797906520422671200 ) ) ;
#6958 = CARTESIAN_POINT ( 'NONE',  ( -0.6614115016886004100, 0.01953124999999994400, -0.2146600501111429500 ) ) ;
#6959 = CYLINDRICAL_SURFACE ( 'NONE', #5299, 0.03906250000000000700 ) ;
#6960 = EDGE_CURVE ( 'NONE', #1769, #3629, #3829, .T. ) ;
#6961 = ORIENTED_EDGE ( 'NONE', *, *, #8171, .T. ) ;
#6962 = AXIS2_PLACEMENT_3D ( 'NONE', #10473, #8981, #1713 ) ;
#6963 = EDGE_LOOP ( 'NONE', ( #5162, #2858, #6941, #3927 ) ) ;
#6964 = ORIENTED_EDGE ( 'NONE', *, *, #78, .F. ) ;
#6965 = DIRECTION ( 'NONE',  ( -0.9034504346103774400, 0.0000000000000000000, 0.4286925614030641700 ) ) ;
#6966 = DIRECTION ( 'NONE',  ( 0.9927088740980544200, 0.0000000000000000000, 0.1205366802553199300 ) ) ;
#6968 = DIRECTION ( 'NONE',  ( -0.8229838658936500200, 0.0000000000000000000, 0.5680647467311650300 ) ) ;
#6967 = APPROVAL_STATUS ( 'not_yet_approved' ) ;
#6969 = VERTEX_POINT ( 'NONE', #6659 ) ;
#6970 = VECTOR ( 'NONE', #5564, 39.37007874015748100 ) ;
#6971 = ORIENTED_EDGE ( 'NONE', *, *, #865, .F. ) ;
#6972 = PLANE ( 'NONE',  #5847 ) ;
#6973 = CARTESIAN_POINT ( 'NONE',  ( 0.3171526786115523900, 0.01953124999999987900, 0.8431599063221670900 ) ) ;
#6974 = ORIENTED_EDGE ( 'NONE', *, *, #2594, .T. ) ;
#6975 = EDGE_CURVE ( 'NONE', #8890, #1165, #4079, .T. ) ;
#6976 = CARTESIAN_POINT ( 'NONE',  ( 0.05588805530219750200, 0.0000000000000000000, -0.6922977883646160800 ) ) ;
#6977 = CARTESIAN_POINT ( 'NONE',  ( 0.1775045462484487700, 0.0000000000000000000, -0.8833900921831660000 ) ) ;
#6978 = CYLINDRICAL_SURFACE ( 'NONE', #1807, 0.03906250000000004200 ) ;
#6979 = EDGE_LOOP ( 'NONE', ( #2030, #10465, #5026, #2275, #1151 ) ) ;
#6980 = CIRCLE ( 'NONE', #2510, 0.03906249999999997900 ) ;
#6981 = DIRECTION ( 'NONE',  ( -0.9034504346103775500, 0.0000000000000000000, 0.4286925614030642200 ) ) ;
#6982 = CLOSED_SHELL ( 'NONE', ( #3530, #8223, #3857, #10225 ) ) ;
#6983 = VERTEX_POINT ( 'NONE', #7554 ) ;
#6984 = ADVANCED_FACE ( 'NONE', ( #9687 ), #1947, .F. ) ;
#6985 = DIRECTION ( 'NONE',  ( -0.7994427634035002900, 0.0000000000000000000, 0.6007422642379800500 ) ) ;
#6986 = DIRECTION ( 'NONE',  ( -0.5000000000000041100, 0.0000000000000000000, -0.8660254037844362700 ) ) ;
#6987 = LINE ( 'NONE', #1506, #1656 ) ;
#6988 = VERTEX_POINT ( 'NONE', #8407 ) ;
#6989 = CIRCLE ( 'NONE', #2758, 0.03906250000000004200 ) ;
#6990 = ORIENTED_EDGE ( 'NONE', *, *, #4967, .T. ) ;
#6991 = EDGE_CURVE ( 'NONE', #1689, #7707, #1819, .T. ) ;
#6992 = DIRECTION ( 'NONE',  ( 0.9605181116313731300, 0.0000000000000000000, 0.2782174639164499700 ) ) ;
#6993 = ORIENTED_EDGE ( 'NONE', *, *, #1192, .T. ) ;
#6994 = VERTEX_POINT ( 'NONE', #1813 ) ;
#6995 = ORIENTED_EDGE ( 'NONE', *, *, #7146, .F. ) ;
#6996 = DIRECTION ( 'NONE',  ( 0.8229838658936575700, 0.0000000000000000000, 0.5680647467311541500 ) ) ;
#6997 = LINE ( 'NONE', #5910, #10039 ) ;
#6998 = DIRECTION ( 'NONE',  ( 0.6927243535096075900, 0.0000000000000000000, 0.7212024473438066700 ) ) ;
#6999 = CARTESIAN_POINT ( 'NONE',  ( -0.6924138303945405200, 4.783776559169353300E-018, -0.06699752894406450800 ) ) ;
#7000 = DIRECTION ( 'NONE',  ( 0.4647231720437694500, 0.0000000000000000000, 0.8854560256532094700 ) ) ;
#7001 = AXIS2_PLACEMENT_3D ( 'NONE', #8148, #6497, #7230 ) ;
#7002 = EDGE_CURVE ( 'NONE', #355, #9264, #1692, .T. ) ;
#7003 = CARTESIAN_POINT ( 'NONE',  ( -0.1110111958774984400, -0.01953125000000015600, 0.8939692184686983700 ) ) ;
#7004 = FACE_OUTER_BOUND ( 'NONE', #3154, .T. ) ;
#7005 = VECTOR ( 'NONE', #2654, 39.37007874015748900 ) ;
#7006 = CARTESIAN_POINT ( 'NONE',  ( -0.4525341021057344100, 0.01953124999999987900, -0.7789206221503218700 ) ) ;
#7007 = DIRECTION ( 'NONE',  ( -0.5000000000000036600, 0.0000000000000000000, -0.8660254037844364900 ) ) ;
#7008 = AXIS2_PLACEMENT_3D ( 'NONE', #7484, #1083, #8376 ) ;
#7009 = CIRCLE ( 'NONE', #10279, 0.03906250000000005600 ) ;
#7010 = CARTESIAN_POINT ( 'NONE',  ( 0.6737469047111259700, 0.01953124999999994400, -0.1720732985441514900 ) ) ;
#7011 = FACE_OUTER_BOUND ( 'NONE', #8873, .T. ) ;
#7012 = CIRCLE ( 'NONE', #4721, 0.03906250000000004200 ) ;
#7013 = DIRECTION ( 'NONE',  ( -0.9709418174260503500, 0.0000000000000000000, 0.2393156642875647600 ) ) ;
#7014 = AXIS2_PLACEMENT_3D ( 'NONE', #8906, #8804, #758 ) ;
#7015 = EDGE_CURVE ( 'NONE', #4635, #4116, #943, .T. ) ;
#7016 = ORIENTED_EDGE ( 'NONE', *, *, #7661, .T. ) ;
#7017 = CARTESIAN_POINT ( 'NONE',  ( 0.7987837902757801700, 0.01953124999999987900, 0.4164719745341167700 ) ) ;
#7018 = DIRECTION ( 'NONE',  ( -0.08046656871673289700, 0.0000000000000000000, -0.9967573081342092600 ) ) ;
#7020 = CARTESIAN_POINT ( 'NONE',  ( 0.5407881862670297400, 0.0000000000000000000, 0.7196583756158310100 ) ) ;
#7019 = VECTOR ( 'NONE', #6624, 39.37007874015748900 ) ;
#7021 = LINE ( 'NONE', #1620, #6244 ) ;
#7022 = ORIENTED_EDGE ( 'NONE', *, *, #9453, .T. ) ;
#7023 = CIRCLE ( 'NONE', #4513, 0.03906250000000003500 ) ;
#7024 = DIRECTION ( 'NONE',  ( 0.6631226582407912000, 0.0000000000000000000, -0.7485107481711046300 ) ) ;
#7026 = DIRECTION ( 'NONE',  ( -0.2393156642875647600, 0.0000000000000000000, -0.9709418174260503500 ) ) ;
#7025 = AXIS2_PLACEMENT_3D ( 'NONE', #2047, #3302, #5065 ) ;
#7027 = CARTESIAN_POINT ( 'NONE',  ( 0.1444022350281561100, -0.01953125000000016700, 0.8885426464266492600 ) ) ;
#7028 = VERTEX_POINT ( 'NONE', #3468 ) ;
#7029 = ADVANCED_FACE ( 'NONE', ( #9561 ), #2621, .F. ) ;
#7030 = DIRECTION ( 'NONE',  ( 0.6007422642379800500, 0.0000000000000000000, 0.7994427634035002900 ) ) ;
#7031 = EDGE_CURVE ( 'NONE', #2063, #2615, #9163, .T. ) ;
#7032 = AXIS2_PLACEMENT_3D ( 'NONE', #4245, #2561, #3474 ) ;
#7033 = VECTOR ( 'NONE', #9391, 39.37007874015748100 ) ;
#7034 = CARTESIAN_POINT ( 'NONE',  ( 0.6939867186800639000, 0.0000000000000000000, -0.02796670870299674400 ) ) ;
#7035 = CIRCLE ( 'NONE', #4580, 0.03906250000000004200 ) ;
#7036 = EDGE_CURVE ( 'NONE', #7061, #7771, #8295, .T. ) ;
#7037 = DIRECTION ( 'NONE',  ( -0.5680647467311649200, 0.0000000000000000000, -0.8229838658936499100 ) ) ;
#7038 = ORIENTED_EDGE ( 'NONE', *, *, #3166, .T. ) ;
#7039 = FACE_OUTER_BOUND ( 'NONE', #1070, .T. ) ;
#7040 = PLANE ( 'NONE',  #9686 ) ;
#7041 = CARTESIAN_POINT ( 'NONE',  ( 0.7220042841214467900, 4.783776559169354800E-018, -0.5390693207895693700 ) ) ;
#7042 = ORIENTED_EDGE ( 'NONE', *, *, #4171, .F. ) ;
#7043 = DIRECTION ( 'NONE',  ( 0.6007422642379800500, 0.0000000000000000000, 0.7994427634035002900 ) ) ;
#7044 = CIRCLE ( 'NONE', #8848, 0.9687500000000001100 ) ;
#7045 = EDGE_CURVE ( 'NONE', #1136, #6825, #10200, .T. ) ;
#7046 = ORIENTED_EDGE ( 'NONE', *, *, #3335, .T. ) ;
#7047 = CARTESIAN_POINT ( 'NONE',  ( -0.7220042841214536800, 0.0000000000000000000, -0.5390693207895599400 ) ) ;
#7048 = VERTEX_POINT ( 'NONE', #169 ) ;
#7049 = ORIENTED_EDGE ( 'NONE', *, *, #6686, .T. ) ;
#7050 = DIRECTION ( 'NONE',  ( -0.8660254037844431500, 0.0000000000000000000, -0.4999999999999919000 ) ) ;
#7051 = CYLINDRICAL_SURFACE ( 'NONE', #7178, 0.03906250000000006900 ) ;
#7052 = VERTEX_POINT ( 'NONE', #10001 ) ;
#7053 = DIRECTION ( 'NONE',  ( 0.9927088740980544200, 0.0000000000000000000, 0.1205366802553199300 ) ) ;
#7054 = VECTOR ( 'NONE', #2577, 39.37007874015748100 ) ;
#7055 = CARTESIAN_POINT ( 'NONE',  ( 0.8983449925355421200, 0.0000000000000000000, 0.06972942917138373600 ) ) ;
#7056 = ORIENTED_EDGE ( 'NONE', *, *, #5231, .T. ) ;
#7057 = DIRECTION ( 'NONE',  ( 0.0000000000000000000, 6.123233995736766000E-017, -1.000000000000000000 ) ) ;
#7058 = CARTESIAN_POINT ( 'NONE',  ( 0.7965106271544147900, 0.01953124999999987900, -0.4208031250000037200 ) ) ;
#7059 = ORIENTED_EDGE ( 'NONE', *, *, #385, .F. ) ;
#7060 = AXIS2_PLACEMENT_3D ( 'NONE', #2696, #3509, #6027 ) ;
#7061 = VERTEX_POINT ( 'NONE', #6770 ) ;
#7062 = CARTESIAN_POINT ( 'NONE',  ( -0.8555533750655123200, 0.0000000000000000000, -0.2826912473357834900 ) ) ;
#7063 = LINE ( 'NONE', #189, #4649 ) ;
#7064 = PLANE ( 'NONE',  #1434 ) ;
#7065 = ORIENTED_EDGE ( 'NONE', *, *, #8447, .T. ) ;
#7066 = DIRECTION ( 'NONE',  ( -0.9199794436588256700, 0.0000000000000000000, -0.3919666098600713100 ) ) ;
#7067 = AXIS2_PLACEMENT_3D ( 'NONE', #9360, #1327, #1429 ) ;
#7068 = EDGE_CURVE ( 'NONE', #6247, #6790, #10451, .T. ) ;
#7069 = CIRCLE ( 'NONE', #974, 0.03906249999999993800 ) ;
#7070 = DIRECTION ( 'NONE',  ( 0.9034504346103833200, 0.0000000000000000000, 0.4286925614030520100 ) ) ;
#7071 = EDGE_LOOP ( 'NONE', ( #5684, #5154 ) ) ;
#7072 = VERTEX_POINT ( 'NONE', #9144 ) ;
#7073 = DIRECTION ( 'NONE',  ( 0.9870502626379149500, 0.0000000000000000000, 0.1604112808577475000 ) ) ;
#7074 = ORIENTED_EDGE ( 'NONE', *, *, #10123, .T. ) ;
#7075 = ADVANCED_FACE ( 'NONE', ( #10059 ), #5872, .T. ) ;
#7076 = DIRECTION ( 'NONE',  ( 0.8451900855437978200, 0.0000000000000000000, 0.5344658261277963600 ) ) ;
#7077 = AXIS2_PLACEMENT_3D ( 'NONE', #10292, #8655, #6234 ) ;
#7078 = DIRECTION ( 'NONE',  ( -0.5344658261278078000, 0.0000000000000000000, -0.8451900855437904900 ) ) ;
#7079 = ORIENTED_EDGE ( 'NONE', *, *, #2137, .T. ) ;
#7080 = FACE_OUTER_BOUND ( 'NONE', #1335, .T. ) ;
#7081 = VERTEX_POINT ( 'NONE', #5880 ) ;
#7082 = DIRECTION ( 'NONE',  ( 0.08046656871671943600, 0.0000000000000000000, -0.9967573081342104800 ) ) ;
#7083 = ORIENTED_EDGE ( 'NONE', *, *, #7446, .T. ) ;
#7084 = CARTESIAN_POINT ( 'NONE',  ( -0.8936365284630674000, 0.0000000000000000000, 0.1085071195658515200 ) ) ;
#7085 = ORIENTED_EDGE ( 'NONE', *, *, #2045, .T. ) ;
#7086 = AXIS2_PLACEMENT_3D ( 'NONE', #1750, #8275, #9078 ) ;
#7087 = EDGE_CURVE ( 'NONE', #7946, #5142, #8164, .T. ) ;
#7088 = DIRECTION ( 'NONE',  ( 0.9485364419471457000, 0.0000000000000000000, -0.3166679938014719800 ) ) ;
#7089 = ADVANCED_FACE ( 'NONE', ( #6762 ), #5224, .F. ) ;
#7090 = ORIENTED_EDGE ( 'NONE', *, *, #7068, .T. ) ;
#7091 = LINE ( 'NONE', #2499, #3387 ) ;
#7092 = ORIENTED_EDGE ( 'NONE', *, *, #1478, .T. ) ;
#7093 = CARTESIAN_POINT ( 'NONE',  ( 0.6210291941984807900, 4.783776559169354800E-018, -0.3134458826646733800 ) ) ;
#7094 = CLOSED_SHELL ( 'NONE', ( #5823, #4352, #4370, #1604 ) ) ;
#7095 = DIRECTION ( 'NONE',  ( -0.8451900855437899400, 0.0000000000000000000, 0.5344658261278086900 ) ) ;
#7096 = DIRECTION ( 'NONE',  ( -0.3166679938014603800, 0.0000000000000000000, 0.9485364419471495900 ) ) ;
#7097 = PLANE ( 'NONE',  #4541 ) ;
#7098 = PERSON_AND_ORGANIZATION ( #2878, #9238 ) ;
#7099 = EDGE_CURVE ( 'NONE', #271, #4686, #9935, .T. ) ;
#7100 = VERTEX_POINT ( 'NONE', #1017 ) ;
#7101 = AXIS2_PLACEMENT_3D ( 'NONE', #6414, #3164, #9716 ) ;
#7102 = FACE_BOUND ( 'NONE', #2934, .T. ) ;
#7103 = VERTEX_POINT ( 'NONE', #9359 ) ;
#7104 = PLANE ( 'NONE',  #929 ) ;
#7105 = ORIENTED_EDGE ( 'NONE', *, *, #6542, .F. ) ;
#7106 = DIRECTION ( 'NONE',  ( -0.9709418174260502400, 0.0000000000000000000, 0.2393156642875653700 ) ) ;
#7107 = CARTESIAN_POINT ( 'NONE',  ( -0.1114136551197485600, 0.0000000000000000000, 0.6855557599151640400 ) ) ;
#7108 = EDGE_CURVE ( 'NONE', #7615, #2106, #1570, .T. ) ;
#7109 = CARTESIAN_POINT ( 'NONE',  ( -0.7626815098190914400, 0.01953124999999987900, -0.4793968749999930600 ) ) ;
#7110 = LINE ( 'NONE', #10239, #2788 ) ;
#7111 = ORIENTED_EDGE ( 'NONE', *, *, #1737, .F. ) ;
#7112 = DIRECTION ( 'NONE',  ( 0.0000000000000000000, 6.168689017951560600E-017, -1.000000000000000000 ) ) ;
#7113 = CYLINDRICAL_SURFACE ( 'NONE', #1168, 0.03906250000000004900 ) ;
#7114 = AXIS2_PLACEMENT_3D ( 'NONE', #805, #4943, #4805 ) ;
#7115 = ORIENTED_EDGE ( 'NONE', *, *, #8387, .T. ) ;
#7116 = LINE ( 'NONE', #2434, #676 ) ;
#7117 = EDGE_CURVE ( 'NONE', #8412, #5631, #1329, .T. ) ;
#7118 = EDGE_LOOP ( 'NONE', ( #9951, #3074, #8961, #1045, #1708 ) ) ;
#7119 = CARTESIAN_POINT ( 'NONE',  ( 0.8820075449684489100, 0.0000000000000000000, -0.1800631295371986900 ) ) ;
#7120 = DIRECTION ( 'NONE',  ( 0.8854560256532093600, 0.0000000000000000000, -0.4647231720437694500 ) ) ;
#7121 = PLANE ( 'NONE',  #6594 ) ;
#7122 = ORIENTED_EDGE ( 'NONE', *, *, #5435, .T. ) ;
#7123 = CARTESIAN_POINT ( 'NONE',  ( 0.1990627992984033100, 0.01953124999999988900, -0.6662718016058998300 ) ) ;
#7124 = CIRCLE ( 'NONE', #4941, 0.03906250000000005600 ) ;
#7125 = EDGE_LOOP ( 'NONE', ( #1635, #4755, #7739, #5800 ) ) ;
#7126 = LINE ( 'NONE', #2834, #2805 ) ;
#7127 = CARTESIAN_POINT ( 'NONE',  ( 0.5380018762373957000, -0.01953125000000015600, -0.4392649356197720900 ) ) ;
#7128 = PLANE ( 'NONE',  #8541 ) ;
#7129 = ADVANCED_FACE ( 'NONE', ( #5102 ), #4606, .T. ) ;
#7130 = ORIENTED_EDGE ( 'NONE', *, *, #48, .T. ) ;
#7131 = EDGE_LOOP ( 'NONE', ( #7720, #3171, #10379, #1651, #10474 ) ) ;
#7132 = DIRECTION ( 'NONE',  ( 0.2782174639164508600, 0.0000000000000000000, -0.9605181116313726800 ) ) ;
#7133 = DIRECTION ( 'NONE',  ( -0.9797906520422669000, 0.0000000000000000000, 0.2000256937760482900 ) ) ;
#7135 = CARTESIAN_POINT ( 'NONE',  ( -0.4183437994737904700, 0.0000000000000000000, 0.7970875142930249300 ) ) ;
#7134 = LINE ( 'NONE', #7711, #6364 ) ;
#7136 = AXIS2_PLACEMENT_3D ( 'NONE', #341, #5195, #4341 ) ;
#7137 = EDGE_CURVE ( 'NONE', #697, #3775, #5748, .T. ) ;
#7138 = CARTESIAN_POINT ( 'NONE',  ( -0.2722404088783202900, 0.0000000000000000000, -0.6389717225932345400 ) ) ;
#7139 = ADVANCED_FACE ( 'NONE', ( #2963 ), #7277, .T. ) ;
#7140 = DIRECTION ( 'NONE',  ( -0.04026594010941941800, 0.0000000000000000000, -0.9991889981715693600 ) ) ;
#7141 = CARTESIAN_POINT ( 'NONE',  ( 0.4172455396264891900, 0.0000000000000000000, 0.5552529713219013200 ) ) ;
#7142 = LINE ( 'NONE', #4695, #5738 ) ;
#7143 = VECTOR ( 'NONE', #5677, 39.37007874015748100 ) ;
#7144 = DIRECTION ( 'NONE',  ( -0.9709418174260535700, 0.0000000000000000000, -0.2393156642875513600 ) ) ;
#7145 = AXIS2_PLACEMENT_3D ( 'NONE', #7499, #9803, #5037 ) ;
#7146 = EDGE_CURVE ( 'NONE', #5559, #7318, #4853, .T. ) ;
#7147 = VECTOR ( 'NONE', #5668, 39.37007874015748100 ) ;
#7148 = LINE ( 'NONE', #5657, #4846 ) ;
#7149 = CARTESIAN_POINT ( 'NONE',  ( -0.8537905344063219100, 0.0000000000000000000, 0.2879715997532005800 ) ) ;
#7150 = CIRCLE ( 'NONE', #10358, 0.03906250000000005600 ) ;
#7151 = DIRECTION ( 'NONE',  ( 0.08046656871673291100, 0.0000000000000000000, 0.9967573081342093700 ) ) ;
#7152 = AXIS2_PLACEMENT_3D ( 'NONE', #6371, #6406, #7201 ) ;
#7153 = EDGE_LOOP ( 'NONE', ( #10378, #7079, #5340, #7487, #8272 ) ) ;
#7154 = LINE ( 'NONE', #4224, #8175 ) ;
#7155 = EDGE_CURVE ( 'NONE', #8086, #8864, #5626, .T. ) ;
#7156 = AXIS2_PLACEMENT_3D ( 'NONE', #5809, #5705, #8899 ) ;
#7157 = EDGE_CURVE ( 'NONE', #9618, #7447, #3581, .T. ) ;
#7158 = LINE ( 'NONE', #4567, #7671 ) ;
#7159 = DIRECTION ( 'NONE',  ( 0.9927088740980543100, 0.0000000000000000000, 0.1205366802553199100 ) ) ;
#7160 = DIRECTION ( 'NONE',  ( 0.9709418174260503500, 0.0000000000000000000, -0.2393156642875647600 ) ) ;
#7161 = DIRECTION ( 'NONE',  ( 0.9350162426854133900, 0.0000000000000000000, -0.3546048870425394000 ) ) ;
#7162 = ORIENTED_EDGE ( 'NONE', *, *, #1224, .F. ) ;
#7163 = DIRECTION ( 'NONE',  ( 1.000000000000000000, 0.0000000000000000000, 0.0000000000000000000 ) ) ;
#7164 = DIRECTION ( 'NONE',  ( 0.7212024473438157800, 0.0000000000000000000, 0.6927243535095981600 ) ) ;
#7165 = FACE_OUTER_BOUND ( 'NONE', #2049, .T. ) ;
#7166 = CARTESIAN_POINT ( 'NONE',  ( -0.8755262737747955300, 4.783776559169353300E-018, 0.2129311222819997900 ) ) ;
#7167 = ORIENTED_EDGE ( 'NONE', *, *, #7291, .T. ) ;
#7168 = FACE_OUTER_BOUND ( 'NONE', #919, .T. ) ;
#7170 = CARTESIAN_POINT ( 'NONE',  ( -0.2928192833558945200, -0.01953125000000015600, 0.6307146573329560600 ) ) ;
#7169 = AXIS2_PLACEMENT_3D ( 'NONE', #5533, #9519, #4690 ) ;
#7171 = PLANE ( 'NONE',  #6829 ) ;
#7172 = DIRECTION ( 'NONE',  ( -0.9034504346103775500, 0.0000000000000000000, 0.4286925614030642200 ) ) ;
#7173 = ORIENTED_EDGE ( 'NONE', *, *, #1802, .F. ) ;
#7174 = EDGE_CURVE ( 'NONE', #2619, #6049, #582, .T. ) ;
#7175 = CARTESIAN_POINT ( 'NONE',  ( 0.3381980018205065200, 0.0000000000000000000, -0.6079043452475622100 ) ) ;
#7176 = ORIENTED_EDGE ( 'NONE', *, *, #759, .T. ) ;
#7177 = EDGE_LOOP ( 'NONE', ( #357, #4044, #1610, #4111 ) ) ;
#7178 = AXIS2_PLACEMENT_3D ( 'NONE', #1285, #1416, #2198 ) ;
#7179 = DIRECTION ( 'NONE',  ( -0.3166679938014603800, 0.0000000000000000000, 0.9485364419471495900 ) ) ;
#7180 = DIRECTION ( 'NONE',  ( 0.2393156642875516300, 0.0000000000000000000, -0.9709418174260535700 ) ) ;
#7181 = CIRCLE ( 'NONE', #3981, 0.03906250000000003500 ) ;
#7182 = ORIENTED_EDGE ( 'NONE', *, *, #192, .F. ) ;
#7183 = VECTOR ( 'NONE', #6548, 39.37007874015748900 ) ;
#7184 = DIRECTION ( 'NONE',  ( 0.9797906520422669000, 0.0000000000000000000, -0.2000256937760482600 ) ) ;
#7185 = EDGE_LOOP ( 'NONE', ( #7996, #7046, #4552, #5175, #9765 ) ) ;
#7186 = ORIENTED_EDGE ( 'NONE', *, *, #8778, .F. ) ;
#7187 = ORIENTED_EDGE ( 'NONE', *, *, #7560, .F. ) ;
#7188 = DIRECTION ( 'NONE',  ( 0.9797906520422669000, 0.0000000000000000000, -0.2000256937760482600 ) ) ;
#7189 = CARTESIAN_POINT ( 'NONE',  ( -0.6492264430988948800, 0.0000000000000000000, 0.6235904630293489500 ) ) ;
#7190 = CC_DESIGN_PERSON_AND_ORGANIZATION_ASSIGNMENT ( #1754, #2116, ( #5951 ) ) ;
#7191 = VECTOR ( 'NONE', #3315, 39.37007874015748900 ) ;
#7192 = CARTESIAN_POINT ( 'NONE',  ( -0.7186944554564618200, 0.01953124999999987900, -0.5431231249687563700 ) ) ;
#7193 = ORIENTED_EDGE ( 'NONE', *, *, #4517, .T. ) ;
#7194 = ADVANCED_FACE ( 'NONE', ( #828 ), #6251, .T. ) ;
#7195 = CYLINDRICAL_SURFACE ( 'NONE', #916, 0.03906250000000004200 ) ;
#7196 = ORIENTED_EDGE ( 'NONE', *, *, #5901, .T. ) ;
#7197 = EDGE_CURVE ( 'NONE', #5339, #1715, #8917, .T. ) ;
#7198 = ORIENTED_EDGE ( 'NONE', *, *, #3613, .T. ) ;
#7199 = CARTESIAN_POINT ( 'NONE',  ( -0.8552465528589909800, -0.01953125000000016700, 0.2829448409186869400 ) ) ;
#7200 = VERTEX_POINT ( 'NONE', #7639 ) ;
#7201 = DIRECTION ( 'NONE',  ( 0.6927243535096075900, 0.0000000000000000000, 0.7212024473438067900 ) ) ;
#7202 = DIRECTION ( 'NONE',  ( 1.000000000000000000, 0.0000000000000000000, 0.0000000000000000000 ) ) ;
#7203 = EDGE_LOOP ( 'NONE', ( #5298, #1291, #1339, #1883 ) ) ;
#7204 = DIRECTION ( 'NONE',  ( -0.8451900855437899400, 0.0000000000000000000, 0.5344658261278086900 ) ) ;
#7205 = LINE ( 'NONE', #8139, #9982 ) ;
#7206 = ORIENTED_EDGE ( 'NONE', *, *, #3803, .F. ) ;
#7207 = EDGE_LOOP ( 'NONE', ( #5070, #8483, #7167, #4512, #10129 ) ) ;
#7208 = DIRECTION ( 'NONE',  ( 0.0000000000000000000, 1.000000000000000000, 6.123233995736766000E-017 ) ) ;
#7209 = ORIENTED_EDGE ( 'NONE', *, *, #1514, .T. ) ;
#7210 = CARTESIAN_POINT ( 'NONE',  ( 0.4313331411807079200, 0.0000000000000000000, -0.5457813689797719200 ) ) ;
#7211 = CARTESIAN_POINT ( 'NONE',  ( -0.8981077749414690900, -0.01953125000000015600, -0.07004908114580313300 ) ) ;
#7212 = AXIS2_PLACEMENT_3D ( 'NONE', #5379, #5421, #7057 ) ;
#7213 = EDGE_CURVE ( 'NONE', #7893, #7200, #4335, .T. ) ;
#7214 = DIRECTION ( 'NONE',  ( -0.5000000000000041100, 0.0000000000000000000, -0.8660254037844363800 ) ) ;
#7215 = ORIENTED_EDGE ( 'NONE', *, *, #3069, .T. ) ;
#7216 = FACE_OUTER_BOUND ( 'NONE', #855, .T. ) ;
#7217 = ORIENTED_EDGE ( 'NONE', *, *, #9932, .T. ) ;
#7218 = CARTESIAN_POINT ( 'NONE',  ( 0.1444022350281561100, 0.0000000000000000000, 0.8885426464266492600 ) ) ;
#7219 = VERTEX_POINT ( 'NONE', #1996 ) ;
#7220 = AXIS2_PLACEMENT_3D ( 'NONE', #268, #5902, #5082 ) ;
#7221 = EDGE_LOOP ( 'NONE', ( #5568, #6931, #4785, #6678, #10175 ) ) ;
#7222 = DIRECTION ( 'NONE',  ( 0.8854560256532093600, 0.0000000000000000000, -0.4647231720437694500 ) ) ;
#7223 = FACE_OUTER_BOUND ( 'NONE', #5886, .T. ) ;
#7224 = ORIENTED_EDGE ( 'NONE', *, *, #9701, .F. ) ;
#7225 = FACE_OUTER_BOUND ( 'NONE', #4400, .T. ) ;
#7226 = DIRECTION ( 'NONE',  ( -0.7485107481710957500, 0.0000000000000000000, 0.6631226582408013000 ) ) ;
#7227 = EDGE_LOOP ( 'NONE', ( #6438, #4265 ) ) ;
#7228 = EDGE_CURVE ( 'NONE', #5401, #6688, #5490, .T. ) ;
#7229 = ORIENTED_EDGE ( 'NONE', *, *, #2555, .T. ) ;
#7230 = DIRECTION ( 'NONE',  ( 0.9967573081342092600, 0.0000000000000000000, -0.08046656871673289700 ) ) ;
#7231 = FACE_OUTER_BOUND ( 'NONE', #2300, .T. ) ;
#7232 = DIRECTION ( 'NONE',  ( -0.9605181116313692400, 0.0000000000000000000, 0.2782174639164631800 ) ) ;
#7233 = ORIENTED_EDGE ( 'NONE', *, *, #3769, .T. ) ;
#7234 = VECTOR ( 'NONE', #6023, 39.37007874015748100 ) ;
#7235 = VERTEX_POINT ( 'NONE', #1263 ) ;
#7236 = DIRECTION ( 'NONE',  ( -0.8451900855437899400, 0.0000000000000000000, 0.5344658261278086900 ) ) ;
#7237 = ORIENTED_EDGE ( 'NONE', *, *, #3679, .T. ) ;
#7238 = AXIS2_PLACEMENT_3D ( 'NONE', #1336, #10192, #7754 ) ;
#7239 = CARTESIAN_POINT ( 'NONE',  ( -0.5716215590217341700, -0.01953125000000016700, -0.6962422297169642600 ) ) ;
#7240 = DIRECTION ( 'NONE',  ( 0.6007422642379800500, 0.0000000000000000000, 0.7994427634035002900 ) ) ;
#7241 = EDGE_CURVE ( 'NONE', #6803, #1480, #1198, .T. ) ;
#7242 = AXIS2_PLACEMENT_3D ( 'NONE', #7517, #8232, #4168 ) ;
#7243 = CARTESIAN_POINT ( 'NONE',  ( -0.7600672050486967400, -0.01953125000000015600, 0.4835310672429954900 ) ) ;
#7244 = PRODUCT_DEFINITION_SHAPE ( 'NONE', 'NONE',  #3702 ) ;
#7245 = CIRCLE ( 'NONE', #3989, 0.03906249999999998600 ) ;
#7246 = EDGE_LOOP ( 'NONE', ( #10160, #5962, #7698, #9755 ) ) ;
#7247 = DIRECTION ( 'NONE',  ( -0.9709418174260536800, 0.0000000000000000000, -0.2393156642875510500 ) ) ;
#7248 = EDGE_CURVE ( 'NONE', #10500, #6655, #3088, .T. ) ;
#7249 = LINE ( 'NONE', #1587, #5331 ) ;
#7250 = ADVANCED_FACE ( 'NONE', ( #9805 ), #7786, .F. ) ;
#7251 = ORIENTED_EDGE ( 'NONE', *, *, #6467, .T. ) ;
#7252 = DIRECTION ( 'NONE',  ( -0.9709418174260502400, 0.0000000000000000000, 0.2393156642875649600 ) ) ;
#7253 = ORIENTED_EDGE ( 'NONE', *, *, #4153, .T. ) ;
#7254 = EDGE_CURVE ( 'NONE', #4209, #9813, #1319, .T. ) ;
#7255 = ORIENTED_EDGE ( 'NONE', *, *, #6699, .T. ) ;
#7256 = VERTEX_POINT ( 'NONE', #6200 ) ;
#7257 = CARTESIAN_POINT ( 'NONE',  ( 0.7795960684867498900, 0.0000000000000000000, -0.4501000000000037700 ) ) ;
#7258 = LINE ( 'NONE', #6450, #5078 ) ;
#7259 = CARTESIAN_POINT ( 'NONE',  ( 0.5380018762373957000, 0.0000000000000000000, -0.4392649356197720900 ) ) ;
#7261 = CARTESIAN_POINT ( 'NONE',  ( -0.6671278544335677000, 0.0000000000000000000, 0.1932359395631795800 ) ) ;
#7260 = DIRECTION ( 'NONE',  ( -0.9709418174260536800, 0.0000000000000000000, -0.2393156642875511300 ) ) ;
#7262 = FACE_OUTER_BOUND ( 'NONE', #8371, .T. ) ;
#7263 = LINE ( 'NONE', #2346, #6487 ) ;
#7264 = AXIS2_PLACEMENT_3D ( 'NONE', #8880, #9695, #9439 ) ;
#7265 = CARTESIAN_POINT ( 'NONE',  ( 0.5969430169483602700, 0.0000000000000000000, -0.6738093755036285200 ) ) ;
#7266 = CARTESIAN_POINT ( 'NONE',  ( -0.4811261366802526700, 0.0000000000000000000, -0.7608401150065203800 ) ) ;
#7267 = DIRECTION ( 'NONE',  ( 0.9350162426854133900, 0.0000000000000000000, -0.3546048870425394000 ) ) ;
#7268 = DIRECTION ( 'NONE',  ( -0.08046656871673291100, 0.0000000000000000000, -0.9967573081342093700 ) ) ;
#7269 = AXIS2_PLACEMENT_3D ( 'NONE', #2422, #2321, #5291 ) ;
#7270 = EDGE_CURVE ( 'NONE', #783, #4408, #6499, .T. ) ;
#7271 = CYLINDRICAL_SURFACE ( 'NONE', #3003, 0.03906250000000004900 ) ;
#7272 = VECTOR ( 'NONE', #9696, 39.37007874015748100 ) ;
#7273 = FACE_BOUND ( 'NONE', #5821, .T. ) ;
#7274 = CARTESIAN_POINT ( 'NONE',  ( 0.8994699361540469100, 0.0000000000000000000, -0.03624739928649869200 ) ) ;
#7275 = ORIENTED_EDGE ( 'NONE', *, *, #3015, .F. ) ;
#7276 = CARTESIAN_POINT ( 'NONE',  ( -0.6274914993586380200, -0.01953125000000015600, 0.2977484185224983900 ) ) ;
#7277 = CYLINDRICAL_SURFACE ( 'NONE', #6873, 0.03906250000000003500 ) ;
#7279 = DIRECTION ( 'NONE',  ( -0.9350162426854181600, 0.0000000000000000000, -0.3546048870425268000 ) ) ;
#7278 = VECTOR ( 'NONE', #5407, 39.37007874015748900 ) ;
#7280 = VECTOR ( 'NONE', #10441, 39.37007874015748900 ) ;
#7281 = AXIS2_PLACEMENT_3D ( 'NONE', #6764, #1915, #8476 ) ;
#7282 = EDGE_CURVE ( 'NONE', #3309, #4393, #5353, .T. ) ;
#7283 = ORIENTED_EDGE ( 'NONE', *, *, #4694, .F. ) ;
#7284 = LINE ( 'NONE', #1147, #7033 ) ;
#7286 = CARTESIAN_POINT ( 'NONE',  ( -0.2529763774286085100, -0.01953125000000015600, 0.8645851037594771700 ) ) ;
#7285 = DIRECTION ( 'NONE',  ( 0.7994427634035089500, 0.0000000000000000000, 0.6007422642379686200 ) ) ;
#7287 = CIRCLE ( 'NONE', #2075, 0.03906250000000003500 ) ;
#7288 = DIRECTION ( 'NONE',  ( -0.8660254037844432600, 0.0000000000000000000, -0.4999999999999919500 ) ) ;
#7289 = ADVANCED_FACE ( 'NONE', ( #7662 ), #4070, .T. ) ;
#7290 = ORIENTED_EDGE ( 'NONE', *, *, #1766, .F. ) ;
#7291 = EDGE_CURVE ( 'NONE', #614, #10254, #5618, .T. ) ;
#7292 = CARTESIAN_POINT ( 'NONE',  ( 0.0000000000000000000, 0.01953124999999991700, 4.811986777743987900E-018 ) ) ;
#7293 = CYLINDRICAL_SURFACE ( 'NONE', #5627, 0.03906250000000000700 ) ;
#7294 = ORIENTED_EDGE ( 'NONE', *, *, #10313, .T. ) ;
#7295 = CARTESIAN_POINT ( 'NONE',  ( 0.0000000000000000000, -0.01953125000000012500, 2.420098498159310800E-018 ) ) ;
#7296 = CYLINDRICAL_SURFACE ( 'NONE', #5920, 0.03906250000000002800 ) ;
#7297 = DIRECTION ( 'NONE',  ( 0.9485364419471493700, 0.0000000000000000000, 0.3166679938014612100 ) ) ;
#7298 = CARTESIAN_POINT ( 'NONE',  ( 0.6924138303945398500, 0.0000000000000000000, -0.06699752894407369500 ) ) ;
#7299 = ORIENTED_EDGE ( 'NONE', *, *, #1262, .F. ) ;
#7300 = VERTEX_POINT ( 'NONE', #3058 ) ;
#7301 = VERTEX_POINT ( 'NONE', #634 ) ;
#7302 = DIRECTION ( 'NONE',  ( -0.8229838658936500200, 0.0000000000000000000, 0.5680647467311650300 ) ) ;
#7304 = CARTESIAN_POINT ( 'NONE',  ( 0.6765397056651378800, 0.01953124999999992000, 0.1607424596620831700 ) ) ;
#7303 = AXIS2_PLACEMENT_3D ( 'NONE', #9922, #8197, #3393 ) ;
#7305 = ORIENTED_EDGE ( 'NONE', *, *, #9196, .F. ) ;
#7306 = CARTESIAN_POINT ( 'NONE',  ( -0.6955596069655878300, 0.0000000000000000000, 0.01106411153808944800 ) ) ;
#7307 = CYLINDRICAL_SURFACE ( 'NONE', #5448, 0.03906250000000004900 ) ;
#7308 = EDGE_CURVE ( 'NONE', #69, #3783, #1812, .T. ) ;
#7309 = ORIENTED_EDGE ( 'NONE', *, *, #9948, .T. ) ;
#7310 = ORIENTED_EDGE ( 'NONE', *, *, #10286, .T. ) ;
#7311 = DIRECTION ( 'NONE',  ( 0.2782174639164499100, 0.0000000000000000000, -0.9605181116313730200 ) ) ;
#7312 = EDGE_LOOP ( 'NONE', ( #1788, #4132 ) ) ;
#7313 = PLANE ( 'NONE',  #5230 ) ;
#7314 = LINE ( 'NONE', #10351, #7700 ) ;
#7315 = ADVANCED_FACE ( 'NONE', ( #2438 ), #1359, .T. ) ;
#7316 = CLOSED_SHELL ( 'NONE', ( #690, #1306, #6839, #239 ) ) ;
#7317 = CIRCLE ( 'NONE', #3599, 0.03906250000000004900 ) ;
#7318 = VERTEX_POINT ( 'NONE', #9402 ) ;
#7319 = DIRECTION ( 'NONE',  ( 0.4286925614030635000, 0.0000000000000000000, 0.9034504346103779900 ) ) ;
#7320 = EDGE_LOOP ( 'NONE', ( #5254, #10284, #3093, #9010 ) ) ;
#7321 = DIRECTION ( 'NONE',  ( -0.8229838658936501300, 0.0000000000000000000, 0.5680647467311650300 ) ) ;
#7322 = ORIENTED_EDGE ( 'NONE', *, *, #10046, .F. ) ;
#7323 = DIRECTION ( 'NONE',  ( -0.6007422642379689500, 0.0000000000000000000, 0.7994427634035086200 ) ) ;
#7324 = ORIENTED_EDGE ( 'NONE', *, *, #5870, .F. ) ;
#7325 = AXIS2_PLACEMENT_3D ( 'NONE', #9190, #10126, #1938 ) ;
#7326 = EDGE_CURVE ( 'NONE', #7563, #4884, #575, .T. ) ;
#7327 = LINE ( 'NONE', #2819, #8219 ) ;
#7328 = VERTEX_POINT ( 'NONE', #1326 ) ;
#7329 = DIRECTION ( 'NONE',  ( -0.0000000000000000000, -0.0000000000000000000, 1.000000000000000000 ) ) ;
#7330 = VERTEX_POINT ( 'NONE', #4680 ) ;
#7331 = ORIENTED_EDGE ( 'NONE', *, *, #1071, .F. ) ;
#7332 = CARTESIAN_POINT ( 'NONE',  ( 0.8887742376332794500, 0.01953124999999987900, -0.1469176766052016400 ) ) ;
#7333 = DIRECTION ( 'NONE',  ( 0.9034504346103832100, 0.0000000000000000000, 0.4286925614030519500 ) ) ;
#7334 = DIRECTION ( 'NONE',  ( 0.5344658261277963600, 0.0000000000000000000, -0.8451900855437977100 ) ) ;
#7335 = EDGE_LOOP ( 'NONE', ( #145, #9889, #2244, #3000, #8584 ) ) ;
#7336 = LINE ( 'NONE', #2472, #3644 ) ;
#7337 = VERTEX_POINT ( 'NONE', #1458 ) ;
#7338 = DIRECTION ( 'NONE',  ( -0.8660254037844362700, 0.0000000000000000000, 0.5000000000000041100 ) ) ;
#7339 = DIRECTION ( 'NONE',  ( -0.5344658261278078000, 0.0000000000000000000, -0.8451900855437904900 ) ) ;
#7340 = ORIENTED_EDGE ( 'NONE', *, *, #295, .F. ) ;
#7341 = CARTESIAN_POINT ( 'NONE',  ( -0.1444022350281443100, 0.01953124999999987900, 0.8885426464266511500 ) ) ;
#7342 = ADVANCED_FACE ( 'NONE', ( #4470 ), #6303, .T. ) ;
#7343 = CARTESIAN_POINT ( 'NONE',  ( 0.8981077749414681000, -0.01953125000000015600, -0.07004908114581508100 ) ) ;
#7344 = AXIS2_PLACEMENT_3D ( 'NONE', #610, #7899, #1473 ) ;
#7345 = EDGE_CURVE ( 'NONE', #5411, #138, #304, .T. ) ;
#7346 = CYLINDRICAL_SURFACE ( 'NONE', #3229, 0.03906250000000000700 ) ;
#7347 = VERTEX_POINT ( 'NONE', #7055 ) ;
#7348 = FACE_OUTER_BOUND ( 'NONE', #6705, .T. ) ;
#7349 = ORIENTED_EDGE ( 'NONE', *, *, #9054, .T. ) ;
#7350 = AXIS2_PLACEMENT_3D ( 'NONE', #2374, #9674, #3156 ) ;
#7351 = CLOSED_SHELL ( 'NONE', ( #4486, #10027, #9812, #8173 ) ) ;
#7352 = DIRECTION ( 'NONE',  ( 0.6927243535096075900, 0.0000000000000000000, 0.7212024473438066700 ) ) ;
#7353 = EDGE_CURVE ( 'NONE', #1480, #580, #2093, .T. ) ;
#7354 = DIRECTION ( 'NONE',  ( 0.9927088740980526400, -0.0000000000000000000, -0.1205366802553337900 ) ) ;
#7355 = ORIENTED_EDGE ( 'NONE', *, *, #4283, .F. ) ;
#7356 = EDGE_CURVE ( 'NONE', #4801, #1625, #8909, .T. ) ;
#7357 = CYLINDRICAL_SURFACE ( 'NONE', #2922, 0.03906250000000002100 ) ;
#7358 = ORIENTED_EDGE ( 'NONE', *, *, #7635, .F. ) ;
#7359 = CARTESIAN_POINT ( 'NONE',  ( -0.4605718422811487200, 0.01953124999999988900, -0.5198781401422347700 ) ) ;
#7360 = LINE ( 'NONE', #7537, #5188 ) ;
#7361 = ORIENTED_EDGE ( 'NONE', *, *, #2511, .F. ) ;
#7362 = VERTEX_POINT ( 'NONE', #7885 ) ;
#7363 = MANIFOLD_SOLID_BREP ( 'CirPattern1[30]', #9367 ) ;
#7364 = CYLINDRICAL_SURFACE ( 'NONE', #7464, 0.03906250000000001400 ) ;
#7365 = CARTESIAN_POINT ( 'NONE',  ( -0.6972993866372594300, 0.0000000000000000000, -0.5693273271109529100 ) ) ;
#7366 = AXIS2_PLACEMENT_3D ( 'NONE', #9218, #3443, #8413 ) ;
#7367 = VERTEX_POINT ( 'NONE', #6264 ) ;
#7368 = ADVANCED_FACE ( 'NONE', ( #9676 ), #8624, .F. ) ;
#7369 = CYLINDRICAL_SURFACE ( 'NONE', #7509, 0.03906250000000000700 ) ;
#7370 = DIRECTION ( 'NONE',  ( -0.5344658261278078000, 0.0000000000000000000, -0.8451900855437904900 ) ) ;
#7371 = EDGE_CURVE ( 'NONE', #9986, #10, #821, .T. ) ;
#7372 = AXIS2_PLACEMENT_3D ( 'NONE', #6341, #594, #7095 ) ;
#7373 = VERTEX_POINT ( 'NONE', #2318 ) ;
#7374 = CARTESIAN_POINT ( 'NONE',  ( 0.5380018762373957000, 0.0000000000000000000, -0.4392649356197720900 ) ) ;
#7375 = EDGE_CURVE ( 'NONE', #6135, #3225, #9291, .T. ) ;
#7376 = CLOSED_SHELL ( 'NONE', ( #7566, #3425, #5370, #5221 ) ) ;
#7377 = CYLINDRICAL_SURFACE ( 'NONE', #3026, 0.03906250000000004900 ) ;
#7378 = MANIFOLD_SOLID_BREP ( 'CirPattern1[37]', #1945 ) ;
#7379 = CARTESIAN_POINT ( 'NONE',  ( -0.8552465528589907600, 0.01953124999999987900, 0.2829448409186871000 ) ) ;
#7380 = CARTESIAN_POINT ( 'NONE',  ( 0.8536975919968525800, -0.01953125000000016700, -0.2875845451314502100 ) ) ;
#7381 = PRODUCT_RELATED_PRODUCT_CATEGORY ( 'detail', '', ( #10010 ) ) ;
#7382 = DIRECTION ( 'NONE',  ( 0.1205366802553328900, 0.0000000000000000000, 0.9927088740980527500 ) ) ;
#7383 = CIRCLE ( 'NONE', #1592, 0.03906250000000002100 ) ;
#7384 = EDGE_CURVE ( 'NONE', #6143, #643, #4969, .T. ) ;
#7385 = FACE_BOUND ( 'NONE', #5551, .T. ) ;
#7386 = DIRECTION ( 'NONE',  ( -0.08046656871673291100, 0.0000000000000000000, -0.9967573081342093700 ) ) ;
#7387 = MANIFOLD_SOLID_BREP ( 'CirPattern1[7]', #10090 ) ;
#7388 = DIRECTION ( 'NONE',  ( -0.4647231720437573500, 0.0000000000000000000, 0.8854560256532157900 ) ) ;
#7389 = ADVANCED_FACE ( 'NONE', ( #709 ), #8043, .T. ) ;
#7390 = VECTOR ( 'NONE', #426, 39.37007874015748100 ) ;
#7391 = DIRECTION ( 'NONE',  ( -0.9797906520422696700, 0.0000000000000000000, -0.2000256937760349900 ) ) ;
#7392 = LINE ( 'NONE', #372, #8920 ) ;
#7393 = FACE_OUTER_BOUND ( 'NONE', #2167, .T. ) ;
#7394 = DIRECTION ( 'NONE',  ( 0.6007422642379800500, 0.0000000000000000000, 0.7994427634035002900 ) ) ;
#7395 = DIRECTION ( 'NONE',  ( -0.4647231720437573500, 0.0000000000000000000, 0.8854560256532157900 ) ) ;
#7396 = VERTEX_POINT ( 'NONE', #3882 ) ;
#7397 = AXIS2_PLACEMENT_3D ( 'NONE', #7809, #7921, #1394 ) ;
#7398 = EDGE_CURVE ( 'NONE', #7424, #5427, #3954, .T. ) ;
#7399 = CARTESIAN_POINT ( 'NONE',  ( -0.4183437994737904700, 0.0000000000000000000, 0.7970875142930249300 ) ) ;
#7400 = ADVANCED_FACE ( 'NONE', ( #6751 ), #10190, .T. ) ;
#7401 = CYLINDRICAL_SURFACE ( 'NONE', #909, 0.03906250000000002800 ) ;
#7402 = DIRECTION ( 'NONE',  ( 1.000000000000000000, 0.0000000000000000000, 0.0000000000000000000 ) ) ;
#7403 = CIRCLE ( 'NONE', #50, 0.03906249999999997900 ) ;
#7404 = CARTESIAN_POINT ( 'NONE',  ( 0.8994699361540469100, 0.0000000000000000000, -0.03624739928649869200 ) ) ;
#7405 = CARTESIAN_POINT ( 'NONE',  ( 0.6671278544335704800, 0.0000000000000000000, 0.1932359395631703900 ) ) ;
#7406 = AXIS2_PLACEMENT_3D ( 'NONE', #2869, #5200, #6954 ) ;
#7407 = CARTESIAN_POINT ( 'NONE',  ( 0.0000000000000000000, -0.03906250000000000700, 1.224154358366980800E-018 ) ) ;
#7408 = ORIENTED_EDGE ( 'NONE', *, *, #5103, .T. ) ;
#7409 = DIRECTION ( 'NONE',  ( 0.5344658261277964700, 0.0000000000000000000, -0.8451900855437978200 ) ) ;
#7410 = DIRECTION ( 'NONE',  ( -0.9797906520422696700, 0.0000000000000000000, -0.2000256937760349900 ) ) ;
#7411 = CYLINDRICAL_SURFACE ( 'NONE', #9976, 0.03906249999999997900 ) ;
#7412 = VERTEX_POINT ( 'NONE', #810 ) ;
#7413 = AXIS2_PLACEMENT_3D ( 'NONE', #9611, #9509, #637 ) ;
#7414 = EDGE_CURVE ( 'NONE', #6213, #4408, #2569, .T. ) ;
#7415 = CIRCLE ( 'NONE', #3817, 0.03906249999999996500 ) ;
#7416 = DIRECTION ( 'NONE',  ( -0.8451900855437972600, 0.0000000000000000000, -0.5344658261277972500 ) ) ;
#7417 = ADVANCED_FACE ( 'NONE', ( #10452 ), #5864, .T. ) ;
#7418 = ORIENTED_EDGE ( 'NONE', *, *, #1290, .T. ) ;
#7419 = VERTEX_POINT ( 'NONE', #1531 ) ;
#7421 = DIRECTION ( 'NONE',  ( -0.0000000000000000000, -1.000000000000000000, -6.123233995736766000E-017 ) ) ;
#7420 = CARTESIAN_POINT ( 'NONE',  ( -0.07243600515880298200, 0.0000000000000000000, -0.8972809287824155000 ) ) ;
#7422 = FACE_OUTER_BOUND ( 'NONE', #6051, .T. ) ;
#7423 = DIRECTION ( 'NONE',  ( 0.5680647467311652500, 0.0000000000000000000, 0.8229838658936499100 ) ) ;
#7424 = VERTEX_POINT ( 'NONE', #4714 ) ;
#7425 = VECTOR ( 'NONE', #2831, 39.37007874015748100 ) ;
#7426 = AXIS2_PLACEMENT_3D ( 'NONE', #3366, #6592, #947 ) ;
#7427 = EDGE_CURVE ( 'NONE', #8592, #767, #452, .T. ) ;
#7428 = EDGE_LOOP ( 'NONE', ( #8104, #2260, #1835, #7823 ) ) ;
#7429 = DIRECTION ( 'NONE',  ( -0.9709418174260502400, 0.0000000000000000000, 0.2393156642875649600 ) ) ;
#7430 = ORIENTED_EDGE ( 'NONE', *, *, #2826, .T. ) ;
#7431 = ORIENTED_EDGE ( 'NONE', *, *, #827, .F. ) ;
#7432 = CIRCLE ( 'NONE', #6834, 0.03906250000000003500 ) ;
#7433 = CARTESIAN_POINT ( 'NONE',  ( -0.6355637779570586500, 4.783776559169353300E-018, -0.2828148962752863300 ) ) ;
#7434 = CARTESIAN_POINT ( 'NONE',  ( -0.7991273184867556700, 0.0000000000000000000, -0.4162708826646630600 ) ) ;
#7436 = ORIENTED_EDGE ( 'NONE', *, *, #5375, .T. ) ;
#7435 = EDGE_CURVE ( 'NONE', #9905, #7412, #9425, .T. ) ;
#7437 = LINE ( 'NONE', #9573, #8835 ) ;
#7438 = ORIENTED_EDGE ( 'NONE', *, *, #872, .T. ) ;
#7439 = ORIENTED_EDGE ( 'NONE', *, *, #122, .F. ) ;
#7440 = DIRECTION ( 'NONE',  ( -0.9709418174260502400, 0.0000000000000000000, 0.2393156642875649600 ) ) ;
#7441 = CARTESIAN_POINT ( 'NONE',  ( 0.5095599533215804400, 4.783776559169353300E-018, 0.7431248703126270800 ) ) ;
#7442 = ORIENTED_EDGE ( 'NONE', *, *, #8535, .F. ) ;
#7443 = AXIS2_PLACEMENT_3D ( 'NONE', #2314, #6337, #8053 ) ;
#7444 = DIRECTION ( 'NONE',  ( -0.3546048870425393400, 0.0000000000000000000, -0.9350162426854132800 ) ) ;
#7445 = ADVANCED_FACE ( 'NONE', ( #9037 ), #2203, .F. ) ;
#7446 = EDGE_CURVE ( 'NONE', #6848, #7447, #9153, .T. ) ;
#7447 = VERTEX_POINT ( 'NONE', #5601 ) ;
#7448 = CYLINDRICAL_SURFACE ( 'NONE', #94, 0.03906250000000000700 ) ;
#7449 = CARTESIAN_POINT ( 'NONE',  ( -0.6671278544335677000, 0.01953124999999988900, 0.1932359395631795800 ) ) ;
#7450 = EDGE_LOOP ( 'NONE', ( #6661, #896, #2367, #2370 ) ) ;
#7451 = DIRECTION ( 'NONE',  ( -0.3546048870425387300, 0.0000000000000000000, -0.9350162426854137200 ) ) ;
#7452 = DIRECTION ( 'NONE',  ( -0.04026594010940537400, 0.0000000000000000000, 0.9991889981715699200 ) ) ;
#7453 = ORIENTED_EDGE ( 'NONE', *, *, #4528, .T. ) ;
#7454 = ORIENTED_EDGE ( 'NONE', *, *, #10355, .F. ) ;
#7455 = CARTESIAN_POINT ( 'NONE',  ( 0.8536975919968525800, -0.01953125000000015600, -0.2875845451314502100 ) ) ;
#7456 = ORIENTED_EDGE ( 'NONE', *, *, #853, .F. ) ;
#7457 = ADVANCED_FACE ( 'NONE', ( #8795 ), #4777, .T. ) ;
#7458 = FACE_OUTER_BOUND ( 'NONE', #6189, .T. ) ;
#7460 = CARTESIAN_POINT ( 'NONE',  ( 0.7795960684867498900, 0.0000000000000000000, -0.4501000000000037700 ) ) ;
#7459 = CARTESIAN_POINT ( 'NONE',  ( -0.1829588859124378900, 4.783776559169353300E-018, 0.8822765807681454100 ) ) ;
#7461 = ORIENTED_EDGE ( 'NONE', *, *, #2692, .T. ) ;
#7462 = ORIENTED_EDGE ( 'NONE', *, *, #9412, .T. ) ;
#7463 = EDGE_LOOP ( 'NONE', ( #5232, #2303, #986, #10369 ) ) ;
#7464 = AXIS2_PLACEMENT_3D ( 'NONE', #4319, #9181, #1893 ) ;
#7465 = EDGE_CURVE ( 'NONE', #2394, #7048, #4597, .T. ) ;
#7466 = LENGTH_MEASURE_WITH_UNIT ( LENGTH_MEASURE( 0.02539999999999999900 ), #6108 );
#7467 = CARTESIAN_POINT ( 'NONE',  ( 0.1775045462484487700, 0.0000000000000000000, -0.8833900921831660000 ) ) ;
#7468 = EDGE_LOOP ( 'NONE', ( #7217, #2785, #6833, #10026 ) ) ;
#7469 = FACE_BOUND ( 'NONE', #8844, .T. ) ;
#7470 = EDGE_LOOP ( 'NONE', ( #1585, #1714, #1364, #3363 ) ) ;
#7471 = ORIENTED_EDGE ( 'NONE', *, *, #6991, .F. ) ;
#7472 = CARTESIAN_POINT ( 'NONE',  ( 0.8820075449684489100, 0.0000000000000000000, -0.1800631295371986900 ) ) ;
#7473 = ADVANCED_FACE ( 'NONE', ( #4326 ), #4868, .F. ) ;
#7474 = CIRCLE ( 'NONE', #4526, 0.03906250000000003500 ) ;
#7475 = CARTESIAN_POINT ( 'NONE',  ( 0.3426212049625427800, -0.01953125000000015600, -0.6051072810582460700 ) ) ;
#7476 = EDGE_LOOP ( 'NONE', ( #2236, #1831, #3457, #3772 ) ) ;
#7477 = LINE ( 'NONE', #2558, #3784 ) ;
#7478 = DIRECTION ( 'NONE',  ( 0.5344658261277964700, 0.0000000000000000000, -0.8451900855437978200 ) ) ;
#7479 = VERTEX_POINT ( 'NONE', #8792 ) ;
#7480 = PLANE ( 'NONE',  #7303 ) ;
#7481 = DIRECTION ( 'NONE',  ( -0.9350162426854133900, 0.0000000000000000000, 0.3546048870425394000 ) ) ;
#7482 = EDGE_CURVE ( 'NONE', #6872, #9994, #53, .T. ) ;
#7483 = ORIENTED_EDGE ( 'NONE', *, *, #5870, .T. ) ;
#7484 = CARTESIAN_POINT ( 'NONE',  ( 0.6671278544335704800, 0.0000000000000000000, 0.1932359395631703900 ) ) ;
#7485 = DIRECTION ( 'NONE',  ( 0.8229838658936574600, 0.0000000000000000000, 0.5680647467311541500 ) ) ;
#7486 = DIRECTION ( 'NONE',  ( 0.5344658261277963600, 0.0000000000000000000, -0.8451900855437977100 ) ) ;
#7487 = ORIENTED_EDGE ( 'NONE', *, *, #3101, .T. ) ;
#7488 = AXIS2_PLACEMENT_3D ( 'NONE', #8612, #448, #7007 ) ;
#7489 = CYLINDRICAL_SURFACE ( 'NONE', #5541, 0.03906250000000000700 ) ;
#7490 = ORIENTED_EDGE ( 'NONE', *, *, #4076, .T. ) ;
#7491 = CARTESIAN_POINT ( 'NONE',  ( 0.8417016216654091800, 0.0000000000000000000, -0.3192153193156940200 ) ) ;
#7492 = CIRCLE ( 'NONE', #1146, 0.6260000000000001100 ) ;
#7493 = ORIENTED_EDGE ( 'NONE', *, *, #872, .F. ) ;
#7494 = CARTESIAN_POINT ( 'NONE',  ( -0.3171526786115407800, -0.01953125000000015600, 0.8431599063221713000 ) ) ;
#7495 = EDGE_CURVE ( 'NONE', #9869, #5339, #6893, .T. ) ;
#7497 = DIRECTION ( 'NONE',  ( 0.9797906520422667900, 0.0000000000000000000, -0.2000256937760482600 ) ) ;
#7496 = DIRECTION ( 'NONE',  ( 0.8660254037844363800, 0.0000000000000000000, -0.5000000000000041100 ) ) ;
#7498 = AXIS2_PLACEMENT_3D ( 'NONE', #6121, #9239, #5191 ) ;
#7500 = ORIENTED_EDGE ( 'NONE', *, *, #2594, .F. ) ;
#7499 = CARTESIAN_POINT ( 'NONE',  ( -0.8132860812362620000, 0.0000000000000000000, 0.3859090437750384800 ) ) ;
#7501 = ADVANCED_FACE ( 'NONE', ( #3697 ), #183, .F. ) ;
#7502 = ORIENTED_EDGE ( 'NONE', *, *, #7794, .T. ) ;
#7503 = ORIENTED_EDGE ( 'NONE', *, *, #9443, .T. ) ;
#7504 = FACE_OUTER_BOUND ( 'NONE', #7153, .T. ) ;
#7505 = DIRECTION ( 'NONE',  ( 0.5344658261277963600, 0.0000000000000000000, -0.8451900855437978200 ) ) ;
#7506 = DIRECTION ( 'NONE',  ( 0.9991889981715694800, 0.0000000000000000000, -0.04026594010941866900 ) ) ;
#7507 = CARTESIAN_POINT ( 'NONE',  ( 0.5141413743967970800, 4.783776559169354800E-018, -0.7399625436734099700 ) ) ;
#7508 = CARTESIAN_POINT ( 'NONE',  ( 0.8646584040905621600, 0.0000000000000000000, 0.2504513610175883000 ) ) ;
#7509 = AXIS2_PLACEMENT_3D ( 'NONE', #1674, #4063, #6415 ) ;
#7510 = DIRECTION ( 'NONE',  ( 0.4647231720437573500, -0.0000000000000000000, -0.8854560256532157900 ) ) ;
#7511 = EDGE_CURVE ( 'NONE', #2394, #8592, #4731, .T. ) ;
#7512 = FACE_OUTER_BOUND ( 'NONE', #9224, .T. ) ;
#7513 = ADVANCED_FACE ( 'NONE', ( #6623 ), #7271, .F. ) ;
#7514 = LINE ( 'NONE', #2481, #3195 ) ;
#7515 = CARTESIAN_POINT ( 'NONE',  ( 0.6953488798926427100, 0.01953124999999988900, 0.005834973156319848800 ) ) ;
#7516 = CARTESIAN_POINT ( 'NONE',  ( 0.1444022350281561100, 0.0000000000000000000, 0.8885426464266492600 ) ) ;
#7517 = CARTESIAN_POINT ( 'NONE',  ( -0.1114136551197485600, 0.0000000000000000000, 0.6855557599151640400 ) ) ;
#7518 = CARTESIAN_POINT ( 'NONE',  ( -0.8936365284630674000, 0.0000000000000000000, 0.1085071195658515200 ) ) ;
#7519 = VECTOR ( 'NONE', #7160, 39.37007874015748100 ) ;
#7520 = CARTESIAN_POINT ( 'NONE',  ( -0.8936365284630674000, 0.0000000000000000000, 0.1085071195658515200 ) ) ;
#7521 = DIRECTION ( 'NONE',  ( -0.7485107481711047500, 0.0000000000000000000, -0.6631226582407909700 ) ) ;
#7523 = DIRECTION ( 'NONE',  ( -0.9927088740980543100, -0.0000000000000000000, -0.1205366802553199100 ) ) ;
#7522 = FACE_OUTER_BOUND ( 'NONE', #6432, .T. ) ;
#7524 = CARTESIAN_POINT ( 'NONE',  ( -0.7408500760774637800, 0.0000000000000000000, 0.5113718850073948300 ) ) ;
#7525 = CYLINDRICAL_SURFACE ( 'NONE', #548, 0.03906249999999998600 ) ;
#7526 = ADVANCED_FACE ( 'NONE', ( #2330 ), #6375, .F. ) ;
#7527 = ORIENTED_EDGE ( 'NONE', *, *, #6680, .T. ) ;
#7528 = DIRECTION ( 'NONE',  ( 0.4647231720437694500, 0.0000000000000000000, 0.8854560256532094700 ) ) ;
#7529 = EDGE_CURVE ( 'NONE', #7300, #8412, #6243, .T. ) ;
#7530 = VECTOR ( 'NONE', #4238, 39.37007874015748100 ) ;
#7532 = DIRECTION ( 'NONE',  ( -0.8660254037844363800, -0.0000000000000000000, 0.5000000000000041100 ) ) ;
#7531 = DIRECTION ( 'NONE',  ( -0.8229838658936499100, 0.0000000000000000000, 0.5680647467311649200 ) ) ;
#7533 = CIRCLE ( 'NONE', #5717, 0.03906250000000008300 ) ;
#7534 = LINE ( 'NONE', #10197, #4094 ) ;
#7535 = DIRECTION ( 'NONE',  ( -0.3166679938014603800, 0.0000000000000000000, 0.9485364419471495900 ) ) ;
#7536 = ORIENTED_EDGE ( 'NONE', *, *, #2296, .T. ) ;
#7537 = CARTESIAN_POINT ( 'NONE',  ( 0.9008320973666257300, 0.01953124999999987900, -0.002445717427182118700 ) ) ;
#7538 = CARTESIAN_POINT ( 'NONE',  ( -0.6805135973759587300, 0.0000000000000000000, -0.1389278456121451600 ) ) ;
#7539 = VECTOR ( 'NONE', #6238, 39.37007874015748100 ) ;
#7540 = VERTEX_POINT ( 'NONE', #6611 ) ;
#7541 = FACE_OUTER_BOUND ( 'NONE', #7177, .T. ) ;
#7542 = CARTESIAN_POINT ( 'NONE',  ( -0.2850645280200746500, 0.0000000000000000000, 0.8538725050408242400 ) ) ;
#7543 = AXIS2_PLACEMENT_3D ( 'NONE', #6321, #8838, #9483 ) ;
#7544 = EDGE_CURVE ( 'NONE', #6288, #1842, #2080, .T. ) ;
#7545 = DIRECTION ( 'NONE',  ( -0.7485107481710965300, 0.0000000000000000000, 0.6631226582408003000 ) ) ;
#7546 = ORIENTED_EDGE ( 'NONE', *, *, #10393, .F. ) ;
#7547 = PLANE ( 'NONE',  #6085 ) ;
#7548 = DIRECTION ( 'NONE',  ( -0.6927243535095981600, 0.0000000000000000000, 0.7212024473438157800 ) ) ;
#7549 = AXIS2_PLACEMENT_3D ( 'NONE', #8363, #2606, #7545 ) ;
#7550 = ORIENTED_EDGE ( 'NONE', *, *, #7146, .T. ) ;
#7551 = DIRECTION ( 'NONE',  ( 0.3546048870425393400, 0.0000000000000000000, 0.9350162426854132800 ) ) ;
#7552 = LINE ( 'NONE', #2420, #8439 ) ;
#7553 = ORIENTED_EDGE ( 'NONE', *, *, #23, .T. ) ;
#7554 = CARTESIAN_POINT ( 'NONE',  ( -0.5243454132385581000, 0.01953124999999988900, 0.4567340575163775800 ) ) ;
#7555 = DIRECTION ( 'NONE',  ( 0.4286925614030635000, 0.0000000000000000000, 0.9034504346103779900 ) ) ;
#7556 = ORIENTED_EDGE ( 'NONE', *, *, #816, .F. ) ;
#7557 = ORIENTED_EDGE ( 'NONE', *, *, #6374, .F. ) ;
#7558 = DIRECTION ( 'NONE',  ( -0.1604112808577474700, 0.0000000000000000000, 0.9870502626379149500 ) ) ;
#7559 = AXIS2_PLACEMENT_3D ( 'NONE', #4401, #1237, #2748 ) ;
#7560 = EDGE_CURVE ( 'NONE', #9718, #7808, #7009, .T. ) ;
#7561 = FACE_OUTER_BOUND ( 'NONE', #7751, .T. ) ;
#7562 = PLANE ( 'NONE',  #8127 ) ;
#7563 = VERTEX_POINT ( 'NONE', #5734 ) ;
#7564 = FACE_OUTER_BOUND ( 'NONE', #5003, .T. ) ;
#7565 = EDGE_LOOP ( 'NONE', ( #516, #5904, #3374, #9601 ) ) ;
#7566 = ADVANCED_FACE ( 'NONE', ( #8545 ), #1560, .T. ) ;
#7567 = CARTESIAN_POINT ( 'NONE',  ( -0.3860173066810319000, 0.0000000000000000000, 0.5787194660187028300 ) ) ;
#7568 = ORIENTED_EDGE ( 'NONE', *, *, #463, .F. ) ;
#7569 = DIRECTION ( 'NONE',  ( 0.3919666098600698100, 0.0000000000000000000, -0.9199794436588264500 ) ) ;
#7570 = EDGE_LOOP ( 'NONE', ( #9900, #5271, #2637, #1392 ) ) ;
#7571 = CARTESIAN_POINT ( 'NONE',  ( 0.7408500760774706700, 0.0000000000000000000, 0.5113718850073850600 ) ) ;
#7572 = VECTOR ( 'NONE', #5081, 39.37007874015748900 ) ;
#7573 = AXIS2_PLACEMENT_3D ( 'NONE', #9120, #6675, #9802 ) ;
#7574 = ORIENTED_EDGE ( 'NONE', *, *, #5545, .F. ) ;
#7575 = LINE ( 'NONE', #4068, #2620 ) ;
#7576 = EDGE_CURVE ( 'NONE', #355, #978, #10442, .T. ) ;
#7577 = ORIENTED_EDGE ( 'NONE', *, *, #129, .F. ) ;
#7578 = CARTESIAN_POINT ( 'NONE',  ( -0.1990627992984123100, 0.01953124999999997600, -0.6662718016058969400 ) ) ;
#7579 = CARTESIAN_POINT ( 'NONE',  ( -0.8752408523036210300, -0.01953125000000015600, -0.2132085824691837000 ) ) ;
#7580 = AXIS2_PLACEMENT_3D ( 'NONE', #8309, #250, #3368 ) ;
#7581 = ORIENTED_EDGE ( 'NONE', *, *, #7248, .T. ) ;
#7582 = VERTEX_POINT ( 'NONE', #119 ) ;
#7583 = DESIGN_CONTEXT ( 'detailed design', #2046, 'design' ) ;
#7584 = PLANE ( 'NONE',  #6617 ) ;
#7585 = ADVANCED_FACE ( 'NONE', ( #9925 ), #4975, .F. ) ;
#7586 = EDGE_CURVE ( 'NONE', #6716, #1545, #1063, .T. ) ;
#7587 = DIRECTION ( 'NONE',  ( 0.7212024473438157800, 0.0000000000000000000, 0.6927243535095981600 ) ) ;
#7588 = ORIENTED_EDGE ( 'NONE', *, *, #8052, .T. ) ;
#7589 = VECTOR ( 'NONE', #6784, 39.37007874015748100 ) ;
#7590 = VERTEX_POINT ( 'NONE', #2603 ) ;
#7591 = DIRECTION ( 'NONE',  ( -0.7485107481711046300, 0.0000000000000000000, -0.6631226582407912000 ) ) ;
#7592 = ORIENTED_EDGE ( 'NONE', *, *, #4674, .T. ) ;
#7593 = CARTESIAN_POINT ( 'NONE',  ( 0.6492264430989030900, 0.0000000000000000000, 0.6235904630293402900 ) ) ;
#7594 = CARTESIAN_POINT ( 'NONE',  ( -0.2722404088783202900, 0.0000000000000000000, -0.6389717225932345400 ) ) ;
#7595 = EDGE_LOOP ( 'NONE', ( #4077, #5460, #2152, #5310, #3378 ) ) ;
#7596 = CARTESIAN_POINT ( 'NONE',  ( -0.6222644748750049100, 0.01953124999999987900, -0.6513765212902766800 ) ) ;
#7597 = EDGE_CURVE ( 'NONE', #9456, #8454, #6120, .T. ) ;
#7598 = DIRECTION ( 'NONE',  ( -0.5680647467311541500, 0.0000000000000000000, 0.8229838658936574600 ) ) ;
#7599 = DIRECTION ( 'NONE',  ( 0.9485364419471493700, 0.0000000000000000000, 0.3166679938014612100 ) ) ;
#7600 = ORIENTED_EDGE ( 'NONE', *, *, #975, .T. ) ;
#7601 = CARTESIAN_POINT ( 'NONE',  ( -0.7186944554564618200, -0.01953125000000015600, -0.5431231249687564800 ) ) ;
#7602 = CARTESIAN_POINT ( 'NONE',  ( 0.6941944125772773200, 0.0000000000000000000, 0.04494106087687722900 ) ) ;
#7603 = VECTOR ( 'NONE', #2638, 39.37007874015748900 ) ;
#7604 = ORIENTED_EDGE ( 'NONE', *, *, #1098, .F. ) ;
#7605 = ORIENTED_EDGE ( 'NONE', *, *, #8817, .F. ) ;
#7606 = DIRECTION ( 'NONE',  ( 0.08046656871671943600, 0.0000000000000000000, -0.9967573081342104800 ) ) ;
#7607 = CARTESIAN_POINT ( 'NONE',  ( -0.6847774844323290000, 0.0000000000000000000, 0.1224964416657973600 ) ) ;
#7608 = CARTESIAN_POINT ( 'NONE',  ( 0.2199417550948133100, 0.0000000000000000000, 0.6588059857543902000 ) ) ;
#7609 = VECTOR ( 'NONE', #1059, 39.37007874015748100 ) ;
#7611 = CARTESIAN_POINT ( 'NONE',  ( 0.8936365284630687400, 0.0000000000000000000, 0.1085071195658390300 ) ) ;
#7610 = CARTESIAN_POINT ( 'NONE',  ( 0.5009111598026474400, -0.01953125000000015600, 0.4811316997300915700 ) ) ;
#7612 = AXIS2_PLACEMENT_3D ( 'NONE', #9284, #4314, #5129 ) ;
#7613 = EDGE_LOOP ( 'NONE', ( #3579, #2745, #9317, #3551 ) ) ;
#7614 = LINE ( 'NONE', #2659, #4560 ) ;
#7615 = VERTEX_POINT ( 'NONE', #1034 ) ;
#7616 = ORIENTED_EDGE ( 'NONE', *, *, #692, .T. ) ;
#7617 = AXIS2_PLACEMENT_3D ( 'NONE', #1559, #8058, #5524 ) ;
#7618 = EDGE_CURVE ( 'NONE', #6442, #3217, #2216, .T. ) ;
#7619 = PLANE ( 'NONE',  #8764 ) ;
#7620 = ORIENTED_EDGE ( 'NONE', *, *, #9072, .T. ) ;
#7621 = DIRECTION ( 'NONE',  ( 0.6927243535095981600, 0.0000000000000000000, -0.7212024473438157800 ) ) ;
#7622 = LINE ( 'NONE', #3224, #2175 ) ;
#7623 = CARTESIAN_POINT ( 'NONE',  ( -0.8132860812362620000, 0.0000000000000000000, 0.3859090437750384800 ) ) ;
#7624 = ORIENTED_EDGE ( 'NONE', *, *, #9738, .F. ) ;
#7625 = AXIS2_PLACEMENT_3D ( 'NONE', #10206, #8646, #8715 ) ;
#7626 = CYLINDRICAL_SURFACE ( 'NONE', #1672, 0.03906249999999997900 ) ;
#7627 = CARTESIAN_POINT ( 'NONE',  ( 0.8646584040905621600, 0.0000000000000000000, 0.2504513610175883000 ) ) ;
#7628 = VERTEX_POINT ( 'NONE', #2646 ) ;
#7629 = ADVANCED_FACE ( 'NONE', ( #945 ), #5047, .T. ) ;
#7630 = CARTESIAN_POINT ( 'NONE',  ( -0.5969430169483694900, 0.0000000000000000000, -0.6738093755036204100 ) ) ;
#7631 = CARTESIAN_POINT ( 'NONE',  ( 0.1282892798877138000, 0.0000000000000000000, -0.6837159074294981700 ) ) ;
#7632 = VERTEX_POINT ( 'NONE', #9987 ) ;
#7633 = PLANE ( 'NONE',  #2247 ) ;
#7634 = AXIS2_PLACEMENT_3D ( 'NONE', #3441, #1887, #5853 ) ;
#7635 = EDGE_CURVE ( 'NONE', #10172, #4562, #2964, .T. ) ;
#7636 = CIRCLE ( 'NONE', #8558, 0.03906249999999999300 ) ;
#7637 = ORIENTED_EDGE ( 'NONE', *, *, #7940, .F. ) ;
#7638 = FACE_OUTER_BOUND ( 'NONE', #4900, .T. ) ;
#7639 = CARTESIAN_POINT ( 'NONE',  ( 0.6184125028661456900, 0.01953124999999988900, -0.3179781250000030000 ) ) ;
#7640 = DIRECTION ( 'NONE',  ( -0.7485107481711047500, 0.0000000000000000000, -0.6631226582407909700 ) ) ;
#7641 = DIRECTION ( 'NONE',  ( -0.4286925614030519500, 0.0000000000000000000, 0.9034504346103832100 ) ) ;
#7642 = ADVANCED_FACE ( 'NONE', ( #6130 ), #8421, .F. ) ;
#7643 = EDGE_LOOP ( 'NONE', ( #4712, #6974, #458, #4582, #4404 ) ) ;
#7644 = CIRCLE ( 'NONE', #3952, 0.03906250000000003500 ) ;
#7645 = CYLINDRICAL_SURFACE ( 'NONE', #8865, 0.03906250000000000700 ) ;
#7646 = EDGE_CURVE ( 'NONE', #5296, #978, #3830, .T. ) ;
#7647 = DIRECTION ( 'NONE',  ( -0.9605181116313692400, 0.0000000000000000000, 0.2782174639164631800 ) ) ;
#7648 = AXIS2_PLACEMENT_3D ( 'NONE', #4787, #5708, #1565 ) ;
#7649 = CARTESIAN_POINT ( 'NONE',  ( 0.5937934732256258100, 0.0000000000000000000, 0.3624015625806522000 ) ) ;
#7650 = DIRECTION ( 'NONE',  ( 0.9605181116313692400, 0.0000000000000000000, -0.2782174639164631800 ) ) ;
#7651 = EDGE_CURVE ( 'NONE', #3048, #7628, #9292, .T. ) ;
#7652 = DIRECTION ( 'NONE',  ( 0.9034504346103833200, 0.0000000000000000000, 0.4286925614030520100 ) ) ;
#7653 = DIRECTION ( 'NONE',  ( 0.7212024473438157800, 0.0000000000000000000, 0.6927243535095981600 ) ) ;
#7654 = LINE ( 'NONE', #8303, #3319 ) ;
#7655 = LINE ( 'NONE', #5320, #823 ) ;
#7656 = CARTESIAN_POINT ( 'NONE',  ( 0.4183437994738012900, 0.01953124999999987900, 0.7970875142930192700 ) ) ;
#7657 = CARTESIAN_POINT ( 'NONE',  ( -0.5407881862670197400, 0.0000000000000000000, 0.7196583756158385600 ) ) ;
#7658 = AXIS2_PLACEMENT_3D ( 'NONE', #562, #6951, #2173 ) ;
#7659 = EDGE_LOOP ( 'NONE', ( #5942, #8807, #803, #2402 ) ) ;
#7660 = CARTESIAN_POINT ( 'NONE',  ( 0.5095599533215804400, 4.783776559169353300E-018, 0.7431248703126270800 ) ) ;
#7661 = EDGE_CURVE ( 'NONE', #6790, #6872, #8297, .T. ) ;
#7662 = FACE_OUTER_BOUND ( 'NONE', #8074, .T. ) ;
#7663 = DIRECTION ( 'NONE',  ( 0.6927243535095986000, 0.0000000000000000000, -0.7212024473438151100 ) ) ;
#7664 = LINE ( 'NONE', #9420, #2704 ) ;
#7665 = CYLINDRICAL_SURFACE ( 'NONE', #9616, 0.03906250000000008300 ) ;
#7666 = DIRECTION ( 'NONE',  ( 0.8854560256532093600, 0.0000000000000000000, -0.4647231720437694500 ) ) ;
#7667 = VERTEX_POINT ( 'NONE', #1908 ) ;
#7668 = CARTESIAN_POINT ( 'NONE',  ( -0.4811261366802526700, 0.0000000000000000000, -0.7608401150065203800 ) ) ;
#7669 = CARTESIAN_POINT ( 'NONE',  ( 0.8820075449684489100, 0.0000000000000000000, -0.1800631295371986900 ) ) ;
#7670 = CYLINDRICAL_SURFACE ( 'NONE', #7549, 0.03906250000000004900 ) ;
#7671 = VECTOR ( 'NONE', #2969, 39.37007874015748900 ) ;
#7672 = CARTESIAN_POINT ( 'NONE',  ( 0.07243600515879085300, 0.0000000000000000000, -0.8972809287824163900 ) ) ;
#7673 = ORIENTED_EDGE ( 'NONE', *, *, #7427, .F. ) ;
#7674 = ADVANCED_FACE ( 'NONE', ( #1823 ), #1074, .T. ) ;
#7675 = CARTESIAN_POINT ( 'NONE',  ( 0.2154319609916540100, 0.0000000000000000000, -0.8740418240469335400 ) ) ;
#7676 = AXIS2_PLACEMENT_3D ( 'NONE', #2921, #2952, #7752 ) ;
#7677 = EDGE_CURVE ( 'NONE', #3386, #560, #7392, .T. ) ;
#7678 = DIRECTION ( 'NONE',  ( -0.9709418174260536800, 0.0000000000000000000, -0.2393156642875510500 ) ) ;
#7679 = VECTOR ( 'NONE', #9847, 39.37007874015748100 ) ;
#7680 = PLANE ( 'NONE',  #4263 ) ;
#7681 = ORIENTED_EDGE ( 'NONE', *, *, #5649, .T. ) ;
#7682 = CARTESIAN_POINT ( 'NONE',  ( 0.6494155313571540200, 0.0000000000000000000, -0.2462908242953958400 ) ) ;
#7683 = FACE_OUTER_BOUND ( 'NONE', #8310, .T. ) ;
#7684 = CARTESIAN_POINT ( 'NONE',  ( 0.2154319609916540100, 0.0000000000000000000, -0.8740418240469335400 ) ) ;
#7685 = VERTEX_POINT ( 'NONE', #6685 ) ;
#7686 = ORIENTED_EDGE ( 'NONE', *, *, #6735, .T. ) ;
#7687 = VECTOR ( 'NONE', #2790, 39.37007874015748900 ) ;
#7688 = DIRECTION ( 'NONE',  ( -0.9199794436588264500, 0.0000000000000000000, -0.3919666098600698100 ) ) ;
#7689 = ADVANCED_FACE ( 'NONE', ( #10201 ), #5898, .T. ) ;
#7690 = CLOSED_SHELL ( 'NONE', ( #9906, #5069, #2255, #5694 ) ) ;
#7691 = AXIS2_PLACEMENT_3D ( 'NONE', #6530, #3414, #7423 ) ;
#7692 = EDGE_CURVE ( 'NONE', #1752, #2899, #9689, .T. ) ;
#7693 = CYLINDRICAL_SURFACE ( 'NONE', #7281, 0.03906250000000002100 ) ;
#7694 = ORIENTED_EDGE ( 'NONE', *, *, #9814, .F. ) ;
#7695 = DIRECTION ( 'NONE',  ( -0.4999999999999915600, 0.0000000000000000000, 0.8660254037844434800 ) ) ;
#7696 = CARTESIAN_POINT ( 'NONE',  ( -0.6759043178180570400, 0.01953124999999987900, -0.5955315292531493400 ) ) ;
#7697 = VERTEX_POINT ( 'NONE', #2757 ) ;
#7698 = ORIENTED_EDGE ( 'NONE', *, *, #2277, .F. ) ;
#7699 = AXIS2_PLACEMENT_3D ( 'NONE', #4626, #9564, #2199 ) ;
#7700 = VECTOR ( 'NONE', #9645, 39.37007874015748100 ) ;
#7701 = VERTEX_POINT ( 'NONE', #2681 ) ;
#7702 = VECTOR ( 'NONE', #566, 39.37007874015748100 ) ;
#7703 = DIRECTION ( 'NONE',  ( -0.9485364419471495900, 0.0000000000000000000, -0.3166679938014603800 ) ) ;
#7704 = ORIENTED_EDGE ( 'NONE', *, *, #10343, .T. ) ;
#7705 = EDGE_CURVE ( 'NONE', #8216, #4635, #10324, .T. ) ;
#7706 = ORIENTED_EDGE ( 'NONE', *, *, #6285, .F. ) ;
#7707 = VERTEX_POINT ( 'NONE', #9237 ) ;
#7708 = AXIS2_PLACEMENT_3D ( 'NONE', #7804, #6230, #9458 ) ;
#7709 = EDGE_CURVE ( 'NONE', #9065, #2407, #9562, .T. ) ;
#7710 = CARTESIAN_POINT ( 'NONE',  ( 0.8936365284630687400, 0.0000000000000000000, 0.1085071195658390300 ) ) ;
#7711 = CARTESIAN_POINT ( 'NONE',  ( -0.8277883721967492800, 0.01953124999999987900, 0.3553461130159494300 ) ) ;
#7712 = ORIENTED_EDGE ( 'NONE', *, *, #10000, .T. ) ;
#7713 = DIRECTION ( 'NONE',  ( -0.9034504346103775500, 0.0000000000000000000, 0.4286925614030642200 ) ) ;
#7714 = LINE ( 'NONE', #8774, #5021 ) ;
#7716 = CARTESIAN_POINT ( 'NONE',  ( -0.5407881862670197400, 0.01953124999999987900, 0.7196583756158385600 ) ) ;
#7715 = APPROVAL_ROLE ( '' ) ;
#7717 = ORIENTED_EDGE ( 'NONE', *, *, #794, .F. ) ;
#7718 = ORIENTED_EDGE ( 'NONE', *, *, #6191, .T. ) ;
#7719 = DIRECTION ( 'NONE',  ( -0.4999999999999927800, 0.0000000000000000000, 0.8660254037844427000 ) ) ;
#7720 = ORIENTED_EDGE ( 'NONE', *, *, #7635, .T. ) ;
#7721 = AXIS2_PLACEMENT_3D ( 'NONE', #9619, #647, #7894 ) ;
#7722 = EDGE_CURVE ( 'NONE', #258, #2674, #5874, .T. ) ;
#7723 = DIRECTION ( 'NONE',  ( 0.6631226582407912000, 0.0000000000000000000, -0.7485107481711046300 ) ) ;
#7724 = DIRECTION ( 'NONE',  ( 0.9034504346103833200, 0.0000000000000000000, 0.4286925614030520100 ) ) ;
#7725 = ORIENTED_EDGE ( 'NONE', *, *, #9659, .F. ) ;
#7726 = AXIS2_PLACEMENT_3D ( 'NONE', #8467, #10130, #4407 ) ;
#7727 = LINE ( 'NONE', #10448, #3773 ) ;
#7728 = EDGE_LOOP ( 'NONE', ( #6547, #9337, #8641, #9226 ) ) ;
#7729 = ORIENTED_EDGE ( 'NONE', *, *, #3417, .T. ) ;
#7730 = DIRECTION ( 'NONE',  ( 0.6927243535095986000, 0.0000000000000000000, -0.7212024473438151100 ) ) ;
#7731 = ORIENTED_EDGE ( 'NONE', *, *, #5804, .F. ) ;
#7732 = PLANE ( 'NONE',  #9589 ) ;
#7733 = ADVANCED_FACE ( 'NONE', ( #583 ), #9348, .T. ) ;
#7734 = LINE ( 'NONE', #6495, #2026 ) ;
#7735 = CARTESIAN_POINT ( 'NONE',  ( -0.4183437994737904700, 0.0000000000000000000, 0.7970875142930249300 ) ) ;
#7736 = ORIENTED_EDGE ( 'NONE', *, *, #3964, .F. ) ;
#7737 = FACE_BOUND ( 'NONE', #6702, .T. ) ;
#7738 = AXIS2_PLACEMENT_3D ( 'NONE', #8985, #5725, #6463 ) ;
#7739 = ORIENTED_EDGE ( 'NONE', *, *, #5989, .F. ) ;
#7740 = DIRECTION ( 'NONE',  ( 0.7746049618276514800, 0.0000000000000000000, -0.6324453755953809400 ) ) ;
#7741 = VERTEX_POINT ( 'NONE', #1943 ) ;
#7742 = DIRECTION ( 'NONE',  ( -0.8229838658936500200, 0.0000000000000000000, 0.5680647467311650300 ) ) ;
#7743 = CARTESIAN_POINT ( 'NONE',  ( 0.3712132395370612000, 0.01953124999999988900, -0.5870267739144450200 ) ) ;
#7744 = EDGE_CURVE ( 'NONE', #9199, #2473, #65, .T. ) ;
#7745 = DIRECTION ( 'NONE',  ( 0.2393156642875516300, 0.0000000000000000000, -0.9709418174260535700 ) ) ;
#7746 = CIRCLE ( 'NONE', #8336, 0.03906250000000004900 ) ;
#7747 = ORIENTED_EDGE ( 'NONE', *, *, #4105, .F. ) ;
#7748 = CIRCLE ( 'NONE', #512, 0.03906250000000004200 ) ;
#7749 = VERTEX_POINT ( 'NONE', #6907 ) ;
#7750 = DIRECTION ( 'NONE',  ( 0.8854560256532163500, 0.0000000000000000000, 0.4647231720437562900 ) ) ;
#7751 = EDGE_LOOP ( 'NONE', ( #4009, #1289, #2484, #8557 ) ) ;
#7752 = DIRECTION ( 'NONE',  ( 0.7994427634035086200, 0.0000000000000000000, 0.6007422642379689500 ) ) ;
#7754 = DIRECTION ( 'NONE',  ( -0.9709418174260502400, 0.0000000000000000000, 0.2393156642875649600 ) ) ;
#7753 = CARTESIAN_POINT ( 'NONE',  ( 0.3227734791430002000, 0.01953124999999988900, 0.6149934826174369200 ) ) ;
#7756 = ORIENTED_EDGE ( 'NONE', *, *, #4851, .F. ) ;
#7755 = DIRECTION ( 'NONE',  ( 0.9870502626379149500, 0.0000000000000000000, 0.1604112808577475300 ) ) ;
#7757 = LINE ( 'NONE', #3540, #10037 ) ;
#7758 = ORIENTED_EDGE ( 'NONE', *, *, #2248, .T. ) ;
#7759 = FACE_OUTER_BOUND ( 'NONE', #4439, .T. ) ;
#7760 = AXIS2_PLACEMENT_3D ( 'NONE', #460, #3641, #1122 ) ;
#7761 = EDGE_CURVE ( 'NONE', #5316, #4253, #1200, .T. ) ;
#7762 = VERTEX_POINT ( 'NONE', #413 ) ;
#7763 = DIRECTION ( 'NONE',  ( 0.4286925614030645000, 0.0000000000000000000, 0.9034504346103774400 ) ) ;
#7764 = DIRECTION ( 'NONE',  ( -0.6631226582407912000, 0.0000000000000000000, 0.7485107481711046300 ) ) ;
#7765 = DIRECTION ( 'NONE',  ( 0.9034504346103775500, 0.0000000000000000000, -0.4286925614030642200 ) ) ;
#7766 = DIRECTION ( 'NONE',  ( 0.1205366802553187500, 0.0000000000000000000, -0.9927088740980544200 ) ) ;
#7767 = ORIENTED_EDGE ( 'NONE', *, *, #4803, .F. ) ;
#7768 = AXIS2_PLACEMENT_3D ( 'NONE', #1384, #7043, #2201 ) ;
#7769 = CARTESIAN_POINT ( 'NONE',  ( 0.6355637779570548800, 0.0000000000000000000, -0.2828148962752948200 ) ) ;
#7770 = ORIENTED_EDGE ( 'NONE', *, *, #7117, .F. ) ;
#7771 = VERTEX_POINT ( 'NONE', #6943 ) ;
#7772 = LINE ( 'NONE', #4170, #812 ) ;
#7773 = DIRECTION ( 'NONE',  ( 0.08046656871671943600, 0.0000000000000000000, -0.9967573081342104800 ) ) ;
#7774 = DIRECTION ( 'NONE',  ( -0.3546048870425392900, 0.0000000000000000000, -0.9350162426854135000 ) ) ;
#7775 = CARTESIAN_POINT ( 'NONE',  ( -0.1662166946309281700, 0.0000000000000000000, -0.6743676392932636000 ) ) ;
#7776 = EDGE_CURVE ( 'NONE', #8442, #7893, #3462, .T. ) ;
#7777 = CARTESIAN_POINT ( 'NONE',  ( 0.4172455396264891900, 0.01953124999999988900, 0.5552529713219013200 ) ) ;
#7778 = CARTESIAN_POINT ( 'NONE',  ( 0.1444022350281561100, 0.01953124999999987900, 0.8885426464266492600 ) ) ;
#7779 = CIRCLE ( 'NONE', #4016, 0.03906250000000004900 ) ;
#7780 = CARTESIAN_POINT ( 'NONE',  ( 0.8278498682653100400, 0.0000000000000000000, -0.3557393912955929500 ) ) ;
#7781 = CIRCLE ( 'NONE', #2344, 0.03906249999999998600 ) ;
#7782 = AXIS2_PLACEMENT_3D ( 'NONE', #10304, #5437, #5498 ) ;
#7783 = DIRECTION ( 'NONE',  ( -0.9927088740980527500, 0.0000000000000000000, 0.1205366802553338000 ) ) ;
#7784 = ADVANCED_FACE ( 'NONE', ( #8675 ), #8468, .T. ) ;
#7785 = DIRECTION ( 'NONE',  ( 1.000000000000000000, 0.0000000000000000000, 0.0000000000000000000 ) ) ;
#7786 = CYLINDRICAL_SURFACE ( 'NONE', #2656, 0.03906249999999996500 ) ;
#7787 = EDGE_CURVE ( 'NONE', #6825, #1136, #4608, .T. ) ;
#7788 = DIRECTION ( 'NONE',  ( -0.6007422642379689500, 0.0000000000000000000, 0.7994427634035086200 ) ) ;
#7789 = VECTOR ( 'NONE', #319, 39.37007874015748100 ) ;
#7790 = AXIS2_PLACEMENT_3D ( 'NONE', #7274, #5607, #2412 ) ;
#7791 = VECTOR ( 'NONE', #9438, 39.37007874015747400 ) ;
#7792 = DIRECTION ( 'NONE',  ( 0.6007422642379800500, 0.0000000000000000000, 0.7994427634035002900 ) ) ;
#7793 = ORIENTED_EDGE ( 'NONE', *, *, #4548, .F. ) ;
#7794 = EDGE_CURVE ( 'NONE', #3114, #3557, #1572, .T. ) ;
#7795 = DIRECTION ( 'NONE',  ( -0.3166679938014603800, 0.0000000000000000000, 0.9485364419471495900 ) ) ;
#7796 = VECTOR ( 'NONE', #204, 39.37007874015748100 ) ;
#7797 = LINE ( 'NONE', #623, #4338 ) ;
#7798 = DIRECTION ( 'NONE',  ( 0.6927243535095986000, 0.0000000000000000000, -0.7212024473438151100 ) ) ;
#7799 = CIRCLE ( 'NONE', #2280, 0.03906250000000004900 ) ;
#7800 = DIRECTION ( 'NONE',  ( -0.0000000000000000000, -1.000000000000000000, -6.123233995736766000E-017 ) ) ;
#7801 = AXIS2_PLACEMENT_3D ( 'NONE', #5977, #6788, #9297 ) ;
#7802 = EDGE_CURVE ( 'NONE', #5542, #4647, #1446, .T. ) ;
#7803 = ORIENTED_EDGE ( 'NONE', *, *, #4301, .T. ) ;
#7804 = CARTESIAN_POINT ( 'NONE',  ( -0.7408500760774637800, 0.0000000000000000000, 0.5113718850073948300 ) ) ;
#7805 = LINE ( 'NONE', #4844, #960 ) ;
#7806 = ORIENTED_EDGE ( 'NONE', *, *, #10056, .F. ) ;
#7807 = FACE_OUTER_BOUND ( 'NONE', #9941, .T. ) ;
#7808 = VERTEX_POINT ( 'NONE', #2897 ) ;
#7809 = CARTESIAN_POINT ( 'NONE',  ( 0.05588805530219750200, 0.0000000000000000000, -0.6922977883646160800 ) ) ;
#7810 = ORIENTED_EDGE ( 'NONE', *, *, #1180, .F. ) ;
#7811 = DIRECTION ( 'NONE',  ( 0.8451900855437977100, 0.0000000000000000000, 0.5344658261277963600 ) ) ;
#7812 = DIRECTION ( 'NONE',  ( -0.9927088740980526400, 0.0000000000000000000, 0.1205366802553337900 ) ) ;
#7813 = FACE_OUTER_BOUND ( 'NONE', #3361, .T. ) ;
#7814 = CARTESIAN_POINT ( 'NONE',  ( 0.5969430169483602700, 0.0000000000000000000, -0.6738093755036285200 ) ) ;
#7815 = VERTEX_POINT ( 'NONE', #5366 ) ;
#7816 = CIRCLE ( 'NONE', #9737, 0.03906250000000004200 ) ;
#7817 = CARTESIAN_POINT ( 'NONE',  ( 0.7408500760774706700, 0.0000000000000000000, 0.5113718850073850600 ) ) ;
#7818 = AXIS2_PLACEMENT_3D ( 'NONE', #5209, #5101, #8491 ) ;
#7819 = EDGE_CURVE ( 'NONE', #10385, #655, #9808, .T. ) ;
#7820 = ORIENTED_EDGE ( 'NONE', *, *, #7031, .T. ) ;
#7821 = VERTEX_POINT ( 'NONE', #6151 ) ;
#7822 = EDGE_LOOP ( 'NONE', ( #2937, #5257, #3286, #8949, #3794 ) ) ;
#7823 = ORIENTED_EDGE ( 'NONE', *, *, #1555, .F. ) ;
#7824 = CARTESIAN_POINT ( 'NONE',  ( 0.1114136551197576500, -0.01953125000000015600, 0.6855557599151624900 ) ) ;
#7825 = CARTESIAN_POINT ( 'NONE',  ( 0.5407881862670297400, 0.0000000000000000000, 0.7196583756158310100 ) ) ;
#7826 = CIRCLE ( 'NONE', #3562, 0.03906249999999999300 ) ;
#7827 = ORIENTED_EDGE ( 'NONE', *, *, #7677, .F. ) ;
#7828 = LINE ( 'NONE', #9279, #2996 ) ;
#7829 = ORIENTED_EDGE ( 'NONE', *, *, #1130, .F. ) ;
#7830 = CARTESIAN_POINT ( 'NONE',  ( 0.03350017280979823700, 0.0000000000000000000, -0.9004241541229132100 ) ) ;
#7831 = ORIENTED_EDGE ( 'NONE', *, *, #6632, .F. ) ;
#7832 = EDGE_LOOP ( 'NONE', ( #8220, #3174, #6421, #4503 ) ) ;
#7833 = DIRECTION ( 'NONE',  ( 0.1205366802553189100, 0.0000000000000000000, -0.9927088740980544200 ) ) ;
#7834 = AXIS2_PLACEMENT_3D ( 'NONE', #6167, #2807, #3604 ) ;
#7835 = EDGE_CURVE ( 'NONE', #10250, #5139, #7664, .T. ) ;
#7836 = CARTESIAN_POINT ( 'NONE',  ( 0.6939867186800639000, -0.01953125000000015600, -0.02796670870299674400 ) ) ;
#7837 = VERTEX_POINT ( 'NONE', #1316 ) ;
#7838 = ADVANCED_FACE ( 'NONE', ( #3210 ), #8677, .T. ) ;
#7839 = VECTOR ( 'NONE', #5781, 39.37007874015748100 ) ;
#7840 = ORIENTED_EDGE ( 'NONE', *, *, #7511, .T. ) ;
#7841 = DIRECTION ( 'NONE',  ( 0.9927088740980543100, 0.0000000000000000000, 0.1205366802553199100 ) ) ;
#7842 = CARTESIAN_POINT ( 'NONE',  ( 0.7626815098190848900, 0.01953124999999987900, -0.4793968750000037700 ) ) ;
#7843 = VERTEX_POINT ( 'NONE', #5256 ) ;
#7844 = CARTESIAN_POINT ( 'NONE',  ( -0.7600672050486967400, -0.01953125000000016700, 0.4835310672429954900 ) ) ;
#7845 = EDGE_LOOP ( 'NONE', ( #9253, #915, #4623, #2139 ) ) ;
#7846 = CARTESIAN_POINT ( 'NONE',  ( -0.8936365284630674000, 0.0000000000000000000, 0.1085071195658515200 ) ) ;
#7847 = CARTESIAN_POINT ( 'NONE',  ( -0.9008320973666258400, 0.01953124999999986500, -0.002445717427170158700 ) ) ;
#7848 = VERTEX_POINT ( 'NONE', #4667 ) ;
#7849 = CARTESIAN_POINT ( 'NONE',  ( 0.6727000937128299100, 0.0000000000000000000, -0.1772009179575554600 ) ) ;
#7850 = MANIFOLD_SOLID_BREP ( 'CirPattern1[5]', #4651 ) ;
#7851 = VECTOR ( 'NONE', #3756, 39.37007874015748100 ) ;
#7852 = EDGE_CURVE ( 'NONE', #1752, #510, #1694, .T. ) ;
#7853 = VERTEX_POINT ( 'NONE', #5509 ) ;
#7854 = AXIS2_PLACEMENT_3D ( 'NONE', #2891, #8642, #1244 ) ;
#7855 = ORIENTED_EDGE ( 'NONE', *, *, #7099, .T. ) ;
#7856 = CARTESIAN_POINT ( 'NONE',  ( -0.07802261596910263500, -0.01953125000000015600, 0.6909823319572112600 ) ) ;
#7857 = ORIENTED_EDGE ( 'NONE', *, *, #107, .F. ) ;
#7858 = CARTESIAN_POINT ( 'NONE',  ( 0.5677043158479265800, 0.0000000000000000000, -0.6997126043411594500 ) ) ;
#7859 = DIRECTION ( 'NONE',  ( 0.9605181116313731300, 0.0000000000000000000, 0.2782174639164499700 ) ) ;
#7860 = ORIENTED_EDGE ( 'NONE', *, *, #2960, .F. ) ;
#7861 = VECTOR ( 'NONE', #8915, 39.37007874015748100 ) ;
#7862 = EDGE_LOOP ( 'NONE', ( #9633, #1868, #3653, #8723, #5520 ) ) ;
#7863 = CARTESIAN_POINT ( 'NONE',  ( -0.07243600515880298200, 0.0000000000000000000, -0.8972809287824155000 ) ) ;
#7864 = DIRECTION ( 'NONE',  ( -0.0000000000000000000, -1.000000000000000000, -6.123233995736766000E-017 ) ) ;
#7865 = ORIENTED_EDGE ( 'NONE', *, *, #7586, .T. ) ;
#7866 = AXIS2_PLACEMENT_3D ( 'NONE', #422, #9244, #5157 ) ;
#7867 = EDGE_CURVE ( 'NONE', #7103, #6195, #8054, .T. ) ;
#7868 = DIRECTION ( 'NONE',  ( -0.9967573081342106000, 0.0000000000000000000, -0.08046656871671795100 ) ) ;
#7869 = CARTESIAN_POINT ( 'NONE',  ( 0.2850645280200862500, 0.0000000000000000000, 0.8538725050408205700 ) ) ;
#7870 = ORIENTED_EDGE ( 'NONE', *, *, #10218, .F. ) ;
#7871 = PLANE ( 'NONE',  #4657 ) ;
#7872 = CYLINDRICAL_SURFACE ( 'NONE', #3586, 0.03906249999999996500 ) ;
#7873 = ORIENTED_EDGE ( 'NONE', *, *, #9162, .T. ) ;
#7874 = CARTESIAN_POINT ( 'NONE',  ( -0.7216329471062309400, -0.01953125000000015600, 0.5392127027717942300 ) ) ;
#7875 = ORIENTED_EDGE ( 'NONE', *, *, #1602, .F. ) ;
#7876 = PLANE ( 'NONE',  #6066 ) ;
#7877 = CARTESIAN_POINT ( 'NONE',  ( 0.7795960684867498900, 0.0000000000000000000, -0.4501000000000037700 ) ) ;
#7878 = ORIENTED_EDGE ( 'NONE', *, *, #4325, .T. ) ;
#7879 = ADVANCED_FACE ( 'NONE', ( #9938 ), #830, .F. ) ;
#7880 = LINE ( 'NONE', #4954, #2664 ) ;
#7881 = ORIENTED_EDGE ( 'NONE', *, *, #7560, .T. ) ;
#7882 = CYLINDRICAL_SURFACE ( 'NONE', #10025, 0.03906250000000002100 ) ;
#7883 = DIRECTION ( 'NONE',  ( -0.04026594010941867600, 0.0000000000000000000, -0.9991889981715695900 ) ) ;
#7884 = ORIENTED_EDGE ( 'NONE', *, *, #4038, .F. ) ;
#7885 = CARTESIAN_POINT ( 'NONE',  ( -0.3887850392139689000, 0.0000000000000000000, -0.8128542994840116700 ) ) ;
#7886 = CARTESIAN_POINT ( 'NONE',  ( -0.1777932741787901500, -0.01953125000000016700, 0.8831160743846039300 ) ) ;
#7887 = AXIS2_PLACEMENT_3D ( 'NONE', #5978, #2056, #4448 ) ;
#7888 = EDGE_CURVE ( 'NONE', #2895, #433, #1331, .T. ) ;
#7889 = DIRECTION ( 'NONE',  ( 0.7212024473438157800, 0.0000000000000000000, 0.6927243535095981600 ) ) ;
#7890 = ORIENTED_EDGE ( 'NONE', *, *, #4264, .F. ) ;
#7891 = CIRCLE ( 'NONE', #5079, 0.03906249999999994400 ) ;
#7892 = DIRECTION ( 'NONE',  ( 0.6927243535095986000, 0.0000000000000000000, -0.7212024473438151100 ) ) ;
#7893 = VERTEX_POINT ( 'NONE', #2165 ) ;
#7894 = DIRECTION ( 'NONE',  ( 0.1205366802553188300, 0.0000000000000000000, -0.9927088740980544200 ) ) ;
#7895 = LINE ( 'NONE', #3789, #8395 ) ;
#7896 = ADVANCED_FACE ( 'NONE', ( #5749 ), #3583, .F. ) ;
#7897 = CARTESIAN_POINT ( 'NONE',  ( -0.6972993866372594300, 0.0000000000000000000, -0.5693273271109529100 ) ) ;
#7898 = CARTESIAN_POINT ( 'NONE',  ( -0.6494155313571574600, 0.0000000000000000000, -0.2462908242953870700 ) ) ;
#7899 = DIRECTION ( 'NONE',  ( -0.8229838658936500200, 0.0000000000000000000, 0.5680647467311650300 ) ) ;
#7900 = CARTESIAN_POINT ( 'NONE',  ( 0.4811261366802424600, 0.0000000000000000000, -0.7608401150065270400 ) ) ;
#7901 = AXIS2_PLACEMENT_3D ( 'NONE', #5644, #4040, #2451 ) ;
#7902 = EDGE_CURVE ( 'NONE', #1353, #163, #7533, .T. ) ;
#7903 = DIRECTION ( 'NONE',  ( 0.4647231720437694500, 0.0000000000000000000, 0.8854560256532094700 ) ) ;
#7904 = CARTESIAN_POINT ( 'NONE',  ( 0.4183437994738012900, 0.0000000000000000000, 0.7970875142930192700 ) ) ;
#7905 = CIRCLE ( 'NONE', #6758, 0.03906250000000000000 ) ;
#7906 = FACE_OUTER_BOUND ( 'NONE', #1593, .T. ) ;
#7907 = DIRECTION ( 'NONE',  ( -0.9034504346103775500, 0.0000000000000000000, 0.4286925614030642200 ) ) ;
#7908 = CARTESIAN_POINT ( 'NONE',  ( 0.6274914993586419000, 0.0000000000000000000, 0.2977484185224898400 ) ) ;
#7909 = AXIS2_PLACEMENT_3D ( 'NONE', #4735, #8712, #3766 ) ;
#7910 = DIRECTION ( 'NONE',  ( -0.9034504346103832100, -0.0000000000000000000, -0.4286925614030519500 ) ) ;
#7911 = PLANE ( 'NONE',  #7916 ) ;
#7912 = CIRCLE ( 'NONE', #2340, 0.03906249999999998600 ) ;
#7913 = FACE_BOUND ( 'NONE', #8477, .T. ) ;
#7914 = EDGE_CURVE ( 'NONE', #1476, #5326, #5227, .T. ) ;
#7915 = DIRECTION ( 'NONE',  ( -0.6324453755953802800, 0.0000000000000000000, -0.7746049618276519300 ) ) ;
#7916 = AXIS2_PLACEMENT_3D ( 'NONE', #2205, #8755, #4711 ) ;
#7917 = EDGE_CURVE ( 'NONE', #7952, #3734, #8166, .T. ) ;
#7918 = EDGE_LOOP ( 'NONE', ( #2282, #5772, #9082, #8613 ) ) ;
#7919 = DIRECTION ( 'NONE',  ( -0.8229838658936499100, 0.0000000000000000000, 0.5680647467311649200 ) ) ;
#7920 = DIRECTION ( 'NONE',  ( -0.9991889981715700300, 0.0000000000000000000, -0.04026594010940538100 ) ) ;
#7921 = DIRECTION ( 'NONE',  ( 0.08046656871671943600, 0.0000000000000000000, -0.9967573081342106000 ) ) ;
#7923 = CARTESIAN_POINT ( 'NONE',  ( -0.4811261366802526700, 0.0000000000000000000, -0.7608401150065203800 ) ) ;
#7922 = VECTOR ( 'NONE', #7703, 39.37007874015748100 ) ;
#7924 = VECTOR ( 'NONE', #2232, 39.37007874015748100 ) ;
#7925 = CYLINDRICAL_SURFACE ( 'NONE', #6897, 0.03906250000000001400 ) ;
#7926 = PLANE ( 'NONE',  #3958 ) ;
#7928 = CARTESIAN_POINT ( 'NONE',  ( 0.6726606965348195200, -0.01953125000000016700, 0.5991928208156195300 ) ) ;
#7927 = AXIS2_PLACEMENT_3D ( 'NONE', #7817, #6996, #8556 ) ;
#7929 = CARTESIAN_POINT ( 'NONE',  ( 0.6953488798926427100, -0.01953125000000011400, 0.005834973156319882600 ) ) ;
#7930 = ORIENTED_EDGE ( 'NONE', *, *, #1460, .T. ) ;
#7931 = CARTESIAN_POINT ( 'NONE',  ( -0.03871658522708342600, 0.01953124999999986500, -0.9000030417771052200 ) ) ;
#7932 = EDGE_CURVE ( 'NONE', #2118, #7837, #7797, .T. ) ;
#7933 = DIRECTION ( 'NONE',  ( 0.9605181116313730200, 0.0000000000000000000, 0.2782174639164499100 ) ) ;
#7934 = AXIS2_PLACEMENT_3D ( 'NONE', #8259, #9025, #4157 ) ;
#7935 = CYLINDRICAL_SURFACE ( 'NONE', #1443, 0.03906250000000008300 ) ;
#7936 = CARTESIAN_POINT ( 'NONE',  ( 0.2569939598583737000, 0.0000000000000000000, 0.6464361422465201300 ) ) ;
#7937 = ADVANCED_FACE ( 'NONE', ( #2452 ), #5363, .T. ) ;
#7938 = CARTESIAN_POINT ( 'NONE',  ( -0.6210291941984850100, 0.0000000000000000000, -0.3134458826646646700 ) ) ;
#7939 = CYLINDRICAL_SURFACE ( 'NONE', #3337, 0.03906250000000002100 ) ;
#7940 = EDGE_CURVE ( 'NONE', #4884, #2885, #6765, .T. ) ;
#7941 = EDGE_LOOP ( 'NONE', ( #9725, #6531, #403, #6858 ) ) ;
#7942 = FACE_OUTER_BOUND ( 'NONE', #3755, .T. ) ;
#7943 = CARTESIAN_POINT ( 'NONE',  ( 0.4172455396264891900, 0.0000000000000000000, 0.5552529713219013200 ) ) ;
#7944 = DIRECTION ( 'NONE',  ( 0.9034504346103833200, 0.0000000000000000000, 0.4286925614030520100 ) ) ;
#7945 = CC_DESIGN_SECURITY_CLASSIFICATION ( #10447, ( #5951 ) ) ;
#7946 = VERTEX_POINT ( 'NONE', #1519 ) ;
#7947 = DIRECTION ( 'NONE',  ( 0.3166679938014732000, 0.0000000000000000000, 0.9485364419471453700 ) ) ;
#7948 = CIRCLE ( 'NONE', #9396, 0.03906250000000004900 ) ;
#7949 = ADVANCED_FACE ( 'NONE', ( #6000 ), #7121, .F. ) ;
#7950 = DIRECTION ( 'NONE',  ( -0.7746049618276598100, 0.0000000000000000000, -0.6324453755953708400 ) ) ;
#7951 = EDGE_LOOP ( 'NONE', ( #957, #862 ) ) ;
#7952 = VERTEX_POINT ( 'NONE', #6329 ) ;
#7953 = EDGE_CURVE ( 'NONE', #4895, #315, #9436, .T. ) ;
#7954 = CARTESIAN_POINT ( 'NONE',  ( -0.8820075449684513500, 0.0000000000000000000, -0.1800631295371867300 ) ) ;
#7955 = CIRCLE ( 'NONE', #14, 0.03906250000000002100 ) ;
#7956 = ORIENTED_EDGE ( 'NONE', *, *, #4411, .T. ) ;
#7957 = DIRECTION ( 'NONE',  ( -0.9870502626379148400, 0.0000000000000000000, -0.1604112808577474500 ) ) ;
#7958 = CIRCLE ( 'NONE', #3802, 0.03906250000000002100 ) ;
#7959 = DIRECTION ( 'NONE',  ( 0.2393156642875516300, 0.0000000000000000000, -0.9709418174260535700 ) ) ;
#7960 = DIRECTION ( 'NONE',  ( 0.6631226582407912000, 0.0000000000000000000, -0.7485107481711046300 ) ) ;
#7961 = EDGE_LOOP ( 'NONE', ( #8378, #8256, #10502, #344 ) ) ;
#7962 = VERTEX_POINT ( 'NONE', #6223 ) ;
#7963 = EDGE_CURVE ( 'NONE', #10019, #857, #320, .T. ) ;
#7964 = CARTESIAN_POINT ( 'NONE',  ( -0.6129892083981507400, 0.01953124999999991000, 0.3283113492815875600 ) ) ;
#7965 = LINE ( 'NONE', #8429, #7687 ) ;
#7966 = DIRECTION ( 'NONE',  ( -0.5000000000000024400, 0.0000000000000000000, -0.8660254037844371500 ) ) ;
#7967 = EDGE_LOOP ( 'NONE', ( #1248, #9350 ) ) ;
#7968 = CARTESIAN_POINT ( 'NONE',  ( -0.8132860812362620000, 0.0000000000000000000, 0.3859090437750384800 ) ) ;
#7969 = EDGE_CURVE ( 'NONE', #8262, #213, #9166, .T. ) ;
#7970 = LINE ( 'NONE', #7886, #753 ) ;
#7971 = DIRECTION ( 'NONE',  ( 0.9485364419471457000, 0.0000000000000000000, -0.3166679938014719800 ) ) ;
#7972 = ORIENTED_EDGE ( 'NONE', *, *, #7435, .F. ) ;
#7973 = EDGE_LOOP ( 'NONE', ( #5952, #8644 ) ) ;
#7974 = VERTEX_POINT ( 'NONE', #2429 ) ;
#7975 = AXIS2_PLACEMENT_3D ( 'NONE', #3016, #3777, #8586 ) ;
#7976 = ORIENTED_EDGE ( 'NONE', *, *, #1721, .F. ) ;
#7977 = CIRCLE ( 'NONE', #8713, 0.03906249999999994400 ) ;
#7978 = ORIENTED_EDGE ( 'NONE', *, *, #6882, .T. ) ;
#7979 = DIRECTION ( 'NONE',  ( -0.9967573081342106000, 0.0000000000000000000, -0.08046656871671795100 ) ) ;
#7980 = ORIENTED_EDGE ( 'NONE', *, *, #8126, .F. ) ;
#7981 = ORIENTED_EDGE ( 'NONE', *, *, #2491, .F. ) ;
#7982 = AXIS2_PLACEMENT_3D ( 'NONE', #878, #6516, #4924 ) ;
#7983 = EDGE_CURVE ( 'NONE', #9625, #3757, #3330, .T. ) ;
#7984 = CARTESIAN_POINT ( 'NONE',  ( -0.4811261366802526700, 0.0000000000000000000, -0.7608401150065203800 ) ) ;
#7985 = ORIENTED_EDGE ( 'NONE', *, *, #2741, .F. ) ;
#7986 = CIRCLE ( 'NONE', #10463, 0.03906250000000004200 ) ;
#7987 = ORIENTED_EDGE ( 'NONE', *, *, #2151, .F. ) ;
#7988 = DIRECTION ( 'NONE',  ( 0.6324453755953708400, 0.0000000000000000000, -0.7746049618276598100 ) ) ;
#7989 = ORIENTED_EDGE ( 'NONE', *, *, #8052, .F. ) ;
#7990 = CARTESIAN_POINT ( 'NONE',  ( 0.1777932741788020600, 0.01953124999999986500, 0.8831160743846014900 ) ) ;
#7991 = CARTESIAN_POINT ( 'NONE',  ( -0.1113718375077955400, 0.0000000000000000000, -0.8941377034419181200 ) ) ;
#7992 = CARTESIAN_POINT ( 'NONE',  ( 0.8552465528589947600, -0.01953125000000015600, 0.2829448409186751700 ) ) ;
#7993 = CARTESIAN_POINT ( 'NONE',  ( 0.5137437432209724900, 0.01953124999999986500, 0.7399809561610292100 ) ) ;
#7994 = VECTOR ( 'NONE', #7531, 39.37007874015748900 ) ;
#7995 = EDGE_CURVE ( 'NONE', #4925, #4237, #4854, .T. ) ;
#7996 = ORIENTED_EDGE ( 'NONE', *, *, #5283, .T. ) ;
#7997 = AXIS2_PLACEMENT_3D ( 'NONE', #6630, #3332, #8346 ) ;
#7998 = FACE_BOUND ( 'NONE', #7428, .T. ) ;
#7999 = EDGE_LOOP ( 'NONE', ( #10487, #8385, #10371, #1400 ) ) ;
#8000 = DIRECTION ( 'NONE',  ( -0.7746049618276598100, 0.0000000000000000000, -0.6324453755953708400 ) ) ;
#8001 = MANIFOLD_SOLID_BREP ( 'CirPattern1[22]', #5643 ) ;
#8002 = ORIENTED_EDGE ( 'NONE', *, *, #8085, .F. ) ;
#8003 = CARTESIAN_POINT ( 'NONE',  ( 0.6872802900407873900, -0.01953125000000010400, -0.1057823926801573900 ) ) ;
#8004 = DIRECTION ( 'NONE',  ( -1.000000000000000000, 0.0000000000000000000, 0.0000000000000000000 ) ) ;
#8005 = EDGE_CURVE ( 'NONE', #1699, #1769, #7021, .T. ) ;
#8006 = ADVANCED_FACE ( 'NONE', ( #2570 ), #8846, .T. ) ;
#8007 = CARTESIAN_POINT ( 'NONE',  ( 0.6257921896629866600, -0.01953125000000016700, 0.6479881052430611600 ) ) ;
#8008 = CARTESIAN_POINT ( 'NONE',  ( 0.7795960684867498900, 0.01953124999999987900, -0.4501000000000037700 ) ) ;
#8009 = CIRCLE ( 'NONE', #5476, 0.03906250000000005600 ) ;
#8010 = ORIENTED_EDGE ( 'NONE', *, *, #6418, .F. ) ;
#8011 = CARTESIAN_POINT ( 'NONE',  ( -0.1444022350281443100, 0.0000000000000000000, 0.8885426464266511500 ) ) ;
#8012 = CIRCLE ( 'NONE', #867, 0.03906250000000004200 ) ;
#8013 = AXIS2_PLACEMENT_3D ( 'NONE', #7954, #1557, #3052 ) ;
#8014 = ORIENTED_EDGE ( 'NONE', *, *, #7002, .T. ) ;
#8015 = EDGE_CURVE ( 'NONE', #9429, #1165, #6896, .T. ) ;
#8016 = ORIENTED_EDGE ( 'NONE', *, *, #7398, .F. ) ;
#8017 = CARTESIAN_POINT ( 'NONE',  ( -0.6727000937128323500, 4.783776559169354100E-018, -0.1772009179575463900 ) ) ;
#8018 = DIRECTION ( 'NONE',  ( -0.7212024473438066700, 0.0000000000000000000, 0.6927243535096077000 ) ) ;
#8019 = ORIENTED_EDGE ( 'NONE', *, *, #6910, .T. ) ;
#8020 = FACE_OUTER_BOUND ( 'NONE', #7450, .T. ) ;
#8021 = EDGE_LOOP ( 'NONE', ( #8434, #9604, #3429, #3617 ) ) ;
#8022 = LINE ( 'NONE', #7844, #31 ) ;
#8023 = EDGE_LOOP ( 'NONE', ( #10008, #2369 ) ) ;
#8024 = AXIS2_PLACEMENT_3D ( 'NONE', #2840, #9251, #6742 ) ;
#8025 = CARTESIAN_POINT ( 'NONE',  ( 0.4605718422811416700, 0.0000000000000000000, -0.5198781401422409900 ) ) ;
#8026 = ORIENTED_EDGE ( 'NONE', *, *, #8374, .F. ) ;
#8027 = CARTESIAN_POINT ( 'NONE',  ( -0.1775045462484606800, 4.783776559169353300E-018, -0.8833900921831636700 ) ) ;
#8028 = VERTEX_POINT ( 'NONE', #3278 ) ;
#8029 = CARTESIAN_POINT ( 'NONE',  ( 0.6494155313571540200, 0.0000000000000000000, -0.2462908242953958400 ) ) ;
#8030 = DIRECTION ( 'NONE',  ( -0.9350162426854181600, 0.0000000000000000000, -0.3546048870425268000 ) ) ;
#8031 = CYLINDRICAL_SURFACE ( 'NONE', #266, 0.03906250000000000000 ) ;
#8032 = AXIS2_PLACEMENT_3D ( 'NONE', #10187, #6242, #469 ) ;
#8033 = EDGE_CURVE ( 'NONE', #3349, #505, #307, .T. ) ;
#8034 = DIRECTION ( 'NONE',  ( -0.7485107481711047500, 0.0000000000000000000, -0.6631226582407909700 ) ) ;
#8035 = CARTESIAN_POINT ( 'NONE',  ( -0.3528483421960461600, 0.0000000000000000000, -0.8281654951816711500 ) ) ;
#8036 = DIRECTION ( 'NONE',  ( -0.5000000000000041100, 0.0000000000000000000, -0.8660254037844362700 ) ) ;
#8037 = CYLINDRICAL_SURFACE ( 'NONE', #7238, 0.03906250000000004900 ) ;
#8038 = VECTOR ( 'NONE', #3847, 39.37007874015748900 ) ;
#8039 = CARTESIAN_POINT ( 'NONE',  ( 0.0000000000000000000, -0.03906250000000000700, 1.224154358366980800E-018 ) ) ;
#8040 = AXIS2_PLACEMENT_3D ( 'NONE', #2559, #3266, #6489 ) ;
#8041 = EDGE_CURVE ( 'NONE', #138, #653, #1939, .T. ) ;
#8042 = DIRECTION ( 'NONE',  ( -0.3546048870425280700, 0.0000000000000000000, 0.9350162426854177200 ) ) ;
#8043 = CYLINDRICAL_SURFACE ( 'NONE', #7350, 0.03906250000000000000 ) ;
#8044 = VECTOR ( 'NONE', #285, 39.37007874015748100 ) ;
#8045 = DIRECTION ( 'NONE',  ( 0.6007422642379800500, 0.0000000000000000000, 0.7994427634035002900 ) ) ;
#8046 = FACE_BOUND ( 'NONE', #5653, .T. ) ;
#8047 = AXIS2_PLACEMENT_3D ( 'NONE', #7657, #6116, #4485 ) ;
#8048 = CARTESIAN_POINT ( 'NONE',  ( 0.8300318844160739000, 0.0000000000000000000, 0.3506180111730593500 ) ) ;
#8049 = ORIENTED_EDGE ( 'NONE', *, *, #1811, .T. ) ;
#8050 = ADVANCED_FACE ( 'NONE', ( #7011 ), #6122, .T. ) ;
#8051 = CIRCLE ( 'NONE', #1779, 0.03906250000000003500 ) ;
#8052 = EDGE_CURVE ( 'NONE', #8202, #3267, #2694, .T. ) ;
#8053 = DIRECTION ( 'NONE',  ( -0.04026594010940537400, 0.0000000000000000000, 0.9991889981715699200 ) ) ;
#8054 = CIRCLE ( 'NONE', #9535, 0.03906249999999998600 ) ;
#8055 = AXIS2_PLACEMENT_3D ( 'NONE', #6144, #1312, #6083 ) ;
#8056 = CIRCLE ( 'NONE', #3481, 0.03906250000000004900 ) ;
#8057 = DIRECTION ( 'NONE',  ( 0.8229838658936575700, 0.0000000000000000000, 0.5680647467311541500 ) ) ;
#8058 = DIRECTION ( 'NONE',  ( 0.3166679938014732000, 0.0000000000000000000, 0.9485364419471453700 ) ) ;
#8059 = ORIENTED_EDGE ( 'NONE', *, *, #9871, .T. ) ;
#8060 = DIRECTION ( 'NONE',  ( 0.8660254037844363800, 0.0000000000000000000, -0.5000000000000041100 ) ) ;
#8061 = LINE ( 'NONE', #8552, #4491 ) ;
#8062 = CARTESIAN_POINT ( 'NONE',  ( 0.8895588789635003900, -0.01953125000000016700, 0.1420895845475249900 ) ) ;
#8063 = ORIENTED_EDGE ( 'NONE', *, *, #1894, .F. ) ;
#8064 = LINE ( 'NONE', #3842, #210 ) ;
#8065 = DIRECTION ( 'NONE',  ( 0.3166679938014731500, 0.0000000000000000000, 0.9485364419471452600 ) ) ;
#8066 = CARTESIAN_POINT ( 'NONE',  ( 0.4352503843545059700, 0.01953124999999996200, -0.5423109943555842700 ) ) ;
#8067 = VERTEX_POINT ( 'NONE', #798 ) ;
#8068 = EDGE_CURVE ( 'NONE', #7685, #580, #8910, .T. ) ;
#8069 = EDGE_LOOP ( 'NONE', ( #7162, #7215, #8954, #2993 ) ) ;
#8070 = AXIS2_PLACEMENT_3D ( 'NONE', #6756, #3764, #519 ) ;
#8071 = DIRECTION ( 'NONE',  ( 0.9991889981715694800, 0.0000000000000000000, -0.04026594010941866900 ) ) ;
#8072 = DIRECTION ( 'NONE',  ( -0.3166679938014603800, 0.0000000000000000000, 0.9485364419471495900 ) ) ;
#8073 = CYLINDRICAL_SURFACE ( 'NONE', #7060, 0.03906250000000001400 ) ;
#8074 = EDGE_LOOP ( 'NONE', ( #8014, #3497, #2418, #5642 ) ) ;
#8075 = FACE_OUTER_BOUND ( 'NONE', #1348, .T. ) ;
#8076 = ORIENTED_EDGE ( 'NONE', *, *, #3373, .F. ) ;
#8077 = ORIENTED_EDGE ( 'NONE', *, *, #4096, .F. ) ;
#8078 = ORIENTED_EDGE ( 'NONE', *, *, #10272, .F. ) ;
#8079 = CARTESIAN_POINT ( 'NONE',  ( -0.7216329471062309400, 0.01953124999999987900, 0.5392127027717943400 ) ) ;
#8080 = VECTOR ( 'NONE', #3002, 39.37007874015748100 ) ;
#8081 = DIRECTION ( 'NONE',  ( 0.7746049618276598100, -0.0000000000000000000, 0.6324453755953708400 ) ) ;
#8082 = EDGE_LOOP ( 'NONE', ( #3598, #1509, #3381, #3132 ) ) ;
#8083 = CIRCLE ( 'NONE', #6881, 0.03906249999999997900 ) ;
#8084 = ORIENTED_EDGE ( 'NONE', *, *, #5080, .T. ) ;
#8085 = EDGE_CURVE ( 'NONE', #3018, #8864, #8288, .T. ) ;
#8086 = VERTEX_POINT ( 'NONE', #7286 ) ;
#8087 = ORIENTED_EDGE ( 'NONE', *, *, #4592, .T. ) ;
#8088 = DIRECTION ( 'NONE',  ( -0.0000000000000000000, -0.0000000000000000000, 1.000000000000000000 ) ) ;
#8089 = ORIENTED_EDGE ( 'NONE', *, *, #7902, .T. ) ;
#8090 = CARTESIAN_POINT ( 'NONE',  ( 0.5716034440564400400, -0.01953125000000015600, 0.3945493698421233000 ) ) ;
#8091 = CYLINDRICAL_SURFACE ( 'NONE', #10409, 0.03906250000000002800 ) ;
#8092 = ORIENTED_EDGE ( 'NONE', *, *, #6644, .F. ) ;
#8093 = ORIENTED_EDGE ( 'NONE', *, *, #1273, .T. ) ;
#8094 = CARTESIAN_POINT ( 'NONE',  ( -0.6725944891530651900, 4.783776559169353300E-018, -0.5995853334323458800 ) ) ;
#8095 = EDGE_LOOP ( 'NONE', ( #10105, #2132, #8770, #5938, #2622 ) ) ;
#8096 = CARTESIAN_POINT ( 'NONE',  ( 0.05588805530219750200, -0.01953125000000015600, -0.6922977883646160800 ) ) ;
#8097 = ADVANCED_FACE ( 'NONE', ( #7522 ), #1551, .F. ) ;
#8098 = AXIS2_PLACEMENT_3D ( 'NONE', #1698, #8960, #3317 ) ;
#8099 = EDGE_CURVE ( 'NONE', #2591, #4918, #9156, .T. ) ;
#8100 = ORIENTED_EDGE ( 'NONE', *, *, #8068, .T. ) ;
#8101 = CIRCLE ( 'NONE', #837, 0.03906250000000004900 ) ;
#8102 = ORIENTED_EDGE ( 'NONE', *, *, #3193, .F. ) ;
#8103 = PLANE ( 'NONE',  #2796 ) ;
#8104 = ORIENTED_EDGE ( 'NONE', *, *, #2821, .F. ) ;
#8105 = ORIENTED_EDGE ( 'NONE', *, *, #7446, .F. ) ;
#8106 = CARTESIAN_POINT ( 'NONE',  ( -0.8936365284630674000, 0.0000000000000000000, 0.1085071195658515200 ) ) ;
#8107 = CALENDAR_DATE ( 2022, 25, 5 ) ;
#8108 = ORIENTED_EDGE ( 'NONE', *, *, #10303, .F. ) ;
#8109 = CARTESIAN_POINT ( 'NONE',  ( 0.4481108989636878300, 0.0000000000000000000, -0.7817176863396442200 ) ) ;
#8110 = VECTOR ( 'NONE', #8762, 39.37007874015748100 ) ;
#8111 = CARTESIAN_POINT ( 'NONE',  ( -0.4605718422811487200, 0.0000000000000000000, -0.5198781401422347700 ) ) ;
#8112 = ORIENTED_EDGE ( 'NONE', *, *, #8984, .T. ) ;
#8113 = EDGE_CURVE ( 'NONE', #7447, #2487, #7148, .T. ) ;
#8114 = ORIENTED_EDGE ( 'NONE', *, *, #8218, .T. ) ;
#8115 = DIRECTION ( 'NONE',  ( 0.7994427634035082800, 0.0000000000000000000, 0.6007422642379695000 ) ) ;
#8116 = CIRCLE ( 'NONE', #8140, 0.03906250000000002100 ) ;
#8117 = CARTESIAN_POINT ( 'NONE',  ( 0.0000000000000000000, 0.0000000000000000000, 0.9002000000000001100 ) ) ;
#8118 = ORIENTED_EDGE ( 'NONE', *, *, #6005, .T. ) ;
#8119 = LINE ( 'NONE', #10320, #5583 ) ;
#8120 = ORIENTED_EDGE ( 'NONE', *, *, #8801, .T. ) ;
#8121 = DIRECTION ( 'NONE',  ( 0.7994427634035086200, 0.0000000000000000000, 0.6007422642379689500 ) ) ;
#8122 = ORIENTED_EDGE ( 'NONE', *, *, #2334, .T. ) ;
#8123 = DIRECTION ( 'NONE',  ( 0.8660254037844362700, 0.0000000000000000000, -0.5000000000000040000 ) ) ;
#8124 = ADVANCED_FACE ( 'NONE', ( #5094 ), #711, .F. ) ;
#8125 = DIRECTION ( 'NONE',  ( -0.8451900855437980400, 0.0000000000000000000, -0.5344658261277960300 ) ) ;
#8126 = EDGE_CURVE ( 'NONE', #6676, #9514, #454, .T. ) ;
#8127 = AXIS2_PLACEMENT_3D ( 'NONE', #1195, #3512, #394 ) ;
#8128 = DIRECTION ( 'NONE',  ( 0.1205366802553327300, 0.0000000000000000000, 0.9927088740980527500 ) ) ;
#8129 = CLOSED_SHELL ( 'NONE', ( #10381, #130, #7674, #10058 ) ) ;
#8130 = CIRCLE ( 'NONE', #4394, 0.03906249999999999300 ) ;
#8131 = DIRECTION ( 'NONE',  ( -0.9991889981715700300, 0.0000000000000000000, -0.04026594010940538100 ) ) ;
#8132 = ORIENTED_EDGE ( 'NONE', *, *, #4211, .T. ) ;
#8133 = PLANE ( 'NONE',  #4786 ) ;
#8134 = EDGE_CURVE ( 'NONE', #5413, #7419, #4971, .T. ) ;
#8135 = LINE ( 'NONE', #4535, #2311 ) ;
#8136 = DIRECTION ( 'NONE',  ( 0.0000000000000000000, 6.168689017951560600E-017, -1.000000000000000000 ) ) ;
#8137 = ORIENTED_EDGE ( 'NONE', *, *, #7228, .F. ) ;
#8138 = CARTESIAN_POINT ( 'NONE',  ( 0.6894859485048038300, 0.0000000000000000000, 0.08371875127133247800 ) ) ;
#8139 = CARTESIAN_POINT ( 'NONE',  ( 0.8752408523036182600, -0.01953125000000016700, -0.2132085824691955500 ) ) ;
#8140 = AXIS2_PLACEMENT_3D ( 'NONE', #7420, #7386, #4074 ) ;
#8141 = ORIENTED_EDGE ( 'NONE', *, *, #4478, .T. ) ;
#8142 = EDGE_CURVE ( 'NONE', #9772, #9986, #4203, .T. ) ;
#8143 = CIRCLE ( 'NONE', #4745, 0.03906249999999995100 ) ;
#8144 = EDGE_LOOP ( 'NONE', ( #9839, #92, #925, #7255 ) ) ;
#8145 = CARTESIAN_POINT ( 'NONE',  ( -0.8898210486315777400, 0.0000000000000000000, -0.1417900571917855600 ) ) ;
#8146 = VECTOR ( 'NONE', #6551, 39.37007874015748100 ) ;
#8147 = CARTESIAN_POINT ( 'NONE',  ( 0.1829588859124496000, 0.0000000000000000000, 0.8822765807681429700 ) ) ;
#8148 = CARTESIAN_POINT ( 'NONE',  ( -0.07243600515880298200, 0.0000000000000000000, -0.8972809287824155000 ) ) ;
#8149 = ADVANCED_FACE ( 'NONE', ( #3201 ), #2635, .F. ) ;
#8150 = VECTOR ( 'NONE', #8004, 39.37007874015748100 ) ;
#8151 = FACE_OUTER_BOUND ( 'NONE', #1182, .T. ) ;
#8152 = AXIS2_PLACEMENT_3D ( 'NONE', #500, #8690, #2912 ) ;
#8153 = CARTESIAN_POINT ( 'NONE',  ( -0.6726606965348119700, 0.01953124999999987900, 0.5991928208156283000 ) ) ;
#8154 = AXIS2_PLACEMENT_3D ( 'NONE', #2285, #7161, #3883 ) ;
#8155 = EDGE_CURVE ( 'NONE', #2591, #2118, #2083, .T. ) ;
#8156 = DIRECTION ( 'NONE',  ( 0.7485107481711046300, 0.0000000000000000000, 0.6631226582407912000 ) ) ;
#8157 = VECTOR ( 'NONE', #3142, 39.37007874015748900 ) ;
#8158 = FACE_BOUND ( 'NONE', #4022, .T. ) ;
#8159 = CARTESIAN_POINT ( 'NONE',  ( -0.4811261366802526700, 0.01953124999999987900, -0.7608401150065203800 ) ) ;
#8160 = DIRECTION ( 'NONE',  ( 0.8660254037844362700, 0.0000000000000000000, -0.5000000000000041100 ) ) ;
#8161 = ORIENTED_EDGE ( 'NONE', *, *, #5633, .F. ) ;
#8162 = AXIS2_PLACEMENT_3D ( 'NONE', #9454, #624, #1420 ) ;
#8163 = DIRECTION ( 'NONE',  ( 0.3166679938014732000, 0.0000000000000000000, 0.9485364419471453700 ) ) ;
#8164 = LINE ( 'NONE', #5817, #7019 ) ;
#8165 = CARTESIAN_POINT ( 'NONE',  ( 0.5716034440564400400, 0.0000000000000000000, 0.3945493698421233000 ) ) ;
#8167 = DIRECTION ( 'NONE',  ( 0.9709418174260503500, 0.0000000000000000000, -0.2393156642875647600 ) ) ;
#8166 = LINE ( 'NONE', #9596, #6252 ) ;
#8168 = ORIENTED_EDGE ( 'NONE', *, *, #9229, .T. ) ;
#8169 = FACE_OUTER_BOUND ( 'NONE', #9651, .T. ) ;
#8170 = AXIS2_PLACEMENT_3D ( 'NONE', #5565, #3322, #903 ) ;
#8171 = EDGE_CURVE ( 'NONE', #8853, #8209, #577, .T. ) ;
#8172 = CARTESIAN_POINT ( 'NONE',  ( 0.4442899826725464400, 0.01953124999999989900, 0.5349303907767030100 ) ) ;
#8173 = ADVANCED_FACE ( 'NONE', ( #6625 ), #8284, .F. ) ;
#8174 = EDGE_LOOP ( 'NONE', ( #8884, #7042, #8916, #4995 ) ) ;
#8175 = VECTOR ( 'NONE', #9988, 39.37007874015748100 ) ;
#8176 = CARTESIAN_POINT ( 'NONE',  ( 0.0000000000000000000, -0.01953125000000012500, 2.420098498159310800E-018 ) ) ;
#8177 = CIRCLE ( 'NONE', #8250, 0.03906250000000004200 ) ;
#8178 = CARTESIAN_POINT ( 'NONE',  ( -0.8820075449684513500, 0.01953124999999987900, -0.1800631295371867300 ) ) ;
#8179 = EDGE_LOOP ( 'NONE', ( #1576, #7855, #6311, #3712 ) ) ;
#8180 = EDGE_CURVE ( 'NONE', #10215, #2761, #5355, .T. ) ;
#8181 = AXIS2_PLACEMENT_3D ( 'NONE', #3818, #7889, #10221 ) ;
#8182 = FACE_OUTER_BOUND ( 'NONE', #5973, .T. ) ;
#8183 = ORIENTED_EDGE ( 'NONE', *, *, #10330, .F. ) ;
#8184 = CARTESIAN_POINT ( 'NONE',  ( -0.6726606965348117500, -0.01953125000000016700, 0.5991928208156284100 ) ) ;
#8185 = FACE_OUTER_BOUND ( 'NONE', #4233, .T. ) ;
#8186 = CARTESIAN_POINT ( 'NONE',  ( -0.6494155313571574600, -0.01953125000000015600, -0.2462908242953870700 ) ) ;
#8187 = CARTESIAN_POINT ( 'NONE',  ( 0.3573616051450787000, 0.0000000000000000000, 0.5968402337094770300 ) ) ;
#8188 = EDGE_CURVE ( 'NONE', #9970, #1902, #6754, .T. ) ;
#8189 = ORIENTED_EDGE ( 'NONE', *, *, #6812, .T. ) ;
#8190 = ORIENTED_EDGE ( 'NONE', *, *, #2108, .F. ) ;
#8191 = ORIENTED_EDGE ( 'NONE', *, *, #6298, .F. ) ;
#8192 = CARTESIAN_POINT ( 'NONE',  ( 0.2529763774286202800, -0.01953125000000015600, 0.8645851037594740600 ) ) ;
#8193 = CARTESIAN_POINT ( 'NONE',  ( -0.9008320973666258400, 0.01953124999999987900, -0.002445717427170137000 ) ) ;
#8194 = LINE ( 'NONE', #9451, #9462 ) ;
#8196 = CARTESIAN_POINT ( 'NONE',  ( -0.5137437432209622800, -0.01953125000000015600, 0.7399809561610363200 ) ) ;
#8195 = AXIS2_PLACEMENT_3D ( 'NONE', #6006, #9230, #5181 ) ;
#8197 = DIRECTION ( 'NONE',  ( 0.6007422642379800500, 0.0000000000000000000, 0.7994427634035002900 ) ) ;
#8198 = ORIENTED_EDGE ( 'NONE', *, *, #3912, .F. ) ;
#8199 = PLANE ( 'NONE',  #5011 ) ;
#8200 = FACE_OUTER_BOUND ( 'NONE', #6801, .T. ) ;
#8201 = EDGE_CURVE ( 'NONE', #6498, #9258, #4598, .T. ) ;
#8202 = VERTEX_POINT ( 'NONE', #9908 ) ;
#8203 = VERTEX_POINT ( 'NONE', #1821 ) ;
#8204 = CARTESIAN_POINT ( 'NONE',  ( -0.6184125028661496800, 0.01953124999999994800, -0.3179781249999942300 ) ) ;
#8205 = VECTOR ( 'NONE', #1144, 39.37007874015748100 ) ;
#8206 = DIRECTION ( 'NONE',  ( -0.9797906520422696700, 0.0000000000000000000, -0.2000256937760349900 ) ) ;
#8207 = ORIENTED_EDGE ( 'NONE', *, *, #2797, .T. ) ;
#8208 = LINE ( 'NONE', #8689, #5537 ) ;
#8209 = VERTEX_POINT ( 'NONE', #4933 ) ;
#8210 = ADVANCED_FACE ( 'NONE', ( #2832 ), #1060, .T. ) ;
#8211 = ORIENTED_EDGE ( 'NONE', *, *, #5347, .F. ) ;
#8213 = DIRECTION ( 'NONE',  ( -0.7212024473438065600, 0.0000000000000000000, 0.6927243535096077000 ) ) ;
#8212 = CARTESIAN_POINT ( 'NONE',  ( 0.6274914993586419000, -0.01953125000000015600, 0.2977484185224898400 ) ) ;
#8214 = ORIENTED_EDGE ( 'NONE', *, *, #6902, .F. ) ;
#8215 = DIRECTION ( 'NONE',  ( 0.08046656871671943600, 0.0000000000000000000, -0.9967573081342106000 ) ) ;
#8216 = VERTEX_POINT ( 'NONE', #954 ) ;
#8217 = AXIS2_PLACEMENT_3D ( 'NONE', #2724, #5987, #1155 ) ;
#8218 = EDGE_CURVE ( 'NONE', #1165, #1234, #2331, .T. ) ;
#8219 = VECTOR ( 'NONE', #10050, 39.37007874015748900 ) ;
#8220 = ORIENTED_EDGE ( 'NONE', *, *, #7326, .T. ) ;
#8221 = ORIENTED_EDGE ( 'NONE', *, *, #10286, .F. ) ;
#8222 = ORIENTED_EDGE ( 'NONE', *, *, #2608, .F. ) ;
#8223 = ADVANCED_FACE ( 'NONE', ( #4473 ), #4965, .F. ) ;
#8224 = CARTESIAN_POINT ( 'NONE',  ( 0.6972993866372522200, 0.0000000000000000000, -0.5693273271109621200 ) ) ;
#8225 = DATE_AND_TIME ( #4796, #2150 ) ;
#8226 = ORIENTED_EDGE ( 'NONE', *, *, #3751, .T. ) ;
#8227 = VECTOR ( 'NONE', #3145, 39.37007874015748100 ) ;
#8228 = EDGE_LOOP ( 'NONE', ( #5014, #3801 ) ) ;
#8229 = PLANE ( 'NONE',  #4075 ) ;
#8230 = CARTESIAN_POINT ( 'NONE',  ( 0.6805135973759567400, 0.0000000000000000000, -0.1389278456121543800 ) ) ;
#8231 = ORIENTED_EDGE ( 'NONE', *, *, #9670, .T. ) ;
#8232 = DIRECTION ( 'NONE',  ( -0.1604112808577474700, 0.0000000000000000000, 0.9870502626379149500 ) ) ;
#8233 = DIRECTION ( 'NONE',  ( -0.9927088740980527500, 0.0000000000000000000, 0.1205366802553338000 ) ) ;
#8234 = AXIS2_PLACEMENT_3D ( 'NONE', #1543, #3935, #7073 ) ;
#8235 = EDGE_CURVE ( 'NONE', #3635, #77, #8546, .T. ) ;
#8236 = VECTOR ( 'NONE', #4932, 39.37007874015748100 ) ;
#8237 = DIRECTION ( 'NONE',  ( 0.8854560256532093600, 0.0000000000000000000, -0.4647231720437694500 ) ) ;
#8238 = ORIENTED_EDGE ( 'NONE', *, *, #8788, .F. ) ;
#8239 = CARTESIAN_POINT ( 'NONE',  ( 0.8977141779626370800, 0.01953124999999986500, 0.07492465458415291400 ) ) ;
#8240 = DIRECTION ( 'NONE',  ( -0.5000000000000051100, 0.0000000000000000000, -0.8660254037844358200 ) ) ;
#8241 = CIRCLE ( 'NONE', #5975, 0.03906249999999996500 ) ;
#8242 = EDGE_LOOP ( 'NONE', ( #2336, #10107, #4779, #6057 ) ) ;
#8243 = AXIS2_PLACEMENT_3D ( 'NONE', #8858, #3185, #3987 ) ;
#8244 = ORIENTED_EDGE ( 'NONE', *, *, #4395, .T. ) ;
#8245 = PLANE ( 'NONE',  #7580 ) ;
#8246 = FACE_OUTER_BOUND ( 'NONE', #3505, .T. ) ;
#8247 = EDGE_CURVE ( 'NONE', #1842, #9881, #3957, .T. ) ;
#8248 = CARTESIAN_POINT ( 'NONE',  ( 0.8981077749414681000, 0.01953124999999986500, -0.07004908114581524800 ) ) ;
#8249 = EDGE_LOOP ( 'NONE', ( #678, #1028, #9369, #5442 ) ) ;
#8250 = AXIS2_PLACEMENT_3D ( 'NONE', #8748, #4621, #1414 ) ;
#8251 = EDGE_CURVE ( 'NONE', #5005, #3267, #3454, .T. ) ;
#8252 = CYLINDRICAL_SURFACE ( 'NONE', #10329, 0.03906250000000003500 ) ;
#8253 = ORIENTED_EDGE ( 'NONE', *, *, #804, .T. ) ;
#8254 = CARTESIAN_POINT ( 'NONE',  ( 0.0000000000000000000, -0.03906249999999995100, -0.9687500000000001100 ) ) ;
#8255 = ADVANCED_FACE ( 'NONE', ( #186 ), #8455, .T. ) ;
#8256 = ORIENTED_EDGE ( 'NONE', *, *, #3298, .F. ) ;
#8257 = CARTESIAN_POINT ( 'NONE',  ( -0.1444022350281443100, 0.0000000000000000000, 0.8885426464266511500 ) ) ;
#8258 = VERTEX_POINT ( 'NONE', #6782 ) ;
#8259 = CARTESIAN_POINT ( 'NONE',  ( -0.6972993866372594300, 0.0000000000000000000, -0.5693273271109529100 ) ) ;
#8260 = CIRCLE ( 'NONE', #2281, 0.03906250000000003500 ) ;
#8261 = DIRECTION ( 'NONE',  ( -0.3546048870425268000, 0.0000000000000000000, 0.9350162426854181600 ) ) ;
#8262 = VERTEX_POINT ( 'NONE', #4397 ) ;
#8263 = FACE_OUTER_BOUND ( 'NONE', #4656, .T. ) ;
#8264 = EDGE_CURVE ( 'NONE', #4558, #644, #8409, .T. ) ;
#8265 = ORIENTED_EDGE ( 'NONE', *, *, #4548, .T. ) ;
#8266 = ADVANCED_FACE ( 'NONE', ( #8668 ), #9928, .F. ) ;
#8267 = CARTESIAN_POINT ( 'NONE',  ( -0.4172455396264814800, 0.0000000000000000000, 0.5552529713219071000 ) ) ;
#8268 = PLANE ( 'NONE',  #4006 ) ;
#8269 = ORIENTED_EDGE ( 'NONE', *, *, #6960, .T. ) ;
#8270 = DIRECTION ( 'NONE',  ( 0.9605181116313731300, 0.0000000000000000000, 0.2782174639164499700 ) ) ;
#8271 = CARTESIAN_POINT ( 'NONE',  ( 0.2154319609916540100, 0.0000000000000000000, -0.8740418240469335400 ) ) ;
#8272 = ORIENTED_EDGE ( 'NONE', *, *, #3119, .T. ) ;
#8273 = FACE_OUTER_BOUND ( 'NONE', #2535, .T. ) ;
#8274 = DIRECTION ( 'NONE',  ( 0.3546048870425268000, 0.0000000000000000000, -0.9350162426854181600 ) ) ;
#8275 = DIRECTION ( 'NONE',  ( 0.3166679938014603800, 0.0000000000000000000, -0.9485364419471495900 ) ) ;
#8276 = CARTESIAN_POINT ( 'NONE',  ( -0.8994699361540474700, 0.0000000000000000000, -0.03624739928648673000 ) ) ;
#8277 = AXIS2_PLACEMENT_3D ( 'NONE', #8945, #4014, #7285 ) ;
#8278 = CARTESIAN_POINT ( 'NONE',  ( -0.5009111598026411100, 0.0000000000000000000, 0.4811316997300981700 ) ) ;
#8279 = ADVANCED_FACE ( 'NONE', ( #822 ), #5210, .F. ) ;
#8280 = FACE_OUTER_BOUND ( 'NONE', #6148, .T. ) ;
#8281 = EDGE_CURVE ( 'NONE', #8067, #8892, #55, .T. ) ;
#8282 = CIRCLE ( 'NONE', #187, 0.03906249999999998600 ) ;
#8284 = PLANE ( 'NONE',  #5602 ) ;
#8283 = DIRECTION ( 'NONE',  ( -0.04026594010941936900, 0.0000000000000000000, -0.9991889981715693600 ) ) ;
#8285 = CARTESIAN_POINT ( 'NONE',  ( 0.2199417550948133100, 0.0000000000000000000, 0.6588059857543902000 ) ) ;
#8286 = VECTOR ( 'NONE', #3346, 39.37007874015748900 ) ;
#8287 = CARTESIAN_POINT ( 'NONE',  ( 0.8646584040905621600, 0.0000000000000000000, 0.2504513610175883000 ) ) ;
#8288 = CIRCLE ( 'NONE', #2673, 0.03906249999999999300 ) ;
#8289 = FACE_BOUND ( 'NONE', #9646, .T. ) ;
#8290 = CARTESIAN_POINT ( 'NONE',  ( -0.6494155313571574600, 0.0000000000000000000, -0.2462908242953870700 ) ) ;
#8291 = ORIENTED_EDGE ( 'NONE', *, *, #3650, .T. ) ;
#8292 = AXIS2_PLACEMENT_3D ( 'NONE', #5487, #10493, #3988 ) ;
#8293 = EDGE_CURVE ( 'NONE', #6983, #9772, #5865, .T. ) ;
#8294 = DIRECTION ( 'NONE',  ( -0.9605181116313692400, 0.0000000000000000000, 0.2782174639164631800 ) ) ;
#8295 = CIRCLE ( 'NONE', #3938, 0.03906249999999997200 ) ;
#8296 = DIRECTION ( 'NONE',  ( 0.8854560256532151300, 0.0000000000000000000, 0.4647231720437583500 ) ) ;
#8297 = CIRCLE ( 'NONE', #2586, 0.03906250000000004900 ) ;
#8298 = VECTOR ( 'NONE', #3698, 39.37007874015748100 ) ;
#8299 = AXIS2_PLACEMENT_3D ( 'NONE', #1956, #5233, #9210 ) ;
#8300 = ORIENTED_EDGE ( 'NONE', *, *, #5737, .T. ) ;
#8301 = DIRECTION ( 'NONE',  ( 0.1205366802553327800, 0.0000000000000000000, 0.9927088740980527500 ) ) ;
#8302 = DIRECTION ( 'NONE',  ( -0.6324453755953717300, 0.0000000000000000000, 0.7746049618276591400 ) ) ;
#8304 = VECTOR ( 'NONE', #7240, 39.37007874015748100 ) ;
#8303 = CARTESIAN_POINT ( 'NONE',  ( -0.8132860812362620000, 0.01953124999999987900, 0.3859090437750384800 ) ) ;
#8305 = ORIENTED_EDGE ( 'NONE', *, *, #5283, .F. ) ;
#8306 = AXIS2_PLACEMENT_3D ( 'NONE', #3620, #9295, #8534 ) ;
#8307 = EDGE_CURVE ( 'NONE', #8412, #7300, #2206, .T. ) ;
#8308 = FACE_OUTER_BOUND ( 'NONE', #4142, .T. ) ;
#8309 = CARTESIAN_POINT ( 'NONE',  ( -0.3712132395370690300, 0.0000000000000000000, -0.5870267739144399100 ) ) ;
#8310 = EDGE_LOOP ( 'NONE', ( #7770, #8568, #2262, #5570 ) ) ;
#8311 = CLOSED_SHELL ( 'NONE', ( #935, #2096, #7139, #6750 ) ) ;
#8312 = ADVANCED_FACE ( 'NONE', ( #10193 ), #1322, .T. ) ;
#8313 = DIRECTION ( 'NONE',  ( 0.6631226582407912000, 0.0000000000000000000, -0.7485107481711046300 ) ) ;
#8314 = CYLINDRICAL_SURFACE ( 'NONE', #1968, 0.03906250000000001400 ) ;
#8315 = ORIENTED_EDGE ( 'NONE', *, *, #407, .T. ) ;
#8316 = VECTOR ( 'NONE', #10440, 39.37007874015747400 ) ;
#8317 = AXIS2_PLACEMENT_3D ( 'NONE', #8176, #7421, #2534 ) ;
#8318 = EDGE_CURVE ( 'NONE', #3683, #10214, #1562, .T. ) ;
#8319 = ORIENTED_EDGE ( 'NONE', *, *, #9177, .T. ) ;
#8320 = DIRECTION ( 'NONE',  ( -0.3546048870425387300, 0.0000000000000000000, -0.9350162426854137200 ) ) ;
#8321 = VERTEX_POINT ( 'NONE', #2009 ) ;
#8322 = ORIENTED_EDGE ( 'NONE', *, *, #4342, .F. ) ;
#8323 = AXIS2_PLACEMENT_3D ( 'NONE', #3355, #970, #1044 ) ;
#8324 = CIRCLE ( 'NONE', #3032, 0.03906250000000002100 ) ;
#8325 = DIRECTION ( 'NONE',  ( -0.6007422642379689500, 0.0000000000000000000, 0.7994427634035086200 ) ) ;
#8326 = ADVANCED_FACE ( 'NONE', ( #4071 ), #10315, .F. ) ;
#8328 = VERTEX_POINT ( 'NONE', #358 ) ;
#8327 = EDGE_CURVE ( 'NONE', #4529, #963, #3700, .T. ) ;
#8329 = CARTESIAN_POINT ( 'NONE',  ( -0.6261817180488029600, 0.0000000000000000000, -0.6479061466660891400 ) ) ;
#8330 = CIRCLE ( 'NONE', #4143, 0.03906250000000004200 ) ;
#8331 = VERTEX_POINT ( 'NONE', #3615 ) ;
#8332 = EDGE_LOOP ( 'NONE', ( #1784, #1890, #6320, #9484 ) ) ;
#8333 = CARTESIAN_POINT ( 'NONE',  ( 0.2199417550948133100, -0.01953125000000015600, 0.6588059857543902000 ) ) ;
#8334 = CARTESIAN_POINT ( 'NONE',  ( 0.3528483421960348900, 0.0000000000000000000, -0.8281654951816757000 ) ) ;
#8335 = ORIENTED_EDGE ( 'NONE', *, *, #1290, .F. ) ;
#8337 = DIRECTION ( 'NONE',  ( -0.1604112808577474700, 0.0000000000000000000, 0.9870502626379149500 ) ) ;
#8336 = AXIS2_PLACEMENT_3D ( 'NONE', #9665, #8709, #9416 ) ;
#8338 = EDGE_CURVE ( 'NONE', #4529, #885, #1066, .T. ) ;
#8339 = ORIENTED_EDGE ( 'NONE', *, *, #698, .F. ) ;
#8340 = LINE ( 'NONE', #1644, #1615 ) ;
#8341 = ORIENTED_EDGE ( 'NONE', *, *, #10373, .T. ) ;
#8342 = CARTESIAN_POINT ( 'NONE',  ( -0.8646584040905587200, 0.0000000000000000000, 0.2504513610176001800 ) ) ;
#8343 = CARTESIAN_POINT ( 'NONE',  ( -0.8994699361540474700, 0.0000000000000000000, -0.03624739928648673000 ) ) ;
#8344 = EDGE_LOOP ( 'NONE', ( #8500, #1492, #4259, #10490 ) ) ;
#8345 = VERTEX_POINT ( 'NONE', #6109 ) ;
#8346 = DIRECTION ( 'NONE',  ( -0.9199794436588212300, 0.0000000000000000000, 0.3919666098600818000 ) ) ;
#8347 = EDGE_LOOP ( 'NONE', ( #2583, #7310, #8265, #7193 ) ) ;
#8348 = FACE_OUTER_BOUND ( 'NONE', #6289, .T. ) ;
#8349 = CARTESIAN_POINT ( 'NONE',  ( -0.8132860812362620000, 0.0000000000000000000, 0.3859090437750384800 ) ) ;
#8350 = AXIS2_PLACEMENT_3D ( 'NONE', #5382, #6992, #1266 ) ;
#8351 = ORIENTED_EDGE ( 'NONE', *, *, #9072, .F. ) ;
#8352 = EDGE_LOOP ( 'NONE', ( #7251, #4399, #2254, #7074, #1471 ) ) ;
#8353 = CARTESIAN_POINT ( 'NONE',  ( 0.6494155313571540200, -0.01953125000000015600, -0.2462908242953958400 ) ) ;
#8354 = VERTEX_POINT ( 'NONE', #9374 ) ;
#8355 = ADVANCED_FACE ( 'NONE', ( #7004 ), #2562, .F. ) ;
#8356 = EDGE_CURVE ( 'NONE', #3217, #999, #7779, .T. ) ;
#8357 = CARTESIAN_POINT ( 'NONE',  ( -0.5678326293130771000, -0.01953125000000015600, 0.6993357950706407000 ) ) ;
#8358 = ORIENTED_EDGE ( 'NONE', *, *, #7117, .T. ) ;
#8359 = FACE_BOUND ( 'NONE', #10476, .T. ) ;
#8360 = ORIENTED_EDGE ( 'NONE', *, *, #4654, .F. ) ;
#8361 = ORIENTED_EDGE ( 'NONE', *, *, #1006, .F. ) ;
#8362 = DIRECTION ( 'NONE',  ( -0.6324453755953708400, 0.0000000000000000000, 0.7746049618276598100 ) ) ;
#8363 = CARTESIAN_POINT ( 'NONE',  ( -0.5969430169483694900, 0.0000000000000000000, -0.6738093755036204100 ) ) ;
#8364 = ADVANCED_FACE ( 'NONE', ( #6616 ), #576, .T. ) ;
#8365 = LINE ( 'NONE', #8212, #9252 ) ;
#8366 = DIRECTION ( 'NONE',  ( -0.9991889981715701400, 0.0000000000000000000, -0.04026594010940538800 ) ) ;
#8367 = DIRECTION ( 'NONE',  ( -0.9797906520422696700, 0.0000000000000000000, -0.2000256937760349900 ) ) ;
#8368 = ORIENTED_EDGE ( 'NONE', *, *, #7045, .F. ) ;
#8369 = VECTOR ( 'NONE', #1051, 39.37007874015748900 ) ;
#8370 = CARTESIAN_POINT ( 'NONE',  ( 0.3712132395370612000, 0.0000000000000000000, -0.5870267739144450200 ) ) ;
#8371 = EDGE_LOOP ( 'NONE', ( #7767, #6044, #6645, #3485 ) ) ;
#8372 = DIRECTION ( 'NONE',  ( 0.9991889981715694800, 0.0000000000000000000, -0.04026594010941866900 ) ) ;
#8373 = AXIS2_PLACEMENT_3D ( 'NONE', #7135, #8658, #8296 ) ;
#8374 = EDGE_CURVE ( 'NONE', #6714, #795, #3082, .T. ) ;
#8375 = ORIENTED_EDGE ( 'NONE', *, *, #3327, .T. ) ;
#8376 = DIRECTION ( 'NONE',  ( 0.2782174639164508600, 0.0000000000000000000, -0.9605181116313726800 ) ) ;
#8377 = CARTESIAN_POINT ( 'NONE',  ( -0.8889280643905934600, 0.0000000000000000000, 0.1472848099603067400 ) ) ;
#8378 = ORIENTED_EDGE ( 'NONE', *, *, #1937, .F. ) ;
#8379 = CIRCLE ( 'NONE', #9228, 0.03906249999999996500 ) ;
#8380 = ORIENTED_EDGE ( 'NONE', *, *, #3338, .T. ) ;
#8381 = CARTESIAN_POINT ( 'NONE',  ( 0.3998052741115797300, 0.01953124999999988900, -0.5689462667706438600 ) ) ;
#8382 = ADVANCED_FACE ( 'NONE', ( #10053 ), #8037, .T. ) ;
#8383 = VECTOR ( 'NONE', #2907, 39.37007874015748900 ) ;
#8384 = VERTEX_POINT ( 'NONE', #6999 ) ;
#8385 = ORIENTED_EDGE ( 'NONE', *, *, #141, .F. ) ;
#8386 = DIRECTION ( 'NONE',  ( 0.9797906520422669000, 0.0000000000000000000, -0.2000256937760482600 ) ) ;
#8387 = EDGE_CURVE ( 'NONE', #763, #2143, #445, .T. ) ;
#8389 = CARTESIAN_POINT ( 'NONE',  ( -0.2154319609916658400, 0.0000000000000000000, -0.8740418240469306500 ) ) ;
#8388 = CARTESIAN_POINT ( 'NONE',  ( 0.03382911733532974200, 0.01953124999999988900, 0.6945500000000002200 ) ) ;
#8390 = AXIS2_PLACEMENT_3D ( 'NONE', #6763, #300, #2650 ) ;
#8392 = ORIENTED_EDGE ( 'NONE', *, *, #343, .T. ) ;
#8391 = CARTESIAN_POINT ( 'NONE',  ( 0.03871658522707142200, -0.01953125000000015600, -0.9000030417771056600 ) ) ;
#8393 = FACE_OUTER_BOUND ( 'NONE', #8095, .T. ) ;
#8394 = VERTEX_POINT ( 'NONE', #8532 ) ;
#8395 = VECTOR ( 'NONE', #5431, 39.37007874015748100 ) ;
#8396 = DIRECTION ( 'NONE',  ( -0.9199794436588256700, 0.0000000000000000000, -0.3919666098600713100 ) ) ;
#8397 = AXIS2_PLACEMENT_3D ( 'NONE', #7594, #9310, #1990 ) ;
#8398 = CARTESIAN_POINT ( 'NONE',  ( 0.6492264430989030900, 0.0000000000000000000, 0.6235904630293402900 ) ) ;
#8399 = EDGE_CURVE ( 'NONE', #9380, #2674, #6885, .T. ) ;
#8400 = CIRCLE ( 'NONE', #7169, 0.03906250000000004200 ) ;
#8401 = LINE ( 'NONE', #4814, #936 ) ;
#8402 = CARTESIAN_POINT ( 'NONE',  ( 0.6805135973759567400, 0.0000000000000000000, -0.1389278456121543800 ) ) ;
#8403 = DIRECTION ( 'NONE',  ( -0.2000256937760363200, 0.0000000000000000000, 0.9797906520422693400 ) ) ;
#8404 = DIRECTION ( 'NONE',  ( -0.7746049618276514800, -0.0000000000000000000, 0.6324453755953809400 ) ) ;
#8405 = CARTESIAN_POINT ( 'NONE',  ( -0.03871658522708357900, -0.01953125000000016700, -0.9000030417771052200 ) ) ;
#8406 = ADVANCED_FACE ( 'NONE', ( #8280 ), #2924, .T. ) ;
#8407 = CARTESIAN_POINT ( 'NONE',  ( 0.1448046942704034900, -0.01953125000000015600, 0.6801291878731148300 ) ) ;
#8408 = CARTESIAN_POINT ( 'NONE',  ( 0.8755262737747985200, 0.0000000000000000000, 0.2129311222819877400 ) ) ;
#8409 = LINE ( 'NONE', #8493, #8044 ) ;
#8410 = FACE_BOUND ( 'NONE', #4158, .T. ) ;
#8411 = CARTESIAN_POINT ( 'NONE',  ( -0.2533593757348709400, 0.0000000000000000000, -0.8646935559106976300 ) ) ;
#8412 = VERTEX_POINT ( 'NONE', #6895 ) ;
#8413 = DIRECTION ( 'NONE',  ( 0.9485364419471454800, 0.0000000000000000000, -0.3166679938014724800 ) ) ;
#8414 = ADVANCED_FACE ( 'NONE', ( #9029 ), #4462, .T. ) ;
#8415 = CARTESIAN_POINT ( 'NONE',  ( 0.1825858563241699300, -0.01953125000000015600, -0.8821376617342994200 ) ) ;
#8416 = AXIS2_PLACEMENT_3D ( 'NONE', #6440, #6880, #1690 ) ;
#8417 = EDGE_CURVE ( 'NONE', #2380, #4936, #2822, .T. ) ;
#8418 = VECTOR ( 'NONE', #4276, 39.37007874015748100 ) ;
#8420 = DIRECTION ( 'NONE',  ( -0.2393156642875647600, 0.0000000000000000000, -0.9709418174260503500 ) ) ;
#8419 = DATE_TIME_ROLE ( 'classification_date' ) ;
#8421 = CYLINDRICAL_SURFACE ( 'NONE', #4069, 0.03906250000000001400 ) ;
#8422 = CIRCLE ( 'NONE', #5666, 0.03906249999999999300 ) ;
#8423 = CARTESIAN_POINT ( 'NONE',  ( -0.1662166946309281700, 0.0000000000000000000, -0.6743676392932636000 ) ) ;
#8424 = CARTESIAN_POINT ( 'NONE',  ( 0.8417016216654091800, 0.0000000000000000000, -0.3192153193156940200 ) ) ;
#8425 = ORIENTED_EDGE ( 'NONE', *, *, #2760, .T. ) ;
#8426 = CARTESIAN_POINT ( 'NONE',  ( -0.8417016216654136200, 0.0000000000000000000, -0.3192153193156827000 ) ) ;
#8427 = DIRECTION ( 'NONE',  ( 0.9709418174260535700, 0.0000000000000000000, 0.2393156642875516300 ) ) ;
#8428 = VECTOR ( 'NONE', #7510, 39.37007874015748100 ) ;
#8429 = CARTESIAN_POINT ( 'NONE',  ( -0.7965106271544205600, -0.01953125000000016700, -0.4208031249999927300 ) ) ;
#8430 = LINE ( 'NONE', #8650, #1333 ) ;
#8431 = DIRECTION ( 'NONE',  ( -0.8854560256532094700, 0.0000000000000000000, 0.4647231720437694500 ) ) ;
#8432 = ADVANCED_FACE ( 'NONE', ( #6367 ), #9555, .T. ) ;
#8433 = EDGE_CURVE ( 'NONE', #6655, #4103, #5345, .T. ) ;
#8434 = ORIENTED_EDGE ( 'NONE', *, *, #1343, .F. ) ;
#8435 = DIRECTION ( 'NONE',  ( -0.8854560256532157900, 0.0000000000000000000, -0.4647231720437573500 ) ) ;
#8436 = VECTOR ( 'NONE', #4812, 39.37007874015748100 ) ;
#8437 = CARTESIAN_POINT ( 'NONE',  ( -0.6014979441984852300, 0.0000000000000000000, -0.3472749999999945000 ) ) ;
#8438 = ORIENTED_EDGE ( 'NONE', *, *, #6294, .T. ) ;
#8439 = VECTOR ( 'NONE', #6456, 39.37007874015748100 ) ;
#8440 = ORIENTED_EDGE ( 'NONE', *, *, #7902, .F. ) ;
#8441 = ORIENTED_EDGE ( 'NONE', *, *, #5115, .T. ) ;
#8442 = VERTEX_POINT ( 'NONE', #3687 ) ;
#8443 = ORIENTED_EDGE ( 'NONE', *, *, #8604, .T. ) ;
#8444 = DIRECTION ( 'NONE',  ( 0.3919666098600698100, 0.0000000000000000000, -0.9199794436588264500 ) ) ;
#8445 = EDGE_CURVE ( 'NONE', #3734, #5139, #934, .T. ) ;
#8446 = AXIS2_PLACEMENT_3D ( 'NONE', #7682, #9227, #5178 ) ;
#8447 = EDGE_CURVE ( 'NONE', #2162, #4209, #7383, .T. ) ;
#8448 = LINE ( 'NONE', #2057, #8080 ) ;
#8449 = CARTESIAN_POINT ( 'NONE',  ( -0.7965106271544205600, -0.01953125000000015600, -0.4208031249999927300 ) ) ;
#8450 = ORIENTED_EDGE ( 'NONE', *, *, #3089, .F. ) ;
#8451 = FACE_OUTER_BOUND ( 'NONE', #1765, .T. ) ;
#8452 = DIRECTION ( 'NONE',  ( -0.3166679938014603800, 0.0000000000000000000, 0.9485364419471495900 ) ) ;
#8453 = DIRECTION ( 'NONE',  ( -0.2000256937760469500, 0.0000000000000000000, -0.9797906520422671200 ) ) ;
#8454 = VERTEX_POINT ( 'NONE', #9330 ) ;
#8455 = PLANE ( 'NONE',  #5933 ) ;
#8456 = ORIENTED_EDGE ( 'NONE', *, *, #9162, .F. ) ;
#8457 = DIRECTION ( 'NONE',  ( 0.4647231720437694500, 0.0000000000000000000, 0.8854560256532094700 ) ) ;
#8458 = CIRCLE ( 'NONE', #9344, 0.03906250000000004900 ) ;
#8459 = AXIS2_PLACEMENT_3D ( 'NONE', #1641, #2350, #10504 ) ;
#8460 = ORIENTED_EDGE ( 'NONE', *, *, #927, .T. ) ;
#8461 = CYLINDRICAL_SURFACE ( 'NONE', #6388, 0.03906249999999993100 ) ;
#8462 = EDGE_CURVE ( 'NONE', #2347, #8328, #2327, .T. ) ;
#8463 = ORIENTED_EDGE ( 'NONE', *, *, #5538, .T. ) ;
#8464 = CARTESIAN_POINT ( 'NONE',  ( -0.8132860812362620000, 0.0000000000000000000, 0.3859090437750384800 ) ) ;
#8465 = VERTEX_POINT ( 'NONE', #2258 ) ;
#8466 = ORIENTED_EDGE ( 'NONE', *, *, #1064, .F. ) ;
#8467 = CARTESIAN_POINT ( 'NONE',  ( -0.6492264430988948800, 0.0000000000000000000, 0.6235904630293489500 ) ) ;
#8468 = PLANE ( 'NONE',  #8047 ) ;
#8469 = EDGE_CURVE ( 'NONE', #8876, #106, #7142, .T. ) ;
#8470 = DIRECTION ( 'NONE',  ( -0.9199794436588264500, 0.0000000000000000000, -0.3919666098600698100 ) ) ;
#8471 = ORIENTED_EDGE ( 'NONE', *, *, #9511, .F. ) ;
#8472 = ADVANCED_FACE ( 'NONE', ( #4726 ), #8786, .F. ) ;
#8473 = CYLINDRICAL_SURFACE ( 'NONE', #4819, 0.03906250000000002100 ) ;
#8474 = ORIENTED_EDGE ( 'NONE', *, *, #2592, .T. ) ;
#8475 = CARTESIAN_POINT ( 'NONE',  ( 0.8740702553221295600, -0.01953125000000016700, 0.2179578811165014100 ) ) ;
#8476 = DIRECTION ( 'NONE',  ( -0.8451900855437899400, 0.0000000000000000000, 0.5344658261278086900 ) ) ;
#8477 = EDGE_LOOP ( 'NONE', ( #7456, #4172, #4952, #3001 ) ) ;
#8479 = DIRECTION ( 'NONE',  ( -0.8229838658936499100, 0.0000000000000000000, 0.5680647467311649200 ) ) ;
#8478 = AXIS2_PLACEMENT_3D ( 'NONE', #1653, #7321, #5690 ) ;
#8480 = CARTESIAN_POINT ( 'NONE',  ( -0.8820075449684513500, 0.0000000000000000000, -0.1800631295371867300 ) ) ;
#8481 = VERTEX_POINT ( 'NONE', #4927 ) ;
#8482 = DIRECTION ( 'NONE',  ( 0.6631226582407912000, 0.0000000000000000000, -0.7485107481711046300 ) ) ;
#8483 = ORIENTED_EDGE ( 'NONE', *, *, #9119, .T. ) ;
#8484 = EDGE_CURVE ( 'NONE', #149, #643, #8538, .T. ) ;
#8485 = CARTESIAN_POINT ( 'NONE',  ( 0.09482388765119012500, 4.783776559169353300E-018, -0.6891545630241191500 ) ) ;
#8486 = CYLINDRICAL_SURFACE ( 'NONE', #9719, 0.03906250000000000700 ) ;
#8487 = ORIENTED_EDGE ( 'NONE', *, *, #7375, .F. ) ;
#8488 = VERTEX_POINT ( 'NONE', #1406 ) ;
#8489 = ADVANCED_FACE ( 'NONE', ( #2070 ), #6114, .F. ) ;
#8490 = CARTESIAN_POINT ( 'NONE',  ( -0.8536975919968564600, -0.01953125000000016700, -0.2875845451314387200 ) ) ;
#8491 = DIRECTION ( 'NONE',  ( 0.1205366802553187500, 0.0000000000000000000, -0.9927088740980544200 ) ) ;
#8492 = LINE ( 'NONE', #6748, #9513 ) ;
#8493 = CARTESIAN_POINT ( 'NONE',  ( 0.7408500760774706700, -0.01953125000000016700, 0.5113718850073850600 ) ) ;
#8494 = AXIS2_PLACEMENT_3D ( 'NONE', #1550, #6327, #3906 ) ;
#8495 = ORIENTED_EDGE ( 'NONE', *, *, #6894, .T. ) ;
#8496 = FACE_BOUND ( 'NONE', #4185, .T. ) ;
#8497 = ORIENTED_EDGE ( 'NONE', *, *, #3373, .T. ) ;
#8498 = DIRECTION ( 'NONE',  ( 0.7994427634035007300, 0.0000000000000000000, -0.6007422642379795000 ) ) ;
#8499 = CARTESIAN_POINT ( 'NONE',  ( 0.7965402780564604400, 4.783776559169353300E-018, 0.4212000763769956400 ) ) ;
#8500 = ORIENTED_EDGE ( 'NONE', *, *, #7282, .T. ) ;
#8501 = AXIS2_PLACEMENT_3D ( 'NONE', #3840, #7133, #775 ) ;
#8502 = EDGE_CURVE ( 'NONE', #7219, #1136, #3692, .T. ) ;
#8503 = CARTESIAN_POINT ( 'NONE',  ( -0.6274914993586380200, 0.0000000000000000000, 0.2977484185224983900 ) ) ;
#8504 = CARTESIAN_POINT ( 'NONE',  ( -0.1113718375077955400, 0.0000000000000000000, -0.8941377034419181200 ) ) ;
#8505 = CARTESIAN_POINT ( 'NONE',  ( 0.6492264430989030900, 0.0000000000000000000, 0.6235904630293402900 ) ) ;
#8506 = VECTOR ( 'NONE', #2999, 39.37007874015748900 ) ;
#8507 = ORIENTED_EDGE ( 'NONE', *, *, #759, .F. ) ;
#8508 = MANIFOLD_SOLID_BREP ( 'CirPattern1[19]', #7094 ) ;
#8509 = FACE_OUTER_BOUND ( 'NONE', #6736, .T. ) ;
#8510 = ORIENTED_EDGE ( 'NONE', *, *, #9582, .T. ) ;
#8511 = AXIS2_PLACEMENT_3D ( 'NONE', #679, #7920, #8687 ) ;
#8512 = PLANE ( 'NONE',  #3727 ) ;
#8513 = ORIENTED_EDGE ( 'NONE', *, *, #2948, .T. ) ;
#8514 = CARTESIAN_POINT ( 'NONE',  ( 0.2722404088783115800, 0.0000000000000000000, -0.6389717225932380900 ) ) ;
#8515 = VERTEX_POINT ( 'NONE', #10437 ) ;
#8516 = DIRECTION ( 'NONE',  ( -0.9797906520422696700, 0.0000000000000000000, -0.2000256937760349900 ) ) ;
#8517 = AXIS2_PLACEMENT_3D ( 'NONE', #8342, #246, #1123 ) ;
#8518 = EDGE_CURVE ( 'NONE', #2155, #5369, #9148, .T. ) ;
#8519 = CIRCLE ( 'NONE', #7325, 0.03906250000000002100 ) ;
#8520 = ORIENTED_EDGE ( 'NONE', *, *, #5516, .T. ) ;
#8521 = LINE ( 'NONE', #4054, #1658 ) ;
#8522 = DIRECTION ( 'NONE',  ( -0.7485107481711046300, 0.0000000000000000000, -0.6631226582407912000 ) ) ;
#8523 = CARTESIAN_POINT ( 'NONE',  ( 0.0000000000000000000, 0.01953124999999995500, -0.6260000000000001100 ) ) ;
#8524 = CARTESIAN_POINT ( 'NONE',  ( 0.1058455841438625900, 4.783776559169353300E-018, 0.8948087120851555600 ) ) ;
#8525 = ORIENTED_EDGE ( 'NONE', *, *, #7174, .F. ) ;
#8526 = ORIENTED_EDGE ( 'NONE', *, *, #312, .T. ) ;
#8527 = AXIS2_PLACEMENT_3D ( 'NONE', #3895, #9583, #7971 ) ;
#8528 = FACE_OUTER_BOUND ( 'NONE', #629, .T. ) ;
#8529 = ADVANCED_FACE ( 'NONE', ( #10438 ), #10180, .F. ) ;
#8530 = DIRECTION ( 'NONE',  ( -0.7485107481710949800, 0.0000000000000000000, 0.6631226582408020800 ) ) ;
#8531 = EDGE_CURVE ( 'NONE', #880, #1618, #5992, .T. ) ;
#8532 = CARTESIAN_POINT ( 'NONE',  ( 0.8740702553221295600, -0.01953125000000015600, 0.2179578811165014100 ) ) ;
#8533 = DIRECTION ( 'NONE',  ( -0.9797906520422696700, 0.0000000000000000000, -0.2000256937760349900 ) ) ;
#8534 = DIRECTION ( 'NONE',  ( 0.7994427634035002900, 0.0000000000000000000, -0.6007422642379800500 ) ) ;
#8535 = EDGE_CURVE ( 'NONE', #9264, #5296, #9282, .T. ) ;
#8536 = CARTESIAN_POINT ( 'NONE',  ( 0.1061554250905104300, 0.01953124999999986500, -0.8945588157877272200 ) ) ;
#8537 = DIRECTION ( 'NONE',  ( -0.0000000000000000000, -0.0000000000000000000, 1.000000000000000000 ) ) ;
#8538 = LINE ( 'NONE', #9521, #817 ) ;
#8539 = CYLINDRICAL_SURFACE ( 'NONE', #7648, 0.03906250000000002100 ) ;
#8540 = CARTESIAN_POINT ( 'NONE',  ( -0.4605718422811487200, 0.0000000000000000000, -0.5198781401422347700 ) ) ;
#8541 = AXIS2_PLACEMENT_3D ( 'NONE', #8722, #6300, #2279 ) ;
#8542 = ADVANCED_FACE ( 'NONE', ( #176 ), #5857, .F. ) ;
#8543 = DIRECTION ( 'NONE',  ( 0.9605181116313731300, 0.0000000000000000000, 0.2782174639164499700 ) ) ;
#8544 = EDGE_CURVE ( 'NONE', #9970, #7707, #1554, .T. ) ;
#8545 = FACE_OUTER_BOUND ( 'NONE', #3528, .T. ) ;
#8546 = LINE ( 'NONE', #5244, #10443 ) ;
#8547 = FACE_OUTER_BOUND ( 'NONE', #3103, .T. ) ;
#8548 = PLANE ( 'NONE',  #9486 ) ;
#8549 = VERTEX_POINT ( 'NONE', #7175 ) ;
#8550 = DIRECTION ( 'NONE',  ( -0.9991889981715700300, 0.0000000000000000000, -0.04026594010940538100 ) ) ;
#8552 = CARTESIAN_POINT ( 'NONE',  ( -0.8740702553221266800, 0.01953124999999987900, 0.2179578811165132600 ) ) ;
#8551 = LINE ( 'NONE', #5049, #8428 ) ;
#8553 = AXIS2_PLACEMENT_3D ( 'NONE', #7399, #2548, #833 ) ;
#8554 = CYLINDRICAL_SURFACE ( 'NONE', #9122, 0.03906250000000002100 ) ;
#8555 = CARTESIAN_POINT ( 'NONE',  ( -0.3883896036866931200, 0.01953124999999987900, 0.8128086890085398600 ) ) ;
#8556 = DIRECTION ( 'NONE',  ( 0.5680647467311540400, 0.0000000000000000000, -0.8229838658936575700 ) ) ;
#8557 = ORIENTED_EDGE ( 'NONE', *, *, #9620, .T. ) ;
#8558 = AXIS2_PLACEMENT_3D ( 'NONE', #2043, #9288, #1128 ) ;
#8559 = EDGE_CURVE ( 'NONE', #5126, #1118, #5611, .T. ) ;
#8561 = DIRECTION ( 'NONE',  ( 0.8854560256532157900, 0.0000000000000000000, 0.4647231720437573500 ) ) ;
#8560 = APPLICATION_PROTOCOL_DEFINITION ( 'international standard', 'config_control_design', 1994, #438 ) ;
#8562 = CIRCLE ( 'NONE', #2371, 0.03906250000000002100 ) ;
#8563 = ORIENTED_EDGE ( 'NONE', *, *, #3136, .F. ) ;
#8564 = DIRECTION ( 'NONE',  ( 0.2393156642875516300, 0.0000000000000000000, -0.9709418174260535700 ) ) ;
#8565 = LINE ( 'NONE', #4376, #6395 ) ;
#8566 = ORIENTED_EDGE ( 'NONE', *, *, #4038, .T. ) ;
#8567 = DIRECTION ( 'NONE',  ( -0.7485107481711047500, 0.0000000000000000000, -0.6631226582407909700 ) ) ;
#8568 = ORIENTED_EDGE ( 'NONE', *, *, #8307, .T. ) ;
#8569 = FACE_OUTER_BOUND ( 'NONE', #3172, .T. ) ;
#8570 = CARTESIAN_POINT ( 'NONE',  ( 0.7600672050487032900, 0.01953124999999987900, 0.4835310672429852200 ) ) ;
#8571 = VERTEX_POINT ( 'NONE', #5539 ) ;
#8572 = AXIS2_PLACEMENT_3D ( 'NONE', #3086, #3779, #3019 ) ;
#8573 = EDGE_CURVE ( 'NONE', #5526, #2665, #3194, .T. ) ;
#8574 = DIRECTION ( 'NONE',  ( -0.1205366802553337900, 0.0000000000000000000, -0.9927088740980526400 ) ) ;
#8575 = CIRCLE ( 'NONE', #7559, 0.03906250000000004900 ) ;
#8576 = ADVANCED_FACE ( 'NONE', ( #7512 ), #3822, .F. ) ;
#8577 = ORIENTED_EDGE ( 'NONE', *, *, #4251, .T. ) ;
#8578 = CARTESIAN_POINT ( 'NONE',  ( 0.1444022350281561100, 0.0000000000000000000, 0.8885426464266492600 ) ) ;
#8579 = EDGE_LOOP ( 'NONE', ( #9021, #1774, #1170, #1419 ) ) ;
#8580 = ORIENTED_EDGE ( 'NONE', *, *, #7744, .T. ) ;
#8581 = CARTESIAN_POINT ( 'NONE',  ( 0.5009111598026474400, 0.0000000000000000000, 0.4811316997300915700 ) ) ;
#8582 = AXIS2_PLACEMENT_3D ( 'NONE', #4561, #6981, #9302 ) ;
#8583 = CIRCLE ( 'NONE', #3782, 0.03906250000000002100 ) ;
#8584 = ORIENTED_EDGE ( 'NONE', *, *, #141, .T. ) ;
#8585 = FACE_OUTER_BOUND ( 'NONE', #2124, .T. ) ;
#8586 = DIRECTION ( 'NONE',  ( -0.9709418174260502400, 0.0000000000000000000, 0.2393156642875653700 ) ) ;
#8587 = ORIENTED_EDGE ( 'NONE', *, *, #10308, .T. ) ;
#8588 = DIRECTION ( 'NONE',  ( 0.9870502626379128500, 0.0000000000000000000, -0.1604112808577605700 ) ) ;
#8589 = CARTESIAN_POINT ( 'NONE',  ( -0.6129892083981507400, -0.01953125000000015600, 0.3283113492815873400 ) ) ;
#8590 = EDGE_CURVE ( 'NONE', #3413, #5166, #9918, .T. ) ;
#8591 = ORIENTED_EDGE ( 'NONE', *, *, #5090, .T. ) ;
#8592 = VERTEX_POINT ( 'NONE', #8204 ) ;
#8593 = AXIS2_PLACEMENT_3D ( 'NONE', #6938, #5334, #479 ) ;
#8594 = EDGE_LOOP ( 'NONE', ( #8474, #5392, #9248, #2723 ) ) ;
#8595 = DIRECTION ( 'NONE',  ( 0.6324453755953708400, 0.0000000000000000000, -0.7746049618276598100 ) ) ;
#8596 = VECTOR ( 'NONE', #5580, 39.37007874015748100 ) ;
#8597 = DIRECTION ( 'NONE',  ( -0.6631226582408013000, 0.0000000000000000000, -0.7485107481710957500 ) ) ;
#8598 = ORIENTED_EDGE ( 'NONE', *, *, #3232, .T. ) ;
#8599 = ORIENTED_EDGE ( 'NONE', *, *, #1308, .F. ) ;
#8600 = CARTESIAN_POINT ( 'NONE',  ( 0.6492264430989030900, 0.0000000000000000000, 0.6235904630293402900 ) ) ;
#8601 = EDGE_LOOP ( 'NONE', ( #7870, #1905, #3144, #7462 ) ) ;
#8602 = CARTESIAN_POINT ( 'NONE',  ( -0.1444022350281443100, 0.0000000000000000000, 0.8885426464266511500 ) ) ;
#8603 = AXIS2_PLACEMENT_3D ( 'NONE', #10009, #2739, #5134 ) ;
#8604 = EDGE_CURVE ( 'NONE', #353, #4666, #5083, .T. ) ;
#8605 = DIRECTION ( 'NONE',  ( -0.9034504346103775500, 0.0000000000000000000, 0.4286925614030642200 ) ) ;
#8606 = ORIENTED_EDGE ( 'NONE', *, *, #1388, .T. ) ;
#8607 = AXIS2_PLACEMENT_3D ( 'NONE', #7266, #2467, #7236 ) ;
#8608 = CIRCLE ( 'NONE', #3531, 0.03906250000000004900 ) ;
#8609 = ORIENTED_EDGE ( 'NONE', *, *, #2777, .F. ) ;
#8610 = CARTESIAN_POINT ( 'NONE',  ( -0.8417016216654136200, 0.0000000000000000000, -0.3192153193156827000 ) ) ;
#8611 = ORIENTED_EDGE ( 'NONE', *, *, #3478, .T. ) ;
#8612 = CARTESIAN_POINT ( 'NONE',  ( 0.6014979441984805700, 0.0000000000000000000, -0.3472750000000030000 ) ) ;
#8613 = ORIENTED_EDGE ( 'NONE', *, *, #10410, .F. ) ;
#8614 = MANIFOLD_SOLID_BREP ( 'CirPattern1[6]', #4810 ) ;
#8615 = DIRECTION ( 'NONE',  ( 0.8229838658936575700, 0.0000000000000000000, 0.5680647467311541500 ) ) ;
#8616 = LOCAL_TIME ( 9, 36, 49.00000000000000000, #3274 ) ;
#8617 = DIRECTION ( 'NONE',  ( -0.6007422642379800500, 0.0000000000000000000, -0.7994427634035002900 ) ) ;
#8618 = CARTESIAN_POINT ( 'NONE',  ( 0.7630401052466563300, 0.0000000000000000000, 0.4792240777459140200 ) ) ;
#8619 = ORIENTED_EDGE ( 'NONE', *, *, #7576, .T. ) ;
#8620 = FACE_OUTER_BOUND ( 'NONE', #7221, .T. ) ;
#8621 = VERTEX_POINT ( 'NONE', #9009 ) ;
#8622 = DIRECTION ( 'NONE',  ( -0.7994427634035086200, 0.0000000000000000000, -0.6007422642379689500 ) ) ;
#8623 = ORIENTED_EDGE ( 'NONE', *, *, #3312, .F. ) ;
#8624 = PLANE ( 'NONE',  #2067 ) ;
#8625 = MANIFOLD_SOLID_BREP ( 'CirPattern1[21]', #6950 ) ;
#8626 = EDGE_CURVE ( 'NONE', #3405, #6312, #3947, .T. ) ;
#8627 = CARTESIAN_POINT ( 'NONE',  ( 0.5716215590217247300, -0.01953125000000015600, -0.6962422297169719200 ) ) ;
#8628 = LINE ( 'NONE', #1799, #6710 ) ;
#8629 = ORIENTED_EDGE ( 'NONE', *, *, #6156, .F. ) ;
#8630 = CIRCLE ( 'NONE', #7067, 0.9687500000000001100 ) ;
#8631 = EDGE_LOOP ( 'NONE', ( #1537, #1837 ) ) ;
#8632 = CARTESIAN_POINT ( 'NONE',  ( 0.4481108989636878900, 0.0000000000000000000, -0.7817176863396440000 ) ) ;
#8633 = EDGE_LOOP ( 'NONE', ( #6990, #2738, #7065, #1864, #5829 ) ) ;
#8634 = ADVANCED_FACE ( 'NONE', ( #1057 ), #9417, .T. ) ;
#8635 = DIRECTION ( 'NONE',  ( 0.9991889981715695900, 0.0000000000000000000, -0.04026594010941867600 ) ) ;
#8636 = DIRECTION ( 'NONE',  ( 0.9870502626379128500, 0.0000000000000000000, -0.1604112808577605700 ) ) ;
#8637 = VECTOR ( 'NONE', #786, 39.37007874015748900 ) ;
#8638 = ORIENTED_EDGE ( 'NONE', *, *, #4620, .T. ) ;
#8639 = FACE_OUTER_BOUND ( 'NONE', #1878, .T. ) ;
#8640 = EDGE_CURVE ( 'NONE', #4575, #508, #7912, .T. ) ;
#8641 = ORIENTED_EDGE ( 'NONE', *, *, #7241, .T. ) ;
#8642 = DIRECTION ( 'NONE',  ( 0.7746049618276514800, 0.0000000000000000000, -0.6324453755953809400 ) ) ;
#8643 = CARTESIAN_POINT ( 'NONE',  ( -0.1448046942703944400, -0.01953125000000015600, 0.6801291878731167100 ) ) ;
#8644 = ORIENTED_EDGE ( 'NONE', *, *, #2359, .F. ) ;
#8645 = AXIS2_PLACEMENT_3D ( 'NONE', #595, #5378, #5420 ) ;
#8646 = DIRECTION ( 'NONE',  ( -0.9350162426854181600, 0.0000000000000000000, -0.3546048870425268000 ) ) ;
#8647 = ORIENTED_EDGE ( 'NONE', *, *, #3903, .F. ) ;
#8648 = ORIENTED_EDGE ( 'NONE', *, *, #717, .T. ) ;
#8649 = FACE_OUTER_BOUND ( 'NONE', #496, .T. ) ;
#8650 = CARTESIAN_POINT ( 'NONE',  ( 0.8936365284630687400, -0.01953125000000016700, 0.1085071195658390300 ) ) ;
#8651 = DIRECTION ( 'NONE',  ( -0.2782174639164499100, 0.0000000000000000000, 0.9605181116313730200 ) ) ;
#8652 = DIRECTION ( 'NONE',  ( 0.04026594010941867600, 0.0000000000000000000, 0.9991889981715695900 ) ) ;
#8653 = AXIS2_PLACEMENT_3D ( 'NONE', #10282, #5415, #2238 ) ;
#8654 = EDGE_CURVE ( 'NONE', #4253, #8465, #5484, .T. ) ;
#8655 = DIRECTION ( 'NONE',  ( -0.9797906520422696700, 0.0000000000000000000, -0.2000256937760349900 ) ) ;
#8656 = DIRECTION ( 'NONE',  ( 0.9034504346103832100, 0.0000000000000000000, 0.4286925614030519500 ) ) ;
#8658 = DIRECTION ( 'NONE',  ( -0.4647231720437573500, 0.0000000000000000000, 0.8854560256532157900 ) ) ;
#8657 = LINE ( 'NONE', #6353, #4318 ) ;
#8659 = DIRECTION ( 'NONE',  ( 0.7485107481711046300, 0.0000000000000000000, 0.6631226582407912000 ) ) ;
#8660 = FACE_OUTER_BOUND ( 'NONE', #7613, .T. ) ;
#8661 = CARTESIAN_POINT ( 'NONE',  ( -0.7626815098190914400, -0.01953125000000015600, -0.4793968749999928900 ) ) ;
#8663 = DIRECTION ( 'NONE',  ( -0.2000256937760469500, 0.0000000000000000000, -0.9797906520422671200 ) ) ;
#8662 = AXIS2_PLACEMENT_3D ( 'NONE', #5759, #6565, #5034 ) ;
#8664 = DIRECTION ( 'NONE',  ( -0.7746049618276598100, 0.0000000000000000000, -0.6324453755953708400 ) ) ;
#8665 = VECTOR ( 'NONE', #6850, 39.37007874015748100 ) ;
#8666 = EDGE_CURVE ( 'NONE', #10238, #4455, #3575, .T. ) ;
#8667 = CARTESIAN_POINT ( 'NONE',  ( -0.5969430169483694900, 0.0000000000000000000, -0.6738093755036204100 ) ) ;
#8668 = FACE_OUTER_BOUND ( 'NONE', #3538, .T. ) ;
#8669 = FACE_OUTER_BOUND ( 'NONE', #10235, .T. ) ;
#8670 = DIRECTION ( 'NONE',  ( -0.7212024473438066700, 0.0000000000000000000, 0.6927243535096077000 ) ) ;
#8671 = ORIENTED_EDGE ( 'NONE', *, *, #7345, .T. ) ;
#8672 = EDGE_CURVE ( 'NONE', #2317, #16, #9799, .T. ) ;
#8673 = DIRECTION ( 'NONE',  ( 0.3919666098600698100, 0.0000000000000000000, -0.9199794436588264500 ) ) ;
#8674 = VECTOR ( 'NONE', #8274, 39.37007874015748100 ) ;
#8675 = FACE_OUTER_BOUND ( 'NONE', #2755, .T. ) ;
#8676 = CIRCLE ( 'NONE', #2746, 0.03906249999999999300 ) ;
#8677 = PLANE ( 'NONE',  #4419 ) ;
#8678 = DIRECTION ( 'NONE',  ( -0.9797906520422696700, 0.0000000000000000000, -0.2000256937760349900 ) ) ;
#8679 = EDGE_CURVE ( 'NONE', #8733, #3731, #7654, .T. ) ;
#8680 = ORIENTED_EDGE ( 'NONE', *, *, #2264, .F. ) ;
#8681 = ADVANCED_FACE ( 'NONE', ( #7262 ), #7377, .T. ) ;
#8682 = CARTESIAN_POINT ( 'NONE',  ( 0.5407881862670297400, 0.0000000000000000000, 0.7196583756158310100 ) ) ;
#8683 = DIRECTION ( 'NONE',  ( -0.7212024473438066700, 0.0000000000000000000, 0.6927243535096077000 ) ) ;
#8684 = VECTOR ( 'NONE', #1873, 39.37007874015748100 ) ;
#8685 = CARTESIAN_POINT ( 'NONE',  ( 0.7600648184867496700, 0.0000000000000000000, -0.4839291173353333400 ) ) ;
#8686 = CIRCLE ( 'NONE', #852, 0.03906250000000004900 ) ;
#8687 = DIRECTION ( 'NONE',  ( -0.04026594010940537400, 0.0000000000000000000, 0.9991889981715699200 ) ) ;
#8688 = ORIENTED_EDGE ( 'NONE', *, *, #3347, .T. ) ;
#8689 = CARTESIAN_POINT ( 'NONE',  ( -0.3217262496504206800, -0.01953125000000016700, -0.8414253796181592200 ) ) ;
#8690 = DIRECTION ( 'NONE',  ( 0.7212024473438157800, 0.0000000000000000000, 0.6927243535095981600 ) ) ;
#8691 = AXIS2_PLACEMENT_3D ( 'NONE', #1190, #1999, #9318 ) ;
#8692 = FACE_OUTER_BOUND ( 'NONE', #5120, .T. ) ;
#8693 = CARTESIAN_POINT ( 'NONE',  ( -0.8981077749414690900, 0.01953124999999986500, -0.07004908114580329900 ) ) ;
#8694 = ORIENTED_EDGE ( 'NONE', *, *, #6067, .T. ) ;
#8695 = VECTOR ( 'NONE', #3655, 39.37007874015748900 ) ;
#8696 = DIRECTION ( 'NONE',  ( -0.9709418174260502400, 0.0000000000000000000, 0.2393156642875649600 ) ) ;
#8697 = AXIS2_PLACEMENT_3D ( 'NONE', #9894, #5059, #1918 ) ;
#8698 = EDGE_CURVE ( 'NONE', #392, #4260, #1929, .T. ) ;
#8699 = ORIENTED_EDGE ( 'NONE', *, *, #838, .T. ) ;
#8700 = ORIENTED_EDGE ( 'NONE', *, *, #7914, .F. ) ;
#8701 = ORIENTED_EDGE ( 'NONE', *, *, #5999, .F. ) ;
#8702 = EDGE_LOOP ( 'NONE', ( #3230, #4662, #7878, #10066 ) ) ;
#8703 = DIRECTION ( 'NONE',  ( 0.2000256937760482600, 0.0000000000000000000, 0.9797906520422667900 ) ) ;
#8704 = CARTESIAN_POINT ( 'NONE',  ( 0.6222644748749960300, 0.01953124999999986500, -0.6513765212902850000 ) ) ;
#8705 = FACE_OUTER_BOUND ( 'NONE', #3045, .T. ) ;
#8706 = EDGE_LOOP ( 'NONE', ( #3761, #8087, #4876, #7588 ) ) ;
#8707 = CIRCLE ( 'NONE', #1053, 0.03906250000000005600 ) ;
#8708 = ORIENTED_EDGE ( 'NONE', *, *, #3426, .F. ) ;
#8709 = DIRECTION ( 'NONE',  ( -0.9350162426854181600, 0.0000000000000000000, -0.3546048870425268000 ) ) ;
#8710 = EDGE_LOOP ( 'NONE', ( #257, #3398, #518, #2600 ) ) ;
#8711 = VERTEX_POINT ( 'NONE', #5025 ) ;
#8712 = DIRECTION ( 'NONE',  ( -0.9350162426854181600, 0.0000000000000000000, -0.3546048870425268000 ) ) ;
#8713 = AXIS2_PLACEMENT_3D ( 'NONE', #206, #1158, #10004 ) ;
#8714 = EDGE_CURVE ( 'NONE', #7362, #9740, #5850, .T. ) ;
#8715 = DIRECTION ( 'NONE',  ( -0.3546048870425280700, 0.0000000000000000000, 0.9350162426854177200 ) ) ;
#8716 = VECTOR ( 'NONE', #4122, 39.37007874015748900 ) ;
#8717 = ORIENTED_EDGE ( 'NONE', *, *, #5784, .F. ) ;
#8718 = CYLINDRICAL_SURFACE ( 'NONE', #8572, 0.03906250000000008300 ) ;
#8719 = VERTEX_POINT ( 'NONE', #4175 ) ;
#8720 = PLANE ( 'NONE',  #5167 ) ;
#8721 = ORIENTED_EDGE ( 'NONE', *, *, #7241, .F. ) ;
#8722 = CARTESIAN_POINT ( 'NONE',  ( -0.6894859485048029400, 0.0000000000000000000, 0.08371875127134212300 ) ) ;
#8723 = ORIENTED_EDGE ( 'NONE', *, *, #10157, .F. ) ;
#8724 = ADVANCED_FACE ( 'NONE', ( #9549 ), #5480, .T. ) ;
#8725 = CARTESIAN_POINT ( 'NONE',  ( -0.8646584040905587200, 0.0000000000000000000, 0.2504513610176001800 ) ) ;
#8726 = ORIENTED_EDGE ( 'NONE', *, *, #4453, .F. ) ;
#8727 = DIRECTION ( 'NONE',  ( -0.2393156642875647600, 0.0000000000000000000, -0.9709418174260503500 ) ) ;
#8728 = CARTESIAN_POINT ( 'NONE',  ( -0.5969430169483694900, 0.01953124999999987900, -0.6738093755036204100 ) ) ;
#8729 = LINE ( 'NONE', #7824, #9101 ) ;
#8730 = EDGE_CURVE ( 'NONE', #2487, #5005, #9793, .T. ) ;
#8731 = VERTEX_POINT ( 'NONE', #2625 ) ;
#8732 = AXIS2_PLACEMENT_3D ( 'NONE', #3092, #9575, #2290 ) ;
#8733 = VERTEX_POINT ( 'NONE', #5881 ) ;
#8734 = DIRECTION ( 'NONE',  ( -0.3546048870425268000, 0.0000000000000000000, 0.9350162426854181600 ) ) ;
#8735 = ORIENTED_EDGE ( 'NONE', *, *, #9321, .T. ) ;
#8736 = DIRECTION ( 'NONE',  ( 0.9199794436588264500, 0.0000000000000000000, 0.3919666098600698100 ) ) ;
#8737 = DIRECTION ( 'NONE',  ( -0.9199794436588212300, 0.0000000000000000000, 0.3919666098600823000 ) ) ;
#8738 = EDGE_CURVE ( 'NONE', #4925, #3757, #5730, .T. ) ;
#8739 = ADVANCED_FACE ( 'NONE', ( #8528 ), #6348, .T. ) ;
#8740 = CARTESIAN_POINT ( 'NONE',  ( 0.8994699361540469100, 0.0000000000000000000, -0.03624739928649869200 ) ) ;
#8741 = APPROVAL_DATE_TIME ( #386, #6291 ) ;
#8742 = ORIENTED_EDGE ( 'NONE', *, *, #865, .T. ) ;
#8743 = FACE_OUTER_BOUND ( 'NONE', #2672, .T. ) ;
#8744 = ORIENTED_EDGE ( 'NONE', *, *, #5832, .T. ) ;
#8745 = DIRECTION ( 'NONE',  ( 0.9870502626379126200, 0.0000000000000000000, -0.1604112808577617400 ) ) ;
#8746 = VERTEX_POINT ( 'NONE', #1166 ) ;
#8747 = EDGE_CURVE ( 'NONE', #3023, #3522, #7644, .T. ) ;
#8748 = CARTESIAN_POINT ( 'NONE',  ( -0.5716034440564348200, 0.0000000000000000000, 0.3945493698421307900 ) ) ;
#8749 = LINE ( 'NONE', #7753, #5696 ) ;
#8750 = ORIENTED_EDGE ( 'NONE', *, *, #9043, .T. ) ;
#8751 = FACE_BOUND ( 'NONE', #237, .T. ) ;
#8752 = CARTESIAN_POINT ( 'NONE',  ( 0.0000000000000000000, 0.0000000000000000000, 0.6945500000000002200 ) ) ;
#8753 = ORIENTED_EDGE ( 'NONE', *, *, #5728, .T. ) ;
#8754 = VERTEX_POINT ( 'NONE', #4249 ) ;
#8755 = DIRECTION ( 'NONE',  ( -0.8660254037844362700, 0.0000000000000000000, 0.5000000000000041100 ) ) ;
#8756 = LINE ( 'NONE', #8079, #8506 ) ;
#8757 = CARTESIAN_POINT ( 'NONE',  ( -0.3839704347416718100, 0.01953124999999986500, -0.8149056107451829700 ) ) ;
#8758 = ORIENTED_EDGE ( 'NONE', *, *, #7544, .T. ) ;
#8759 = CIRCLE ( 'NONE', #1827, 0.03906249999999998600 ) ;
#8760 = ORIENTED_EDGE ( 'NONE', *, *, #6945, .T. ) ;
#8761 = VERTEX_POINT ( 'NONE', #9971 ) ;
#8762 = DIRECTION ( 'NONE',  ( -0.9927088740980526400, 0.0000000000000000000, 0.1205366802553337900 ) ) ;
#8763 = CARTESIAN_POINT ( 'NONE',  ( 0.6926245574674849700, 0.01953124999999993400, -0.06176839056231334800 ) ) ;
#8764 = AXIS2_PLACEMENT_3D ( 'NONE', #326, #6789, #10020 ) ;
#8765 = EDGE_CURVE ( 'NONE', #7837, #4918, #2319, .T. ) ;
#8766 = CARTESIAN_POINT ( 'NONE',  ( -0.8132860812362620000, 0.0000000000000000000, 0.3859090437750384800 ) ) ;
#8767 = ORIENTED_EDGE ( 'NONE', *, *, #4464, .T. ) ;
#8768 = FACE_OUTER_BOUND ( 'NONE', #3633, .T. ) ;
#8769 = DIRECTION ( 'NONE',  ( 0.5680647467311655800, 0.0000000000000000000, 0.8229838658936496900 ) ) ;
#8770 = ORIENTED_EDGE ( 'NONE', *, *, #4445, .T. ) ;
#8771 = CARTESIAN_POINT ( 'NONE',  ( 7.666288962662432600E-017, 0.01953124999999987900, 0.6260000000000001100 ) ) ;
#8772 = FACE_OUTER_BOUND ( 'NONE', #2477, .T. ) ;
#8773 = CARTESIAN_POINT ( 'NONE',  ( -0.7795960684867560000, 0.0000000000000000000, -0.4500999999999928400 ) ) ;
#8774 = CARTESIAN_POINT ( 'NONE',  ( 0.03350017280979821600, 0.0000000000000000000, -0.9004241541229132100 ) ) ;
#8775 = CARTESIAN_POINT ( 'NONE',  ( -0.02216863537048727200, 0.01953124999999988900, -0.6950199013593051400 ) ) ;
#8776 = VERTEX_POINT ( 'NONE', #7607 ) ;
#8777 = AXIS2_PLACEMENT_3D ( 'NONE', #9638, #7288, #4802 ) ;
#8778 = EDGE_CURVE ( 'NONE', #7256, #3048, #9022, .T. ) ;
#8779 = ORIENTED_EDGE ( 'NONE', *, *, #8626, .F. ) ;
#8780 = DIRECTION ( 'NONE',  ( 0.5344658261277963600, 0.0000000000000000000, -0.8451900855437977100 ) ) ;
#8781 = CIRCLE ( 'NONE', #10432, 0.03906250000000003500 ) ;
#8782 = DIRECTION ( 'NONE',  ( -0.2000256937760469500, 0.0000000000000000000, -0.9797906520422671200 ) ) ;
#8783 = AXIS2_PLACEMENT_3D ( 'NONE', #8752, #4766, #5589 ) ;
#8784 = CARTESIAN_POINT ( 'NONE',  ( 0.05588805530219750200, 0.0000000000000000000, -0.6922977883646160800 ) ) ;
#8785 = ADVANCED_FACE ( 'NONE', ( #5207 ), #2685, .T. ) ;
#8786 = CYLINDRICAL_SURFACE ( 'NONE', #2146, 0.03906250000000004200 ) ;
#8787 = VECTOR ( 'NONE', #3323, 39.37007874015748900 ) ;
#8788 = EDGE_CURVE ( 'NONE', #279, #6179, #2064, .T. ) ;
#8789 = CARTESIAN_POINT ( 'NONE',  ( -0.3998052741115871700, -0.01953125000000015600, -0.5689462667706384200 ) ) ;
#8790 = AXIS2_PLACEMENT_3D ( 'NONE', #1281, #2961, #9448 ) ;
#8791 = EDGE_CURVE ( 'NONE', #7396, #1154, #4456, .T. ) ;
#8792 = CARTESIAN_POINT ( 'NONE',  ( 0.8297056513339657900, 0.01953124999999986500, -0.3508460934999379500 ) ) ;
#8793 = CARTESIAN_POINT ( 'NONE',  ( -0.4738516147436721000, 0.0000000000000000000, 0.5093036703294655500 ) ) ;
#8795 = FACE_OUTER_BOUND ( 'NONE', #5929, .T. ) ;
#8794 = DIRECTION ( 'NONE',  ( 0.2393156642875516300, 0.0000000000000000000, -0.9709418174260535700 ) ) ;
#8796 = VECTOR ( 'NONE', #1758, 39.37007874015748900 ) ;
#8797 = FACE_OUTER_BOUND ( 'NONE', #9505, .T. ) ;
#8798 = AXIS2_PLACEMENT_3D ( 'NONE', #5608, #749, #1601 ) ;
#8799 = VERTEX_POINT ( 'NONE', #1024 ) ;
#8800 = DIRECTION ( 'NONE',  ( -0.8451900855437899400, 0.0000000000000000000, 0.5344658261278086900 ) ) ;
#8801 = EDGE_CURVE ( 'NONE', #315, #5036, #3813, .T. ) ;
#8802 = AXIS2_PLACEMENT_3D ( 'NONE', #9746, #6443, #1590 ) ;
#8803 = DIRECTION ( 'NONE',  ( 0.9485364419471495900, 0.0000000000000000000, 0.3166679938014603800 ) ) ;
#8804 = DIRECTION ( 'NONE',  ( 0.7746049618276514800, 0.0000000000000000000, -0.6324453755953809400 ) ) ;
#8805 = FACE_OUTER_BOUND ( 'NONE', #10120, .T. ) ;
#8806 = CARTESIAN_POINT ( 'NONE',  ( -0.07243600515880298200, 0.0000000000000000000, -0.8972809287824155000 ) ) ;
#8807 = ORIENTED_EDGE ( 'NONE', *, *, #9649, .F. ) ;
#8808 = MANIFOLD_SOLID_BREP ( 'CirPattern1[3]', #9346 ) ;
#8809 = VECTOR ( 'NONE', #3991, 39.37007874015748900 ) ;
#8810 = DIRECTION ( 'NONE',  ( 0.04026594010941867600, 0.0000000000000000000, 0.9991889981715695900 ) ) ;
#8811 = DIRECTION ( 'NONE',  ( -0.9709418174260536800, 0.0000000000000000000, -0.2393156642875511300 ) ) ;
#8812 = ORIENTED_EDGE ( 'NONE', *, *, #9614, .F. ) ;
#8813 = FACE_OUTER_BOUND ( 'NONE', #9843, .T. ) ;
#8814 = ORIENTED_EDGE ( 'NONE', *, *, #8988, .T. ) ;
#8815 = ORIENTED_EDGE ( 'NONE', *, *, #5944, .T. ) ;
#8816 = ORIENTED_EDGE ( 'NONE', *, *, #4, .T. ) ;
#8817 = EDGE_CURVE ( 'NONE', #4364, #4532, #3076, .T. ) ;
#8818 = CARTESIAN_POINT ( 'NONE',  ( 0.2482780656591381000, -0.01953125000000015600, -0.8659459863595676500 ) ) ;
#8819 = VECTOR ( 'NONE', #3126, 39.37007874015748100 ) ;
#8820 = ORIENTED_EDGE ( 'NONE', *, *, #6176, .T. ) ;
#8821 = CARTESIAN_POINT ( 'NONE',  ( -0.4172455396264814800, 0.0000000000000000000, 0.5552529713219071000 ) ) ;
#8822 = VECTOR ( 'NONE', #2066, 39.37007874015747400 ) ;
#8823 = ORIENTED_EDGE ( 'NONE', *, *, #10073, .T. ) ;
#8824 = ORIENTED_EDGE ( 'NONE', *, *, #5887, .T. ) ;
#8825 = ORIENTED_EDGE ( 'NONE', *, *, #7983, .F. ) ;
#8826 = DIRECTION ( 'NONE',  ( 0.7994427634035089500, 0.0000000000000000000, 0.6007422642379686200 ) ) ;
#8827 = VECTOR ( 'NONE', #9673, 39.37007874015748100 ) ;
#8828 = DIRECTION ( 'NONE',  ( 0.9485364419471457000, 0.0000000000000000000, -0.3166679938014719800 ) ) ;
#8829 = CARTESIAN_POINT ( 'NONE',  ( 0.1662166946309190400, 0.0000000000000000000, -0.6743676392932657100 ) ) ;
#8830 = ORIENTED_EDGE ( 'NONE', *, *, #3298, .T. ) ;
#8831 = ADVANCED_FACE ( 'NONE', ( #3310 ), #700, .T. ) ;
#8832 = DIRECTION ( 'NONE',  ( -0.2393156642875647600, 0.0000000000000000000, -0.9709418174260503500 ) ) ;
#8833 = AXIS2_PLACEMENT_3D ( 'NONE', #4537, #1361, #4645 ) ;
#8834 = EDGE_CURVE ( 'NONE', #4826, #3486, #1183, .T. ) ;
#8835 = VECTOR ( 'NONE', #7018, 39.37007874015748900 ) ;
#8836 = ORIENTED_EDGE ( 'NONE', *, *, #3622, .F. ) ;
#8837 = EDGE_LOOP ( 'NONE', ( #8108, #282, #8438, #8609 ) ) ;
#8838 = DIRECTION ( 'NONE',  ( 0.5344658261277963600, 0.0000000000000000000, -0.8451900855437977100 ) ) ;
#8839 = ORIENTED_EDGE ( 'NONE', *, *, #5538, .F. ) ;
#8840 = AXIS2_PLACEMENT_3D ( 'NONE', #2062, #10173, #10057 ) ;
#8841 = CARTESIAN_POINT ( 'NONE',  ( 0.7408500760774706700, 0.0000000000000000000, 0.5113718850073850600 ) ) ;
#8842 = ORIENTED_EDGE ( 'NONE', *, *, #4021, .T. ) ;
#8843 = FACE_OUTER_BOUND ( 'NONE', #5528, .T. ) ;
#8844 = EDGE_LOOP ( 'NONE', ( #5659, #2307, #9121, #10383 ) ) ;
#8845 = ORIENTED_EDGE ( 'NONE', *, *, #6399, .F. ) ;
#8846 = PLANE ( 'NONE',  #248 ) ;
#8847 = ORIENTED_EDGE ( 'NONE', *, *, #7651, .T. ) ;
#8848 = AXIS2_PLACEMENT_3D ( 'NONE', #6283, #7864, #7112 ) ;
#8849 = EDGE_CURVE ( 'NONE', #4181, #3734, #10042, .T. ) ;
#8850 = CARTESIAN_POINT ( 'NONE',  ( -0.3902010965804239000, 0.01953124999999989900, 0.5755755518671050700 ) ) ;
#8851 = ORIENTED_EDGE ( 'NONE', *, *, #7108, .T. ) ;
#8852 = CIRCLE ( 'NONE', #8234, 0.03906250000000004200 ) ;
#8853 = VERTEX_POINT ( 'NONE', #4392 ) ;
#8854 = PLANE ( 'NONE',  #58 ) ;
#8855 = ORIENTED_EDGE ( 'NONE', *, *, #6047, .F. ) ;
#8856 = ORIENTED_EDGE ( 'NONE', *, *, #1583, .T. ) ;
#8857 = CARTESIAN_POINT ( 'NONE',  ( 0.8297056513339657900, -0.01953125000000015600, -0.3508460934999378400 ) ) ;
#8858 = CARTESIAN_POINT ( 'NONE',  ( 0.1662166946309190400, 0.0000000000000000000, -0.6743676392932657100 ) ) ;
#8859 = AXIS2_PLACEMENT_3D ( 'NONE', #6074, #1131, #2779 ) ;
#8860 = PLANE ( 'NONE',  #8292 ) ;
#8861 = CARTESIAN_POINT ( 'NONE',  ( 0.7795960684867498900, 0.0000000000000000000, -0.4501000000000037700 ) ) ;
#8862 = CALENDAR_DATE ( 2022, 25, 5 ) ;
#8863 = EDGE_CURVE ( 'NONE', #4500, #1279, #1677, .T. ) ;
#8864 = VERTEX_POINT ( 'NONE', #7494 ) ;
#8865 = AXIS2_PLACEMENT_3D ( 'NONE', #5018, #6550, #4197 ) ;
#8866 = FACE_BOUND ( 'NONE', #7941, .T. ) ;
#8867 = ORIENTED_EDGE ( 'NONE', *, *, #7228, .T. ) ;
#8868 = ORIENTED_EDGE ( 'NONE', *, *, #6354, .T. ) ;
#8869 = DIRECTION ( 'NONE',  ( -0.5680647467311541500, 0.0000000000000000000, 0.8229838658936574600 ) ) ;
#8870 = EDGE_CURVE ( 'NONE', #1023, #6322, #9277, .T. ) ;
#8871 = CARTESIAN_POINT ( 'NONE',  ( -0.03906250000000003500, 4.783776559169353300E-018, 0.9002000000000001100 ) ) ;
#8872 = VECTOR ( 'NONE', #959, 39.37007874015747400 ) ;
#8873 = EDGE_LOOP ( 'NONE', ( #617, #10077, #1795, #6795 ) ) ;
#8874 = VECTOR ( 'NONE', #1923, 39.37007874015748900 ) ;
#8875 = AXIS2_PLACEMENT_3D ( 'NONE', #1626, #1693, #3314 ) ;
#8876 = VERTEX_POINT ( 'NONE', #1963 ) ;
#8877 = EDGE_CURVE ( 'NONE', #6803, #7685, #435, .T. ) ;
#8878 = ORIENTED_EDGE ( 'NONE', *, *, #5150, .F. ) ;
#8879 = DIRECTION ( 'NONE',  ( 0.8660254037844362700, 0.0000000000000000000, -0.5000000000000040000 ) ) ;
#8880 = CARTESIAN_POINT ( 'NONE',  ( -0.6805135973759587300, 0.0000000000000000000, -0.1389278456121451600 ) ) ;
#8882 = DIRECTION ( 'NONE',  ( 0.7485107481710956400, 0.0000000000000000000, -0.6631226582408011900 ) ) ;
#8881 = CARTESIAN_POINT ( 'NONE',  ( -0.7965106271544205600, 0.01953124999999986500, -0.4208031249999926200 ) ) ;
#8883 = CIRCLE ( 'NONE', #6110, 0.03906250000000003500 ) ;
#8884 = ORIENTED_EDGE ( 'NONE', *, *, #804, .F. ) ;
#8885 = DIRECTION ( 'NONE',  ( -0.9709418174260535700, 0.0000000000000000000, -0.2393156642875516300 ) ) ;
#8886 = VECTOR ( 'NONE', #7740, 39.37007874015748100 ) ;
#8887 = ADVANCED_FACE ( 'NONE', ( #2815 ), #2147, .F. ) ;
#8888 = ORIENTED_EDGE ( 'NONE', *, *, #838, .F. ) ;
#8889 = AXIS2_PLACEMENT_3D ( 'NONE', #646, #6273, #9552 ) ;
#8890 = VERTEX_POINT ( 'NONE', #6892 ) ;
#8891 = CARTESIAN_POINT ( 'NONE',  ( 0.6894859485048038300, 0.01953124999999988900, 0.08371875127133247800 ) ) ;
#8892 = VERTEX_POINT ( 'NONE', #6069 ) ;
#8893 = DIRECTION ( 'NONE',  ( -0.7212024473438064500, 0.0000000000000000000, 0.6927243535096075900 ) ) ;
#8894 = EDGE_LOOP ( 'NONE', ( #2289, #9779, #4875, #2556 ) ) ;
#8895 = DIRECTION ( 'NONE',  ( 0.3166679938014603800, -0.0000000000000000000, -0.9485364419471495900 ) ) ;
#8896 = VECTOR ( 'NONE', #9280, 39.37007874015747400 ) ;
#8897 = AXIS2_PLACEMENT_3D ( 'NONE', #6860, #10044, #6071 ) ;
#8898 = EDGE_CURVE ( 'NONE', #1589, #2899, #46, .T. ) ;
#8899 = DIRECTION ( 'NONE',  ( 0.5680647467311643600, 0.0000000000000000000, 0.8229838658936504700 ) ) ;
#8900 = DIRECTION ( 'NONE',  ( -0.7746049618276598100, 0.0000000000000000000, -0.6324453755953708400 ) ) ;
#8901 = CARTESIAN_POINT ( 'NONE',  ( 0.6779957241178068400, 0.0000000000000000000, 0.1557157008275698600 ) ) ;
#8902 = DIRECTION ( 'NONE',  ( 0.5000000000000041100, 0.0000000000000000000, 0.8660254037844363800 ) ) ;
#8903 = VECTOR ( 'NONE', #1126, 39.37007874015748900 ) ;
#8904 = CYLINDRICAL_SURFACE ( 'NONE', #3220, 0.03906249999999995800 ) ;
#8905 = DIRECTION ( 'NONE',  ( -0.6631226582407912000, -0.0000000000000000000, 0.7485107481711046300 ) ) ;
#8906 = CARTESIAN_POINT ( 'NONE',  ( 0.6972993866372522200, 0.0000000000000000000, -0.5693273271109621200 ) ) ;
#8907 = EDGE_CURVE ( 'NONE', #9742, #2052, #7905, .T. ) ;
#8908 = ADVANCED_FACE ( 'NONE', ( #2557 ), #8031, .F. ) ;
#8909 = CIRCLE ( 'NONE', #2272, 0.03906250000000003500 ) ;
#8910 = LINE ( 'NONE', #10446, #4732 ) ;
#8911 = DIRECTION ( 'NONE',  ( -0.7212024473438066700, 0.0000000000000000000, 0.6927243535096077000 ) ) ;
#8912 = FACE_BOUND ( 'NONE', #2736, .T. ) ;
#8914 = DIRECTION ( 'NONE',  ( 0.9350162426854132800, 0.0000000000000000000, -0.3546048870425393400 ) ) ;
#8913 = DIRECTION ( 'NONE',  ( -0.9605181116313692400, 0.0000000000000000000, 0.2782174639164631800 ) ) ;
#8915 = DIRECTION ( 'NONE',  ( 0.7746049618276514800, 0.0000000000000000000, -0.6324453755953809400 ) ) ;
#8916 = ORIENTED_EDGE ( 'NONE', *, *, #8953, .T. ) ;
#8917 = LINE ( 'NONE', #1220, #2450 ) ;
#8918 = EDGE_CURVE ( 'NONE', #1022, #7235, #4957, .T. ) ;
#8919 = CARTESIAN_POINT ( 'NONE',  ( -0.8820075449684513500, 0.0000000000000000000, -0.1800631295371867300 ) ) ;
#8920 = VECTOR ( 'NONE', #3456, 39.37007874015748900 ) ;
#8921 = AXIS2_PLACEMENT_3D ( 'NONE', #5052, #9202, #9164 ) ;
#8922 = CIRCLE ( 'NONE', #4427, 0.03906249999999995800 ) ;
#8923 = DIRECTION ( 'NONE',  ( 0.2000256937760482600, 0.0000000000000000000, 0.9797906520422667900 ) ) ;
#8924 = CARTESIAN_POINT ( 'NONE',  ( -0.5845833855308206800, -0.01953125000000009000, -0.3765718749999945600 ) ) ;
#8925 = VERTEX_POINT ( 'NONE', #6859 ) ;
#8926 = DIRECTION ( 'NONE',  ( -0.9927088740980526400, 0.0000000000000000000, 0.1205366802553337900 ) ) ;
#8927 = LINE ( 'NONE', #6798, #1085 ) ;
#8928 = DIRECTION ( 'NONE',  ( 0.5680647467311643600, 0.0000000000000000000, 0.8229838658936504700 ) ) ;
#8929 = FACE_OUTER_BOUND ( 'NONE', #1380, .T. ) ;
#8931 = CARTESIAN_POINT ( 'NONE',  ( 0.2529763774286201100, 0.01953124999999986500, 0.8645851037594740600 ) ) ;
#8930 = AXIS2_PLACEMENT_3D ( 'NONE', #456, #10249, #8652 ) ;
#8932 = ADVANCED_FACE ( 'NONE', ( #8273 ), #1430, .F. ) ;
#8933 = CARTESIAN_POINT ( 'NONE',  ( 0.8555533750655083300, 4.783776559169353300E-018, -0.2826912473357950400 ) ) ;
#8934 = EDGE_CURVE ( 'NONE', #7072, #8733, #7134, .T. ) ;
#8935 = ORIENTED_EDGE ( 'NONE', *, *, #883, .F. ) ;
#8936 = CARTESIAN_POINT ( 'NONE',  ( -0.5908205730276676600, -0.01953125000000013200, 0.3667085520777314000 ) ) ;
#8937 = VECTOR ( 'NONE', #850, 39.37007874015748100 ) ;
#8938 = ORIENTED_EDGE ( 'NONE', *, *, #5815, .T. ) ;
#8939 = CIRCLE ( 'NONE', #2864, 0.03906249999999998600 ) ;
#8940 = CARTESIAN_POINT ( 'NONE',  ( 0.4482979952608984700, 0.01953124999999987900, 0.7813663395775039000 ) ) ;
#8941 = ORIENTED_EDGE ( 'NONE', *, *, #7495, .T. ) ;
#8942 = VERTEX_POINT ( 'NONE', #10156 ) ;
#8943 = EDGE_LOOP ( 'NONE', ( #383, #5429, #2486, #723 ) ) ;
#8944 = CARTESIAN_POINT ( 'NONE',  ( -0.5009111598026411100, 0.0000000000000000000, 0.4811316997300981700 ) ) ;
#8946 = DIRECTION ( 'NONE',  ( -0.4647231720437694500, 0.0000000000000000000, -0.8854560256532094700 ) ) ;
#8945 = CARTESIAN_POINT ( 'NONE',  ( -0.4172455396264814800, 0.0000000000000000000, 0.5552529713219071000 ) ) ;
#8947 = LINE ( 'NONE', #4483, #4244 ) ;
#8948 = CARTESIAN_POINT ( 'NONE',  ( -0.3887850392139689000, 0.0000000000000000000, -0.8128542994840116700 ) ) ;
#8949 = ORIENTED_EDGE ( 'NONE', *, *, #668, .T. ) ;
#8950 = LINE ( 'NONE', #7127, #2485 ) ;
#8951 = ORIENTED_EDGE ( 'NONE', *, *, #8738, .T. ) ;
#8952 = AXIS2_PLACEMENT_3D ( 'NONE', #7538, #2678, #9155 ) ;
#8953 = EDGE_CURVE ( 'NONE', #9994, #3413, #6876, .T. ) ;
#8954 = ORIENTED_EDGE ( 'NONE', *, *, #1391, .T. ) ;
#8955 = DIRECTION ( 'NONE',  ( 0.6631226582407912000, 0.0000000000000000000, -0.7485107481711046300 ) ) ;
#8956 = ORIENTED_EDGE ( 'NONE', *, *, #8849, .T. ) ;
#8957 = CARTESIAN_POINT ( 'NONE',  ( -0.5716034440564348200, -0.01953125000000015600, 0.3945493698421307900 ) ) ;
#8958 = DIRECTION ( 'NONE',  ( -0.7485107481710965300, 0.0000000000000000000, 0.6631226582408003000 ) ) ;
#8959 = ADVANCED_FACE ( 'NONE', ( #168 ), #3610, .F. ) ;
#8960 = DIRECTION ( 'NONE',  ( 0.7212024473438065600, 0.0000000000000000000, -0.6927243535096077000 ) ) ;
#8961 = ORIENTED_EDGE ( 'NONE', *, *, #5215, .T. ) ;
#8962 = PLANE ( 'NONE',  #3198 ) ;
#8963 = CIRCLE ( 'NONE', #2527, 0.03906250000000004200 ) ;
#8964 = ORIENTED_EDGE ( 'NONE', *, *, #8469, .T. ) ;
#8965 = VERTEX_POINT ( 'NONE', #5239 ) ;
#8966 = DIRECTION ( 'NONE',  ( -0.7994427634035086200, 0.0000000000000000000, -0.6007422642379689500 ) ) ;
#8967 = CARTESIAN_POINT ( 'NONE',  ( -0.7795960684867560000, 0.0000000000000000000, -0.4500999999999928400 ) ) ;
#8968 = ORIENTED_EDGE ( 'NONE', *, *, #6389, .F. ) ;
#8969 = DIRECTION ( 'NONE',  ( 0.9797906520422669000, 0.0000000000000000000, -0.2000256937760482600 ) ) ;
#8970 = CARTESIAN_POINT ( 'NONE',  ( 0.8981077749414681000, -0.01953125000000016700, -0.07004908114581509500 ) ) ;
#8971 = AXIS2_PLACEMENT_3D ( 'NONE', #4968, #8215, #9834 ) ;
#8972 = EDGE_CURVE ( 'NONE', #9471, #1228, #2431, .T. ) ;
#8973 = VERTEX_POINT ( 'NONE', #434 ) ;
#8974 = LINE ( 'NONE', #404, #7589 ) ;
#8975 = ORIENTED_EDGE ( 'NONE', *, *, #3681, .T. ) ;
#8976 = CARTESIAN_POINT ( 'NONE',  ( -0.3381980018205147400, 4.783776559169353300E-018, -0.6079043452475574300 ) ) ;
#8977 = DIRECTION ( 'NONE',  ( -0.4999999999999923400, 0.0000000000000000000, 0.8660254037844431500 ) ) ;
#8978 = ORIENTED_EDGE ( 'NONE', *, *, #1946, .T. ) ;
#8979 = AXIS2_PLACEMENT_3D ( 'NONE', #9061, #3289, #6643 ) ;
#8980 = ORIENTED_EDGE ( 'NONE', *, *, #4495, .F. ) ;
#8981 = DIRECTION ( 'NONE',  ( 0.3166679938014731500, 0.0000000000000000000, 0.9485364419471452600 ) ) ;
#8982 = ORIENTED_EDGE ( 'NONE', *, *, #6686, .F. ) ;
#8983 = FACE_OUTER_BOUND ( 'NONE', #6140, .T. ) ;
#8984 = EDGE_CURVE ( 'NONE', #2596, #5553, #8781, .T. ) ;
#8985 = CARTESIAN_POINT ( 'NONE',  ( 0.6671278544335704800, 0.0000000000000000000, 0.1932359395631703900 ) ) ;
#8986 = ORIENTED_EDGE ( 'NONE', *, *, #6294, .F. ) ;
#8987 = AXIS2_PLACEMENT_3D ( 'NONE', #2991, #8670, #4698 ) ;
#8988 = EDGE_CURVE ( 'NONE', #1914, #6791, #10429, .T. ) ;
#8989 = ORIENTED_EDGE ( 'NONE', *, *, #6615, .F. ) ;
#8990 = ADVANCED_FACE ( 'NONE', ( #5982 ), #6106, .F. ) ;
#8991 = DIRECTION ( 'NONE',  ( 0.0000000000000000000, 6.136839043275350600E-017, -1.000000000000000000 ) ) ;
#8992 = ORIENTED_EDGE ( 'NONE', *, *, #3956, .F. ) ;
#8993 = FACE_BOUND ( 'NONE', #3013, .T. ) ;
#8994 = ORIENTED_EDGE ( 'NONE', *, *, #3047, .F. ) ;
#8995 = EDGE_LOOP ( 'NONE', ( #2287, #6605, #760, #5869 ) ) ;
#8996 = CARTESIAN_POINT ( 'NONE',  ( -0.5407881862670197400, 0.0000000000000000000, 0.7196583756158385600 ) ) ;
#8997 = AXIS2_PLACEMENT_3D ( 'NONE', #7374, #2519, #9033 ) ;
#8998 = EDGE_CURVE ( 'NONE', #5076, #4874, #4186, .T. ) ;
#8999 = ADVANCED_FACE ( 'NONE', ( #3941 ), #3928, .T. ) ;
#9000 = CARTESIAN_POINT ( 'NONE',  ( 0.1444022350281561100, 0.0000000000000000000, 0.8885426464266492600 ) ) ;
#9001 = ORIENTED_EDGE ( 'NONE', *, *, #465, .T. ) ;
#9002 = LINE ( 'NONE', #3714, #10287 ) ;
#9003 = CARTESIAN_POINT ( 'NONE',  ( -0.1282892798877230100, 4.783776559169353300E-018, -0.6837159074294966200 ) ) ;
#9004 = ORIENTED_EDGE ( 'NONE', *, *, #437, .T. ) ;
#9005 = EDGE_CURVE ( 'NONE', #7741, #10082, #6486, .T. ) ;
#9006 = VERTEX_POINT ( 'NONE', #7929 ) ;
#9007 = CARTESIAN_POINT ( 'NONE',  ( 0.8740702553221295600, 0.01953124999999986500, 0.2179578811165012700 ) ) ;
#9008 = DIRECTION ( 'NONE',  ( 0.1604112808577605700, 0.0000000000000000000, 0.9870502626379128500 ) ) ;
#9009 = CARTESIAN_POINT ( 'NONE',  ( -0.6765397056651355500, -0.01953125000000012500, 0.1607424596620928600 ) ) ;
#9010 = ORIENTED_EDGE ( 'NONE', *, *, #8679, .F. ) ;
#9011 = VECTOR ( 'NONE', #5241, 39.37007874015748100 ) ;
#9012 = CLOSED_SHELL ( 'NONE', ( #4234, #2058, #8414, #4960 ) ) ;
#9013 = DIRECTION ( 'NONE',  ( -0.7212024473438066700, 0.0000000000000000000, 0.6927243535096077000 ) ) ;
#9014 = ADVANCED_FACE ( 'NONE', ( #4836 ), #6744, .F. ) ;
#9015 = FACE_OUTER_BOUND ( 'NONE', #2145, .T. ) ;
#9016 = EDGE_CURVE ( 'NONE', #10347, #10172, #297, .T. ) ;
#9018 = CARTESIAN_POINT ( 'NONE',  ( 0.1110111958775102900, -0.01953125000000016700, 0.8939692184686969200 ) ) ;
#9017 = DIRECTION ( 'NONE',  ( -0.6631226582408013000, 0.0000000000000000000, -0.7485107481710957500 ) ) ;
#9020 = EDGE_LOOP ( 'NONE', ( #5685, #4944, #1608, #9490 ) ) ;
#9019 = DIRECTION ( 'NONE',  ( 0.9485364419471452600, 0.0000000000000000000, -0.3166679938014731500 ) ) ;
#9021 = ORIENTED_EDGE ( 'NONE', *, *, #4592, .F. ) ;
#9022 = LINE ( 'NONE', #283, #565 ) ;
#9023 = AXIS2_PLACEMENT_3D ( 'NONE', #813, #10495, #9815 ) ;
#9024 = CARTESIAN_POINT ( 'NONE',  ( 0.6939867186800639000, 0.0000000000000000000, -0.02796670870299674400 ) ) ;
#9025 = DIRECTION ( 'NONE',  ( -0.7746049618276598100, 0.0000000000000000000, -0.6324453755953708400 ) ) ;
#9026 = AXIS2_PLACEMENT_3D ( 'NONE', #6372, #8030, #3953 ) ;
#9027 = EDGE_CURVE ( 'NONE', #7843, #3114, #8400, .T. ) ;
#9028 = DIRECTION ( 'NONE',  ( -0.6324453755953813900, 0.0000000000000000000, -0.7746049618276511500 ) ) ;
#9029 = FACE_OUTER_BOUND ( 'NONE', #333, .T. ) ;
#9030 = VECTOR ( 'NONE', #238, 39.37007874015748100 ) ;
#9031 = DIRECTION ( 'NONE',  ( 0.5000000000000041100, 0.0000000000000000000, 0.8660254037844362700 ) ) ;
#9032 = DIRECTION ( 'NONE',  ( -0.2000256937760473100, 0.0000000000000000000, -0.9797906520422671200 ) ) ;
#9033 = DIRECTION ( 'NONE',  ( -0.6324453755953802800, 0.0000000000000000000, -0.7746049618276519300 ) ) ;
#9034 = AXIS2_PLACEMENT_3D ( 'NONE', #8398, #1039, #1836 ) ;
#9035 = ADVANCED_FACE ( 'NONE', ( #6607 ), #6235, .F. ) ;
#9036 = CARTESIAN_POINT ( 'NONE',  ( -0.2722404088783202900, 0.0000000000000000000, -0.6389717225932345400 ) ) ;
#9037 = FACE_OUTER_BOUND ( 'NONE', #6785, .T. ) ;
#9039 = DIRECTION ( 'NONE',  ( -0.2000256937760366000, 0.0000000000000000000, 0.9797906520422692300 ) ) ;
#9038 = VECTOR ( 'NONE', #4015, 39.37007874015748900 ) ;
#9040 = DIRECTION ( 'NONE',  ( -0.0000000000000000000, -0.0000000000000000000, 1.000000000000000000 ) ) ;
#9041 = VECTOR ( 'NONE', #2842, 39.37007874015748100 ) ;
#9042 = AXIS2_PLACEMENT_3D ( 'NONE', #681, #10294, #5423 ) ;
#9043 = EDGE_CURVE ( 'NONE', #6049, #8086, #8657, .T. ) ;
#9044 = CARTESIAN_POINT ( 'NONE',  ( 0.8417016216654091800, 0.0000000000000000000, -0.3192153193156940200 ) ) ;
#9045 = ORIENTED_EDGE ( 'NONE', *, *, #6354, .F. ) ;
#9046 = ADVANCED_FACE ( 'NONE', ( #4067 ), #7171, .F. ) ;
#9047 = CIRCLE ( 'NONE', #7768, 0.03906250000000002100 ) ;
#9048 = DIRECTION ( 'NONE',  ( -0.7485107481711047500, 0.0000000000000000000, -0.6631226582407909700 ) ) ;
#9049 = ORIENTED_EDGE ( 'NONE', *, *, #7776, .T. ) ;
#9050 = FACE_OUTER_BOUND ( 'NONE', #3259, .T. ) ;
#9051 = CARTESIAN_POINT ( 'NONE',  ( 0.7626815098190848900, 0.01953124999999986500, -0.4793968750000037200 ) ) ;
#9052 = AXIS2_PLACEMENT_3D ( 'NONE', #3130, #1439, #1541 ) ;
#9053 = ORIENTED_EDGE ( 'NONE', *, *, #6780, .T. ) ;
#9054 = EDGE_CURVE ( 'NONE', #7590, #16, #10311, .T. ) ;
#9055 = DIRECTION ( 'NONE',  ( 0.9870502626379149500, 0.0000000000000000000, 0.1604112808577475000 ) ) ;
#9056 = AXIS2_PLACEMENT_3D ( 'NONE', #4179, #8206, #4207 ) ;
#9057 = LINE ( 'NONE', #2946, #471 ) ;
#9058 = ORIENTED_EDGE ( 'NONE', *, *, #5103, .F. ) ;
#9059 = DIRECTION ( 'NONE',  ( 0.4647231720437694500, 0.0000000000000000000, 0.8854560256532094700 ) ) ;
#9060 = CIRCLE ( 'NONE', #4356, 0.03906250000000004900 ) ;
#9061 = CARTESIAN_POINT ( 'NONE',  ( -0.6014979441984852300, 0.0000000000000000000, -0.3472749999999945000 ) ) ;
#9062 = ADVANCED_FACE ( 'NONE', ( #1797 ), #42, .F. ) ;
#9063 = EDGE_CURVE ( 'NONE', #6994, #6676, #9781, .T. ) ;
#9064 = CARTESIAN_POINT ( 'NONE',  ( -0.6671278544335677000, 0.0000000000000000000, 0.1932359395631795800 ) ) ;
#9065 = VERTEX_POINT ( 'NONE', #8771 ) ;
#9066 = ORIENTED_EDGE ( 'NONE', *, *, #6840, .F. ) ;
#9067 = LINE ( 'NONE', #2808, #6920 ) ;
#9068 = AXIS2_PLACEMENT_3D ( 'NONE', #185, #9093, #1903 ) ;
#9069 = ORIENTED_EDGE ( 'NONE', *, *, #4998, .T. ) ;
#9070 = DIRECTION ( 'NONE',  ( -0.9709418174260535700, 0.0000000000000000000, -0.2393156642875513600 ) ) ;
#9071 = VECTOR ( 'NONE', #7591, 39.37007874015748100 ) ;
#9072 = EDGE_CURVE ( 'NONE', #3267, #6848, #7895, .T. ) ;
#9073 = VERTEX_POINT ( 'NONE', #6241 ) ;
#9074 = CARTESIAN_POINT ( 'NONE',  ( 0.1444022350281561100, 0.0000000000000000000, 0.8885426464266492600 ) ) ;
#9075 = CARTESIAN_POINT ( 'NONE',  ( 0.4811261366802424600, 0.0000000000000000000, -0.7608401150065270400 ) ) ;
#9076 = ORIENTED_EDGE ( 'NONE', *, *, #5080, .F. ) ;
#9077 = ORIENTED_EDGE ( 'NONE', *, *, #9659, .T. ) ;
#9078 = DIRECTION ( 'NONE',  ( -0.9485364419471495900, 0.0000000000000000000, -0.3166679938014603800 ) ) ;
#9079 = FACE_OUTER_BOUND ( 'NONE', #8579, .T. ) ;
#9080 = ORIENTED_EDGE ( 'NONE', *, *, #3912, .T. ) ;
#9081 = VECTOR ( 'NONE', #7096, 39.37007874015748100 ) ;
#9082 = ORIENTED_EDGE ( 'NONE', *, *, #4772, .F. ) ;
#9083 = ORIENTED_EDGE ( 'NONE', *, *, #5048, .T. ) ;
#9084 = AXIS2_PLACEMENT_3D ( 'NONE', #3027, #9474, #8769 ) ;
#9085 = VERTEX_POINT ( 'NONE', #8066 ) ;
#9086 = DIRECTION ( 'NONE',  ( -0.08046656871673291100, 0.0000000000000000000, -0.9967573081342093700 ) ) ;
#9087 = ADVANCED_FACE ( 'NONE', ( #9015 ), #4947, .F. ) ;
#9088 = EDGE_LOOP ( 'NONE', ( #8591, #3262, #3394, #8935, #6342 ) ) ;
#9089 = AXIS2_PLACEMENT_3D ( 'NONE', #7897, #8664, #2114 ) ;
#9090 = EDGE_CURVE ( 'NONE', #97, #4303, #9269, .T. ) ;
#9091 = LINE ( 'NONE', #3900, #4531 ) ;
#9092 = ORIENTED_EDGE ( 'NONE', *, *, #6797, .F. ) ;
#9093 = DIRECTION ( 'NONE',  ( -0.3919666098600823000, 0.0000000000000000000, -0.9199794436588212300 ) ) ;
#9094 = ORIENTED_EDGE ( 'NONE', *, *, #5815, .F. ) ;
#9095 = ORIENTED_EDGE ( 'NONE', *, *, #4871, .T. ) ;
#9096 = DIRECTION ( 'NONE',  ( 0.08046656871671943600, 0.0000000000000000000, -0.9967573081342104800 ) ) ;
#9097 = CARTESIAN_POINT ( 'NONE',  ( -0.1113718375077955600, 0.0000000000000000000, -0.8941377034419181200 ) ) ;
#9098 = CARTESIAN_POINT ( 'NONE',  ( 0.6805135973759567400, -0.01953125000000015600, -0.1389278456121543800 ) ) ;
#9099 = ORIENTED_EDGE ( 'NONE', *, *, #5300, .T. ) ;
#9100 = ADVANCED_FACE ( 'NONE', ( #7638 ), #8133, .T. ) ;
#9101 = VECTOR ( 'NONE', #8636, 39.37007874015748100 ) ;
#9102 = EDGE_LOOP ( 'NONE', ( #10296, #1371, #7865, #2038 ) ) ;
#9103 = ORIENTED_EDGE ( 'NONE', *, *, #2495, .T. ) ;
#9104 = EDGE_LOOP ( 'NONE', ( #10507, #1265, #3871, #3364 ) ) ;
#9105 = CARTESIAN_POINT ( 'NONE',  ( 0.4774769063667309600, -0.01953125000000014200, 0.5055293419438123800 ) ) ;
#9106 = AXIS2_PLACEMENT_3D ( 'NONE', #3430, #4131, #4950 ) ;
#9107 = EDGE_CURVE ( 'NONE', #1516, #9963, #3806, .T. ) ;
#9108 = APPROVAL_DATE_TIME ( #8225, #4243 ) ;
#9109 = CARTESIAN_POINT ( 'NONE',  ( 0.07243600515879085300, -0.01953125000000016700, -0.8972809287824163900 ) ) ;
#9110 = DIRECTION ( 'NONE',  ( 0.4286925614030521700, 0.0000000000000000000, -0.9034504346103833200 ) ) ;
#9111 = EDGE_LOOP ( 'NONE', ( #1356, #6583, #8758, #5169 ) ) ;
#9112 = CARTESIAN_POINT ( 'NONE',  ( 0.3839704347416607600, 0.01953124999999987900, -0.8149056107451879700 ) ) ;
#9113 = LINE ( 'NONE', #9548, #6970 ) ;
#9114 = EDGE_LOOP ( 'NONE', ( #2717, #4120, #10509, #6188 ) ) ;
#9115 = ORIENTED_EDGE ( 'NONE', *, *, #8907, .F. ) ;
#9116 = ADVANCED_FACE ( 'NONE', ( #8649 ), #4849, .F. ) ;
#9117 = DIRECTION ( 'NONE',  ( -0.7746049618276598100, 0.0000000000000000000, -0.6324453755953708400 ) ) ;
#9118 = FACE_OUTER_BOUND ( 'NONE', #10498, .T. ) ;
#9119 = EDGE_CURVE ( 'NONE', #5655, #614, #9410, .T. ) ;
#9120 = CARTESIAN_POINT ( 'NONE',  ( -0.5969430169483694900, 0.0000000000000000000, -0.6738093755036204100 ) ) ;
#9121 = ORIENTED_EDGE ( 'NONE', *, *, #2709, .F. ) ;
#9122 = AXIS2_PLACEMENT_3D ( 'NONE', #6324, #1479, #2227 ) ;
#9123 = LINE ( 'NONE', #346, #10017 ) ;
#9124 = ORIENTED_EDGE ( 'NONE', *, *, #8730, .T. ) ;
#9125 = DIRECTION ( 'NONE',  ( 0.9605181116313731300, 0.0000000000000000000, 0.2782174639164499700 ) ) ;
#9126 = ORIENTED_EDGE ( 'NONE', *, *, #4, .F. ) ;
#9127 = CARTESIAN_POINT ( 'NONE',  ( 0.5009111598026474400, 0.0000000000000000000, 0.4811316997300915700 ) ) ;
#9128 = FACE_OUTER_BOUND ( 'NONE', #10374, .T. ) ;
#9129 = AXIS2_PLACEMENT_3D ( 'NONE', #4816, #9756, #3165 ) ;
#9130 = ORIENTED_EDGE ( 'NONE', *, *, #10410, .T. ) ;
#9131 = LINE ( 'NONE', #9357, #2177 ) ;
#9132 = DIRECTION ( 'NONE',  ( 0.7994427634035007300, 0.0000000000000000000, -0.6007422642379795000 ) ) ;
#9133 = EDGE_CURVE ( 'NONE', #6090, #3486, #5471, .T. ) ;
#9134 = ORIENTED_EDGE ( 'NONE', *, *, #2826, .F. ) ;
#9135 = AXIS2_PLACEMENT_3D ( 'NONE', #6017, #2722, #6199 ) ;
#9136 = CARTESIAN_POINT ( 'NONE',  ( 0.6355637779570548800, 0.0000000000000000000, -0.2828148962752947700 ) ) ;
#9137 = DIRECTION ( 'NONE',  ( -0.9927088740980526400, 0.0000000000000000000, 0.1205366802553337900 ) ) ;
#9138 = ORIENTED_EDGE ( 'NONE', *, *, #4564, .F. ) ;
#9139 = CARTESIAN_POINT ( 'NONE',  ( 0.6562599847493341100, 4.783776559169353300E-018, 0.2307561782987709900 ) ) ;
#9140 = DIRECTION ( 'NONE',  ( -0.9350162426854181600, 0.0000000000000000000, -0.3546048870425268000 ) ) ;
#9141 = VERTEX_POINT ( 'NONE', #7210 ) ;
#9142 = VERTEX_POINT ( 'NONE', #8901 ) ;
#9143 = CIRCLE ( 'NONE', #476, 0.03906250000000003500 ) ;
#9144 = CARTESIAN_POINT ( 'NONE',  ( -0.6419937903191252900, 0.01953124999999988900, 0.2671854877634092800 ) ) ;
#9145 = CARTESIAN_POINT ( 'NONE',  ( 0.4183437994738012900, 0.0000000000000000000, 0.7970875142930192700 ) ) ;
#9146 = DIRECTION ( 'NONE',  ( -0.8451900855437982600, 0.0000000000000000000, -0.5344658261277954700 ) ) ;
#9147 = CARTESIAN_POINT ( 'NONE',  ( 0.4811261366802424600, 0.0000000000000000000, -0.7608401150065270400 ) ) ;
#9148 = CIRCLE ( 'NONE', #9608, 0.03906250000000004900 ) ;
#9149 = ADVANCED_FACE ( 'NONE', ( #6478 ), #4879, .F. ) ;
#9150 = EDGE_CURVE ( 'NONE', #1304, #1983, #9663, .T. ) ;
#9151 = FACE_OUTER_BOUND ( 'NONE', #7131, .T. ) ;
#9152 = DIRECTION ( 'NONE',  ( 0.0000000000000000000, 0.0000000000000000000, -1.000000000000000000 ) ) ;
#9153 = CIRCLE ( 'NONE', #8243, 0.03906250000000003500 ) ;
#9154 = CARTESIAN_POINT ( 'NONE',  ( 0.8417016216654091800, 0.0000000000000000000, -0.3192153193156940200 ) ) ;
#9155 = DIRECTION ( 'NONE',  ( -0.2000256937760349400, 0.0000000000000000000, 0.9797906520422695600 ) ) ;
#9156 = LINE ( 'NONE', #1687, #6493 ) ;
#9157 = LINE ( 'NONE', #1365, #1323 ) ;
#9158 = CARTESIAN_POINT ( 'NONE',  ( 0.3998052741115795700, -0.01953125000000007600, -0.5689462667706438600 ) ) ;
#9159 = ADVANCED_FACE ( 'NONE', ( #1668 ), #7369, .F. ) ;
#9160 = ORIENTED_EDGE ( 'NONE', *, *, #1006, .T. ) ;
#9161 = AXIS2_PLACEMENT_3D ( 'NONE', #12, #7323, #8115 ) ;
#9162 = EDGE_CURVE ( 'NONE', #1869, #1849, #7258, .T. ) ;
#9163 = LINE ( 'NONE', #1782, #8418 ) ;
#9164 = DIRECTION ( 'NONE',  ( -0.4999999999999919000, 0.0000000000000000000, 0.8660254037844431500 ) ) ;
#9165 = CARTESIAN_POINT ( 'NONE',  ( -0.8752408523036210300, 0.01953124999999987900, -0.2132085824691838700 ) ) ;
#9166 = CIRCLE ( 'NONE', #9311, 0.03906249999999999300 ) ;
#9167 = CYLINDRICAL_SURFACE ( 'NONE', #7032, 0.9687500000000001100 ) ;
#9168 = CARTESIAN_POINT ( 'NONE',  ( 0.03382911733532969300, 0.01953124999999986500, 0.9002000000000001100 ) ) ;
#9169 = CARTESIAN_POINT ( 'NONE',  ( -0.5097181712547708100, -0.01953125000000015600, -0.7427596078627188800 ) ) ;
#9170 = AXIS2_PLACEMENT_3D ( 'NONE', #5344, #10252, #6165 ) ;
#9171 = ORIENTED_EDGE ( 'NONE', *, *, #1411, .F. ) ;
#9172 = DIRECTION ( 'NONE',  ( -0.8229838658936500200, 0.0000000000000000000, 0.5680647467311650300 ) ) ;
#9173 = CARTESIAN_POINT ( 'NONE',  ( 0.8132860812362671100, 0.0000000000000000000, 0.3859090437750274900 ) ) ;
#9175 = DIRECTION ( 'NONE',  ( -0.4999999999999923400, 0.0000000000000000000, 0.8660254037844431500 ) ) ;
#9174 = LINE ( 'NONE', #1984, #2456 ) ;
#9176 = AXIS2_PLACEMENT_3D ( 'NONE', #3352, #25, #8128 ) ;
#9177 = EDGE_CURVE ( 'NONE', #6655, #10500, #1424, .T. ) ;
#9178 = CIRCLE ( 'NONE', #4024, 0.03906250000000003500 ) ;
#9179 = CARTESIAN_POINT ( 'NONE',  ( -0.7795960684867560000, -0.01953125000000016700, -0.4500999999999928400 ) ) ;
#9180 = ORIENTED_EDGE ( 'NONE', *, *, #6720, .F. ) ;
#9181 = DIRECTION ( 'NONE',  ( -0.9350162426854181600, 0.0000000000000000000, -0.3546048870425268000 ) ) ;
#9183 = CARTESIAN_POINT ( 'NONE',  ( -0.3227734791429917600, 0.0000000000000000000, 0.6149934826174412400 ) ) ;
#9182 = DIRECTION ( 'NONE',  ( 0.4647231720437573500, 0.0000000000000000000, -0.8854560256532157900 ) ) ;
#9184 = CIRCLE ( 'NONE', #769, 0.03906249999999997900 ) ;
#9185 = DIRECTION ( 'NONE',  ( 0.9927088740980544200, 0.0000000000000000000, 0.1205366802553199300 ) ) ;
#9186 = EDGE_LOOP ( 'NONE', ( #4098, #9876, #2976, #4700 ) ) ;
#9187 = CIRCLE ( 'NONE', #10285, 0.03906250000000004900 ) ;
#9188 = EDGE_CURVE ( 'NONE', #502, #8731, #1174, .T. ) ;
#9189 = ORIENTED_EDGE ( 'NONE', *, *, #8462, .F. ) ;
#9190 = CARTESIAN_POINT ( 'NONE',  ( 0.2850645280200862500, 0.0000000000000000000, 0.8538725050408205700 ) ) ;
#9191 = ORIENTED_EDGE ( 'NONE', *, *, #398, .F. ) ;
#9192 = ORIENTED_EDGE ( 'NONE', *, *, #5955, .F. ) ;
#9193 = LINE ( 'NONE', #7006, #3605 ) ;
#9194 = DIRECTION ( 'NONE',  ( -0.9605181116313692400, 0.0000000000000000000, 0.2782174639164631800 ) ) ;
#9195 = DIRECTION ( 'NONE',  ( -0.9797906520422695600, 0.0000000000000000000, -0.2000256937760349400 ) ) ;
#9197 = ORIENTED_EDGE ( 'NONE', *, *, #6176, .F. ) ;
#9196 = EDGE_CURVE ( 'NONE', #9830, #9572, #9538, .T. ) ;
#9198 = FACE_OUTER_BOUND ( 'NONE', #6170, .T. ) ;
#9199 = VERTEX_POINT ( 'NONE', #971 ) ;
#9200 = ADVANCED_FACE ( 'NONE', ( #5341 ), #7480, .T. ) ;
#9201 = ORIENTED_EDGE ( 'NONE', *, *, #8698, .T. ) ;
#9202 = DIRECTION ( 'NONE',  ( -0.8660254037844433700, 0.0000000000000000000, -0.4999999999999920100 ) ) ;
#9203 = EDGE_LOOP ( 'NONE', ( #7712, #2476 ) ) ;
#9204 = CARTESIAN_POINT ( 'NONE',  ( -0.5969430169483694900, 0.0000000000000000000, -0.6738093755036204100 ) ) ;
#9205 = DIRECTION ( 'NONE',  ( 0.6324453755953708400, 0.0000000000000000000, -0.7746049618276598100 ) ) ;
#9206 = LINE ( 'NONE', #8184, #7191 ) ;
#9207 = EDGE_CURVE ( 'NONE', #6526, #5126, #3188, .T. ) ;
#9208 = ORIENTED_EDGE ( 'NONE', *, *, #3219, .T. ) ;
#9209 = CIRCLE ( 'NONE', #7901, 0.03906249999999993800 ) ;
#9210 = DIRECTION ( 'NONE',  ( 0.7994427634035001800, 0.0000000000000000000, -0.6007422642379803800 ) ) ;
#9211 = VERTEX_POINT ( 'NONE', #5743 ) ;
#9212 = CARTESIAN_POINT ( 'NONE',  ( 0.3171526786115522200, -0.01953125000000016700, 0.8431599063221670900 ) ) ;
#9213 = DIRECTION ( 'NONE',  ( -0.9199794436588256700, 0.0000000000000000000, -0.3919666098600713100 ) ) ;
#9214 = ORIENTED_EDGE ( 'NONE', *, *, #7036, .T. ) ;
#9215 = ORIENTED_EDGE ( 'NONE', *, *, #8318, .F. ) ;
#9216 = CARTESIAN_POINT ( 'NONE',  ( -0.3837556734717116900, 0.0000000000000000000, 0.8152407632009843800 ) ) ;
#9217 = ADVANCED_FACE ( 'NONE', ( #1921 ), #4061, .T. ) ;
#9218 = CARTESIAN_POINT ( 'NONE',  ( 0.2850645280200862500, 0.0000000000000000000, 0.8538725050408205700 ) ) ;
#9219 = VERTEX_POINT ( 'NONE', #4953 ) ;
#9220 = DIRECTION ( 'NONE',  ( -0.9709418174260536800, 0.0000000000000000000, -0.2393156642875511300 ) ) ;
#9221 = VECTOR ( 'NONE', #1094, 39.37007874015748900 ) ;
#9222 = AXIS2_PLACEMENT_3D ( 'NONE', #9733, #2392, #4860 ) ;
#9223 = ORIENTED_EDGE ( 'NONE', *, *, #3153, .F. ) ;
#9224 = EDGE_LOOP ( 'NONE', ( #7503, #5819, #8059, #5603 ) ) ;
#9225 = CARTESIAN_POINT ( 'NONE',  ( 0.8752408523036182600, 0.01953124999999986500, -0.2132085824691957200 ) ) ;
#9226 = ORIENTED_EDGE ( 'NONE', *, *, #4293, .F. ) ;
#9227 = DIRECTION ( 'NONE',  ( 0.9350162426854133900, 0.0000000000000000000, -0.3546048870425394000 ) ) ;
#9228 = AXIS2_PLACEMENT_3D ( 'NONE', #6585, #1746, #3999 ) ;
#9229 = EDGE_CURVE ( 'NONE', #6969, #9142, #290, .T. ) ;
#9230 = DIRECTION ( 'NONE',  ( -0.6007422642379689500, 0.0000000000000000000, 0.7994427634035086200 ) ) ;
#9231 = CARTESIAN_POINT ( 'NONE',  ( -0.3839704347416718100, 0.01953124999999987900, -0.8149056107451829700 ) ) ;
#9232 = ORIENTED_EDGE ( 'NONE', *, *, #9685, .F. ) ;
#9233 = CIRCLE ( 'NONE', #2192, 0.03906249999999997200 ) ;
#9234 = ORIENTED_EDGE ( 'NONE', *, *, #159, .F. ) ;
#9235 = CARTESIAN_POINT ( 'NONE',  ( -0.3712132395370690300, 0.0000000000000000000, -0.5870267739144399100 ) ) ;
#9236 = ORIENTED_EDGE ( 'NONE', *, *, #5470, .F. ) ;
#9237 = CARTESIAN_POINT ( 'NONE',  ( 0.1061554250905102600, -0.01953125000000015600, -0.8945588157877272200 ) ) ;
#9238 = ORGANIZATION ( 'UNSPECIFIED', 'UNSPECIFIED', '' ) ;
#9239 = DIRECTION ( 'NONE',  ( -0.7212024473438066700, 0.0000000000000000000, 0.6927243535096077000 ) ) ;
#9240 = CARTESIAN_POINT ( 'NONE',  ( 0.3227734791430002000, 0.0000000000000000000, 0.6149934826174369200 ) ) ;
#9241 = ORIENTED_EDGE ( 'NONE', *, *, #8654, .T. ) ;
#9242 = FACE_BOUND ( 'NONE', #4815, .T. ) ;
#9243 = ORIENTED_EDGE ( 'NONE', *, *, #3435, .F. ) ;
#9244 = DIRECTION ( 'NONE',  ( 0.9797906520422669000, 0.0000000000000000000, -0.2000256937760482600 ) ) ;
#9245 = CARTESIAN_POINT ( 'NONE',  ( -0.4313331411807153100, 4.783776559169353300E-018, -0.5457813689797660400 ) ) ;
#9246 = AXIS2_PLACEMENT_3D ( 'NONE', #2651, #1111, #5053 ) ;
#9247 = EDGE_CURVE ( 'NONE', #7853, #4769, #9143, .T. ) ;
#9248 = ORIENTED_EDGE ( 'NONE', *, *, #5609, .T. ) ;
#9249 = DIRECTION ( 'NONE',  ( -0.7746049618276598100, 0.0000000000000000000, -0.6324453755953708400 ) ) ;
#9250 = CARTESIAN_POINT ( 'NONE',  ( 0.5593969450565985400, 0.01953124999999988900, -0.4130607334775758800 ) ) ;
#9251 = DIRECTION ( 'NONE',  ( -0.08046656871673291100, 0.0000000000000000000, -0.9967573081342093700 ) ) ;
#9252 = VECTOR ( 'NONE', #953, 39.37007874015748900 ) ;
#9253 = ORIENTED_EDGE ( 'NONE', *, *, #7157, .F. ) ;
#9254 = VECTOR ( 'NONE', #7785, 39.37007874015748100 ) ;
#9255 = EDGE_LOOP ( 'NONE', ( #9361, #1360, #9232, #4032 ) ) ;
#9256 = DIRECTION ( 'NONE',  ( -0.08046656871671943600, 0.0000000000000000000, 0.9967573081342106000 ) ) ;
#9257 = CIRCLE ( 'NONE', #4369, 0.03906249999999997200 ) ;
#9258 = VERTEX_POINT ( 'NONE', #2617 ) ;
#9259 = ADVANCED_FACE ( 'NONE', ( #5199 ), #3433, .T. ) ;
#9260 = MANIFOLD_SOLID_BREP ( 'CirPattern1[4]', #1099 ) ;
#9261 = EDGE_CURVE ( 'NONE', #2387, #597, #10301, .T. ) ;
#9262 = AXIS2_PLACEMENT_3D ( 'NONE', #430, #9286, #6103 ) ;
#9264 = VERTEX_POINT ( 'NONE', #9139 ) ;
#9263 = CARTESIAN_POINT ( 'NONE',  ( 0.5166068074181928700, -0.01953125000000015600, -0.4654691377619682400 ) ) ;
#9265 = DIRECTION ( 'NONE',  ( 0.3166679938014731500, 0.0000000000000000000, 0.9485364419471452600 ) ) ;
#9266 = FACE_OUTER_BOUND ( 'NONE', #4045, .T. ) ;
#9267 = ORIENTED_EDGE ( 'NONE', *, *, #3010, .F. ) ;
#9268 = EDGE_CURVE ( 'NONE', #5133, #9745, #7772, .T. ) ;
#9269 = CIRCLE ( 'NONE', #8459, 0.03906250000000003500 ) ;
#9270 = DIRECTION ( 'NONE',  ( -0.08046656871673289700, 0.0000000000000000000, -0.9967573081342092600 ) ) ;
#9271 = DIRECTION ( 'NONE',  ( -0.6631226582408011900, 0.0000000000000000000, -0.7485107481710956400 ) ) ;
#9272 = AXIS2_PLACEMENT_3D ( 'NONE', #892, #2465, #15 ) ;
#9273 = ADVANCED_FACE ( 'NONE', ( #3067 ), #5058, .T. ) ;
#9274 = ORIENTED_EDGE ( 'NONE', *, *, #8666, .F. ) ;
#9275 = EDGE_CURVE ( 'NONE', #9851, #9712, #2675, .T. ) ;
#9276 = ORIENTED_EDGE ( 'NONE', *, *, #8417, .T. ) ;
#9277 = LINE ( 'NONE', #6743, #8903 ) ;
#9278 = CARTESIAN_POINT ( 'NONE',  ( 0.3839704347416605400, -0.01953125000000016700, -0.8149056107451880800 ) ) ;
#9279 = CARTESIAN_POINT ( 'NONE',  ( -0.5720164192124692600, 4.783776559169353300E-018, 0.6961918809190428300 ) ) ;
#9280 = DIRECTION ( 'NONE',  ( -0.9991889981715695900, -0.0000000000000000000, 0.04026594010941867600 ) ) ;
#9281 = CARTESIAN_POINT ( 'NONE',  ( -0.2850645280200746500, -0.01953125000000016700, 0.8538725050408242400 ) ) ;
#9283 = DIRECTION ( 'NONE',  ( 0.4286925614030521700, 0.0000000000000000000, -0.9034504346103833200 ) ) ;
#9282 = LINE ( 'NONE', #5578, #5217 ) ;
#9284 = CARTESIAN_POINT ( 'NONE',  ( 0.5407881862670297400, 0.0000000000000000000, 0.7196583756158310100 ) ) ;
#9285 = CIRCLE ( 'NONE', #5939, 0.03906250000000006900 ) ;
#9286 = DIRECTION ( 'NONE',  ( -0.9034504346103775500, 0.0000000000000000000, 0.4286925614030642200 ) ) ;
#9287 = DIRECTION ( 'NONE',  ( 0.1205366802553327300, 0.0000000000000000000, 0.9927088740980527500 ) ) ;
#9288 = DIRECTION ( 'NONE',  ( -0.6007422642379689500, 0.0000000000000000000, 0.7994427634035086200 ) ) ;
#9289 = AXIS2_PLACEMENT_3D ( 'NONE', #4692, #5610, #10365 ) ;
#9290 = EDGE_CURVE ( 'NONE', #1849, #1272, #6866, .T. ) ;
#9291 = CIRCLE ( 'NONE', #10065, 0.03906250000000004200 ) ;
#9292 = CIRCLE ( 'NONE', #842, 0.03906250000000005600 ) ;
#9293 = LINE ( 'NONE', #1962, #9041 ) ;
#9294 = DIRECTION ( 'NONE',  ( 0.8229838658936575700, 0.0000000000000000000, 0.5680647467311541500 ) ) ;
#9295 = DIRECTION ( 'NONE',  ( 0.6007422642379800500, 0.0000000000000000000, 0.7994427634035002900 ) ) ;
#9296 = EDGE_LOOP ( 'NONE', ( #501, #2845, #9713, #1607, #29 ) ) ;
#9297 = DIRECTION ( 'NONE',  ( 0.4286925614030641700, 0.0000000000000000000, 0.9034504346103774400 ) ) ;
#9298 = CARTESIAN_POINT ( 'NONE',  ( -0.2850645280200746500, 0.0000000000000000000, 0.8538725050408242400 ) ) ;
#9299 = FACE_OUTER_BOUND ( 'NONE', #8943, .T. ) ;
#9300 = CARTESIAN_POINT ( 'NONE',  ( -0.6107456961788307900, 0.0000000000000000000, 0.3330394511244662600 ) ) ;
#9301 = FACE_OUTER_BOUND ( 'NONE', #8995, .T. ) ;
#9302 = DIRECTION ( 'NONE',  ( 0.4286925614030645000, 0.0000000000000000000, 0.9034504346103774400 ) ) ;
#9303 = EDGE_CURVE ( 'NONE', #2010, #2895, #6228, .T. ) ;
#9304 = CARTESIAN_POINT ( 'NONE',  ( -0.6374195610257145100, 0.01953124999999988900, -0.2779215984796312200 ) ) ;
#9305 = EDGE_LOOP ( 'NONE', ( #3918, #9763, #26, #1007 ) ) ;
#9306 = ADVANCED_FACE ( 'NONE', ( #7504 ), #4985, .T. ) ;
#9307 = CARTESIAN_POINT ( 'NONE',  ( 0.3837556734717227900, 4.783776559169353300E-018, 0.8152407632009790500 ) ) ;
#9308 = PLANE ( 'NONE',  #1193 ) ;
#9309 = CIRCLE ( 'NONE', #9774, 0.03906250000000000000 ) ;
#9310 = DIRECTION ( 'NONE',  ( -0.3919666098600822500, 0.0000000000000000000, -0.9199794436588211200 ) ) ;
#9311 = AXIS2_PLACEMENT_3D ( 'NONE', #6496, #6431, #7226 ) ;
#9312 = ORIENTED_EDGE ( 'NONE', *, *, #1992, .F. ) ;
#9313 = VECTOR ( 'NONE', #4130, 39.37007874015748100 ) ;
#9314 = ORIENTED_EDGE ( 'NONE', *, *, #4112, .F. ) ;
#9315 = CARTESIAN_POINT ( 'NONE',  ( 0.03350017280979824400, 0.0000000000000000000, -0.9004241541229132100 ) ) ;
#9316 = EDGE_LOOP ( 'NONE', ( #7706, #252, #4898, #5915 ) ) ;
#9317 = ORIENTED_EDGE ( 'NONE', *, *, #6332, .T. ) ;
#9318 = DIRECTION ( 'NONE',  ( 0.7994427634035007300, 0.0000000000000000000, -0.6007422642379795000 ) ) ;
#9319 = EDGE_CURVE ( 'NONE', #8028, #2761, #3438, .T. ) ;
#9320 = AXIS2_PLACEMENT_3D ( 'NONE', #5303, #10060, #489 ) ;
#9321 = EDGE_CURVE ( 'NONE', #4827, #10475, #6997, .T. ) ;
#9322 = CIRCLE ( 'NONE', #7264, 0.03906250000000005600 ) ;
#9323 = DIRECTION ( 'NONE',  ( -0.7212024473438066700, 0.0000000000000000000, 0.6927243535096077000 ) ) ;
#9324 = ADVANCED_FACE ( 'NONE', ( #921 ), #3686, .F. ) ;
#9325 = ORIENTED_EDGE ( 'NONE', *, *, #4053, .F. ) ;
#9326 = VECTOR ( 'NONE', #5948, 39.37007874015748900 ) ;
#9327 = CARTESIAN_POINT ( 'NONE',  ( 0.8936365284630687400, 0.0000000000000000000, 0.1085071195658390300 ) ) ;
#9328 = ORIENTED_EDGE ( 'NONE', *, *, #5201, .T. ) ;
#9330 = CARTESIAN_POINT ( 'NONE',  ( -0.8898210486315777400, 0.0000000000000000000, -0.1417900571917855000 ) ) ;
#9329 = CARTESIAN_POINT ( 'NONE',  ( -0.5095599533215701100, 0.0000000000000000000, 0.7431248703126341900 ) ) ;
#9331 = ORIENTED_EDGE ( 'NONE', *, *, #7384, .T. ) ;
#9332 = ORIENTED_EDGE ( 'NONE', *, *, #2797, .F. ) ;
#9333 = CARTESIAN_POINT ( 'NONE',  ( 0.3528483421960348900, 0.0000000000000000000, -0.8281654951816757000 ) ) ;
#9334 = CARTESIAN_POINT ( 'NONE',  ( 0.6494155313571540200, 0.01953124999999988900, -0.2462908242953958400 ) ) ;
#9335 = FACE_OUTER_BOUND ( 'NONE', #10152, .T. ) ;
#9336 = AXIS2_PLACEMENT_3D ( 'NONE', #10186, #1230, #2844 ) ;
#9337 = ORIENTED_EDGE ( 'NONE', *, *, #4902, .T. ) ;
#9338 = VECTOR ( 'NONE', #2695, 39.37007874015748100 ) ;
#9339 = EDGE_CURVE ( 'NONE', #5919, #8853, #1049, .T. ) ;
#9340 = EDGE_LOOP ( 'NONE', ( #6013, #10377, #4118, #2539 ) ) ;
#9341 = CARTESIAN_POINT ( 'NONE',  ( 0.5969430169483602700, 0.0000000000000000000, -0.6738093755036285200 ) ) ;
#9342 = DIRECTION ( 'NONE',  ( -0.9350162426854181600, 0.0000000000000000000, -0.3546048870425268000 ) ) ;
#9343 = CARTESIAN_POINT ( 'NONE',  ( 0.8994699361540469100, 0.0000000000000000000, -0.03624739928649869200 ) ) ;
#9344 = AXIS2_PLACEMENT_3D ( 'NONE', #1731, #3344, #2602 ) ;
#9345 = ORIENTED_EDGE ( 'NONE', *, *, #202, .F. ) ;
#9346 = CLOSED_SHELL ( 'NONE', ( #7400, #8097, #1834, #8279 ) ) ;
#9347 = DIRECTION ( 'NONE',  ( -0.5344658261278078000, 0.0000000000000000000, -0.8451900855437904900 ) ) ;
#9348 = PLANE ( 'NONE',  #4767 ) ;
#9349 = PLANE ( 'NONE',  #2129 ) ;
#9350 = ORIENTED_EDGE ( 'NONE', *, *, #9469, .T. ) ;
#9351 = VECTOR ( 'NONE', #8905, 39.37007874015748100 ) ;
#9352 = VERTEX_POINT ( 'NONE', #5194 ) ;
#9353 = CARTESIAN_POINT ( 'NONE',  ( -0.5137437432209621700, 0.01953124999999987900, 0.7399809561610365400 ) ) ;
#9354 = CARTESIAN_POINT ( 'NONE',  ( 0.5627067737215902800, 4.783776559169354800E-018, -0.4090069292983794000 ) ) ;
#9355 = ORIENTED_EDGE ( 'NONE', *, *, #1526, .F. ) ;
#9356 = AXIS2_PLACEMENT_3D ( 'NONE', #1309, #10191, #6073 ) ;
#9357 = CARTESIAN_POINT ( 'NONE',  ( -0.4811261366802526700, -0.01953125000000016700, -0.7608401150065203800 ) ) ;
#9358 = ORIENTED_EDGE ( 'NONE', *, *, #1912, .T. ) ;
#9359 = CARTESIAN_POINT ( 'NONE',  ( 0.8895588789635003900, 0.01953124999999986500, 0.1420895845475251300 ) ) ;
#9360 = CARTESIAN_POINT ( 'NONE',  ( 0.0000000000000000000, -0.01953125000000010400, 2.420098498159312400E-018 ) ) ;
#9361 = ORIENTED_EDGE ( 'NONE', *, *, #2809, .T. ) ;
#9362 = CARTESIAN_POINT ( 'NONE',  ( -0.6894859485048029400, 0.0000000000000000000, 0.08371875127134212300 ) ) ;
#9363 = EDGE_CURVE ( 'NONE', #2553, #866, #7126, .T. ) ;
#9364 = CARTESIAN_POINT ( 'NONE',  ( 0.2533593757348592300, 4.783776559169353300E-018, -0.8646935559107010700 ) ) ;
#9365 = CIRCLE ( 'NONE', #7145, 0.03906249999999997200 ) ;
#9366 = VERTEX_POINT ( 'NONE', #9169 ) ;
#9367 = CLOSED_SHELL ( 'NONE', ( #4193, #2630, #826, #8959 ) ) ;
#9368 = DIRECTION ( 'NONE',  ( -0.6927243535096075900, 0.0000000000000000000, -0.7212024473438064500 ) ) ;
#9369 = ORIENTED_EDGE ( 'NONE', *, *, #9290, .T. ) ;
#9370 = ADVANCED_FACE ( 'NONE', ( #5974 ), #1217, .T. ) ;
#9371 = DIRECTION ( 'NONE',  ( 0.7746049618276598100, 0.0000000000000000000, 0.6324453755953708400 ) ) ;
#9372 = VECTOR ( 'NONE', #3236, 39.37007874015748100 ) ;
#9374 = CARTESIAN_POINT ( 'NONE',  ( -0.6577160032019998500, -0.01953125000000015600, 0.2257294194642663600 ) ) ;
#9373 = MECHANICAL_CONTEXT ( 'NONE', #438, 'mechanical' ) ;
#9375 = ORIENTED_EDGE ( 'NONE', *, *, #3327, .F. ) ;
#9376 = LINE ( 'NONE', #7239, #5043 ) ;
#9377 = EDGE_LOOP ( 'NONE', ( #8623, #9545 ) ) ;
#9378 = CARTESIAN_POINT ( 'NONE',  ( -0.6014979441984852300, 0.0000000000000000000, -0.3472749999999945000 ) ) ;
#9379 = DIRECTION ( 'NONE',  ( -0.3546048870425387300, 0.0000000000000000000, -0.9350162426854137200 ) ) ;
#9380 = VERTEX_POINT ( 'NONE', #339 ) ;
#9381 = AXIS2_PLACEMENT_3D ( 'NONE', #9036, #3503, #4235 ) ;
#9382 = EDGE_CURVE ( 'NONE', #10475, #2542, #2427, .T. ) ;
#9383 = CARTESIAN_POINT ( 'NONE',  ( -0.6274914993586380200, 0.0000000000000000000, 0.2977484185224983900 ) ) ;
#9384 = CIRCLE ( 'NONE', #6694, 0.03906250000000003500 ) ;
#9385 = VERTEX_POINT ( 'NONE', #382 ) ;
#9386 = CARTESIAN_POINT ( 'NONE',  ( 0.6894859485048038300, 0.0000000000000000000, 0.08371875127133247800 ) ) ;
#9387 = CYLINDRICAL_SURFACE ( 'NONE', #1973, 0.6260000000000001100 ) ;
#9388 = CARTESIAN_POINT ( 'NONE',  ( 0.4183437994738012900, 0.0000000000000000000, 0.7970875142930192700 ) ) ;
#9389 = ORIENTED_EDGE ( 'NONE', *, *, #4066, .T. ) ;
#9390 = AXIS2_PLACEMENT_3D ( 'NONE', #2836, #10178, #2909 ) ;
#9391 = DIRECTION ( 'NONE',  ( 0.5344658261277963600, 0.0000000000000000000, -0.8451900855437977100 ) ) ;
#9392 = ORIENTED_EDGE ( 'NONE', *, *, #1148, .F. ) ;
#9393 = CARTESIAN_POINT ( 'NONE',  ( -0.6222644748750048000, -0.01953125000000016700, -0.6513765212902766800 ) ) ;
#9394 = DIRECTION ( 'NONE',  ( 0.4286925614030527900, 0.0000000000000000000, -0.9034504346103829900 ) ) ;
#9395 = DIRECTION ( 'NONE',  ( 0.6007422642379800500, 0.0000000000000000000, 0.7994427634035002900 ) ) ;
#9396 = AXIS2_PLACEMENT_3D ( 'NONE', #6385, #3901, #7252 ) ;
#9397 = EDGE_CURVE ( 'NONE', #3123, #10341, #4587, .T. ) ;
#9398 = LINE ( 'NONE', #6356, #5066 ) ;
#9399 = ORIENTED_EDGE ( 'NONE', *, *, #184, .T. ) ;
#9400 = LINE ( 'NONE', #8405, #2415 ) ;
#9401 = EDGE_LOOP ( 'NONE', ( #7747, #8941, #6669, #4583 ) ) ;
#9402 = CARTESIAN_POINT ( 'NONE',  ( -0.3217262496504206800, -0.01953125000000015600, -0.8414253796181592200 ) ) ;
#9403 = DIRECTION ( 'NONE',  ( -0.9967573081342096000, 0.0000000000000000000, 0.08046656871673203700 ) ) ;
#9404 = DIRECTION ( 'NONE',  ( 0.6007422642379800500, 0.0000000000000000000, 0.7994427634035002900 ) ) ;
#9405 = DIRECTION ( 'NONE',  ( -0.4647231720437573500, 0.0000000000000000000, 0.8854560256532157900 ) ) ;
#9406 = ORIENTED_EDGE ( 'NONE', *, *, #10436, .T. ) ;
#9407 = ORIENTED_EDGE ( 'NONE', *, *, #1633, .T. ) ;
#9408 = ORIENTED_EDGE ( 'NONE', *, *, #5999, .T. ) ;
#9409 = DIRECTION ( 'NONE',  ( -0.4647231720437573500, 0.0000000000000000000, 0.8854560256532157900 ) ) ;
#9410 = CIRCLE ( 'NONE', #9129, 0.03906250000000004200 ) ;
#9411 = CARTESIAN_POINT ( 'NONE',  ( 0.7220042841214467900, 4.783776559169354800E-018, -0.5390693207895693700 ) ) ;
#9412 = EDGE_CURVE ( 'NONE', #1689, #1030, #1549, .T. ) ;
#9413 = AXIS2_PLACEMENT_3D ( 'NONE', #7404, #2616, #4920 ) ;
#9414 = EDGE_CURVE ( 'NONE', #5142, #895, #4312, .T. ) ;
#9415 = DIRECTION ( 'NONE',  ( 0.1604112808577605700, 0.0000000000000000000, 0.9870502626379128500 ) ) ;
#9416 = DIRECTION ( 'NONE',  ( -0.3546048870425280700, 0.0000000000000000000, 0.9350162426854177200 ) ) ;
#9417 = CYLINDRICAL_SURFACE ( 'NONE', #4292, 0.03906250000000008300 ) ;
#9418 = CYLINDRICAL_SURFACE ( 'NONE', #7790, 0.03906250000000003500 ) ;
#9419 = DIRECTION ( 'NONE',  ( 0.9927088740980544200, 0.0000000000000000000, 0.1205366802553199300 ) ) ;
#9420 = CARTESIAN_POINT ( 'NONE',  ( 0.3528483421960348900, 0.01953124999999987900, -0.8281654951816757000 ) ) ;
#9421 = AXIS2_PLACEMENT_3D ( 'NONE', #7904, #5403, #581 ) ;
#9422 = CARTESIAN_POINT ( 'NONE',  ( -0.5969430169483694900, 0.0000000000000000000, -0.6738093755036204100 ) ) ;
#9423 = EDGE_CURVE ( 'NONE', #1495, #771, #5604, .T. ) ;
#9424 = ADVANCED_FACE ( 'NONE', ( #5722 ), #4180, .F. ) ;
#9425 = LINE ( 'NONE', #774, #7519 ) ;
#9426 = VECTOR ( 'NONE', #10118, 39.37007874015748900 ) ;
#9427 = FACE_BOUND ( 'NONE', #6556, .T. ) ;
#9428 = DIRECTION ( 'NONE',  ( -0.9709418174260502400, 0.0000000000000000000, 0.2393156642875651800 ) ) ;
#9429 = VERTEX_POINT ( 'NONE', #3501 ) ;
#9430 = DIRECTION ( 'NONE',  ( 0.7994427634035002900, 0.0000000000000000000, -0.6007422642379800500 ) ) ;
#9431 = CARTESIAN_POINT ( 'NONE',  ( 0.8646584040905621600, 0.0000000000000000000, 0.2504513610175883000 ) ) ;
#9432 = CARTESIAN_POINT ( 'NONE',  ( 0.4738516147436788200, 4.783776559169353300E-018, 0.5093036703294593300 ) ) ;
#9434 = DIRECTION ( 'NONE',  ( -0.9605181116313692400, 0.0000000000000000000, 0.2782174639164631800 ) ) ;
#9433 = VECTOR ( 'NONE', #4344, 39.37007874015748900 ) ;
#9435 = AXIS2_PLACEMENT_3D ( 'NONE', #2109, #7812, #5313 ) ;
#9436 = CIRCLE ( 'NONE', #8783, 0.03906250000000003500 ) ;
#9437 = CIRCLE ( 'NONE', #9809, 0.03906250000000002800 ) ;
#9438 = DIRECTION ( 'NONE',  ( 0.8660254037844363800, 0.0000000000000000000, -0.5000000000000041100 ) ) ;
#9439 = DIRECTION ( 'NONE',  ( -0.2000256937760363200, 0.0000000000000000000, 0.9797906520422693400 ) ) ;
#9440 = DIRECTION ( 'NONE',  ( 0.9350162426854133900, 0.0000000000000000000, -0.3546048870425394000 ) ) ;
#9441 = ORIENTED_EDGE ( 'NONE', *, *, #1766, .T. ) ;
#9442 = CARTESIAN_POINT ( 'NONE',  ( -0.03382911733532958200, -0.01953125000000015600, 0.6945500000000002200 ) ) ;
#9443 = EDGE_CURVE ( 'NONE', #5293, #9006, #561, .T. ) ;
#9444 = DIRECTION ( 'NONE',  ( 0.9350162426854181600, 0.0000000000000000000, 0.3546048870425268000 ) ) ;
#9445 = CIRCLE ( 'NONE', #8162, 0.03906250000000003500 ) ;
#9446 = DIRECTION ( 'NONE',  ( 0.3919666098600698100, 0.0000000000000000000, -0.9199794436588264500 ) ) ;
#9447 = VECTOR ( 'NONE', #9852, 39.37007874015748900 ) ;
#9448 = DIRECTION ( 'NONE',  ( -0.2000256937760364900, 0.0000000000000000000, 0.9797906520422692300 ) ) ;
#9449 = ORIENTED_EDGE ( 'NONE', *, *, #7248, .F. ) ;
#9450 = VECTOR ( 'NONE', #6351, 39.37007874015748100 ) ;
#9451 = CARTESIAN_POINT ( 'NONE',  ( 0.8936365284630687400, 0.01953124999999987900, 0.1085071195658390300 ) ) ;
#9452 = VERTEX_POINT ( 'NONE', #5229 ) ;
#9453 = EDGE_CURVE ( 'NONE', #247, #734, #9400, .T. ) ;
#9454 = CARTESIAN_POINT ( 'NONE',  ( 0.05588805530219750200, 0.0000000000000000000, -0.6922977883646160800 ) ) ;
#9455 = CYLINDRICAL_SURFACE ( 'NONE', #10480, 0.03906250000000006900 ) ;
#9456 = VERTEX_POINT ( 'NONE', #10036 ) ;
#9457 = EDGE_LOOP ( 'NONE', ( #2986, #7182, #6549, #4850, #6041 ) ) ;
#9458 = DIRECTION ( 'NONE',  ( 0.5680647467311643600, 0.0000000000000000000, 0.8229838658936504700 ) ) ;
#9459 = ORIENTED_EDGE ( 'NONE', *, *, #4670, .T. ) ;
#9460 = EDGE_LOOP ( 'NONE', ( #3372, #1860, #2639, #1657 ) ) ;
#9461 = DIRECTION ( 'NONE',  ( 0.1205366802553327300, 0.0000000000000000000, 0.9927088740980527500 ) ) ;
#9462 = VECTOR ( 'NONE', #9493, 39.37007874015748900 ) ;
#9463 = ORIENTED_EDGE ( 'NONE', *, *, #3451, .T. ) ;
#9464 = CARTESIAN_POINT ( 'NONE',  ( 0.3217262496504091400, 0.01953124999999986500, -0.8414253796181634400 ) ) ;
#9465 = LINE ( 'NONE', #9165, #1358 ) ;
#9466 = ORIENTED_EDGE ( 'NONE', *, *, #6480, .F. ) ;
#9467 = DIRECTION ( 'NONE',  ( 0.9870502626379126200, 0.0000000000000000000, -0.1604112808577617400 ) ) ;
#9468 = DIRECTION ( 'NONE',  ( 0.9485364419471495900, 0.0000000000000000000, 0.3166679938014603800 ) ) ;
#9469 = EDGE_CURVE ( 'NONE', #3055, #5777, #281, .T. ) ;
#9470 = EDGE_LOOP ( 'NONE', ( #9138, #7881, #6524, #8440 ) ) ;
#9471 = VERTEX_POINT ( 'NONE', #6879 ) ;
#9472 = AXIS2_PLACEMENT_3D ( 'NONE', #7735, #1215, #8435 ) ;
#9473 = DIRECTION ( 'NONE',  ( -0.7485107481711047500, 0.0000000000000000000, -0.6631226582407909700 ) ) ;
#9474 = DIRECTION ( 'NONE',  ( -0.8229838658936500200, 0.0000000000000000000, 0.5680647467311650300 ) ) ;
#9475 = DIRECTION ( 'NONE',  ( -0.9870502626379128500, 0.0000000000000000000, 0.1604112808577605700 ) ) ;
#9476 = ORIENTED_EDGE ( 'NONE', *, *, #1786, .F. ) ;
#9477 = ADVANCED_FACE ( 'NONE', ( #2929 ), #2666, .F. ) ;
#9478 = CARTESIAN_POINT ( 'NONE',  ( 0.3033625014239373900, 0.01953124999999988900, -0.6257118381567503600 ) ) ;
#9479 = VECTOR ( 'NONE', #64, 39.37007874015748100 ) ;
#9480 = DIRECTION ( 'NONE',  ( -0.7485107481710965300, 0.0000000000000000000, 0.6631226582408003000 ) ) ;
#9481 = ORIENTED_EDGE ( 'NONE', *, *, #2461, .F. ) ;
#9482 = ORIENTED_EDGE ( 'NONE', *, *, #9598, .T. ) ;
#9483 = DIRECTION ( 'NONE',  ( -0.8451900855437972600, 0.0000000000000000000, -0.5344658261277972500 ) ) ;
#9484 = ORIENTED_EDGE ( 'NONE', *, *, #3404, .T. ) ;
#9485 = DIRECTION ( 'NONE',  ( 0.3166679938014731500, 0.0000000000000000000, 0.9485364419471452600 ) ) ;
#9486 = AXIS2_PLACEMENT_3D ( 'NONE', #7775, #4459, #7013 ) ;
#9487 = EDGE_CURVE ( 'NONE', #2010, #2667, #6470, .T. ) ;
#9488 = DIRECTION ( 'NONE',  ( -0.2000256937760473100, 0.0000000000000000000, -0.9797906520422671200 ) ) ;
#9489 = DIRECTION ( 'NONE',  ( -0.8451900855437899400, 0.0000000000000000000, 0.5344658261278086900 ) ) ;
#9490 = ORIENTED_EDGE ( 'NONE', *, *, #3613, .F. ) ;
#9491 = CIRCLE ( 'NONE', #4619, 0.03906250000000003500 ) ;
#9492 = ORIENTED_EDGE ( 'NONE', *, *, #8791, .T. ) ;
#9493 = DIRECTION ( 'NONE',  ( 0.1205366802553199100, 0.0000000000000000000, -0.9927088740980543100 ) ) ;
#9494 = ORIENTED_EDGE ( 'NONE', *, *, #5300, .F. ) ;
#9495 = CARTESIAN_POINT ( 'NONE',  ( -0.07243600515880298200, 0.0000000000000000000, -0.8972809287824155000 ) ) ;
#9496 = ORIENTED_EDGE ( 'NONE', *, *, #2890, .F. ) ;
#9497 = DIRECTION ( 'NONE',  ( 0.9605181116313731300, 0.0000000000000000000, 0.2782174639164499700 ) ) ;
#9498 = COORDINATED_UNIVERSAL_TIME_OFFSET ( 6, 0, .BEHIND. ) ;
#9499 = DIRECTION ( 'NONE',  ( 0.6927243535096075900, 0.0000000000000000000, 0.7212024473438066700 ) ) ;
#9500 = ORIENTED_EDGE ( 'NONE', *, *, #2304, .F. ) ;
#9501 = LINE ( 'NONE', #2397, #1757 ) ;
#9502 = ORIENTED_EDGE ( 'NONE', *, *, #10363, .T. ) ;
#9503 = DIRECTION ( 'NONE',  ( 0.9991889981715694800, 0.0000000000000000000, -0.04026594010941866900 ) ) ;
#9504 = DIRECTION ( 'NONE',  ( 0.3166679938014731500, 0.0000000000000000000, 0.9485364419471452600 ) ) ;
#9505 = EDGE_LOOP ( 'NONE', ( #1740, #5665, #6588, #393 ) ) ;
#9506 = CARTESIAN_POINT ( 'NONE',  ( 0.8552465528589947600, 0.01953124999999986500, 0.2829448409186753300 ) ) ;
#9507 = CARTESIAN_POINT ( 'NONE',  ( 0.8417016216654091800, 0.0000000000000000000, -0.3192153193156940200 ) ) ;
#9508 = CARTESIAN_POINT ( 'NONE',  ( -0.7630401052466498900, 4.783776559169353300E-018, 0.4792240777459241300 ) ) ;
#9509 = DIRECTION ( 'NONE',  ( 0.7212024473438157800, 0.0000000000000000000, 0.6927243535095981600 ) ) ;
#9510 = AXIS2_PLACEMENT_3D ( 'NONE', #5997, #1231, #2816 ) ;
#9511 = EDGE_CURVE ( 'NONE', #7396, #3520, #8135, .T. ) ;
#9512 = CARTESIAN_POINT ( 'NONE',  ( 0.7965402780564604400, 4.783776559169353300E-018, 0.4212000763769956400 ) ) ;
#9513 = VECTOR ( 'NONE', #6711, 39.37007874015748100 ) ;
#9514 = VERTEX_POINT ( 'NONE', #3703 ) ;
#9515 = CIRCLE ( 'NONE', #1632, 0.03906249999999997900 ) ;
#9516 = ORIENTED_EDGE ( 'NONE', *, *, #7087, .F. ) ;
#9517 = CARTESIAN_POINT ( 'NONE',  ( -0.1825858563241816700, 0.01953124999999987900, -0.8821376617342972000 ) ) ;
#9518 = ORIENTED_EDGE ( 'NONE', *, *, #2200, .F. ) ;
#9519 = DIRECTION ( 'NONE',  ( 0.9927088740980544200, 0.0000000000000000000, 0.1205366802553199300 ) ) ;
#9520 = DIRECTION ( 'NONE',  ( 0.9991889981715694800, 0.0000000000000000000, -0.04026594010941866900 ) ) ;
#9521 = CARTESIAN_POINT ( 'NONE',  ( 0.8132860812362671100, 0.01953124999999987900, 0.3859090437750274900 ) ) ;
#9522 = DIRECTION ( 'NONE',  ( 0.4647231720437694500, 0.0000000000000000000, 0.8854560256532094700 ) ) ;
#9523 = ADVANCED_FACE ( 'NONE', ( #7759 ), #6161, .T. ) ;
#9524 = ORIENTED_EDGE ( 'NONE', *, *, #8356, .F. ) ;
#9525 = DIRECTION ( 'NONE',  ( -0.9199794436588212300, 0.0000000000000000000, 0.3919666098600823000 ) ) ;
#9526 = CIRCLE ( 'NONE', #3118, 0.03906250000000002100 ) ;
#9527 = ORIENTED_EDGE ( 'NONE', *, *, #6467, .F. ) ;
#9528 = CYLINDRICAL_SURFACE ( 'NONE', #9628, 0.03906250000000002800 ) ;
#9529 = AXIS2_PLACEMENT_3D ( 'NONE', #3035, #7179, #8803 ) ;
#9530 = EDGE_CURVE ( 'NONE', #1383, #3541, #3798, .T. ) ;
#9531 = ORIENTED_EDGE ( 'NONE', *, *, #9567, .T. ) ;
#9532 = CARTESIAN_POINT ( 'NONE',  ( 0.3712132395370612000, 0.0000000000000000000, -0.5870267739144450200 ) ) ;
#9533 = CARTESIAN_POINT ( 'NONE',  ( -0.3528483421960461600, -0.01953125000000016700, -0.8281654951816711500 ) ) ;
#9534 = ORIENTED_EDGE ( 'NONE', *, *, #255, .T. ) ;
#9535 = AXIS2_PLACEMENT_3D ( 'NONE', #2271, #6365, #7833 ) ;
#9536 = CIRCLE ( 'NONE', #5488, 0.03906249999999997900 ) ;
#9537 = ORIENTED_EDGE ( 'NONE', *, *, #4301, .F. ) ;
#9538 = LINE ( 'NONE', #2482, #6738 ) ;
#9539 = ADVANCED_FACE ( 'NONE', ( #3550 ), #8548, .T. ) ;
#9540 = CARTESIAN_POINT ( 'NONE',  ( -0.1061554250905223800, -0.01953125000000016700, -0.8945588157877256700 ) ) ;
#9541 = EDGE_CURVE ( 'NONE', #4393, #7540, #9656, .T. ) ;
#9542 = DIRECTION ( 'NONE',  ( 0.2393156642875647600, -0.0000000000000000000, 0.9709418174260503500 ) ) ;
#9543 = AXIS2_PLACEMENT_3D ( 'NONE', #8602, #3718, #6214 ) ;
#9544 = EDGE_CURVE ( 'NONE', #4644, #8746, #4302, .T. ) ;
#9545 = ORIENTED_EDGE ( 'NONE', *, *, #3546, .F. ) ;
#9546 = CARTESIAN_POINT ( 'NONE',  ( -0.1444022350281443100, 0.0000000000000000000, 0.8885426464266511500 ) ) ;
#9547 = EDGE_LOOP ( 'NONE', ( #10484, #2645 ) ) ;
#9548 = CARTESIAN_POINT ( 'NONE',  ( 0.3883896036867043300, -0.01953125000000016700, 0.8128086890085344200 ) ) ;
#9549 = FACE_OUTER_BOUND ( 'NONE', #2381, .T. ) ;
#9550 = CARTESIAN_POINT ( 'NONE',  ( 0.2363037118603886200, 0.0000000000000000000, -0.6542829182908971300 ) ) ;
#9551 = VECTOR ( 'NONE', #6652, 39.37007874015748100 ) ;
#9552 = DIRECTION ( 'NONE',  ( 0.2782174639164617400, 0.0000000000000000000, 0.9605181116313696900 ) ) ;
#9553 = EDGE_CURVE ( 'NONE', #9366, #2017, #9131, .T. ) ;
#9554 = DIRECTION ( 'NONE',  ( -0.1604112808577474500, 0.0000000000000000000, 0.9870502626379148400 ) ) ;
#9555 = CYLINDRICAL_SURFACE ( 'NONE', #1402, 0.03906250000000004900 ) ;
#9556 = AXIS2_PLACEMENT_3D ( 'NONE', #773, #1696, #4908 ) ;
#9557 = FACE_BOUND ( 'NONE', #2896, .T. ) ;
#9558 = DIRECTION ( 'NONE',  ( -0.0000000000000000000, -1.000000000000000000, -6.123233995736766000E-017 ) ) ;
#9559 = EDGE_CURVE ( 'NONE', #7582, #1495, #1791, .T. ) ;
#9560 = CARTESIAN_POINT ( 'NONE',  ( -0.8820075449684513500, 0.0000000000000000000, -0.1800631295371867300 ) ) ;
#9561 = FACE_OUTER_BOUND ( 'NONE', #5654, .T. ) ;
#9562 = CIRCLE ( 'NONE', #101, 0.6260000000000001100 ) ;
#9563 = FACE_OUTER_BOUND ( 'NONE', #4050, .T. ) ;
#9564 = DIRECTION ( 'NONE',  ( -0.1604112808577474700, 0.0000000000000000000, 0.9870502626379149500 ) ) ;
#9565 = AXIS2_PLACEMENT_3D ( 'NONE', #5361, #556, #6145 ) ;
#9566 = VERTEX_POINT ( 'NONE', #592 ) ;
#9567 = EDGE_CURVE ( 'NONE', #5142, #2505, #5595, .T. ) ;
#9568 = FACE_OUTER_BOUND ( 'NONE', #9470, .T. ) ;
#9569 = CIRCLE ( 'NONE', #2403, 0.03906250000000003500 ) ;
#9570 = DIRECTION ( 'NONE',  ( 0.9034504346103833200, 0.0000000000000000000, 0.4286925614030520100 ) ) ;
#9571 = CARTESIAN_POINT ( 'NONE',  ( 0.4183437994738012900, 0.0000000000000000000, 0.7970875142930192700 ) ) ;
#9572 = VERTEX_POINT ( 'NONE', #2942 ) ;
#9573 = CARTESIAN_POINT ( 'NONE',  ( -0.03350017280981038700, 4.783776559169353300E-018, -0.9004241541229127700 ) ) ;
#9574 = LINE ( 'NONE', #8090, #3846 ) ;
#9575 = DIRECTION ( 'NONE',  ( 0.4647231720437694500, 0.0000000000000000000, 0.8854560256532094700 ) ) ;
#9576 = ORIENTED_EDGE ( 'NONE', *, *, #8765, .F. ) ;
#9577 = FACE_OUTER_BOUND ( 'NONE', #9203, .T. ) ;
#9578 = CARTESIAN_POINT ( 'NONE',  ( -0.6939867186800641200, 0.0000000000000000000, -0.02796670870298751500 ) ) ;
#9579 = DIRECTION ( 'NONE',  ( 0.9870502626379126200, 0.0000000000000000000, -0.1604112808577614600 ) ) ;
#9580 = ADVANCED_FACE ( 'NONE', ( #2547 ), #7882, .F. ) ;
#9581 = AXIS2_PLACEMENT_3D ( 'NONE', #5063, #7742, #6917 ) ;
#9582 = EDGE_CURVE ( 'NONE', #4666, #2101, #8022, .T. ) ;
#9583 = DIRECTION ( 'NONE',  ( 0.3166679938014731500, 0.0000000000000000000, 0.9485364419471452600 ) ) ;
#9584 = VERTEX_POINT ( 'NONE', #5417 ) ;
#9585 = ORIENTED_EDGE ( 'NONE', *, *, #8518, .T. ) ;
#9586 = CARTESIAN_POINT ( 'NONE',  ( 0.3171526786115523900, 0.01953124999999986500, 0.8431599063221670900 ) ) ;
#9587 = DIRECTION ( 'NONE',  ( 0.9485364419471491400, 0.0000000000000000000, 0.3166679938014614300 ) ) ;
#9588 = VECTOR ( 'NONE', #3788, 39.37007874015748100 ) ;
#9589 = AXIS2_PLACEMENT_3D ( 'NONE', #5223, #3666, #2024 ) ;
#9590 = EDGE_LOOP ( 'NONE', ( #5426, #7209, #3827, #1047 ) ) ;
#9591 = LINE ( 'NONE', #1043, #9326 ) ;
#9592 = DIRECTION ( 'NONE',  ( -0.9967573081342096000, 0.0000000000000000000, 0.08046656871673203700 ) ) ;
#9593 = ORIENTED_EDGE ( 'NONE', *, *, #5375, .F. ) ;
#9594 = ORIENTED_EDGE ( 'NONE', *, *, #5012, .T. ) ;
#9595 = ORIENTED_EDGE ( 'NONE', *, *, #6960, .F. ) ;
#9596 = CARTESIAN_POINT ( 'NONE',  ( 0.3169116451781119900, 0.0000000000000000000, -0.8434766908793346300 ) ) ;
#9597 = AXIS2_PLACEMENT_3D ( 'NONE', #4568, #6194, #1352 ) ;
#9598 = EDGE_CURVE ( 'NONE', #9219, #1914, #5963, .T. ) ;
#9599 = DIRECTION ( 'NONE',  ( -0.9967573081342106000, 0.0000000000000000000, -0.08046656871671795100 ) ) ;
#9600 = LINE ( 'NONE', #7656, #8205 ) ;
#9601 = ORIENTED_EDGE ( 'NONE', *, *, #10450, .F. ) ;
#9602 = LINE ( 'NONE', #10147, #365 ) ;
#9603 = VERTEX_POINT ( 'NONE', #3671 ) ;
#9604 = ORIENTED_EDGE ( 'NONE', *, *, #5796, .F. ) ;
#9605 = CARTESIAN_POINT ( 'NONE',  ( -0.5380018762374012600, 0.01953124999999988900, -0.4392649356197649800 ) ) ;
#9606 = ORIENTED_EDGE ( 'NONE', *, *, #4579, .F. ) ;
#9607 = CARTESIAN_POINT ( 'NONE',  ( 0.6939867186800639000, 0.0000000000000000000, -0.02796670870299674400 ) ) ;
#9608 = AXIS2_PLACEMENT_3D ( 'NONE', #7898, #6279, #1470 ) ;
#9609 = CARTESIAN_POINT ( 'NONE',  ( -0.8417016216654136200, 0.0000000000000000000, -0.3192153193156827000 ) ) ;
#9610 = ORIENTED_EDGE ( 'NONE', *, *, #8041, .T. ) ;
#9611 = CARTESIAN_POINT ( 'NONE',  ( 0.6492264430989030900, 0.0000000000000000000, 0.6235904630293402900 ) ) ;
#9612 = CARTESIAN_POINT ( 'NONE',  ( -0.3081771058962429800, 0.0000000000000000000, -0.6236605268955750500 ) ) ;
#9613 = LINE ( 'NONE', #5613, #9351 ) ;
#9614 = EDGE_CURVE ( 'NONE', #8203, #9141, #1910, .T. ) ;
#9615 = EDGE_LOOP ( 'NONE', ( #4678, #5909 ) ) ;
#9616 = AXIS2_PLACEMENT_3D ( 'NONE', #9147, #1891, #7416 ) ;
#9617 = VERTEX_POINT ( 'NONE', #4492 ) ;
#9618 = VERTEX_POINT ( 'NONE', #8818 ) ;
#9619 = CARTESIAN_POINT ( 'NONE',  ( 0.8936365284630687400, 0.0000000000000000000, 0.1085071195658390300 ) ) ;
#9620 = EDGE_CURVE ( 'NONE', #3731, #4647, #425, .T. ) ;
#9621 = CARTESIAN_POINT ( 'NONE',  ( 0.1282892798877138000, 0.0000000000000000000, -0.6837159074294981700 ) ) ;
#9622 = CARTESIAN_POINT ( 'NONE',  ( -0.8994699361540474700, 0.0000000000000000000, -0.03624739928648673000 ) ) ;
#9623 = EDGE_LOOP ( 'NONE', ( #9083, #9883, #5307, #6946, #8638 ) ) ;
#9624 = VECTOR ( 'NONE', #3308, 39.37007874015748100 ) ;
#9625 = VERTEX_POINT ( 'NONE', #3878 ) ;
#9626 = CARTESIAN_POINT ( 'NONE',  ( -0.6926245574674857500, 0.01953124999999988900, -0.06176839056230412600 ) ) ;
#9627 = ORIENTED_EDGE ( 'NONE', *, *, #3706, .T. ) ;
#9628 = AXIS2_PLACEMENT_3D ( 'NONE', #9154, #291, #8320 ) ;
#9629 = ORIENTED_EDGE ( 'NONE', *, *, #8604, .F. ) ;
#9630 = EDGE_CURVE ( 'NONE', #9949, #8384, #9904, .T. ) ;
#9631 = DIRECTION ( 'NONE',  ( -0.2000256937760363200, 0.0000000000000000000, 0.9797906520422693400 ) ) ;
#9632 = VECTOR ( 'NONE', #4149, 39.37007874015748100 ) ;
#9633 = ORIENTED_EDGE ( 'NONE', *, *, #9553, .T. ) ;
#9634 = FACE_BOUND ( 'NONE', #10031, .T. ) ;
#9635 = CARTESIAN_POINT ( 'NONE',  ( -0.6492264430988948800, 0.01953124999999987900, 0.6235904630293489500 ) ) ;
#9636 = ORIENTED_EDGE ( 'NONE', *, *, #5662, .F. ) ;
#9637 = EDGE_LOOP ( 'NONE', ( #3288, #996, #8112, #8830, #8118 ) ) ;
#9638 = CARTESIAN_POINT ( 'NONE',  ( -0.6014979441984852300, 0.0000000000000000000, -0.3472749999999945000 ) ) ;
#9639 = ADVANCED_FACE ( 'NONE', ( #4051 ), #8854, .T. ) ;
#9640 = FACE_OUTER_BOUND ( 'NONE', #9637, .T. ) ;
#9641 = DIRECTION ( 'NONE',  ( -0.7485107481711046300, 0.0000000000000000000, -0.6631226582407912000 ) ) ;
#9642 = ORIENTED_EDGE ( 'NONE', *, *, #3051, .F. ) ;
#9643 = VECTOR ( 'NONE', #7485, 39.37007874015748100 ) ;
#9644 = ORIENTED_EDGE ( 'NONE', *, *, #9414, .F. ) ;
#9645 = DIRECTION ( 'NONE',  ( 0.7746049618276514800, 0.0000000000000000000, -0.6324453755953809400 ) ) ;
#9646 = EDGE_LOOP ( 'NONE', ( #2804, #9722, #5380, #8525 ) ) ;
#9647 = DIRECTION ( 'NONE',  ( 0.6631226582408011900, -0.0000000000000000000, 0.7485107481710956400 ) ) ;
#9648 = AXIS2_PLACEMENT_3D ( 'NONE', #10226, #2985, #6998 ) ;
#9649 = EDGE_CURVE ( 'NONE', #1154, #97, #6218, .T. ) ;
#9650 = CARTESIAN_POINT ( 'NONE',  ( -0.6939867186800641200, 0.01953124999999988900, -0.02796670870298751500 ) ) ;
#9651 = EDGE_LOOP ( 'NONE', ( #9069, #2445, #9355, #6065 ) ) ;
#9652 = VECTOR ( 'NONE', #10088, 39.37007874015748100 ) ;
#9653 = CARTESIAN_POINT ( 'NONE',  ( 0.0000000000000000000, 0.01953124999999988900, 0.6945500000000002200 ) ) ;
#9654 = ORIENTED_EDGE ( 'NONE', *, *, #129, .T. ) ;
#9655 = DIRECTION ( 'NONE',  ( 0.2393156642875516300, 0.0000000000000000000, -0.9709418174260535700 ) ) ;
#9656 = LINE ( 'NONE', #5266, #2053 ) ;
#9657 = ORIENTED_EDGE ( 'NONE', *, *, #2074, .T. ) ;
#9658 = ORIENTED_EDGE ( 'NONE', *, *, #2777, .T. ) ;
#9659 = EDGE_CURVE ( 'NONE', #8354, #9452, #802, .T. ) ;
#9660 = ORIENTED_EDGE ( 'NONE', *, *, #6699, .F. ) ;
#9661 = EDGE_LOOP ( 'NONE', ( #5719, #8093, #6299, #3257 ) ) ;
#9662 = DIRECTION ( 'NONE',  ( -0.8229838658936575700, 0.0000000000000000000, -0.5680647467311542600 ) ) ;
#9663 = CIRCLE ( 'NONE', #9680, 0.03906249999999995800 ) ;
#9664 = DIRECTION ( 'NONE',  ( -0.9967573081342106000, 0.0000000000000000000, -0.08046656871671800700 ) ) ;
#9665 = CARTESIAN_POINT ( 'NONE',  ( -0.6494155313571574600, 0.0000000000000000000, -0.2462908242953870700 ) ) ;
#9666 = AXIS2_PLACEMENT_3D ( 'NONE', #7365, #1770, #5703 ) ;
#9667 = CARTESIAN_POINT ( 'NONE',  ( -0.5141413743968069600, 0.0000000000000000000, -0.7399625436734028600 ) ) ;
#9668 = VECTOR ( 'NONE', #1751, 39.37007874015748100 ) ;
#9669 = FACE_OUTER_BOUND ( 'NONE', #9111, .T. ) ;
#9670 = EDGE_CURVE ( 'NONE', #7347, #6322, #4817, .T. ) ;
#9671 = DIRECTION ( 'NONE',  ( 0.6631226582407912000, 0.0000000000000000000, -0.7485107481711046300 ) ) ;
#9672 = AXIS2_PLACEMENT_3D ( 'NONE', #9341, #7723, #8567 ) ;
#9673 = DIRECTION ( 'NONE',  ( -0.9709418174260503500, 0.0000000000000000000, 0.2393156642875647600 ) ) ;
#9674 = DIRECTION ( 'NONE',  ( 0.8229838658936575700, 0.0000000000000000000, 0.5680647467311541500 ) ) ;
#9675 = CARTESIAN_POINT ( 'NONE',  ( 0.6762859881578718900, 0.0000000000000000000, 0.5954184924299724700 ) ) ;
#9677 = CARTESIAN_POINT ( 'NONE',  ( 0.2480123232565258400, 4.783776559169354800E-018, 0.8662423485486905300 ) ) ;
#9676 = FACE_OUTER_BOUND ( 'NONE', #10154, .T. ) ;
#9678 = FACE_BOUND ( 'NONE', #801, .T. ) ;
#9679 = DIRECTION ( 'NONE',  ( 0.4286925614030527900, 0.0000000000000000000, -0.9034504346103829900 ) ) ;
#9681 = DIRECTION ( 'NONE',  ( -0.9967573081342096000, 0.0000000000000000000, 0.08046656871673203700 ) ) ;
#9680 = AXIS2_PLACEMENT_3D ( 'NONE', #3962, #2444, #6513 ) ;
#9682 = ORIENTED_EDGE ( 'NONE', *, *, #1569, .T. ) ;
#9683 = ADVANCED_FACE ( 'NONE', ( #3427 ), #10028, .F. ) ;
#9684 = DIRECTION ( 'NONE',  ( 0.4286925614030641700, 0.0000000000000000000, 0.9034504346103774400 ) ) ;
#9685 = EDGE_CURVE ( 'NONE', #8454, #6922, #6726, .T. ) ;
#9686 = AXIS2_PLACEMENT_3D ( 'NONE', #622, #1315, #2128 ) ;
#9687 = FACE_OUTER_BOUND ( 'NONE', #6281, .T. ) ;
#9688 = CARTESIAN_POINT ( 'NONE',  ( 0.7600672050487032900, 0.01953124999999986500, 0.4835310672429852200 ) ) ;
#9690 = PLANE ( 'NONE',  #3205 ) ;
#9689 = LINE ( 'NONE', #1178, #3967 ) ;
#9691 = VECTOR ( 'NONE', #4533, 39.37007874015748900 ) ;
#9692 = DIRECTION ( 'NONE',  ( 0.1604112808577605700, 0.0000000000000000000, 0.9870502626379128500 ) ) ;
#9693 = EDGE_LOOP ( 'NONE', ( #7442, #5144, #8619, #3675 ) ) ;
#9694 = CIRCLE ( 'NONE', #2914, 0.03906250000000004900 ) ;
#9695 = DIRECTION ( 'NONE',  ( -0.9797906520422696700, 0.0000000000000000000, -0.2000256937760349900 ) ) ;
#9696 = DIRECTION ( 'NONE',  ( -0.2393156642875516300, -0.0000000000000000000, 0.9709418174260535700 ) ) ;
#9697 = ORIENTED_EDGE ( 'NONE', *, *, #3270, .T. ) ;
#9698 = VECTOR ( 'NONE', #4268, 39.37007874015748100 ) ;
#9699 = CARTESIAN_POINT ( 'NONE',  ( 0.1499703060040511200, 0.0000000000000000000, 0.6792896942566562000 ) ) ;
#9700 = ORIENTED_EDGE ( 'NONE', *, *, #9874, .T. ) ;
#9701 = EDGE_CURVE ( 'NONE', #6186, #1134, #4444, .T. ) ;
#9702 = CARTESIAN_POINT ( 'NONE',  ( 0.0000000000000000000, 0.0000000000000000000, 0.9002000000000001100 ) ) ;
#9703 = CYLINDRICAL_SURFACE ( 'NONE', #8691, 0.03906250000000002100 ) ;
#9704 = ORIENTED_EDGE ( 'NONE', *, *, #4674, .F. ) ;
#9705 = MANIFOLD_SOLID_BREP ( 'CirPattern1[16]', #9012 ) ;
#9706 = LINE ( 'NONE', #4005, #8316 ) ;
#9707 = CARTESIAN_POINT ( 'NONE',  ( -0.2533593757348709400, 0.0000000000000000000, -0.8646935559106976300 ) ) ;
#9708 = ADVANCED_FACE ( 'NONE', ( #8772 ), #10289, .F. ) ;
#9709 = CARTESIAN_POINT ( 'NONE',  ( 0.2850645280200862500, 0.0000000000000000000, 0.8538725050408205700 ) ) ;
#9710 = CARTESIAN_POINT ( 'NONE',  ( 0.0000000000000000000, 0.0000000000000000000, 0.6945500000000002200 ) ) ;
#9711 = ORIENTED_EDGE ( 'NONE', *, *, #2865, .T. ) ;
#9712 = VERTEX_POINT ( 'NONE', #8789 ) ;
#9713 = ORIENTED_EDGE ( 'NONE', *, *, #3435, .T. ) ;
#9714 = DIRECTION ( 'NONE',  ( -0.9991889981715700300, 0.0000000000000000000, -0.04026594010940538100 ) ) ;
#9715 = VECTOR ( 'NONE', #3942, 39.37007874015748100 ) ;
#9716 = DIRECTION ( 'NONE',  ( 0.6324453755953809400, 0.0000000000000000000, 0.7746049618276515900 ) ) ;
#9717 = DIRECTION ( 'NONE',  ( 0.3919666098600698100, 0.0000000000000000000, -0.9199794436588264500 ) ) ;
#9718 = VERTEX_POINT ( 'NONE', #7093 ) ;
#9719 = AXIS2_PLACEMENT_3D ( 'NONE', #3239, #9086, #5000 ) ;
#9720 = EDGE_CURVE ( 'NONE', #2895, #2010, #6989, .T. ) ;
#9721 = LINE ( 'NONE', #5459, #605 ) ;
#9722 = ORIENTED_EDGE ( 'NONE', *, *, #7155, .F. ) ;
#9723 = MANIFOLD_SOLID_BREP ( 'CirPattern1[20]', #3109 ) ;
#9724 = ORIENTED_EDGE ( 'NONE', *, *, #4636, .T. ) ;
#9725 = ORIENTED_EDGE ( 'NONE', *, *, #5389, .F. ) ;
#9726 = CARTESIAN_POINT ( 'NONE',  ( 0.5009111598026474400, 0.0000000000000000000, 0.4811316997300915700 ) ) ;
#9727 = AXIS2_PLACEMENT_3D ( 'NONE', #2943, #7959, #4576 ) ;
#9728 = FACE_OUTER_BOUND ( 'NONE', #8594, .T. ) ;
#9729 = DIRECTION ( 'NONE',  ( 0.9870502626379126200, 0.0000000000000000000, -0.1604112808577616000 ) ) ;
#9730 = ORIENTED_EDGE ( 'NONE', *, *, #6975, .T. ) ;
#9731 = CIRCLE ( 'NONE', #6796, 0.03906249999999997900 ) ;
#9732 = ORIENTED_EDGE ( 'NONE', *, *, #1650, .F. ) ;
#9733 = CARTESIAN_POINT ( 'NONE',  ( 0.2154319609916540100, 0.0000000000000000000, -0.8740418240469335400 ) ) ;
#9734 = ORIENTED_EDGE ( 'NONE', *, *, #6310, .T. ) ;
#9735 = DIRECTION ( 'NONE',  ( 0.2393156642875516300, 0.0000000000000000000, -0.9709418174260535700 ) ) ;
#9736 = ORIENTED_EDGE ( 'NONE', *, *, #3232, .F. ) ;
#9737 = AXIS2_PLACEMENT_3D ( 'NONE', #6828, #1171, #4359 ) ;
#9738 = EDGE_CURVE ( 'NONE', #8973, #8321, #4573, .T. ) ;
#9739 = ADVANCED_FACE ( 'NONE', ( #8263 ), #7128, .T. ) ;
#9740 = VERTEX_POINT ( 'NONE', #8757 ) ;
#9741 = FACE_OUTER_BOUND ( 'NONE', #2240, .T. ) ;
#9742 = VERTEX_POINT ( 'NONE', #3181 ) ;
#9743 = DIRECTION ( 'NONE',  ( -1.000000000000000000, 0.0000000000000000000, -0.0000000000000000000 ) ) ;
#9744 = ORIENTED_EDGE ( 'NONE', *, *, #1937, .T. ) ;
#9745 = VERTEX_POINT ( 'NONE', #3982 ) ;
#9746 = CARTESIAN_POINT ( 'NONE',  ( 0.8994699361540469100, 0.0000000000000000000, -0.03624739928649869200 ) ) ;
#9747 = DIRECTION ( 'NONE',  ( -0.9034504346103775500, 0.0000000000000000000, 0.4286925614030642200 ) ) ;
#9748 = AXIS2_PLACEMENT_3D ( 'NONE', #5324, #9444, #4590 ) ;
#9749 = EDGE_CURVE ( 'NONE', #9141, #9085, #5839, .T. ) ;
#9750 = EDGE_LOOP ( 'NONE', ( #8975, #8244 ) ) ;
#9751 = AXIS2_PLACEMENT_3D ( 'NONE', #1870, #7394, #9946 ) ;
#9752 = LINE ( 'NONE', #7359, #7603 ) ;
#9753 = ORIENTED_EDGE ( 'NONE', *, *, #10189, .F. ) ;
#9754 = DIRECTION ( 'NONE',  ( 0.1604112808577605700, 0.0000000000000000000, 0.9870502626379128500 ) ) ;
#9755 = ORIENTED_EDGE ( 'NONE', *, *, #546, .F. ) ;
#9756 = DIRECTION ( 'NONE',  ( -0.9991889981715700300, 0.0000000000000000000, -0.04026594010940538100 ) ) ;
#9757 = EDGE_CURVE ( 'NONE', #6922, #8454, #1297, .T. ) ;
#9758 = CIRCLE ( 'NONE', #9356, 0.03906250000000005600 ) ;
#9759 = CARTESIAN_POINT ( 'NONE',  ( 0.5132969787532011300, 0.0000000000000000000, -0.4695229419411647800 ) ) ;
#9760 = ORIENTED_EDGE ( 'NONE', *, *, #10343, .F. ) ;
#9761 = CIRCLE ( 'NONE', #6316, 0.03906249999999998600 ) ;
#9762 = AXIS2_PLACEMENT_3D ( 'NONE', #5888, #8313, #9048 ) ;
#9763 = ORIENTED_EDGE ( 'NONE', *, *, #2741, .T. ) ;
#9764 = EDGE_CURVE ( 'NONE', #660, #4946, #6355, .T. ) ;
#9765 = ORIENTED_EDGE ( 'NONE', *, *, #499, .T. ) ;
#9766 = DIRECTION ( 'NONE',  ( -0.3919666098600822500, 0.0000000000000000000, -0.9199794436588211200 ) ) ;
#9767 = ADVANCED_FACE ( 'NONE', ( #8639 ), #4904, .F. ) ;
#9769 = DIRECTION ( 'NONE',  ( 0.7746049618276514800, 0.0000000000000000000, -0.6324453755953809400 ) ) ;
#9768 = DIRECTION ( 'NONE',  ( 0.1604112808577605700, 0.0000000000000000000, 0.9870502626379128500 ) ) ;
#9770 = ORIENTED_EDGE ( 'NONE', *, *, #7932, .T. ) ;
#9771 = VECTOR ( 'NONE', #10506, 39.37007874015748100 ) ;
#9772 = VERTEX_POINT ( 'NONE', #10489 ) ;
#9773 = EDGE_LOOP ( 'NONE', ( #2170, #10035, #1729, #7557 ) ) ;
#9774 = AXIS2_PLACEMENT_3D ( 'NONE', #2249, #3060, #742 ) ;
#9775 = DIRECTION ( 'NONE',  ( 1.000000000000000000, 0.0000000000000000000, 0.0000000000000000000 ) ) ;
#9776 = EDGE_LOOP ( 'NONE', ( #5465, #1777 ) ) ;
#9777 = LINE ( 'NONE', #4589, #5961 ) ;
#9778 = DIRECTION ( 'NONE',  ( 0.8854560256532159100, 0.0000000000000000000, 0.4647231720437570200 ) ) ;
#9779 = ORIENTED_EDGE ( 'NONE', *, *, #4373, .F. ) ;
#9780 = PLANE ( 'NONE',  #1513 ) ;
#9781 = LINE ( 'NONE', #7027, #2939 ) ;
#9782 = AXIS2_PLACEMENT_3D ( 'NONE', #170, #5852, #7555 ) ;
#9783 = EDGE_CURVE ( 'NONE', #4026, #7081, #8521, .T. ) ;
#9784 = DIRECTION ( 'NONE',  ( 0.8660254037844363800, 0.0000000000000000000, -0.5000000000000041100 ) ) ;
#9785 = CARTESIAN_POINT ( 'NONE',  ( 0.6935635980043722800, -0.01953125000000015600, 0.05013628628964646900 ) ) ;
#9786 = DIRECTION ( 'NONE',  ( 0.4999999999999919000, 0.0000000000000000000, -0.8660254037844431500 ) ) ;
#9787 = PLANE ( 'NONE',  #9413 ) ;
#9788 = ORIENTED_EDGE ( 'NONE', *, *, #6205, .F. ) ;
#9789 = DIRECTION ( 'NONE',  ( -0.9485364419471452600, 0.0000000000000000000, 0.3166679938014731500 ) ) ;
#9790 = AXIS2_PLACEMENT_3D ( 'NONE', #7520, #5022, #8301 ) ;
#9791 = ADVANCED_FACE ( 'NONE', ( #10420 ), #1036, .F. ) ;
#9792 = DIRECTION ( 'NONE',  ( 0.9485364419471457000, 0.0000000000000000000, -0.3166679938014719800 ) ) ;
#9793 = CIRCLE ( 'NONE', #7025, 0.03906250000000003500 ) ;
#9794 = CIRCLE ( 'NONE', #6282, 0.03906250000000004900 ) ;
#9795 = PLANE ( 'NONE',  #4410 ) ;
#9796 = DIRECTION ( 'NONE',  ( -0.9605181116313692400, 0.0000000000000000000, 0.2782174639164631800 ) ) ;
#9797 = CARTESIAN_POINT ( 'NONE',  ( 0.07243600515879085300, 0.0000000000000000000, -0.8972809287824163900 ) ) ;
#9798 = EDGE_CURVE ( 'NONE', #2407, #9065, #7492, .T. ) ;
#9799 = CIRCLE ( 'NONE', #6476, 0.03906249999999998600 ) ;
#9800 = CYLINDRICAL_SURFACE ( 'NONE', #8181, 0.03906250000000004200 ) ;
#9802 = DIRECTION ( 'NONE',  ( -0.7485107481710965300, 0.0000000000000000000, 0.6631226582408003000 ) ) ;
#9801 = DIRECTION ( 'NONE',  ( 0.9870502626379126200, 0.0000000000000000000, -0.1604112808577614600 ) ) ;
#9803 = DIRECTION ( 'NONE',  ( -0.9034504346103775500, 0.0000000000000000000, 0.4286925614030642200 ) ) ;
#9804 = ORIENTED_EDGE ( 'NONE', *, *, #9916, .T. ) ;
#9805 = FACE_OUTER_BOUND ( 'NONE', #3765, .T. ) ;
#9806 = EDGE_CURVE ( 'NONE', #7330, #4476, #7249, .T. ) ;
#9807 = DIRECTION ( 'NONE',  ( -0.4647231720437573500, 0.0000000000000000000, 0.8854560256532157900 ) ) ;
#9808 = LINE ( 'NONE', #4451, #3708 ) ;
#9809 = AXIS2_PLACEMENT_3D ( 'NONE', #8278, #9013, #175 ) ;
#9810 = VECTOR ( 'NONE', #9933, 39.37007874015748100 ) ;
#9811 = CARTESIAN_POINT ( 'NONE',  ( 0.8755262737747985200, 0.0000000000000000000, 0.2129311222819877400 ) ) ;
#9812 = ADVANCED_FACE ( 'NONE', ( #2795 ), #7626, .T. ) ;
#9813 = VERTEX_POINT ( 'NONE', #4080 ) ;
#9814 = EDGE_CURVE ( 'NONE', #4408, #5190, #3929, .T. ) ;
#9815 = DIRECTION ( 'NONE',  ( 0.1205366802553188300, 0.0000000000000000000, -0.9927088740980544200 ) ) ;
#9816 = CYLINDRICAL_SURFACE ( 'NONE', #722, 0.03906250000000004200 ) ;
#9817 = CARTESIAN_POINT ( 'NONE',  ( -0.8981077749414690900, 0.01953124999999987900, -0.07004908114580332700 ) ) ;
#9818 = CYLINDRICAL_SURFACE ( 'NONE', #7708, 0.03906250000000000700 ) ;
#9820 = CARTESIAN_POINT ( 'NONE',  ( -0.3883896036866931200, 0.01953124999999986500, 0.8128086890085398600 ) ) ;
#9819 = AXIS2_PLACEMENT_3D ( 'NONE', #8287, #224, #4447 ) ;
#9821 = CARTESIAN_POINT ( 'NONE',  ( 0.8994699361540469100, 0.0000000000000000000, -0.03624739928649869200 ) ) ;
#9822 = DIRECTION ( 'NONE',  ( 0.9991889981715695900, 0.0000000000000000000, -0.04026594010941867600 ) ) ;
#9823 = EDGE_CURVE ( 'NONE', #4558, #9742, #5458, .T. ) ;
#9824 = ORIENTED_EDGE ( 'NONE', *, *, #5398, .F. ) ;
#9825 = DIRECTION ( 'NONE',  ( 0.9870502626379126200, 0.0000000000000000000, -0.1604112808577614600 ) ) ;
#9826 = CARTESIAN_POINT ( 'NONE',  ( 0.4811261366802424600, 0.0000000000000000000, -0.7608401150065270400 ) ) ;
#9827 = ORIENTED_EDGE ( 'NONE', *, *, #4720, .T. ) ;
#9828 = CIRCLE ( 'NONE', #10072, 0.03906250000000004900 ) ;
#9829 = DIRECTION ( 'NONE',  ( 0.08046656871671943600, 0.0000000000000000000, -0.9967573081342104800 ) ) ;
#9830 = VERTEX_POINT ( 'NONE', #79 ) ;
#9831 = EDGE_LOOP ( 'NONE', ( #348, #8168, #7978, #3415, #7294 ) ) ;
#9832 = CARTESIAN_POINT ( 'NONE',  ( -0.6953488798926426000, 0.01953124999999992700, 0.005834973156329034200 ) ) ;
#9833 = FACE_OUTER_BOUND ( 'NONE', #4749, .T. ) ;
#9834 = DIRECTION ( 'NONE',  ( -0.9967573081342106000, 0.0000000000000000000, -0.08046656871671943600 ) ) ;
#9835 = ORIENTED_EDGE ( 'NONE', *, *, #7787, .T. ) ;
#9836 = LINE ( 'NONE', #7441, #3116 ) ;
#9837 = AXIS2_PLACEMENT_3D ( 'NONE', #3931, #1539, #4752 ) ;
#9838 = EDGE_CURVE ( 'NONE', #7300, #7962, #910, .T. ) ;
#9839 = ORIENTED_EDGE ( 'NONE', *, *, #437, .F. ) ;
#9840 = DIRECTION ( 'NONE',  ( 0.2782174639164620200, 0.0000000000000000000, 0.9605181116313695800 ) ) ;
#9841 = CARTESIAN_POINT ( 'NONE',  ( -0.6257921896629781200, -0.01953125000000015600, 0.6479881052430692700 ) ) ;
#9842 = ORIENTED_EDGE ( 'NONE', *, *, #3357, .T. ) ;
#9843 = EDGE_LOOP ( 'NONE', ( #5004, #1000, #3911, #7454 ) ) ;
#9844 = FACE_OUTER_BOUND ( 'NONE', #6979, .T. ) ;
#9845 = CARTESIAN_POINT ( 'NONE',  ( -0.8820075449684513500, 0.0000000000000000000, -0.1800631295371867300 ) ) ;
#9846 = VERTEX_POINT ( 'NONE', #829 ) ;
#9847 = DIRECTION ( 'NONE',  ( -0.9485364419471495900, 0.0000000000000000000, -0.3166679938014603800 ) ) ;
#9848 = CIRCLE ( 'NONE', #586, 0.03906250000000003500 ) ;
#9849 = ORIENTED_EDGE ( 'NONE', *, *, #9823, .F. ) ;
#9850 = ADVANCED_FACE ( 'NONE', ( #1164 ), #928, .T. ) ;
#9851 = VERTEX_POINT ( 'NONE', #2401 ) ;
#9852 = DIRECTION ( 'NONE',  ( -0.9967573081342092600, 0.0000000000000000000, 0.08046656871673289700 ) ) ;
#9853 = DIRECTION ( 'NONE',  ( -0.1205366802553337900, 0.0000000000000000000, -0.9927088740980526400 ) ) ;
#9854 = VERTEX_POINT ( 'NONE', #8357 ) ;
#9855 = DIRECTION ( 'NONE',  ( -0.3919666098600822500, 0.0000000000000000000, -0.9199794436588211200 ) ) ;
#9856 = DIRECTION ( 'NONE',  ( -0.1604112808577605700, -0.0000000000000000000, -0.9870502626379128500 ) ) ;
#9857 = CARTESIAN_POINT ( 'NONE',  ( 0.6671278544335704800, 0.0000000000000000000, 0.1932359395631703900 ) ) ;
#9858 = EDGE_CURVE ( 'NONE', #8442, #9258, #7116, .T. ) ;
#9859 = EDGE_LOOP ( 'NONE', ( #3006, #3717, #5791, #1520 ) ) ;
#9860 = CIRCLE ( 'NONE', #2725, 0.03906250000000002800 ) ;
#9861 = VERTEX_POINT ( 'NONE', #1764 ) ;
#9862 = DIRECTION ( 'NONE',  ( -0.5000000000000041100, 0.0000000000000000000, -0.8660254037844363800 ) ) ;
#9863 = ORIENTED_EDGE ( 'NONE', *, *, #3736, .T. ) ;
#9864 = AXIS2_PLACEMENT_3D ( 'NONE', #6464, #8018, #764 ) ;
#9865 = ORIENTED_EDGE ( 'NONE', *, *, #3047, .T. ) ;
#9866 = MANIFOLD_SOLID_BREP ( 'CirPattern1[35]', #7376 ) ;
#9867 = DIRECTION ( 'NONE',  ( -0.3546048870425387300, 0.0000000000000000000, -0.9350162426854137200 ) ) ;
#9868 = ADVANCED_FACE ( 'NONE', ( #3056 ), #9528, .T. ) ;
#9869 = VERTEX_POINT ( 'NONE', #9878 ) ;
#9870 = LINE ( 'NONE', #7192, #2276 ) ;
#9871 = EDGE_CURVE ( 'NONE', #3554, #4827, #7360, .T. ) ;
#9872 = EDGE_LOOP ( 'NONE', ( #3424, #6559 ) ) ;
#9873 = AXIS2_PLACEMENT_3D ( 'NONE', #1548, #8673, #3863 ) ;
#9874 = EDGE_CURVE ( 'NONE', #4934, #3635, #4938, .T. ) ;
#9875 = ORIENTED_EDGE ( 'NONE', *, *, #8626, .T. ) ;
#9876 = ORIENTED_EDGE ( 'NONE', *, *, #10330, .T. ) ;
#9877 = CIRCLE ( 'NONE', #7738, 0.03906250000000006200 ) ;
#9878 = CARTESIAN_POINT ( 'NONE',  ( -0.6442373025384451300, 4.783776559169353300E-018, 0.2624573859205305300 ) ) ;
#9879 = ORIENTED_EDGE ( 'NONE', *, *, #8778, .T. ) ;
#9880 = FACE_BOUND ( 'NONE', #4824, .T. ) ;
#9881 = VERTEX_POINT ( 'NONE', #2710 ) ;
#9882 = CARTESIAN_POINT ( 'NONE',  ( -0.8278498682653148100, 4.783776559169353300E-018, -0.3557393912955819100 ) ) ;
#9883 = ORIENTED_EDGE ( 'NONE', *, *, #8863, .T. ) ;
#9884 = DIRECTION ( 'NONE',  ( -0.6631226582408013000, 0.0000000000000000000, -0.7485107481710957500 ) ) ;
#9885 = AXIS2_PLACEMENT_3D ( 'NONE', #2294, #3028, #713 ) ;
#9886 = EDGE_CURVE ( 'NONE', #5811, #226, #9257, .T. ) ;
#9887 = CYLINDRICAL_SURFACE ( 'NONE', #9819, 0.03906250000000006200 ) ;
#9888 = DIRECTION ( 'NONE',  ( -0.2000256937760482600, 0.0000000000000000000, -0.9797906520422667900 ) ) ;
#9889 = ORIENTED_EDGE ( 'NONE', *, *, #4354, .T. ) ;
#9890 = LINE ( 'NONE', #8377, #2404 ) ;
#9891 = CARTESIAN_POINT ( 'NONE',  ( 0.03906250000000003500, 0.0000000000000000000, 0.9002000000000001100 ) ) ;
#9892 = VERTEX_POINT ( 'NONE', #5833 ) ;
#9893 = ADVANCED_FACE ( 'NONE', ( #3296 ), #5579, .T. ) ;
#9894 = CARTESIAN_POINT ( 'NONE',  ( 0.6274914993586419000, 0.0000000000000000000, 0.2977484185224898400 ) ) ;
#9895 = ORIENTED_EDGE ( 'NONE', *, *, #668, .F. ) ;
#9896 = DIRECTION ( 'NONE',  ( 0.2782174639164620200, 0.0000000000000000000, 0.9605181116313695800 ) ) ;
#9897 = CARTESIAN_POINT ( 'NONE',  ( -0.5523863150852019700, 0.01953124999999990600, 0.4223901876065303000 ) ) ;
#9898 = DIRECTION ( 'NONE',  ( -0.6631226582408013000, 0.0000000000000000000, -0.7485107481710957500 ) ) ;
#9899 = CC_DESIGN_DATE_AND_TIME_ASSIGNMENT ( #4275, #5285, ( #3702 ) ) ;
#9900 = ORIENTED_EDGE ( 'NONE', *, *, #5887, .F. ) ;
#9901 = CIRCLE ( 'NONE', #2044, 0.03906249999999999300 ) ;
#9902 = VERTEX_POINT ( 'NONE', #6608 ) ;
#9903 = CARTESIAN_POINT ( 'NONE',  ( 0.6374195610257107300, 0.01953124999999994800, -0.2779215984796398200 ) ) ;
#9904 = CIRCLE ( 'NONE', #7443, 0.03906250000000004200 ) ;
#9905 = VERTEX_POINT ( 'NONE', #7578 ) ;
#9906 = ADVANCED_FACE ( 'NONE', ( #7231 ), #6978, .T. ) ;
#9907 = EDGE_CURVE ( 'NONE', #5899, #9617, #2035, .T. ) ;
#9908 = CARTESIAN_POINT ( 'NONE',  ( 0.1825858563241697900, 0.01953124999999986500, -0.8821376617342994200 ) ) ;
#9909 = EDGE_LOOP ( 'NONE', ( #40, #8456, #498, #3614 ) ) ;
#9910 = ORIENTED_EDGE ( 'NONE', *, *, #1811, .F. ) ;
#9911 = VERTEX_POINT ( 'NONE', #5798 ) ;
#9912 = VECTOR ( 'NONE', #2691, 39.37007874015748900 ) ;
#9913 = CARTESIAN_POINT ( 'NONE',  ( -0.8898210486315777400, 0.0000000000000000000, -0.1417900571917855300 ) ) ;
#9914 = ADVANCED_FACE ( 'NONE', ( #3167 ), #4257, .T. ) ;
#9915 = AXIS2_PLACEMENT_3D ( 'NONE', #564, #2910, #9403 ) ;
#9916 = EDGE_CURVE ( 'NONE', #10144, #8571, #10403, .T. ) ;
#9917 = CARTESIAN_POINT ( 'NONE',  ( 0.1110111958775103200, -0.01953125000000015600, 0.8939692184686969200 ) ) ;
#9918 = LINE ( 'NONE', #5096, #9668 ) ;
#9919 = VECTOR ( 'NONE', #4878, 39.37007874015748900 ) ;
#9920 = DIRECTION ( 'NONE',  ( 0.4286925614030521700, 0.0000000000000000000, -0.9034504346103833200 ) ) ;
#9921 = CARTESIAN_POINT ( 'NONE',  ( 0.1499703060040511700, 0.0000000000000000000, 0.6792896942566562000 ) ) ;
#9922 = CARTESIAN_POINT ( 'NONE',  ( 0.4172455396264891900, 0.0000000000000000000, 0.5552529713219013200 ) ) ;
#9923 = AXIS2_PLACEMENT_3D ( 'NONE', #4669, #7947, #7088 ) ;
#9924 = CARTESIAN_POINT ( 'NONE',  ( -0.8977141779626362000, 0.01953124999999987900, 0.07492465458416544500 ) ) ;
#9925 = FACE_OUTER_BOUND ( 'NONE', #9547, .T. ) ;
#9926 = DIRECTION ( 'NONE',  ( -0.9605181116313692400, 0.0000000000000000000, 0.2782174639164631800 ) ) ;
#9927 = DIRECTION ( 'NONE',  ( -0.2000256937760363200, 0.0000000000000000000, 0.9797906520422693400 ) ) ;
#9929 = DIRECTION ( 'NONE',  ( -0.9991889981715700300, 0.0000000000000000000, -0.04026594010940538100 ) ) ;
#9928 = CYLINDRICAL_SURFACE ( 'NONE', #3214, 0.03906250000000000700 ) ;
#9930 = CARTESIAN_POINT ( 'NONE',  ( 0.7795960684867498900, 0.0000000000000000000, -0.4501000000000037700 ) ) ;
#9931 = VECTOR ( 'NONE', #4544, 39.37007874015748100 ) ;
#9932 = EDGE_CURVE ( 'NONE', #508, #151, #2161, .T. ) ;
#9933 = DIRECTION ( 'NONE',  ( -0.0000000000000000000, -0.0000000000000000000, 1.000000000000000000 ) ) ;
#9934 = EDGE_LOOP ( 'NONE', ( #5706, #8002, #642, #288, #1666 ) ) ;
#9935 = LINE ( 'NONE', #305, #7796 ) ;
#9937 = DIRECTION ( 'NONE',  ( 0.6631226582407912000, 0.0000000000000000000, -0.7485107481711046300 ) ) ;
#9936 = CARTESIAN_POINT ( 'NONE',  ( 0.0000000000000000000, 0.01953125000000000000, -0.9687500000000001100 ) ) ;
#9938 = FACE_OUTER_BOUND ( 'NONE', #4737, .T. ) ;
#9939 = CYLINDRICAL_SURFACE ( 'NONE', #9672, 0.03906249999999997900 ) ;
#9940 = AXIS2_PLACEMENT_3D ( 'NONE', #9826, #7486, #9146 ) ;
#9941 = EDGE_LOOP ( 'NONE', ( #10299, #87, #1621, #6455, #5384 ) ) ;
#9942 = EDGE_CURVE ( 'NONE', #8321, #6197, #8009, .T. ) ;
#9943 = CARTESIAN_POINT ( 'NONE',  ( -0.1058455841438507400, 0.0000000000000000000, 0.8948087120851568900 ) ) ;
#9944 = CIRCLE ( 'NONE', #10323, 0.03906250000000003500 ) ;
#9945 = VERTEX_POINT ( 'NONE', #7467 ) ;
#9946 = DIRECTION ( 'NONE',  ( 0.7994427634035007300, 0.0000000000000000000, -0.6007422642379795000 ) ) ;
#9947 = VECTOR ( 'NONE', #9754, 39.37007874015748100 ) ;
#9948 = EDGE_CURVE ( 'NONE', #771, #727, #5051, .T. ) ;
#9949 = VERTEX_POINT ( 'NONE', #6639 ) ;
#9950 = CARTESIAN_POINT ( 'NONE',  ( 0.3221167327836466600, 0.0000000000000000000, 0.8415026615329505000 ) ) ;
#9951 = ORIENTED_EDGE ( 'NONE', *, *, #3572, .T. ) ;
#9952 = ADVANCED_FACE ( 'NONE', ( #1026 ), #9887, .T. ) ;
#9953 = CARTESIAN_POINT ( 'NONE',  ( -0.6872802900407889400, 0.01953124999999994100, -0.1057823926801479700 ) ) ;
#9954 = LINE ( 'NONE', #1960, #602 ) ;
#9955 = VERTEX_POINT ( 'NONE', #2852 ) ;
#9956 = DIRECTION ( 'NONE',  ( 0.2393156642875516300, 0.0000000000000000000, -0.9709418174260535700 ) ) ;
#9957 = FACE_OUTER_BOUND ( 'NONE', #6309, .T. ) ;
#9958 = EDGE_CURVE ( 'NONE', #10214, #9892, #8628, .T. ) ;
#9959 = ORIENTED_EDGE ( 'NONE', *, *, #4605, .F. ) ;
#9960 = ORIENTED_EDGE ( 'NONE', *, *, #6156, .T. ) ;
#9961 = CARTESIAN_POINT ( 'NONE',  ( -0.2154319609916658400, 0.0000000000000000000, -0.8740418240469306500 ) ) ;
#9962 = DIRECTION ( 'NONE',  ( -0.7746049618276598100, 0.0000000000000000000, -0.6324453755953708400 ) ) ;
#9963 = VERTEX_POINT ( 'NONE', #5252 ) ;
#9964 = ORIENTED_EDGE ( 'NONE', *, *, #2890, .T. ) ;
#9965 = VECTOR ( 'NONE', #484, 39.37007874015748100 ) ;
#9966 = CARTESIAN_POINT ( 'NONE',  ( 0.6805135973759567400, 0.0000000000000000000, -0.1389278456121543800 ) ) ;
#9967 = ADVANCED_FACE ( 'NONE', ( #6086 ), #13, .F. ) ;
#9968 = ORIENTED_EDGE ( 'NONE', *, *, #8005, .F. ) ;
#9969 = CYLINDRICAL_SURFACE ( 'NONE', #10342, 0.03906250000000000700 ) ;
#9970 = VERTEX_POINT ( 'NONE', #8536 ) ;
#9971 = CARTESIAN_POINT ( 'NONE',  ( 0.6924138303945398500, 0.0000000000000000000, -0.06699752894407370900 ) ) ;
#9972 = DIRECTION ( 'NONE',  ( 0.9797906520422669000, 0.0000000000000000000, -0.2000256937760482600 ) ) ;
#9973 = ORIENTED_EDGE ( 'NONE', *, *, #9453, .F. ) ;
#9975 = DIRECTION ( 'NONE',  ( 0.8229838658936501300, 0.0000000000000000000, -0.5680647467311650300 ) ) ;
#9974 = CARTESIAN_POINT ( 'NONE',  ( -0.6935635980043717300, 0.01953124999999988900, 0.05013628628965602400 ) ) ;
#9976 = AXIS2_PLACEMENT_3D ( 'NONE', #3886, #7960, #8034 ) ;
#9977 = ORIENTED_EDGE ( 'NONE', *, *, #7087, .T. ) ;
#9978 = CARTESIAN_POINT ( 'NONE',  ( 0.1114136551197576500, 0.0000000000000000000, 0.6855557599151624900 ) ) ;
#9979 = ORIENTED_EDGE ( 'NONE', *, *, #1081, .T. ) ;
#9980 = AXIS2_PLACEMENT_3D ( 'NONE', #9383, #4522, #10168 ) ;
#9981 = EDGE_CURVE ( 'NONE', #2106, #6209, #4162, .T. ) ;
#9982 = VECTOR ( 'NONE', #879, 39.37007874015748100 ) ;
#9983 = ORIENTED_EDGE ( 'NONE', *, *, #1786, .T. ) ;
#9984 = CARTESIAN_POINT ( 'NONE',  ( -0.5166068074181987500, 0.01953124999999988900, -0.4654691377619614700 ) ) ;
#9985 = ORIENTED_EDGE ( 'NONE', *, *, #9958, .T. ) ;
#9986 = VERTEX_POINT ( 'NONE', #3560 ) ;
#9987 = CARTESIAN_POINT ( 'NONE',  ( 0.1110111958775101500, 0.01953124999999986500, 0.8939692184686969200 ) ) ;
#9988 = DIRECTION ( 'NONE',  ( -0.6324453755953809400, 0.0000000000000000000, -0.7746049618276514800 ) ) ;
#9989 = ORIENTED_EDGE ( 'NONE', *, *, #7384, .F. ) ;
#9990 = CIRCLE ( 'NONE', #3720, 0.03906250000000000000 ) ;
#9991 = VERTEX_POINT ( 'NONE', #6904 ) ;
#9992 = CARTESIAN_POINT ( 'NONE',  ( 0.8417016216654091800, 0.0000000000000000000, -0.3192153193156940200 ) ) ;
#9993 = DIRECTION ( 'NONE',  ( 0.6631226582407912000, 0.0000000000000000000, -0.7485107481711046300 ) ) ;
#9994 = VERTEX_POINT ( 'NONE', #2055 ) ;
#9995 = DIRECTION ( 'NONE',  ( -0.4999999999999927800, 0.0000000000000000000, 0.8660254037844427000 ) ) ;
#9996 = DIRECTION ( 'NONE',  ( 0.08046656871671943600, 0.0000000000000000000, -0.9967573081342104800 ) ) ;
#9997 = VERTEX_POINT ( 'NONE', #1139 ) ;
#9998 = ADVANCED_FACE ( 'NONE', ( #2532 ), #1523, .F. ) ;
#9999 = CARTESIAN_POINT ( 'NONE',  ( 0.0000000000000000000, 0.01953124999999994100, 4.811986777743988600E-018 ) ) ;
#10000 = EDGE_CURVE ( 'NONE', #6179, #6381, #142, .T. ) ;
#10001 = CARTESIAN_POINT ( 'NONE',  ( -0.4042284772536233800, 0.0000000000000000000, -0.5661492025813225100 ) ) ;
#10002 = PLANE ( 'NONE',  #7760 ) ;
#10003 = ORIENTED_EDGE ( 'NONE', *, *, #7482, .F. ) ;
#10004 = DIRECTION ( 'NONE',  ( 0.8854560256532163500, 0.0000000000000000000, 0.4647231720437562900 ) ) ;
#10005 = DIRECTION ( 'NONE',  ( 0.9870502626379149500, 0.0000000000000000000, 0.1604112808577477800 ) ) ;
#10006 = FACE_OUTER_BOUND ( 'NONE', #9104, .T. ) ;
#10007 = ORIENTED_EDGE ( 'NONE', *, *, #159, .T. ) ;
#10008 = ORIENTED_EDGE ( 'NONE', *, *, #6760, .T. ) ;
#10009 = CARTESIAN_POINT ( 'NONE',  ( -0.5380018762374012600, 0.0000000000000000000, -0.4392649356197649800 ) ) ;
#10010 = PRODUCT ( '5909K38_Needle-Roller Thrust Bearing', '5909K38_Needle-Roller Thrust Bearing', '', ( #9373 ) ) ;
#10011 = ADVANCED_FACE ( 'NONE', ( #9640 ), #10125, .T. ) ;
#10012 = LINE ( 'NONE', #1820, #4152 ) ;
#10013 = EDGE_CURVE ( 'NONE', #8731, #502, #7474, .T. ) ;
#10015 = DIRECTION ( 'NONE',  ( 0.8854560256532159100, 0.0000000000000000000, 0.4647231720437570200 ) ) ;
#10014 = PLANE ( 'NONE',  #1552 ) ;
#10016 = ORIENTED_EDGE ( 'NONE', *, *, #10464, .T. ) ;
#10017 = VECTOR ( 'NONE', #306, 39.37007874015748100 ) ;
#10018 = ORIENTED_EDGE ( 'NONE', *, *, #9871, .F. ) ;
#10019 = VERTEX_POINT ( 'NONE', #2753 ) ;
#10020 = DIRECTION ( 'NONE',  ( 1.000000000000000000, 0.0000000000000000000, 0.0000000000000000000 ) ) ;
#10021 = ORIENTED_EDGE ( 'NONE', *, *, #10256, .F. ) ;
#10022 = DIRECTION ( 'NONE',  ( -0.5344658261278078000, 0.0000000000000000000, -0.8451900855437904900 ) ) ;
#10023 = VECTOR ( 'NONE', #1469, 39.37007874015747400 ) ;
#10024 = DIRECTION ( 'NONE',  ( -0.3166679938014603800, 0.0000000000000000000, 0.9485364419471495900 ) ) ;
#10025 = AXIS2_PLACEMENT_3D ( 'NONE', #7877, #4569, #6095 ) ;
#10026 = ORIENTED_EDGE ( 'NONE', *, *, #8640, .T. ) ;
#10027 = ADVANCED_FACE ( 'NONE', ( #6336 ), #367, .F. ) ;
#10028 = CYLINDRICAL_SURFACE ( 'NONE', #6152, 0.03906250000000002100 ) ;
#10029 = CARTESIAN_POINT ( 'NONE',  ( 0.8936365284630687400, 0.0000000000000000000, 0.1085071195658390300 ) ) ;
#10030 = EDGE_CURVE ( 'NONE', #8942, #1221, #3408, .T. ) ;
#10031 = EDGE_LOOP ( 'NONE', ( #9516, #1507, #7111, #9644 ) ) ;
#10032 = CARTESIAN_POINT ( 'NONE',  ( 0.0000000000000000000, 0.0000000000000000000, 0.9002000000000001100 ) ) ;
#10033 = DIRECTION ( 'NONE',  ( -0.2000256937760473100, 0.0000000000000000000, -0.9797906520422671200 ) ) ;
#10034 = CARTESIAN_POINT ( 'NONE',  ( -0.1444022350281443100, 0.0000000000000000000, 0.8885426464266511500 ) ) ;
#10035 = ORIENTED_EDGE ( 'NONE', *, *, #1569, .F. ) ;
#10036 = CARTESIAN_POINT ( 'NONE',  ( -0.6883271010390851200, 0.0000000000000000000, -0.1006547732667439500 ) ) ;
#10037 = VECTOR ( 'NONE', #9205, 39.37007874015748100 ) ;
#10038 = EDGE_LOOP ( 'NONE', ( #3865, #6838, #2782, #7461 ) ) ;
#10039 = VECTOR ( 'NONE', #6055, 39.37007874015747400 ) ;
#10040 = CARTESIAN_POINT ( 'NONE',  ( -0.2529763774286083500, 0.01953124999999987900, 0.8645851037594772800 ) ) ;
#10041 = DIRECTION ( 'NONE',  ( 0.5680647467311541500, 0.0000000000000000000, -0.8229838658936574600 ) ) ;
#10042 = CIRCLE ( 'NONE', #4442, 0.03906249999999993800 ) ;
#10043 = MANIFOLD_SOLID_BREP ( 'CirPattern1[1]', #6430 ) ;
#10044 = DIRECTION ( 'NONE',  ( 0.9605181116313731300, 0.0000000000000000000, 0.2782174639164499700 ) ) ;
#10045 = AXIS2_PLACEMENT_3D ( 'NONE', #8464, #7765, #1282 ) ;
#10046 = EDGE_CURVE ( 'NONE', #2353, #3520, #9384, .T. ) ;
#10047 = FACE_OUTER_BOUND ( 'NONE', #6963, .T. ) ;
#10049 = CARTESIAN_POINT ( 'NONE',  ( -0.4811261366802526700, 0.0000000000000000000, -0.7608401150065203800 ) ) ;
#10048 =( NAMED_UNIT ( * ) SI_UNIT ( $, .STERADIAN. ) SOLID_ANGLE_UNIT ( ) );
#10050 = DIRECTION ( 'NONE',  ( -0.5680647467311649200, 0.0000000000000000000, -0.8229838658936499100 ) ) ;
#10051 = CARTESIAN_POINT ( 'NONE',  ( 0.2529763774286200600, 0.01953124999999987900, 0.8645851037594740600 ) ) ;
#10052 = PLANE ( 'NONE',  #6568 ) ;
#10053 = FACE_OUTER_BOUND ( 'NONE', #2643, .T. ) ;
#10054 = FACE_BOUND ( 'NONE', #8021, .T. ) ;
#10055 = ORIENTED_EDGE ( 'NONE', *, *, #4073, .F. ) ;
#10056 = EDGE_CURVE ( 'NONE', #606, #5293, #4424, .T. ) ;
#10057 = DIRECTION ( 'NONE',  ( -0.9967573081342106000, 0.0000000000000000000, -0.08046656871671795100 ) ) ;
#10058 = ADVANCED_FACE ( 'NONE', ( #8246 ), #1207, .F. ) ;
#10059 = FACE_OUTER_BOUND ( 'NONE', #4443, .T. ) ;
#10060 = DIRECTION ( 'NONE',  ( -0.9034504346103775500, 0.0000000000000000000, 0.4286925614030642200 ) ) ;
#10061 = PLANE ( 'NONE',  #9246 ) ;
#10062 = CIRCLE ( 'NONE', #1332, 0.03906250000000004900 ) ;
#10063 = CARTESIAN_POINT ( 'NONE',  ( 0.4172455396264891900, -0.01953125000000015600, 0.5552529713219013200 ) ) ;
#10064 = CARTESIAN_POINT ( 'NONE',  ( -0.6805135973759587300, 0.0000000000000000000, -0.1389278456121451600 ) ) ;
#10065 = AXIS2_PLACEMENT_3D ( 'NONE', #1630, #4811, #10390 ) ;
#10066 = ORIENTED_EDGE ( 'NONE', *, *, #8672, .T. ) ;
#10067 = DIRECTION ( 'NONE',  ( 0.9350162426854133900, 0.0000000000000000000, -0.3546048870425394000 ) ) ;
#10068 = DIRECTION ( 'NONE',  ( 0.9991889981715694800, 0.0000000000000000000, -0.04026594010941866900 ) ) ;
#10070 = CARTESIAN_POINT ( 'NONE',  ( -0.3217262496504205700, 0.01953124999999987900, -0.8414253796181593300 ) ) ;
#10069 = CIRCLE ( 'NONE', #7625, 0.03906250000000004900 ) ;
#10071 = EDGE_CURVE ( 'NONE', #10260, #6169, #5824, .T. ) ;
#10072 = AXIS2_PLACEMENT_3D ( 'NONE', #5249, #6900, #2050 ) ;
#10073 = EDGE_CURVE ( 'NONE', #7762, #3018, #1895, .T. ) ;
#10074 = FACE_OUTER_BOUND ( 'NONE', #5675, .T. ) ;
#10075 = ADVANCED_FACE ( 'NONE', ( #6453 ), #4804, .F. ) ;
#10076 = DIRECTION ( 'NONE',  ( -0.6324453755953717300, 0.0000000000000000000, 0.7746049618276591400 ) ) ;
#10077 = ORIENTED_EDGE ( 'NONE', *, *, #6259, .T. ) ;
#10078 = DIRECTION ( 'NONE',  ( 0.4286925614030641700, 0.0000000000000000000, 0.9034504346103774400 ) ) ;
#10079 = DIRECTION ( 'NONE',  ( -0.5680647467311649200, 0.0000000000000000000, -0.8229838658936499100 ) ) ;
#10080 = CIRCLE ( 'NONE', #4119, 0.03906250000000003500 ) ;
#10081 = DIRECTION ( 'NONE',  ( 0.6007422642379800500, 0.0000000000000000000, 0.7994427634035002900 ) ) ;
#10082 = VERTEX_POINT ( 'NONE', #1415 ) ;
#10083 = CARTESIAN_POINT ( 'NONE',  ( -0.5407881862670197400, 0.0000000000000000000, 0.7196583756158385600 ) ) ;
#10084 = LINE ( 'NONE', #6973, #6020 ) ;
#10085 = AXIS2_PLACEMENT_3D ( 'NONE', #2775, #7528, #2668 ) ;
#10086 = EDGE_CURVE ( 'NONE', #614, #5126, #409, .T. ) ;
#10087 = CARTESIAN_POINT ( 'NONE',  ( -0.6972993866372594300, 0.0000000000000000000, -0.5693273271109529100 ) ) ;
#10088 = DIRECTION ( 'NONE',  ( 0.8229838658936574600, 0.0000000000000000000, 0.5680647467311541500 ) ) ;
#10089 = VERTEX_POINT ( 'NONE', #3973 ) ;
#10090 = CLOSED_SHELL ( 'NONE', ( #2398, #2312, #5868, #7949 ) ) ;
#10091 = AXIS2_PLACEMENT_3D ( 'NONE', #7295, #2644, #5897 ) ;
#10092 = VECTOR ( 'NONE', #6222, 39.37007874015748100 ) ;
#10093 = DIRECTION ( 'NONE',  ( 1.000000000000000000, 0.0000000000000000000, 0.0000000000000000000 ) ) ;
#10094 = DIRECTION ( 'NONE',  ( 0.8854560256532093600, 0.0000000000000000000, -0.4647231720437694500 ) ) ;
#10096 = ORIENTED_EDGE ( 'NONE', *, *, #7495, .F. ) ;
#10095 = EDGE_CURVE ( 'NONE', #10139, #6247, #7746, .T. ) ;
#10097 = LINE ( 'NONE', #2274, #4867 ) ;
#10098 = ORIENTED_EDGE ( 'NONE', *, *, #2900, .T. ) ;
#10099 = CARTESIAN_POINT ( 'NONE',  ( 0.3902010965804320600, -0.01953125000000014600, 0.5755755518670995200 ) ) ;
#10100 = DIRECTION ( 'NONE',  ( -0.7746049618276598100, 0.0000000000000000000, -0.6324453755953708400 ) ) ;
#10101 = ORIENTED_EDGE ( 'NONE', *, *, #2475, .F. ) ;
#10102 = AXIS2_PLACEMENT_3D ( 'NONE', #4471, #5173, #10158 ) ;
#10103 = DIRECTION ( 'NONE',  ( 0.2000256937760349400, 0.0000000000000000000, -0.9797906520422695600 ) ) ;
#10104 = LINE ( 'NONE', #1428, #495 ) ;
#10105 = ORIENTED_EDGE ( 'NONE', *, *, #1676, .T. ) ;
#10106 = LINE ( 'NONE', #7743, #2493 ) ;
#10107 = ORIENTED_EDGE ( 'NONE', *, *, #2389, .F. ) ;
#10108 = DIRECTION ( 'NONE',  ( -0.7212024473438066700, 0.0000000000000000000, 0.6927243535096077000 ) ) ;
#10109 = EDGE_CURVE ( 'NONE', #9945, #8719, #901, .T. ) ;
#10110 = ORIENTED_EDGE ( 'NONE', *, *, #6361, .T. ) ;
#10111 = ORIENTED_EDGE ( 'NONE', *, *, #2400, .T. ) ;
#10112 = CARTESIAN_POINT ( 'NONE',  ( 0.2722404088783115800, 0.0000000000000000000, -0.6389717225932380900 ) ) ;
#10113 = ORIENTED_EDGE ( 'NONE', *, *, #4772, .T. ) ;
#10114 = ADVANCED_FACE ( 'NONE', ( #3659 ), #270, .F. ) ;
#10115 = CARTESIAN_POINT ( 'NONE',  ( 0.8820075449684489100, 0.0000000000000000000, -0.1800631295371986900 ) ) ;
#10116 = CYLINDRICAL_SURFACE ( 'NONE', #7634, 0.03906250000000004200 ) ;
#10118 = DIRECTION ( 'NONE',  ( -0.8229838658936499100, 0.0000000000000000000, 0.5680647467311649200 ) ) ;
#10117 = DIRECTION ( 'NONE',  ( -0.9870502626379148400, 0.0000000000000000000, -0.1604112808577474500 ) ) ;
#10119 = EDGE_LOOP ( 'NONE', ( #9399, #5044, #8291, #5702, #7322 ) ) ;
#10120 = EDGE_LOOP ( 'NONE', ( #4821, #264, #477, #10338 ) ) ;
#10121 = DIRECTION ( 'NONE',  ( -0.04026594010941936900, 0.0000000000000000000, -0.9991889981715693600 ) ) ;
#10122 = ORIENTED_EDGE ( 'NONE', *, *, #9720, .F. ) ;
#10123 = EDGE_CURVE ( 'NONE', #2761, #9911, #7110, .T. ) ;
#10124 = PERSON_AND_ORGANIZATION ( #2878, #9238 ) ;
#10125 = PLANE ( 'NONE',  #5056 ) ;
#10126 = DIRECTION ( 'NONE',  ( 0.3166679938014731500, 0.0000000000000000000, 0.9485364419471452600 ) ) ;
#10127 = VERTEX_POINT ( 'NONE', #2160 ) ;
#10128 = LINE ( 'NONE', #8948, #8227 ) ;
#10129 = ORIENTED_EDGE ( 'NONE', *, *, #4746, .T. ) ;
#10130 = DIRECTION ( 'NONE',  ( -0.7212024473438066700, 0.0000000000000000000, 0.6927243535096077000 ) ) ;
#10131 = ORIENTED_EDGE ( 'NONE', *, *, #3990, .F. ) ;
#10132 = DIRECTION ( 'NONE',  ( 0.2782174639164617400, 0.0000000000000000000, 0.9605181116313696900 ) ) ;
#10133 = ADVANCED_FACE ( 'NONE', ( #787 ), #2299, .F. ) ;
#10134 = AXIS2_PLACEMENT_3D ( 'NONE', #5092, #9172, #1050 ) ;
#10135 = CARTESIAN_POINT ( 'NONE',  ( -0.5380018762374012600, 0.0000000000000000000, -0.4392649356197649800 ) ) ;
#10136 = LINE ( 'NONE', #3203, #9632 ) ;
#10137 = PLANE ( 'NONE',  #9472 ) ;
#10138 = CARTESIAN_POINT ( 'NONE',  ( -0.6972993866372594300, 0.0000000000000000000, -0.5693273271109529100 ) ) ;
#10139 = VERTEX_POINT ( 'NONE', #619 ) ;
#10140 = CIRCLE ( 'NONE', #573, 0.03906250000000004200 ) ;
#10141 = ORIENTED_EDGE ( 'NONE', *, *, #6868, .F. ) ;
#10142 = AXIS2_PLACEMENT_3D ( 'NONE', #8514, #6053, #2098 ) ;
#10143 = EDGE_CURVE ( 'NONE', #7328, #885, #8756, .T. ) ;
#10144 = VERTEX_POINT ( 'NONE', #2962 ) ;
#10145 = DIRECTION ( 'NONE',  ( 0.3166679938014731500, 0.0000000000000000000, 0.9485364419471452600 ) ) ;
#10146 = DIRECTION ( 'NONE',  ( 0.8229838658936575700, 0.0000000000000000000, 0.5680647467311541500 ) ) ;
#10147 = CARTESIAN_POINT ( 'NONE',  ( -0.6257921896629778900, 0.01953124999999987900, 0.6479881052430694900 ) ) ;
#10148 = PLANE ( 'NONE',  #8024 ) ;
#10149 = VECTOR ( 'NONE', #4622, 39.37007874015748900 ) ;
#10150 = ORIENTED_EDGE ( 'NONE', *, *, #2122, .T. ) ;
#10151 = LINE ( 'NONE', #4461, #8874 ) ;
#10152 = EDGE_LOOP ( 'NONE', ( #1205, #2989, #5027, #6658 ) ) ;
#10153 = DIRECTION ( 'NONE',  ( 0.9199794436588264500, 0.0000000000000000000, 0.3919666098600698100 ) ) ;
#10154 = EDGE_LOOP ( 'NONE', ( #1410, #4013 ) ) ;
#10155 = AXIS2_PLACEMENT_3D ( 'NONE', #3853, #207, #6627 ) ;
#10156 = CARTESIAN_POINT ( 'NONE',  ( -0.09482388765119942300, 0.0000000000000000000, -0.6891545630241180400 ) ) ;
#10157 = EDGE_CURVE ( 'NONE', #866, #9991, #2649, .T. ) ;
#10158 = DIRECTION ( 'NONE',  ( 1.000000000000000000, 0.0000000000000000000, 0.0000000000000000000 ) ) ;
#10159 = AXIS2_PLACEMENT_3D ( 'NONE', #7814, #2185, #9473 ) ;
#10160 = ORIENTED_EDGE ( 'NONE', *, *, #1844, .T. ) ;
#10161 = FACE_OUTER_BOUND ( 'NONE', #8352, .T. ) ;
#10162 = ORIENTED_EDGE ( 'NONE', *, *, #9063, .F. ) ;
#10163 = EDGE_CURVE ( 'NONE', #527, #6983, #537, .T. ) ;
#10164 = VECTOR ( 'NONE', #3539, 39.37007874015747400 ) ;
#10165 = ORIENTED_EDGE ( 'NONE', *, *, #8765, .T. ) ;
#10166 = DIRECTION ( 'NONE',  ( 0.1604112808577605700, 0.0000000000000000000, 0.9870502626379128500 ) ) ;
#10167 = CARTESIAN_POINT ( 'NONE',  ( 0.8132860812362671100, 0.0000000000000000000, 0.3859090437750274900 ) ) ;
#10168 = DIRECTION ( 'NONE',  ( 0.4286925614030645000, 0.0000000000000000000, 0.9034504346103774400 ) ) ;
#10169 = DIRECTION ( 'NONE',  ( -0.1604112808577474700, 0.0000000000000000000, 0.9870502626379149500 ) ) ;
#10170 = DIRECTION ( 'NONE',  ( 0.4647231720437694500, 0.0000000000000000000, 0.8854560256532094700 ) ) ;
#10171 = AXIS2_PLACEMENT_3D ( 'NONE', #8581, #6914, #494 ) ;
#10172 = VERTEX_POINT ( 'NONE', #8643 ) ;
#10173 = DIRECTION ( 'NONE',  ( 0.08046656871671943600, 0.0000000000000000000, -0.9967573081342104800 ) ) ;
#10174 = EDGE_CURVE ( 'NONE', #7100, #6411, #6578, .T. ) ;
#10175 = ORIENTED_EDGE ( 'NONE', *, *, #4258, .F. ) ;
#10176 = VECTOR ( 'NONE', #6672, 39.37007874015748100 ) ;
#10177 = ADVANCED_FACE ( 'NONE', ( #9118 ), #3913, .F. ) ;
#10178 = DIRECTION ( 'NONE',  ( -0.3919666098600822500, 0.0000000000000000000, -0.9199794436588211200 ) ) ;
#10179 = DIRECTION ( 'NONE',  ( -0.9350162426854133900, 0.0000000000000000000, 0.3546048870425394000 ) ) ;
#10181 = DIRECTION ( 'NONE',  ( 0.7994427634035001800, 0.0000000000000000000, -0.6007422642379803800 ) ) ;
#10180 = CYLINDRICAL_SURFACE ( 'NONE', #9052, 0.03906250000000002100 ) ;
#10182 = PLANE ( 'NONE',  #8152 ) ;
#10183 = FACE_OUTER_BOUND ( 'NONE', #7246, .T. ) ;
#10184 = AXIS2_PLACEMENT_3D ( 'NONE', #6102, #4539, #10295 ) ;
#10185 = DIRECTION ( 'NONE',  ( -0.08046656871673291100, 0.0000000000000000000, -0.9967573081342093700 ) ) ;
#10186 = CARTESIAN_POINT ( 'NONE',  ( -0.6494155313571574600, 0.0000000000000000000, -0.2462908242953870700 ) ) ;
#10187 = CARTESIAN_POINT ( 'NONE',  ( 0.6805135973759567400, 0.0000000000000000000, -0.1389278456121543800 ) ) ;
#10188 = AXIS2_PLACEMENT_3D ( 'NONE', #7968, #7172, #2324 ) ;
#10189 = EDGE_CURVE ( 'NONE', #4874, #5076, #4286, .T. ) ;
#10190 = CYLINDRICAL_SURFACE ( 'NONE', #302, 0.03906250000000002100 ) ;
#10192 = DIRECTION ( 'NONE',  ( -0.2393156642875647600, 0.0000000000000000000, -0.9709418174260503500 ) ) ;
#10191 = DIRECTION ( 'NONE',  ( 0.8660254037844362700, 0.0000000000000000000, -0.5000000000000040000 ) ) ;
#10193 = FACE_OUTER_BOUND ( 'NONE', #9114, .T. ) ;
#10194 = FACE_BOUND ( 'NONE', #832, .T. ) ;
#10195 = DIRECTION ( 'NONE',  ( -0.3166679938014603800, 0.0000000000000000000, 0.9485364419471495900 ) ) ;
#10196 = ORIENTED_EDGE ( 'NONE', *, *, #6882, .F. ) ;
#10197 = CARTESIAN_POINT ( 'NONE',  ( -0.05588805530220686300, 0.01953124999999988900, -0.6922977883646154200 ) ) ;
#10198 = CARTESIAN_POINT ( 'NONE',  ( -0.5009111598026411100, 0.01953124999999988900, 0.4811316997300981700 ) ) ;
#10199 = CARTESIAN_POINT ( 'NONE',  ( -0.6926245574674857500, -0.01953125000000011100, -0.06176839056230392500 ) ) ;
#10200 = CIRCLE ( 'NONE', #10134, 0.03906250000000000700 ) ;
#10201 = FACE_OUTER_BOUND ( 'NONE', #2959, .T. ) ;
#10202 = CIRCLE ( 'NONE', #2810, 0.03906250000000004900 ) ;
#10203 = CARTESIAN_POINT ( 'NONE',  ( 0.6894859485048038300, -0.01953125000000015600, 0.08371875127133247800 ) ) ;
#10204 = AXIS2_PLACEMENT_3D ( 'NONE', #7669, #5312, #6957 ) ;
#10205 = EDGE_CURVE ( 'NONE', #4136, #5183, #8365, .T. ) ;
#10206 = CARTESIAN_POINT ( 'NONE',  ( -0.8417016216654136200, 0.0000000000000000000, -0.3192153193156827000 ) ) ;
#10207 = VERTEX_POINT ( 'NONE', #6977 ) ;
#10208 = CARTESIAN_POINT ( 'NONE',  ( -0.8895588789634986100, -0.01953125000000015600, 0.1420895845475374200 ) ) ;
#10209 = LINE ( 'NONE', #5525, #3342 ) ;
#10210 = CARTESIAN_POINT ( 'NONE',  ( -0.4172455396264814800, 0.01953124999999988900, 0.5552529713219071000 ) ) ;
#10211 = AXIS2_PLACEMENT_3D ( 'NONE', #7189, #1654, #2364 ) ;
#10212 = ORIENTED_EDGE ( 'NONE', *, *, #9886, .T. ) ;
#10213 = CYLINDRICAL_SURFACE ( 'NONE', #1390, 0.03906250000000000700 ) ;
#10214 = VERTEX_POINT ( 'NONE', #1686 ) ;
#10215 = VERTEX_POINT ( 'NONE', #2497 ) ;
#10216 = CARTESIAN_POINT ( 'NONE',  ( 0.6274914993586419000, 0.0000000000000000000, 0.2977484185224898400 ) ) ;
#10217 = DIRECTION ( 'NONE',  ( -0.9967573081342092600, 0.0000000000000000000, 0.08046656871673289700 ) ) ;
#10218 = EDGE_CURVE ( 'NONE', #482, #1030, #4696, .T. ) ;
#10219 = AXIS2_PLACEMENT_3D ( 'NONE', #9560, #3940, #9631 ) ;
#10220 = LINE ( 'NONE', #429, #6402 ) ;
#10221 = DIRECTION ( 'NONE',  ( 0.6927243535095986000, 0.0000000000000000000, -0.7212024473438151100 ) ) ;
#10222 = ORIENTED_EDGE ( 'NONE', *, *, #1661, .F. ) ;
#10223 = FACE_OUTER_BOUND ( 'NONE', #3728, .T. ) ;
#10224 = CARTESIAN_POINT ( 'NONE',  ( -0.8820075449684513500, 0.0000000000000000000, -0.1800631295371867300 ) ) ;
#10225 = ADVANCED_FACE ( 'NONE', ( #667 ), #109, .F. ) ;
#10226 = CARTESIAN_POINT ( 'NONE',  ( -0.6492264430988948800, 0.0000000000000000000, 0.6235904630293489500 ) ) ;
#10227 = EDGE_LOOP ( 'NONE', ( #8510, #3585, #7408, #8443 ) ) ;
#10228 = CARTESIAN_POINT ( 'NONE',  ( 0.4811261366802424600, 0.0000000000000000000, -0.7608401150065270400 ) ) ;
#10229 = ORIENTED_EDGE ( 'NONE', *, *, #2457, .T. ) ;
#10230 = ORIENTED_EDGE ( 'NONE', *, *, #4963, .T. ) ;
#10231 = DIRECTION ( 'NONE',  ( -0.2000256937760366000, 0.0000000000000000000, 0.9797906520422692300 ) ) ;
#10232 = CARTESIAN_POINT ( 'NONE',  ( -0.6184125028661496800, -0.01953125000000015600, -0.3179781249999944500 ) ) ;
#10233 = LINE ( 'NONE', #411, #6284 ) ;
#10234 = AXIS2_PLACEMENT_3D ( 'NONE', #5965, #316, #6777 ) ;
#10235 = EDGE_LOOP ( 'NONE', ( #7581, #3011, #5116, #6563 ) ) ;
#10236 = VECTOR ( 'NONE', #5377, 39.37007874015748100 ) ;
#10237 = EDGE_CURVE ( 'NONE', #6169, #10385, #1763, .T. ) ;
#10238 = VERTEX_POINT ( 'NONE', #2428 ) ;
#10239 = CARTESIAN_POINT ( 'NONE',  ( -0.6805135973759587300, 0.01953124999999988900, -0.1389278456121451600 ) ) ;
#10240 = AXIS2_PLACEMENT_3D ( 'NONE', #10426, #6302, #3776 ) ;
#10241 = VERTEX_POINT ( 'NONE', #2533 ) ;
#10242 = ORIENTED_EDGE ( 'NONE', *, *, #4707, .F. ) ;
#10243 = DIRECTION ( 'NONE',  ( 0.5680647467311643600, 0.0000000000000000000, 0.8229838658936504700 ) ) ;
#10244 = ORIENTED_EDGE ( 'NONE', *, *, #558, .F. ) ;
#10245 = CYLINDRICAL_SURFACE ( 'NONE', #7344, 0.03906250000000000700 ) ;
#10246 = CLOSED_SHELL ( 'NONE', ( #2531, #3668, #3273, #5170 ) ) ;
#10247 = CARTESIAN_POINT ( 'NONE',  ( 0.0000000000000000000, 0.0000000000000000000, 0.9002000000000001100 ) ) ;
#10248 = ORIENTED_EDGE ( 'NONE', *, *, #6347, .F. ) ;
#10249 = DIRECTION ( 'NONE',  ( -0.9991889981715695900, 0.0000000000000000000, 0.04026594010941867600 ) ) ;
#10250 = VERTEX_POINT ( 'NONE', #2565 ) ;
#10251 = DIRECTION ( 'NONE',  ( 0.4647231720437694500, 0.0000000000000000000, 0.8854560256532094700 ) ) ;
#10252 = DIRECTION ( 'NONE',  ( -0.8229838658936501300, 0.0000000000000000000, 0.5680647467311650300 ) ) ;
#10253 = CARTESIAN_POINT ( 'NONE',  ( 0.8417016216654091800, 0.0000000000000000000, -0.3192153193156940200 ) ) ;
#10254 = VERTEX_POINT ( 'NONE', #9832 ) ;
#10255 = CARTESIAN_POINT ( 'NONE',  ( -0.2881853531409129800, 0.0000000000000000000, 0.6331467315254004600 ) ) ;
#10256 = EDGE_CURVE ( 'NONE', #279, #6932, #2286, .T. ) ;
#10257 = CARTESIAN_POINT ( 'NONE',  ( 0.4605718422811416700, 0.01953124999999988900, -0.5198781401422409900 ) ) ;
#10258 = CIRCLE ( 'NONE', #10271, 0.03906250000000003500 ) ;
#10259 = ORIENTED_EDGE ( 'NONE', *, *, #4871, .F. ) ;
#10260 = VERTEX_POINT ( 'NONE', #5790 ) ;
#10261 = DIRECTION ( 'NONE',  ( -0.6324453755953802800, 0.0000000000000000000, -0.7746049618276519300 ) ) ;
#10262 = VERTEX_POINT ( 'NONE', #143 ) ;
#10263 = CARTESIAN_POINT ( 'NONE',  ( 0.6779957241178068400, 0.0000000000000000000, 0.1557157008275698300 ) ) ;
#10264 = CARTESIAN_POINT ( 'NONE',  ( -0.4172455396264814800, 0.0000000000000000000, 0.5552529713219071000 ) ) ;
#10265 = ORIENTED_EDGE ( 'NONE', *, *, #2995, .T. ) ;
#10266 = CIRCLE ( 'NONE', #9026, 0.03906249999999996500 ) ;
#10267 = ORIENTED_EDGE ( 'NONE', *, *, #6082, .T. ) ;
#10268 = CARTESIAN_POINT ( 'NONE',  ( 0.6014979441984805700, 0.0000000000000000000, -0.3472750000000030000 ) ) ;
#10269 = DIRECTION ( 'NONE',  ( 0.7994427634035001800, 0.0000000000000000000, -0.6007422642379803800 ) ) ;
#10270 = ORIENTED_EDGE ( 'NONE', *, *, #2088, .F. ) ;
#10271 = AXIS2_PLACEMENT_3D ( 'NONE', #1723, #7388, #956 ) ;
#10272 = EDGE_CURVE ( 'NONE', #9991, #1648, #5567, .T. ) ;
#10273 = CARTESIAN_POINT ( 'NONE',  ( 0.3883896036867041700, 0.01953124999999986500, 0.8128086890085345400 ) ) ;
#10274 = FACE_OUTER_BOUND ( 'NONE', #509, .T. ) ;
#10275 = VERTEX_POINT ( 'NONE', #72 ) ;
#10276 = CARTESIAN_POINT ( 'NONE',  ( -0.6953488798926426000, -0.01953125000000015600, 0.005834973156328944800 ) ) ;
#10277 = FACE_OUTER_BOUND ( 'NONE', #7822, .T. ) ;
#10278 = VERTEX_POINT ( 'NONE', #4047 ) ;
#10279 = AXIS2_PLACEMENT_3D ( 'NONE', #4909, #8123, #897 ) ;
#10280 = ORIENTED_EDGE ( 'NONE', *, *, #942, .T. ) ;
#10281 = ADVANCED_FACE ( 'NONE', ( #5302 ), #7346, .F. ) ;
#10282 = CARTESIAN_POINT ( 'NONE',  ( -0.05588805530220686300, 0.0000000000000000000, -0.6922977883646154200 ) ) ;
#10283 = DIRECTION ( 'NONE',  ( -0.6631226582408013000, 0.0000000000000000000, -0.7485107481710957500 ) ) ;
#10284 = ORIENTED_EDGE ( 'NONE', *, *, #4820, .F. ) ;
#10285 = AXIS2_PLACEMENT_3D ( 'NONE', #4793, #7279, #3227 ) ;
#10286 = EDGE_CURVE ( 'NONE', #2596, #4430, #778, .T. ) ;
#10287 = VECTOR ( 'NONE', #8635, 39.37007874015747400 ) ;
#10288 = ORIENTED_EDGE ( 'NONE', *, *, #5463, .F. ) ;
#10289 = CYLINDRICAL_SURFACE ( 'NONE', #613, 0.03906250000000001400 ) ;
#10290 = DIRECTION ( 'NONE',  ( 0.1604112808577474700, 0.0000000000000000000, -0.9870502626379149500 ) ) ;
#10291 = ORIENTED_EDGE ( 'NONE', *, *, #5770, .F. ) ;
#10292 = CARTESIAN_POINT ( 'NONE',  ( -0.8820075449684513500, 0.0000000000000000000, -0.1800631295371867300 ) ) ;
#10293 = PLANE ( 'NONE',  #7212 ) ;
#10294 = DIRECTION ( 'NONE',  ( -0.9605181116313692400, 0.0000000000000000000, 0.2782174639164631800 ) ) ;
#10295 = DIRECTION ( 'NONE',  ( 0.9709418174260503500, 0.0000000000000000000, -0.2393156642875647600 ) ) ;
#10296 = ORIENTED_EDGE ( 'NONE', *, *, #2546, .F. ) ;
#10297 = CIRCLE ( 'NONE', #6373, 0.03906250000000005600 ) ;
#10298 = AXIS2_PLACEMENT_3D ( 'NONE', #6635, #2566, #5826 ) ;
#10299 = ORIENTED_EDGE ( 'NONE', *, *, #673, .T. ) ;
#10300 = CARTESIAN_POINT ( 'NONE',  ( 0.1114136551197576500, 0.0000000000000000000, 0.6855557599151624900 ) ) ;
#10301 = CIRCLE ( 'NONE', #5329, 0.03906249999999999300 ) ;
#10302 = CARTESIAN_POINT ( 'NONE',  ( -0.7600672050486967400, 0.01953124999999986500, 0.4835310672429953300 ) ) ;
#10303 = EDGE_CURVE ( 'NONE', #7028, #8571, #10136, .T. ) ;
#10304 = CARTESIAN_POINT ( 'NONE',  ( 0.3528483421960348900, 0.0000000000000000000, -0.8281654951816757000 ) ) ;
#10305 = AXIS2_PLACEMENT_3D ( 'NONE', #2543, #8325, #5802 ) ;
#10306 = PLANE ( 'NONE',  #9529 ) ;
#10307 = DIRECTION ( 'NONE',  ( -0.04026594010941941800, 0.0000000000000000000, -0.9991889981715693600 ) ) ;
#10308 = EDGE_CURVE ( 'NONE', #1545, #8258, #8116, .T. ) ;
#10309 = DIRECTION ( 'NONE',  ( 0.5680647467311655800, 0.0000000000000000000, 0.8229838658936496900 ) ) ;
#10310 = CARTESIAN_POINT ( 'NONE',  ( -0.9010428244395711800, 0.0000000000000000000, 0.002783420954590233700 ) ) ;
#10311 = LINE ( 'NONE', #5387, #8150 ) ;
#10312 = VECTOR ( 'NONE', #8479, 39.37007874015748900 ) ;
#10313 = EDGE_CURVE ( 'NONE', #7946, #6068, #9877, .T. ) ;
#10314 = CARTESIAN_POINT ( 'NONE',  ( -0.6492264430988948800, 0.0000000000000000000, 0.6235904630293489500 ) ) ;
#10315 = CYLINDRICAL_SURFACE ( 'NONE', #740, 0.03906250000000001400 ) ;
#10316 = FACE_BOUND ( 'NONE', #10356, .T. ) ;
#10317 = ORIENTED_EDGE ( 'NONE', *, *, #9150, .T. ) ;
#10318 = CARTESIAN_POINT ( 'NONE',  ( -0.8297056513339706700, -0.01953125000000015600, -0.3508460934999266300 ) ) ;
#10319 = CARTESIAN_POINT ( 'NONE',  ( -0.6014979441984852300, 0.0000000000000000000, -0.3472749999999945000 ) ) ;
#10320 = CARTESIAN_POINT ( 'NONE',  ( 0.5969430169483602700, 0.01953124999999987900, -0.6738093755036285200 ) ) ;
#10322 = CARTESIAN_POINT ( 'NONE',  ( -0.2041441093741332400, 0.0000000000000000000, -0.6650193711570305800 ) ) ;
#10321 = VECTOR ( 'NONE', #2693, 39.37007874015748100 ) ;
#10323 = AXIS2_PLACEMENT_3D ( 'NONE', #6306, #4682, #6267 ) ;
#10324 = CIRCLE ( 'NONE', #6056, 0.03906250000000000700 ) ;
#10325 = VECTOR ( 'NONE', #8404, 39.37007874015748100 ) ;
#10326 = DIRECTION ( 'NONE',  ( 0.1604112808577605700, 0.0000000000000000000, 0.9870502626379128500 ) ) ;
#10327 = EDGE_LOOP ( 'NONE', ( #2988, #520, #6077, #1082 ) ) ;
#10328 = ADVANCED_FACE ( 'NONE', ( #397 ), #4964, .F. ) ;
#10329 = AXIS2_PLACEMENT_3D ( 'NONE', #5818, #9962, #8302 ) ;
#10330 = EDGE_CURVE ( 'NONE', #510, #1589, #8492, .T. ) ;
#10331 = DIRECTION ( 'NONE',  ( 0.6007422642379800500, 0.0000000000000000000, 0.7994427634035002900 ) ) ;
#10332 = FACE_OUTER_BOUND ( 'NONE', #492, .T. ) ;
#10333 = DIRECTION ( 'NONE',  ( 0.5344658261277964700, 0.0000000000000000000, -0.8451900855437978200 ) ) ;
#10334 = DIRECTION ( 'NONE',  ( -0.9199794436588270000, 0.0000000000000000000, -0.3919666098600683700 ) ) ;
#10335 = FACE_OUTER_BOUND ( 'NONE', #5794, .T. ) ;
#10336 = AXIS2_PLACEMENT_3D ( 'NONE', #2684, #6727, #3533 ) ;
#10337 = CARTESIAN_POINT ( 'NONE',  ( 0.6261817180487940800, 4.783776559169353300E-018, -0.6479061466660975800 ) ) ;
#10338 = ORIENTED_EDGE ( 'NONE', *, *, #2015, .T. ) ;
#10339 = VECTOR ( 'NONE', #10217, 39.37007874015748900 ) ;
#10340 = CARTESIAN_POINT ( 'NONE',  ( 0.8820075449684489100, 0.0000000000000000000, -0.1800631295371986900 ) ) ;
#10341 = VERTEX_POINT ( 'NONE', #8881 ) ;
#10342 = AXIS2_PLACEMENT_3D ( 'NONE', #4463, #2071, #2107 ) ;
#10343 = EDGE_CURVE ( 'NONE', #6334, #7362, #7734, .T. ) ;
#10344 = CARTESIAN_POINT ( 'NONE',  ( -0.8898210486315777400, 0.0000000000000000000, -0.1417900571917855600 ) ) ;
#10345 = VECTOR ( 'NONE', #4042, 39.37007874015747400 ) ;
#10346 = EDGE_LOOP ( 'NONE', ( #9585, #4668, #2754, #4371 ) ) ;
#10347 = VERTEX_POINT ( 'NONE', #1896 ) ;
#10348 = DIRECTION ( 'NONE',  ( 0.6631226582407912000, 0.0000000000000000000, -0.7485107481711046300 ) ) ;
#10349 = CYLINDRICAL_SURFACE ( 'NONE', #5211, 0.03906250000000003500 ) ;
#10350 = ORIENTED_EDGE ( 'NONE', *, *, #3945, .T. ) ;
#10351 = CARTESIAN_POINT ( 'NONE',  ( 0.6725944891530575300, 0.0000000000000000000, -0.5995853334323547600 ) ) ;
#10352 = CIRCLE ( 'NONE', #728, 0.03906249999999998600 ) ;
#10353 = DIRECTION ( 'NONE',  ( 0.8854560256532151300, 0.0000000000000000000, 0.4647231720437583500 ) ) ;
#10354 = DIRECTION ( 'NONE',  ( -0.5000000000000024400, 0.0000000000000000000, -0.8660254037844371500 ) ) ;
#10355 = EDGE_CURVE ( 'NONE', #736, #6825, #3534, .T. ) ;
#10356 = EDGE_LOOP ( 'NONE', ( #5146, #4628, #9332, #9134 ) ) ;
#10357 = ORIENTED_EDGE ( 'NONE', *, *, #111, .T. ) ;
#10358 = AXIS2_PLACEMENT_3D ( 'NONE', #10112, #4391, #3607 ) ;
#10359 = CARTESIAN_POINT ( 'NONE',  ( -0.07243600515880298200, 0.0000000000000000000, -0.8972809287824155000 ) ) ;
#10360 = LINE ( 'NONE', #6871, #6538 ) ;
#10361 = DIRECTION ( 'NONE',  ( -0.04026594010940538800, 0.0000000000000000000, 0.9991889981715701400 ) ) ;
#10362 = DIRECTION ( 'NONE',  ( 0.7994427634035082800, 0.0000000000000000000, 0.6007422642379695000 ) ) ;
#10364 = ORIENTED_EDGE ( 'NONE', *, *, #3769, .F. ) ;
#10363 = EDGE_CURVE ( 'NONE', #10414, #9892, #3397, .T. ) ;
#10365 = DIRECTION ( 'NONE',  ( 0.9709418174260535700, 0.0000000000000000000, 0.2393156642875516300 ) ) ;
#10366 = CIRCLE ( 'NONE', #7834, 0.03906249999999994400 ) ;
#10367 = DIRECTION ( 'NONE',  ( 0.08046656871671943600, 0.0000000000000000000, -0.9967573081342104800 ) ) ;
#10368 = ORIENTED_EDGE ( 'NONE', *, *, #3933, .T. ) ;
#10369 = ORIENTED_EDGE ( 'NONE', *, *, #1717, .T. ) ;
#10370 = CARTESIAN_POINT ( 'NONE',  ( 0.03871658522707126200, 0.01953124999999986500, -0.9000030417771056600 ) ) ;
#10371 = ORIENTED_EDGE ( 'NONE', *, *, #8934, .T. ) ;
#10372 = DIRECTION ( 'NONE',  ( -0.5344658261277963600, 0.0000000000000000000, 0.8451900855437978200 ) ) ;
#10373 = EDGE_CURVE ( 'NONE', #2798, #4103, #1643, .T. ) ;
#10374 = EDGE_LOOP ( 'NONE', ( #5280, #5261, #5549, #1596, #2626 ) ) ;
#10375 = MANIFOLD_SOLID_BREP ( 'CirPattern2', #6953 ) ;
#10376 = LINE ( 'NONE', #1135, #5926 ) ;
#10377 = ORIENTED_EDGE ( 'NONE', *, *, #7213, .F. ) ;
#10378 = ORIENTED_EDGE ( 'NONE', *, *, #4707, .T. ) ;
#10379 = ORIENTED_EDGE ( 'NONE', *, *, #3495, .T. ) ;
#10380 = DIRECTION ( 'NONE',  ( 0.08046656871671943600, 0.0000000000000000000, -0.9967573081342104800 ) ) ;
#10381 = ADVANCED_FACE ( 'NONE', ( #5816 ), #132, .T. ) ;
#10382 = LOCAL_TIME ( 9, 36, 49.00000000000000000, #4671 ) ;
#10383 = ORIENTED_EDGE ( 'NONE', *, *, #6262, .F. ) ;
#10384 = CIRCLE ( 'NONE', #4065, 0.03906250000000002100 ) ;
#10385 = VERTEX_POINT ( 'NONE', #2634 ) ;
#10386 = DIRECTION ( 'NONE',  ( 0.9927088740980544200, 0.0000000000000000000, 0.1205366802553199300 ) ) ;
#10387 = MANIFOLD_SOLID_BREP ( 'CirPattern1[14]', #6297 ) ;
#10388 = VERTEX_POINT ( 'NONE', #3375 ) ;
#10389 = DIRECTION ( 'NONE',  ( 0.9034504346103833200, 0.0000000000000000000, 0.4286925614030520100 ) ) ;
#10390 = DIRECTION ( 'NONE',  ( 0.1205366802553187500, 0.0000000000000000000, -0.9927088740980544200 ) ) ;
#10391 = DIRECTION ( 'NONE',  ( 0.4647231720437694500, 0.0000000000000000000, 0.8854560256532094700 ) ) ;
#10392 = AXIS2_PLACEMENT_3D ( 'NONE', #3852, #8832, #8696 ) ;
#10393 = EDGE_CURVE ( 'NONE', #1846, #4181, #5172, .T. ) ;
#10394 = LINE ( 'NONE', #5033, #3781 ) ;
#10395 = VERTEX_POINT ( 'NONE', #8388 ) ;
#10396 = FACE_OUTER_BOUND ( 'NONE', #2142, .T. ) ;
#10397 = VERTEX_POINT ( 'NONE', #9936 ) ;
#10398 = CARTESIAN_POINT ( 'NONE',  ( 0.0000000000000000000, -0.01953125000000017000, 0.9687500000000001100 ) ) ;
#10399 = ORIENTED_EDGE ( 'NONE', *, *, #10481, .F. ) ;
#10400 = DIRECTION ( 'NONE',  ( -0.8451900855437982600, 0.0000000000000000000, -0.5344658261277954700 ) ) ;
#10401 = CARTESIAN_POINT ( 'NONE',  ( -0.4774769063667242400, 0.01953124999999990300, 0.5055293419438186000 ) ) ;
#10402 = CARTESIAN_POINT ( 'NONE',  ( 0.8132860812362671100, 0.0000000000000000000, 0.3859090437750274900 ) ) ;
#10403 = CIRCLE ( 'NONE', #2898, 0.03906250000000005600 ) ;
#10404 = CARTESIAN_POINT ( 'NONE',  ( -0.8646584040905587200, 0.0000000000000000000, 0.2504513610176001800 ) ) ;
#10405 = EDGE_LOOP ( 'NONE', ( #6911, #8191, #8878, #684 ) ) ;
#10406 = CARTESIAN_POINT ( 'NONE',  ( 0.5380018762373957000, 0.0000000000000000000, -0.4392649356197720900 ) ) ;
#10407 = CIRCLE ( 'NONE', #1568, 0.03906250000000002100 ) ;
#10408 = ORIENTED_EDGE ( 'NONE', *, *, #10363, .F. ) ;
#10409 = AXIS2_PLACEMENT_3D ( 'NONE', #2329, #5543, #1510 ) ;
#10410 = EDGE_CURVE ( 'NONE', #4988, #10395, #4683, .T. ) ;
#10411 = ORIENTED_EDGE ( 'NONE', *, *, #3039, .T. ) ;
#10412 = DIRECTION ( 'NONE',  ( -0.8451900855437899400, 0.0000000000000000000, 0.5344658261278086900 ) ) ;
#10413 = DIRECTION ( 'NONE',  ( 0.4286925614030519500, 0.0000000000000000000, -0.9034504346103832100 ) ) ;
#10414 = VERTEX_POINT ( 'NONE', #9974 ) ;
#10415 = AXIS2_PLACEMENT_3D ( 'NONE', #3943, #3237, #5726 ) ;
#10416 = DIRECTION ( 'NONE',  ( 0.5344658261278078000, 0.0000000000000000000, 0.8451900855437904900 ) ) ;
#10417 = FACE_OUTER_BOUND ( 'NONE', #3877, .T. ) ;
#10418 = ORIENTED_EDGE ( 'NONE', *, *, #9469, .F. ) ;
#10419 = CARTESIAN_POINT ( 'NONE',  ( -0.7991273184867556700, 0.0000000000000000000, -0.4162708826646629400 ) ) ;
#10420 = FACE_OUTER_BOUND ( 'NONE', #5894, .T. ) ;
#10421 = ORIENTED_EDGE ( 'NONE', *, *, #600, .F. ) ;
#10422 = EDGE_CURVE ( 'NONE', #727, #4940, #5040, .T. ) ;
#10423 = AXIS2_PLACEMENT_3D ( 'NONE', #5842, #334, #5947 ) ;
#10424 = EDGE_CURVE ( 'NONE', #151, #5655, #10012, .T. ) ;
#10425 = ORIENTED_EDGE ( 'NONE', *, *, #8953, .F. ) ;
#10426 = CARTESIAN_POINT ( 'NONE',  ( 0.07243600515879085300, 0.0000000000000000000, -0.8972809287824163900 ) ) ;
#10427 = ORIENTED_EDGE ( 'NONE', *, *, #827, .T. ) ;
#10428 = DIRECTION ( 'NONE',  ( 0.8854560256532093600, 0.0000000000000000000, -0.4647231720437694500 ) ) ;
#10430 = PLANE ( 'NONE',  #4563 ) ;
#10429 = CIRCLE ( 'NONE', #6413, 0.03906250000000002100 ) ;
#10431 = CARTESIAN_POINT ( 'NONE',  ( -0.5720164192124692600, 4.783776559169353300E-018, 0.6961918809190428300 ) ) ;
#10433 = DIRECTION ( 'NONE',  ( 0.9870502626379148400, 0.0000000000000000000, 0.1604112808577474500 ) ) ;
#10432 = AXIS2_PLACEMENT_3D ( 'NONE', #3711, #9409, #5351 ) ;
#10434 = DIRECTION ( 'NONE',  ( 0.9034504346103833200, 0.0000000000000000000, 0.4286925614030520100 ) ) ;
#10435 = ADVANCED_FACE ( 'NONE', ( #7223 ), #6634, .T. ) ;
#10436 = EDGE_CURVE ( 'NONE', #9211, #8761, #1397, .T. ) ;
#10437 = CARTESIAN_POINT ( 'NONE',  ( 0.03906249999999998600, 0.0000000000000000000, 0.9002000000000001100 ) ) ;
#10438 = FACE_OUTER_BOUND ( 'NONE', #10488, .T. ) ;
#10439 = FACE_BOUND ( 'NONE', #2853, .T. ) ;
#10440 = DIRECTION ( 'NONE',  ( -0.9991889981715701400, 0.0000000000000000000, -0.04026594010940538800 ) ) ;
#10441 = DIRECTION ( 'NONE',  ( -0.9034504346103774400, 0.0000000000000000000, 0.4286925614030641700 ) ) ;
#10442 = LINE ( 'NONE', #9811, #8286 ) ;
#10443 = VECTOR ( 'NONE', #8420, 39.37007874015748100 ) ;
#10444 = DIRECTION ( 'NONE',  ( -0.6007422642379689500, 0.0000000000000000000, 0.7994427634035086200 ) ) ;
#10445 = FACE_BOUND ( 'NONE', #2906, .T. ) ;
#10446 = CARTESIAN_POINT ( 'NONE',  ( 0.8555533750655083300, 4.783776559169353300E-018, -0.2826912473357950400 ) ) ;
#10447 = SECURITY_CLASSIFICATION ( '', '', #3552 ) ;
#10448 = CARTESIAN_POINT ( 'NONE',  ( 0.2154319609916540100, 0.01953124999999987900, -0.8740418240469335400 ) ) ;
#10449 = VERTEX_POINT ( 'NONE', #3409 ) ;
#10450 = EDGE_CURVE ( 'NONE', #7808, #163, #10394, .T. ) ;
#10451 = LINE ( 'NONE', #5957, #8674 ) ;
#10452 = FACE_OUTER_BOUND ( 'NONE', #287, .T. ) ;
#10453 = LINE ( 'NONE', #6903, #2094 ) ;
#10454 = DIRECTION ( 'NONE',  ( 0.9485364419471491400, 0.0000000000000000000, 0.3166679938014614300 ) ) ;
#10455 = CARTESIAN_POINT ( 'NONE',  ( -0.2850645280200746500, 0.0000000000000000000, 0.8538725050408242400 ) ) ;
#10456 = CARTESIAN_POINT ( 'NONE',  ( 0.0000000000000000000, 0.0000000000000000000, 0.9002000000000001100 ) ) ;
#10457 = ORIENTED_EDGE ( 'NONE', *, *, #9319, .F. ) ;
#10458 = CARTESIAN_POINT ( 'NONE',  ( 0.5097181712547610400, 0.01953124999999987900, -0.7427596078627258800 ) ) ;
#10459 = LINE ( 'NONE', #9650, #4101 ) ;
#10460 = ORIENTED_EDGE ( 'NONE', *, *, #6720, .T. ) ;
#10461 = CIRCLE ( 'NONE', #601, 0.03906250000000004200 ) ;
#10462 = CARTESIAN_POINT ( 'NONE',  ( 0.5494134148872543700, 4.783776559169353300E-018, 0.4266971771035942300 ) ) ;
#10463 = AXIS2_PLACEMENT_3D ( 'NONE', #83, #5704, #6506 ) ;
#10464 = EDGE_CURVE ( 'NONE', #5036, #4267, #4923, .T. ) ;
#10465 = ORIENTED_EDGE ( 'NONE', *, *, #8834, .F. ) ;
#10466 = VERTEX_POINT ( 'NONE', #7459 ) ;
#10467 = CARTESIAN_POINT ( 'NONE',  ( -0.6759043178180570400, -0.01953125000000016700, -0.5955315292531492300 ) ) ;
#10468 = PLANE ( 'NONE',  #1785 ) ;
#10469 = CIRCLE ( 'NONE', #568, 0.03906250000000004200 ) ;
#10470 = AXIS2_PLACEMENT_3D ( 'NONE', #10319, #2211, #2180 ) ;
#10471 = ORIENTED_EDGE ( 'NONE', *, *, #9268, .T. ) ;
#10472 = LINE ( 'NONE', #9334, #8695 ) ;
#10473 = CARTESIAN_POINT ( 'NONE',  ( 0.2199417550948133100, 0.0000000000000000000, 0.6588059857543902000 ) ) ;
#10474 = ORIENTED_EDGE ( 'NONE', *, *, #9016, .T. ) ;
#10475 = VERTEX_POINT ( 'NONE', #8248 ) ;
#10476 = EDGE_LOOP ( 'NONE', ( #7331, #1627, #9066, #3053 ) ) ;
#10477 = DIRECTION ( 'NONE',  ( 0.9870502626379128500, 0.0000000000000000000, -0.1604112808577605700 ) ) ;
#10479 = CARTESIAN_POINT ( 'NONE',  ( -0.8752408523036210300, -0.01953125000000016700, -0.2132085824691837000 ) ) ;
#10478 = CARTESIAN_POINT ( 'NONE',  ( 0.8646584040905621600, 0.0000000000000000000, 0.2504513610175883000 ) ) ;
#10480 = AXIS2_PLACEMENT_3D ( 'NONE', #3758, #4617, #2263 ) ;
#10481 = EDGE_CURVE ( 'NONE', #7808, #9718, #9758, .T. ) ;
#10482 = FACE_OUTER_BOUND ( 'NONE', #9102, .T. ) ;
#10483 = CARTESIAN_POINT ( 'NONE',  ( 0.4525341021057240300, 0.01953124999999986500, -0.7789206221503280900 ) ) ;
#10484 = ORIENTED_EDGE ( 'NONE', *, *, #6249, .T. ) ;
#10485 = ADVANCED_FACE ( 'NONE', ( #10274 ), #10014, .T. ) ;
#10486 = VECTOR ( 'NONE', #6305, 39.37007874015747400 ) ;
#10487 = ORIENTED_EDGE ( 'NONE', *, *, #10174, .T. ) ;
#10488 = EDGE_LOOP ( 'NONE', ( #9234, #9314, #9160, #3854 ) ) ;
#10489 = CARTESIAN_POINT ( 'NONE',  ( -0.5243454132385579900, -0.01953125000000013900, 0.4567340575163776300 ) ) ;
#10490 = ORIENTED_EDGE ( 'NONE', *, *, #1451, .F. ) ;
#10491 = DIRECTION ( 'NONE',  ( -0.7212024473438064500, 0.0000000000000000000, 0.6927243535096075900 ) ) ;
#10492 = CARTESIAN_POINT ( 'NONE',  ( -0.6014979441984852300, 0.01953124999999988900, -0.3472749999999945000 ) ) ;
#10493 = DIRECTION ( 'NONE',  ( -0.08046656871671943600, 0.0000000000000000000, 0.9967573081342106000 ) ) ;
#10494 = EDGE_LOOP ( 'NONE', ( #6471, #9827, #6098, #744 ) ) ;
#10495 = DIRECTION ( 'NONE',  ( 0.9927088740980544200, 0.0000000000000000000, 0.1205366802553199300 ) ) ;
#10496 = FACE_OUTER_BOUND ( 'NONE', #5652, .T. ) ;
#10497 = EDGE_CURVE ( 'NONE', #3934, #8799, #8749, .T. ) ;
#10498 = EDGE_LOOP ( 'NONE', ( #1260, #8339, #8823, #3646 ) ) ;
#10499 = AXIS2_PLACEMENT_3D ( 'NONE', #3293, #199, #940 ) ;
#10500 = VERTEX_POINT ( 'NONE', #1233 ) ;
#10501 = DIRECTION ( 'NONE',  ( 0.9034504346103833200, 0.0000000000000000000, 0.4286925614030520100 ) ) ;
#10502 = ORIENTED_EDGE ( 'NONE', *, *, #4517, .F. ) ;
#10503 = DIRECTION ( 'NONE',  ( -0.7212024473438157800, -0.0000000000000000000, -0.6927243535095981600 ) ) ;
#10504 = DIRECTION ( 'NONE',  ( -0.6324453755953717300, 0.0000000000000000000, 0.7746049618276591400 ) ) ;
#10505 = EDGE_CURVE ( 'NONE', #999, #10388, #6072, .T. ) ;
#10506 = DIRECTION ( 'NONE',  ( -0.7212024473438157800, -0.0000000000000000000, -0.6927243535095981600 ) ) ;
#10507 = ORIENTED_EDGE ( 'NONE', *, *, #3180, .F. ) ;
#10508 = LINE ( 'NONE', #6717, #9221 ) ;
#10509 = ORIENTED_EDGE ( 'NONE', *, *, #1745, .T. ) ;
ENDSEC;
END-ISO-10303-21;
